"driverRef","name","year","points","pre_season_points","improvement"
hamilton,Lewis Hamilton,2007,109,,
hamilton,Lewis Hamilton,2008,98,109,-11
hamilton,Lewis Hamilton,2009,49,98,-49
hamilton,Lewis Hamilton,2010,240,49,191
hamilton,Lewis Hamilton,2011,227,240,-13
hamilton,Lewis Hamilton,2012,190,227,-37
hamilton,Lewis Hamilton,2013,189,190,-1
hamilton,Lewis Hamilton,2014,384,189,195
hamilton,Lewis Hamilton,2015,381,384,-3
hamilton,Lewis Hamilton,2016,380,381,-1
hamilton,Lewis Hamilton,2017,363,380,-17
hamilton,Lewis Hamilton,2018,408,363,45
hamilton,Lewis Hamilton,2019,413,408,5
hamilton,Lewis Hamilton,2020,347,413,-66
hamilton,Lewis Hamilton,2021,385,347,38
hamilton,Lewis Hamilton,2022,233,385,-152
hamilton,Lewis Hamilton,2023,217,233,-16
hamilton,Lewis Hamilton,2024,207,217,-10
heidfeld,Nick Heidfeld,2000,0,,
heidfeld,Nick Heidfeld,2001,12,0,12
heidfeld,Nick Heidfeld,2002,7,12,-5
heidfeld,Nick Heidfeld,2003,6,7,-1
heidfeld,Nick Heidfeld,2004,3,6,-3
heidfeld,Nick Heidfeld,2005,28,3,25
heidfeld,Nick Heidfeld,2006,23,28,-5
heidfeld,Nick Heidfeld,2007,61,23,38
heidfeld,Nick Heidfeld,2008,60,61,-1
heidfeld,Nick Heidfeld,2009,19,60,-41
heidfeld,Nick Heidfeld,2010,6,19,-13
heidfeld,Nick Heidfeld,2011,34,6,28
rosberg,Nico Rosberg,2006,4,,
rosberg,Nico Rosberg,2007,20,4,16
rosberg,Nico Rosberg,2008,17,20,-3
rosberg,Nico Rosberg,2009,34,17,17
rosberg,Nico Rosberg,2010,142,34,108
rosberg,Nico Rosberg,2011,89,142,-53
rosberg,Nico Rosberg,2012,93,89,4
rosberg,Nico Rosberg,2013,171,93,78
rosberg,Nico Rosberg,2014,317,171,146
rosberg,Nico Rosberg,2015,322,317,5
rosberg,Nico Rosberg,2016,385,322,63
alonso,Fernando Alonso,2001,0,,
alonso,Fernando Alonso,2003,55,0,55
alonso,Fernando Alonso,2004,59,55,4
alonso,Fernando Alonso,2005,133,59,74
alonso,Fernando Alonso,2006,134,133,1
alonso,Fernando Alonso,2007,109,134,-25
alonso,Fernando Alonso,2008,61,109,-48
alonso,Fernando Alonso,2009,26,61,-35
alonso,Fernando Alonso,2010,252,26,226
alonso,Fernando Alonso,2011,257,252,5
alonso,Fernando Alonso,2012,278,257,21
alonso,Fernando Alonso,2013,242,278,-36
alonso,Fernando Alonso,2014,161,242,-81
alonso,Fernando Alonso,2015,11,161,-150
alonso,Fernando Alonso,2016,54,11,43
alonso,Fernando Alonso,2017,17,54,-37
alonso,Fernando Alonso,2018,50,17,33
alonso,Fernando Alonso,2021,81,50,31
alonso,Fernando Alonso,2022,81,81,0
alonso,Fernando Alonso,2023,198,81,117
alonso,Fernando Alonso,2024,70,198,-128
kovalainen,Heikki Kovalainen,2007,30,,
kovalainen,Heikki Kovalainen,2008,53,30,23
kovalainen,Heikki Kovalainen,2009,22,53,-31
kovalainen,Heikki Kovalainen,2010,0,22,-22
kovalainen,Heikki Kovalainen,2011,0,0,0
kovalainen,Heikki Kovalainen,2012,0,0,0
kovalainen,Heikki Kovalainen,2013,0,0,0
nakajima,Kazuki Nakajima,2007,0,,
nakajima,Kazuki Nakajima,2008,9,0,9
nakajima,Kazuki Nakajima,2009,0,9,-9
bourdais,Sébastien Bourdais,2008,4,,
bourdais,Sébastien Bourdais,2009,2,4,-2
raikkonen,Kimi Räikkönen,2001,9,,
raikkonen,Kimi Räikkönen,2002,24,9,15
raikkonen,Kimi Räikkönen,2003,91,24,67
raikkonen,Kimi Räikkönen,2004,45,91,-46
raikkonen,Kimi Räikkönen,2005,112,45,67
raikkonen,Kimi Räikkönen,2006,65,112,-47
raikkonen,Kimi Räikkönen,2007,110,65,45
raikkonen,Kimi Räikkönen,2008,75,110,-35
raikkonen,Kimi Räikkönen,2009,48,75,-27
raikkonen,Kimi Räikkönen,2012,207,48,159
raikkonen,Kimi Räikkönen,2013,183,207,-24
raikkonen,Kimi Räikkönen,2014,55,183,-128
raikkonen,Kimi Räikkönen,2015,150,55,95
raikkonen,Kimi Räikkönen,2016,186,150,36
raikkonen,Kimi Räikkönen,2017,205,186,19
raikkonen,Kimi Räikkönen,2018,251,205,46
raikkonen,Kimi Räikkönen,2019,43,251,-208
raikkonen,Kimi Räikkönen,2020,4,43,-39
raikkonen,Kimi Räikkönen,2021,10,4,6
kubica,Robert Kubica,2006,6,,
kubica,Robert Kubica,2007,39,6,33
kubica,Robert Kubica,2008,75,39,36
kubica,Robert Kubica,2009,17,75,-58
kubica,Robert Kubica,2010,136,17,119
kubica,Robert Kubica,2019,1,136,-135
kubica,Robert Kubica,2021,0,1,-1
glock,Timo Glock,2004,2,,
glock,Timo Glock,2008,25,2,23
glock,Timo Glock,2009,24,25,-1
glock,Timo Glock,2010,0,24,-24
glock,Timo Glock,2011,0,0,0
glock,Timo Glock,2012,0,0,0
sato,Takuma Sato,2002,2,,
sato,Takuma Sato,2003,3,2,1
sato,Takuma Sato,2004,34,3,31
sato,Takuma Sato,2005,1,34,-33
sato,Takuma Sato,2006,0,1,-1
sato,Takuma Sato,2007,4,0,4
sato,Takuma Sato,2008,0,4,-4
piquet_jr,Nelson Piquet Jr.,2008,19,,
piquet_jr,Nelson Piquet Jr.,2009,0,19,-19
massa,Felipe Massa,2002,4,,
massa,Felipe Massa,2004,12,4,8
massa,Felipe Massa,2005,11,12,-1
massa,Felipe Massa,2006,80,11,69
massa,Felipe Massa,2007,94,80,14
massa,Felipe Massa,2008,97,94,3
massa,Felipe Massa,2009,22,97,-75
massa,Felipe Massa,2010,144,22,122
massa,Felipe Massa,2011,118,144,-26
massa,Felipe Massa,2012,122,118,4
massa,Felipe Massa,2013,112,122,-10
massa,Felipe Massa,2014,134,112,22
massa,Felipe Massa,2015,121,134,-13
massa,Felipe Massa,2016,53,121,-68
massa,Felipe Massa,2017,43,53,-10
coulthard,David Coulthard,1994,14,,
coulthard,David Coulthard,1995,49,14,35
coulthard,David Coulthard,1996,18,49,-31
coulthard,David Coulthard,1997,36,18,18
coulthard,David Coulthard,1998,56,36,20
coulthard,David Coulthard,1999,48,56,-8
coulthard,David Coulthard,2000,73,48,25
coulthard,David Coulthard,2001,65,73,-8
coulthard,David Coulthard,2002,41,65,-24
coulthard,David Coulthard,2003,51,41,10
coulthard,David Coulthard,2004,24,51,-27
coulthard,David Coulthard,2005,24,24,0
coulthard,David Coulthard,2006,14,24,-10
coulthard,David Coulthard,2007,14,14,0
coulthard,David Coulthard,2008,8,14,-6
trulli,Jarno Trulli,1997,3,,
trulli,Jarno Trulli,1998,1,3,-2
trulli,Jarno Trulli,1999,7,1,6
trulli,Jarno Trulli,2000,6,7,-1
trulli,Jarno Trulli,2001,12,6,6
trulli,Jarno Trulli,2002,9,12,-3
trulli,Jarno Trulli,2003,33,9,24
trulli,Jarno Trulli,2004,46,33,13
trulli,Jarno Trulli,2005,43,46,-3
trulli,Jarno Trulli,2006,15,43,-28
trulli,Jarno Trulli,2007,8,15,-7
trulli,Jarno Trulli,2008,31,8,23
trulli,Jarno Trulli,2009,32,31,1
trulli,Jarno Trulli,2010,0,32,-32
trulli,Jarno Trulli,2011,0,0,0
sutil,Adrian Sutil,2007,1,,
sutil,Adrian Sutil,2008,0,1,-1
sutil,Adrian Sutil,2009,5,0,5
sutil,Adrian Sutil,2010,47,5,42
sutil,Adrian Sutil,2011,42,47,-5
sutil,Adrian Sutil,2013,29,42,-13
sutil,Adrian Sutil,2014,0,29,-29
webber,Mark Webber,2002,2,,
webber,Mark Webber,2003,17,2,15
webber,Mark Webber,2004,7,17,-10
webber,Mark Webber,2005,36,7,29
webber,Mark Webber,2006,7,36,-29
webber,Mark Webber,2007,10,7,3
webber,Mark Webber,2008,21,10,11
webber,Mark Webber,2009,69,21,48
webber,Mark Webber,2010,242,69,173
webber,Mark Webber,2011,258,242,16
webber,Mark Webber,2012,179,258,-79
webber,Mark Webber,2013,199,179,20
button,Jenson Button,2000,12,,
button,Jenson Button,2001,2,12,-10
button,Jenson Button,2002,14,2,12
button,Jenson Button,2003,17,14,3
button,Jenson Button,2004,85,17,68
button,Jenson Button,2005,37,85,-48
button,Jenson Button,2006,56,37,19
button,Jenson Button,2007,6,56,-50
button,Jenson Button,2008,3,6,-3
button,Jenson Button,2009,95,3,92
button,Jenson Button,2010,214,95,119
button,Jenson Button,2011,270,214,56
button,Jenson Button,2012,188,270,-82
button,Jenson Button,2013,73,188,-115
button,Jenson Button,2014,126,73,53
button,Jenson Button,2015,16,126,-110
button,Jenson Button,2016,21,16,5
button,Jenson Button,2017,0,21,-21
davidson,Anthony Davidson,2002,0,,
davidson,Anthony Davidson,2005,0,0,0
davidson,Anthony Davidson,2007,0,0,0
davidson,Anthony Davidson,2008,0,0,0
vettel,Sebastian Vettel,2007,6,,
vettel,Sebastian Vettel,2008,35,6,29
vettel,Sebastian Vettel,2009,84,35,49
vettel,Sebastian Vettel,2010,256,84,172
vettel,Sebastian Vettel,2011,392,256,136
vettel,Sebastian Vettel,2012,281,392,-111
vettel,Sebastian Vettel,2013,397,281,116
vettel,Sebastian Vettel,2014,167,397,-230
vettel,Sebastian Vettel,2015,278,167,111
vettel,Sebastian Vettel,2016,212,278,-66
vettel,Sebastian Vettel,2017,317,212,105
vettel,Sebastian Vettel,2018,320,317,3
vettel,Sebastian Vettel,2019,240,320,-80
vettel,Sebastian Vettel,2020,33,240,-207
vettel,Sebastian Vettel,2021,43,33,10
vettel,Sebastian Vettel,2022,37,43,-6
fisichella,Giancarlo Fisichella,1996,0,,
fisichella,Giancarlo Fisichella,1997,20,0,20
fisichella,Giancarlo Fisichella,1998,16,20,-4
fisichella,Giancarlo Fisichella,1999,13,16,-3
fisichella,Giancarlo Fisichella,2000,18,13,5
fisichella,Giancarlo Fisichella,2001,8,18,-10
fisichella,Giancarlo Fisichella,2002,7,8,-1
fisichella,Giancarlo Fisichella,2003,12,7,5
fisichella,Giancarlo Fisichella,2004,22,12,10
fisichella,Giancarlo Fisichella,2005,58,22,36
fisichella,Giancarlo Fisichella,2006,72,58,14
fisichella,Giancarlo Fisichella,2007,21,72,-51
fisichella,Giancarlo Fisichella,2008,0,21,-21
fisichella,Giancarlo Fisichella,2009,8,0,8
barrichello,Rubens Barrichello,1993,2,,
barrichello,Rubens Barrichello,1994,19,2,17
barrichello,Rubens Barrichello,1995,11,19,-8
barrichello,Rubens Barrichello,1996,14,11,3
barrichello,Rubens Barrichello,1997,6,14,-8
barrichello,Rubens Barrichello,1998,4,6,-2
barrichello,Rubens Barrichello,1999,21,4,17
barrichello,Rubens Barrichello,2000,62,21,41
barrichello,Rubens Barrichello,2001,56,62,-6
barrichello,Rubens Barrichello,2002,77,56,21
barrichello,Rubens Barrichello,2003,65,77,-12
barrichello,Rubens Barrichello,2004,114,65,49
barrichello,Rubens Barrichello,2005,38,114,-76
barrichello,Rubens Barrichello,2006,30,38,-8
barrichello,Rubens Barrichello,2007,0,30,-30
barrichello,Rubens Barrichello,2008,11,0,11
barrichello,Rubens Barrichello,2009,77,11,66
barrichello,Rubens Barrichello,2010,47,77,-30
barrichello,Rubens Barrichello,2011,4,47,-43
ralf_schumacher,Ralf Schumacher,1997,13,,
ralf_schumacher,Ralf Schumacher,1998,14,13,1
ralf_schumacher,Ralf Schumacher,1999,35,14,21
ralf_schumacher,Ralf Schumacher,2000,24,35,-11
ralf_schumacher,Ralf Schumacher,2001,49,24,25
ralf_schumacher,Ralf Schumacher,2002,42,49,-7
ralf_schumacher,Ralf Schumacher,2003,58,42,16
ralf_schumacher,Ralf Schumacher,2004,24,58,-34
ralf_schumacher,Ralf Schumacher,2005,45,24,21
ralf_schumacher,Ralf Schumacher,2006,20,45,-25
ralf_schumacher,Ralf Schumacher,2007,5,20,-15
liuzzi,Vitantonio Liuzzi,2005,1,,
liuzzi,Vitantonio Liuzzi,2006,1,1,0
liuzzi,Vitantonio Liuzzi,2007,3,1,2
liuzzi,Vitantonio Liuzzi,2009,0,3,-3
liuzzi,Vitantonio Liuzzi,2010,21,0,21
liuzzi,Vitantonio Liuzzi,2011,0,21,-21
wurz,Alexander Wurz,1997,4,,
wurz,Alexander Wurz,1998,17,4,13
wurz,Alexander Wurz,1999,3,17,-14
wurz,Alexander Wurz,2000,2,3,-1
wurz,Alexander Wurz,2005,6,2,4
wurz,Alexander Wurz,2007,13,6,7
speed,Scott Speed,2006,0,,
speed,Scott Speed,2007,0,0,0
albers,Christijan Albers,2005,4,,
albers,Christijan Albers,2006,0,4,-4
albers,Christijan Albers,2007,0,0,0
markus_winkelhock,Markus Winkelhock,2007,0,,
yamamoto,Sakon Yamamoto,2006,0,,
yamamoto,Sakon Yamamoto,2007,0,0,0
yamamoto,Sakon Yamamoto,2010,0,0,0
michael_schumacher,Michael Schumacher,1991,4,,
michael_schumacher,Michael Schumacher,1992,53,4,49
michael_schumacher,Michael Schumacher,1993,52,53,-1
michael_schumacher,Michael Schumacher,1994,92,52,40
michael_schumacher,Michael Schumacher,1995,102,92,10
michael_schumacher,Michael Schumacher,1996,59,102,-43
michael_schumacher,Michael Schumacher,1997,78,59,19
michael_schumacher,Michael Schumacher,1998,86,78,8
michael_schumacher,Michael Schumacher,1999,44,86,-42
michael_schumacher,Michael Schumacher,2000,108,44,64
michael_schumacher,Michael Schumacher,2001,123,108,15
michael_schumacher,Michael Schumacher,2002,144,123,21
michael_schumacher,Michael Schumacher,2003,93,144,-51
michael_schumacher,Michael Schumacher,2004,148,93,55
michael_schumacher,Michael Schumacher,2005,62,148,-86
michael_schumacher,Michael Schumacher,2006,121,62,59
michael_schumacher,Michael Schumacher,2010,72,121,-49
michael_schumacher,Michael Schumacher,2011,76,72,4
michael_schumacher,Michael Schumacher,2012,49,76,-27
montoya,Juan Pablo Montoya,2001,31,,
montoya,Juan Pablo Montoya,2002,50,31,19
montoya,Juan Pablo Montoya,2003,82,50,32
montoya,Juan Pablo Montoya,2004,58,82,-24
montoya,Juan Pablo Montoya,2005,60,58,2
montoya,Juan Pablo Montoya,2006,26,60,-34
klien,Christian Klien,2004,3,,
klien,Christian Klien,2005,9,3,6
klien,Christian Klien,2006,2,9,-7
klien,Christian Klien,2010,0,2,-2
monteiro,Tiago Monteiro,2005,7,,
monteiro,Tiago Monteiro,2006,0,7,-7
ide,Yuji Ide,2006,0,,
villeneuve,Jacques Villeneuve,1996,78,,
villeneuve,Jacques Villeneuve,1997,81,78,3
villeneuve,Jacques Villeneuve,1998,21,81,-60
villeneuve,Jacques Villeneuve,1999,0,21,-21
villeneuve,Jacques Villeneuve,2000,17,0,17
villeneuve,Jacques Villeneuve,2001,12,17,-5
villeneuve,Jacques Villeneuve,2002,4,12,-8
villeneuve,Jacques Villeneuve,2003,6,4,2
villeneuve,Jacques Villeneuve,2004,0,6,-6
villeneuve,Jacques Villeneuve,2005,9,0,9
villeneuve,Jacques Villeneuve,2006,7,9,-2
montagny,Franck Montagny,2006,0,,
rosa,Pedro de la Rosa,1999,1,,
rosa,Pedro de la Rosa,2000,2,1,1
rosa,Pedro de la Rosa,2001,3,2,1
rosa,Pedro de la Rosa,2002,0,3,-3
rosa,Pedro de la Rosa,2005,4,0,4
rosa,Pedro de la Rosa,2006,19,4,15
rosa,Pedro de la Rosa,2010,6,19,-13
rosa,Pedro de la Rosa,2011,0,6,-6
rosa,Pedro de la Rosa,2012,0,0,0
doornbos,Robert Doornbos,2005,0,,
doornbos,Robert Doornbos,2006,0,0,0
karthikeyan,Narain Karthikeyan,2005,5,,
karthikeyan,Narain Karthikeyan,2011,0,5,-5
karthikeyan,Narain Karthikeyan,2012,0,0,0
friesacher,Patrick Friesacher,2005,3,,
zonta,Ricardo Zonta,1999,0,,
zonta,Ricardo Zonta,2000,3,0,3
zonta,Ricardo Zonta,2001,0,3,-3
zonta,Ricardo Zonta,2004,0,0,0
zonta,Ricardo Zonta,2005,0,0,0
pizzonia,Antônio Pizzonia,2003,0,,
pizzonia,Antônio Pizzonia,2004,6,0,6
pizzonia,Antônio Pizzonia,2005,2,6,-4
matta,Cristiano da Matta,2003,10,,
matta,Cristiano da Matta,2004,3,10,-7
panis,Olivier Panis,1994,9,,
panis,Olivier Panis,1995,16,9,7
panis,Olivier Panis,1996,13,16,-3
panis,Olivier Panis,1997,16,13,3
panis,Olivier Panis,1998,0,16,-16
panis,Olivier Panis,1999,2,0,2
panis,Olivier Panis,2001,5,2,3
panis,Olivier Panis,2002,3,5,-2
panis,Olivier Panis,2003,6,3,3
panis,Olivier Panis,2004,6,6,0
pantano,Giorgio Pantano,2004,0,,
bruni,Gianmaria Bruni,2004,0,,
baumgartner,Zsolt Baumgartner,2003,0,,
baumgartner,Zsolt Baumgartner,2004,1,0,1
gene,Marc Gené,1999,1,,
gene,Marc Gené,2000,0,1,-1
gene,Marc Gené,2003,4,0,4
gene,Marc Gené,2004,0,4,-4
frentzen,Heinz-Harald Frentzen,1994,7,,
frentzen,Heinz-Harald Frentzen,1995,15,7,8
frentzen,Heinz-Harald Frentzen,1996,7,15,-8
frentzen,Heinz-Harald Frentzen,1997,42,7,35
frentzen,Heinz-Harald Frentzen,1998,17,42,-25
frentzen,Heinz-Harald Frentzen,1999,54,17,37
frentzen,Heinz-Harald Frentzen,2000,11,54,-43
frentzen,Heinz-Harald Frentzen,2001,6,11,-5
frentzen,Heinz-Harald Frentzen,2002,2,6,-4
frentzen,Heinz-Harald Frentzen,2003,13,2,11
verstappen,Jos Verstappen,1994,10,,
verstappen,Jos Verstappen,1995,0,10,-10
verstappen,Jos Verstappen,1996,1,0,1
verstappen,Jos Verstappen,1997,0,1,-1
verstappen,Jos Verstappen,1998,0,0,0
verstappen,Jos Verstappen,2000,5,0,5
verstappen,Jos Verstappen,2001,1,5,-4
verstappen,Jos Verstappen,2003,0,1,-1
wilson,Justin Wilson,2003,1,,
firman,Ralph Firman,2003,1,,
kiesa,Nicolas Kiesa,2003,0,,
burti,Luciano Burti,2000,0,,
burti,Luciano Burti,2001,0,0,0
alesi,Jean Alesi,1989,8,,
alesi,Jean Alesi,1990,13,8,5
alesi,Jean Alesi,1991,21,13,8
alesi,Jean Alesi,1992,18,21,-3
alesi,Jean Alesi,1993,16,18,-2
alesi,Jean Alesi,1994,24,16,8
alesi,Jean Alesi,1995,42,24,18
alesi,Jean Alesi,1996,47,42,5
alesi,Jean Alesi,1997,36,47,-11
alesi,Jean Alesi,1998,9,36,-27
alesi,Jean Alesi,1999,2,9,-7
alesi,Jean Alesi,2000,0,2,-2
alesi,Jean Alesi,2001,5,0,5
irvine,Eddie Irvine,1993,1,,
irvine,Eddie Irvine,1994,6,1,5
irvine,Eddie Irvine,1995,10,6,4
irvine,Eddie Irvine,1996,11,10,1
irvine,Eddie Irvine,1997,24,11,13
irvine,Eddie Irvine,1998,47,24,23
irvine,Eddie Irvine,1999,74,47,27
irvine,Eddie Irvine,2000,4,74,-70
irvine,Eddie Irvine,2001,6,4,2
irvine,Eddie Irvine,2002,8,6,2
hakkinen,Mika Häkkinen,1991,2,,
hakkinen,Mika Häkkinen,1992,11,2,9
hakkinen,Mika Häkkinen,1993,4,11,-7
hakkinen,Mika Häkkinen,1994,26,4,22
hakkinen,Mika Häkkinen,1995,17,26,-9
hakkinen,Mika Häkkinen,1996,31,17,14
hakkinen,Mika Häkkinen,1997,27,31,-4
hakkinen,Mika Häkkinen,1998,100,27,73
hakkinen,Mika Häkkinen,1999,76,100,-24
hakkinen,Mika Häkkinen,2000,89,76,13
hakkinen,Mika Häkkinen,2001,37,89,-52
marques,Tarso Marques,1996,0,,
marques,Tarso Marques,1997,0,0,0
marques,Tarso Marques,2001,0,0,0
bernoldi,Enrique Bernoldi,2001,0,,
bernoldi,Enrique Bernoldi,2002,0,0,0
mazzacane,Gastón Mazzacane,2000,0,,
mazzacane,Gastón Mazzacane,2001,0,0,0
enge,Tomáš Enge,2001,0,,
yoong,Alex Yoong,2001,0,,
yoong,Alex Yoong,2002,0,0,0
salo,Mika Salo,1994,0,,
salo,Mika Salo,1995,5,0,5
salo,Mika Salo,1996,5,5,0
salo,Mika Salo,1997,2,5,-3
salo,Mika Salo,1998,3,2,1
salo,Mika Salo,1999,10,3,7
salo,Mika Salo,2000,6,10,-4
salo,Mika Salo,2002,2,6,-4
diniz,Pedro Diniz,1995,0,,
diniz,Pedro Diniz,1996,2,0,2
diniz,Pedro Diniz,1997,2,2,0
diniz,Pedro Diniz,1998,3,2,1
diniz,Pedro Diniz,1999,3,3,0
diniz,Pedro Diniz,2000,0,3,-3
herbert,Johnny Herbert,1989,5,,
herbert,Johnny Herbert,1990,0,5,-5
herbert,Johnny Herbert,1991,0,0,0
herbert,Johnny Herbert,1992,2,0,2
herbert,Johnny Herbert,1993,11,2,9
herbert,Johnny Herbert,1994,0,11,-11
herbert,Johnny Herbert,1995,45,0,45
herbert,Johnny Herbert,1996,4,45,-41
herbert,Johnny Herbert,1997,15,4,11
herbert,Johnny Herbert,1998,1,15,-14
herbert,Johnny Herbert,1999,15,1,14
herbert,Johnny Herbert,2000,0,15,-15
mcnish,Allan McNish,2002,0,,
buemi,Sébastien Buemi,2009,6,,
buemi,Sébastien Buemi,2010,8,6,2
buemi,Sébastien Buemi,2011,15,8,7
takagi,Toranosuke Takagi,1998,0,,
takagi,Toranosuke Takagi,1999,0,0,0
badoer,Luca Badoer,1993,0,,
badoer,Luca Badoer,1995,0,0,0
badoer,Luca Badoer,1996,0,0,0
badoer,Luca Badoer,1999,0,0,0
badoer,Luca Badoer,2009,0,0,0
zanardi,Alessandro Zanardi,1991,0,,
zanardi,Alessandro Zanardi,1992,0,0,0
zanardi,Alessandro Zanardi,1993,1,0,1
zanardi,Alessandro Zanardi,1994,0,1,-1
zanardi,Alessandro Zanardi,1999,0,0,0
damon_hill,Damon Hill,1992,0,,
damon_hill,Damon Hill,1993,69,0,69
damon_hill,Damon Hill,1994,91,69,22
damon_hill,Damon Hill,1995,69,91,-22
damon_hill,Damon Hill,1996,97,69,28
damon_hill,Damon Hill,1997,7,97,-90
damon_hill,Damon Hill,1998,20,7,13
damon_hill,Damon Hill,1999,7,20,-13
sarrazin,Stéphane Sarrazin,1999,0,,
rosset,Ricardo Rosset,1996,0,,
rosset,Ricardo Rosset,1997,0,0,0
rosset,Ricardo Rosset,1998,0,0,0
tuero,Esteban Tuero,1998,0,,
nakano,Shinji Nakano,1997,2,,
nakano,Shinji Nakano,1998,0,2,-2
magnussen,Jan Magnussen,1995,0,,
magnussen,Jan Magnussen,1997,0,0,0
magnussen,Jan Magnussen,1998,1,0,1
berger,Gerhard Berger,1984,0,,
berger,Gerhard Berger,1985,3,0,3
berger,Gerhard Berger,1986,17,3,14
berger,Gerhard Berger,1987,36,17,19
berger,Gerhard Berger,1988,41,36,5
berger,Gerhard Berger,1989,21,41,-20
berger,Gerhard Berger,1990,43,21,22
berger,Gerhard Berger,1991,43,43,0
berger,Gerhard Berger,1992,49,43,6
berger,Gerhard Berger,1993,12,49,-37
berger,Gerhard Berger,1994,41,12,29
berger,Gerhard Berger,1995,31,41,-10
berger,Gerhard Berger,1996,21,31,-10
berger,Gerhard Berger,1997,27,21,6
larini,Nicola Larini,1987,0,,
larini,Nicola Larini,1988,0,0,0
larini,Nicola Larini,1989,0,0,0
larini,Nicola Larini,1990,0,0,0
larini,Nicola Larini,1991,0,0,0
larini,Nicola Larini,1992,0,0,0
larini,Nicola Larini,1994,6,0,6
larini,Nicola Larini,1997,1,6,-5
katayama,Ukyo Katayama,1992,0,,
katayama,Ukyo Katayama,1993,0,0,0
katayama,Ukyo Katayama,1994,5,0,5
katayama,Ukyo Katayama,1995,0,5,-5
katayama,Ukyo Katayama,1996,0,0,0
katayama,Ukyo Katayama,1997,0,0,0
sospiri,Vincenzo Sospiri,1997,0,,
morbidelli,Gianni Morbidelli,1990,0,,
morbidelli,Gianni Morbidelli,1991,0,0,0
morbidelli,Gianni Morbidelli,1992,0,0,0
morbidelli,Gianni Morbidelli,1994,3,0,3
morbidelli,Gianni Morbidelli,1995,5,3,2
morbidelli,Gianni Morbidelli,1997,0,5,-5
fontana,Norberto Fontana,1997,0,,
lamy,Pedro Lamy,1993,0,,
lamy,Pedro Lamy,1994,0,0,0
lamy,Pedro Lamy,1995,1,0,1
lamy,Pedro Lamy,1996,0,1,-1
brundle,Martin Brundle,1984,0,,
brundle,Martin Brundle,1985,0,0,0
brundle,Martin Brundle,1986,8,0,8
brundle,Martin Brundle,1987,2,8,-6
brundle,Martin Brundle,1988,0,2,-2
brundle,Martin Brundle,1989,4,0,4
brundle,Martin Brundle,1991,2,4,-2
brundle,Martin Brundle,1992,38,2,36
brundle,Martin Brundle,1993,13,38,-25
brundle,Martin Brundle,1994,16,13,3
brundle,Martin Brundle,1995,7,16,-9
brundle,Martin Brundle,1996,8,7,1
montermini,Andrea Montermini,1994,0,,
montermini,Andrea Montermini,1995,0,0,0
montermini,Andrea Montermini,1996,0,0,0
lavaggi,Giovanni Lavaggi,1995,0,,
lavaggi,Giovanni Lavaggi,1996,0,0,0
blundell,Mark Blundell,1991,1,,
blundell,Mark Blundell,1993,10,1,9
blundell,Mark Blundell,1994,8,10,-2
blundell,Mark Blundell,1995,13,8,5
suzuki,Aguri Suzuki,1988,0,,
suzuki,Aguri Suzuki,1989,0,0,0
suzuki,Aguri Suzuki,1990,6,0,6
suzuki,Aguri Suzuki,1991,1,6,-5
suzuki,Aguri Suzuki,1992,0,1,-1
suzuki,Aguri Suzuki,1993,0,0,0
suzuki,Aguri Suzuki,1994,0,0,0
suzuki,Aguri Suzuki,1995,1,0,1
inoue,Taki Inoue,1994,0,,
inoue,Taki Inoue,1995,0,0,0
moreno,Roberto Moreno,1982,0,,
moreno,Roberto Moreno,1987,1,0,1
moreno,Roberto Moreno,1989,0,1,-1
moreno,Roberto Moreno,1990,6,0,6
moreno,Roberto Moreno,1991,8,6,2
moreno,Roberto Moreno,1992,0,8,-8
moreno,Roberto Moreno,1995,0,0,0
wendlinger,Karl Wendlinger,1991,0,,
wendlinger,Karl Wendlinger,1992,3,0,3
wendlinger,Karl Wendlinger,1993,7,3,4
wendlinger,Karl Wendlinger,1994,4,7,-3
wendlinger,Karl Wendlinger,1995,0,4,-4
gachot,Bertrand Gachot,1989,0,,
gachot,Bertrand Gachot,1990,0,0,0
gachot,Bertrand Gachot,1991,4,0,4
gachot,Bertrand Gachot,1992,1,4,-3
gachot,Bertrand Gachot,1994,0,1,-1
gachot,Bertrand Gachot,1995,0,0,0
schiattarella,Domenico Schiattarella,1994,0,,
schiattarella,Domenico Schiattarella,1995,0,0,0
martini,Pierluigi Martini,1984,0,,
martini,Pierluigi Martini,1985,0,0,0
martini,Pierluigi Martini,1988,1,0,1
martini,Pierluigi Martini,1989,5,1,4
martini,Pierluigi Martini,1990,0,5,-5
martini,Pierluigi Martini,1991,6,0,6
martini,Pierluigi Martini,1992,2,6,-4
martini,Pierluigi Martini,1993,0,2,-2
martini,Pierluigi Martini,1994,4,0,4
martini,Pierluigi Martini,1995,0,4,-4
mansell,Nigel Mansell,1980,0,,
mansell,Nigel Mansell,1981,8,0,8
mansell,Nigel Mansell,1982,7,8,-1
mansell,Nigel Mansell,1983,10,7,3
mansell,Nigel Mansell,1984,13,10,3
mansell,Nigel Mansell,1985,31,13,18
mansell,Nigel Mansell,1986,72,31,41
mansell,Nigel Mansell,1987,61,72,-11
mansell,Nigel Mansell,1988,12,61,-49
mansell,Nigel Mansell,1989,38,12,26
mansell,Nigel Mansell,1990,37,38,-1
mansell,Nigel Mansell,1991,72,37,35
mansell,Nigel Mansell,1992,108,72,36
mansell,Nigel Mansell,1994,13,108,-95
mansell,Nigel Mansell,1995,0,13,-13
boullion,Jean-Christophe Boullion,1995,3,,
papis,Massimiliano Papis,1995,0,,
deletraz,Jean-Denis Délétraz,1994,0,,
deletraz,Jean-Denis Délétraz,1995,0,0,0
tarquini,Gabriele Tarquini,1987,0,,
tarquini,Gabriele Tarquini,1988,0,0,0
tarquini,Gabriele Tarquini,1989,1,0,1
tarquini,Gabriele Tarquini,1990,0,1,-1
tarquini,Gabriele Tarquini,1991,0,0,0
tarquini,Gabriele Tarquini,1992,0,0,0
tarquini,Gabriele Tarquini,1995,0,0,0
comas,Érik Comas,1991,0,,
comas,Érik Comas,1992,4,0,4
comas,Érik Comas,1993,1,4,-3
comas,Érik Comas,1994,2,1,1
brabham,David Brabham,1990,0,,
brabham,David Brabham,1994,0,0,0
senna,Ayrton Senna,1984,13,,
senna,Ayrton Senna,1985,38,13,25
senna,Ayrton Senna,1986,55,38,17
senna,Ayrton Senna,1987,57,55,2
senna,Ayrton Senna,1988,94,57,37
senna,Ayrton Senna,1989,60,94,-34
senna,Ayrton Senna,1990,78,60,18
senna,Ayrton Senna,1991,96,78,18
senna,Ayrton Senna,1992,50,96,-46
senna,Ayrton Senna,1993,73,50,23
senna,Ayrton Senna,1994,0,73,-73
bernard,Éric Bernard,1989,0,,
bernard,Éric Bernard,1990,5,0,5
bernard,Éric Bernard,1991,1,5,-4
bernard,Éric Bernard,1994,4,1,3
fittipaldi,Christian Fittipaldi,1992,1,,
fittipaldi,Christian Fittipaldi,1993,5,1,4
fittipaldi,Christian Fittipaldi,1994,6,5,1
alboreto,Michele Alboreto,1981,0,,
alboreto,Michele Alboreto,1982,25,0,25
alboreto,Michele Alboreto,1983,10,25,-15
alboreto,Michele Alboreto,1984,30,10,20
alboreto,Michele Alboreto,1985,53,30,23
alboreto,Michele Alboreto,1986,14,53,-39
alboreto,Michele Alboreto,1987,17,14,3
alboreto,Michele Alboreto,1988,24,17,7
alboreto,Michele Alboreto,1989,6,24,-18
alboreto,Michele Alboreto,1990,0,6,-6
alboreto,Michele Alboreto,1991,0,0,0
alboreto,Michele Alboreto,1992,6,0,6
alboreto,Michele Alboreto,1993,0,6,-6
alboreto,Michele Alboreto,1994,1,0,1
beretta,Olivier Beretta,1994,0,,
ratzenberger,Roland Ratzenberger,1994,0,,
belmondo,Paul Belmondo,1992,0,,
belmondo,Paul Belmondo,1994,0,0,0
lehto,Jyrki Järvilehto,1989,0,,
lehto,Jyrki Järvilehto,1990,0,0,0
lehto,Jyrki Järvilehto,1991,4,0,4
lehto,Jyrki Järvilehto,1992,0,4,-4
lehto,Jyrki Järvilehto,1993,5,0,5
lehto,Jyrki Järvilehto,1994,1,5,-4
cesaris,Andrea de Cesaris,1980,0,,
cesaris,Andrea de Cesaris,1981,1,0,1
cesaris,Andrea de Cesaris,1982,5,1,4
cesaris,Andrea de Cesaris,1983,15,5,10
cesaris,Andrea de Cesaris,1984,3,15,-12
cesaris,Andrea de Cesaris,1985,3,3,0
cesaris,Andrea de Cesaris,1986,0,3,-3
cesaris,Andrea de Cesaris,1987,4,0,4
cesaris,Andrea de Cesaris,1988,3,4,-1
cesaris,Andrea de Cesaris,1989,4,3,1
cesaris,Andrea de Cesaris,1990,0,4,-4
cesaris,Andrea de Cesaris,1991,9,0,9
cesaris,Andrea de Cesaris,1992,8,9,-1
cesaris,Andrea de Cesaris,1993,0,8,-8
cesaris,Andrea de Cesaris,1994,4,0,4
gounon,Jean-Marc Gounon,1993,0,,
gounon,Jean-Marc Gounon,1994,0,0,0
alliot,Philippe Alliot,1984,0,,
alliot,Philippe Alliot,1985,0,0,0
alliot,Philippe Alliot,1986,1,0,1
alliot,Philippe Alliot,1987,3,1,2
alliot,Philippe Alliot,1988,0,3,-3
alliot,Philippe Alliot,1989,1,0,1
alliot,Philippe Alliot,1990,0,1,-1
alliot,Philippe Alliot,1993,2,0,2
alliot,Philippe Alliot,1994,0,2,-2
adams,Philippe Adams,1994,0,,
dalmas,Yannick Dalmas,1987,0,,
dalmas,Yannick Dalmas,1988,0,0,0
dalmas,Yannick Dalmas,1989,0,0,0
dalmas,Yannick Dalmas,1990,0,0,0
dalmas,Yannick Dalmas,1994,0,0,0
noda,Hideki Noda,1994,0,,
lagorce,Franck Lagorce,1994,0,,
prost,Alain Prost,1980,5,,
prost,Alain Prost,1981,43,5,38
prost,Alain Prost,1982,34,43,-9
prost,Alain Prost,1983,57,34,23
prost,Alain Prost,1984,71,57,14
prost,Alain Prost,1985,76,71,5
prost,Alain Prost,1986,74,76,-2
prost,Alain Prost,1987,46,74,-28
prost,Alain Prost,1988,105,46,59
prost,Alain Prost,1989,81,105,-24
prost,Alain Prost,1990,73,81,-8
prost,Alain Prost,1991,34,73,-39
prost,Alain Prost,1993,99,34,65
warwick,Derek Warwick,1981,0,,
warwick,Derek Warwick,1982,0,0,0
warwick,Derek Warwick,1983,9,0,9
warwick,Derek Warwick,1984,23,9,14
warwick,Derek Warwick,1985,5,23,-18
warwick,Derek Warwick,1986,0,5,-5
warwick,Derek Warwick,1987,3,0,3
warwick,Derek Warwick,1988,17,3,14
warwick,Derek Warwick,1989,7,17,-10
warwick,Derek Warwick,1990,3,7,-4
warwick,Derek Warwick,1993,4,3,1
patrese,Riccardo Patrese,1977,1,,
patrese,Riccardo Patrese,1978,11,1,10
patrese,Riccardo Patrese,1979,2,11,-9
patrese,Riccardo Patrese,1980,7,2,5
patrese,Riccardo Patrese,1981,10,7,3
patrese,Riccardo Patrese,1982,21,10,11
patrese,Riccardo Patrese,1983,13,21,-8
patrese,Riccardo Patrese,1984,8,13,-5
patrese,Riccardo Patrese,1985,0,8,-8
patrese,Riccardo Patrese,1986,2,0,2
patrese,Riccardo Patrese,1987,6,2,4
patrese,Riccardo Patrese,1988,8,6,2
patrese,Riccardo Patrese,1989,40,8,32
patrese,Riccardo Patrese,1990,23,40,-17
patrese,Riccardo Patrese,1991,53,23,30
patrese,Riccardo Patrese,1992,56,53,3
patrese,Riccardo Patrese,1993,20,56,-36
barbazza,Fabrizio Barbazza,1991,0,,
barbazza,Fabrizio Barbazza,1993,2,0,2
andretti,Michael Andretti,1993,7,,
capelli,Ivan Capelli,1985,3,,
capelli,Ivan Capelli,1986,0,3,-3
capelli,Ivan Capelli,1987,1,0,1
capelli,Ivan Capelli,1988,17,1,16
capelli,Ivan Capelli,1989,0,17,-17
capelli,Ivan Capelli,1990,6,0,6
capelli,Ivan Capelli,1991,1,6,-5
capelli,Ivan Capelli,1992,3,1,2
capelli,Ivan Capelli,1993,0,3,-3
boutsen,Thierry Boutsen,1983,0,,
boutsen,Thierry Boutsen,1984,5,0,5
boutsen,Thierry Boutsen,1985,11,5,6
boutsen,Thierry Boutsen,1986,0,11,-11
boutsen,Thierry Boutsen,1987,16,0,16
boutsen,Thierry Boutsen,1988,27,16,11
boutsen,Thierry Boutsen,1989,37,27,10
boutsen,Thierry Boutsen,1990,34,37,-3
boutsen,Thierry Boutsen,1991,0,34,-34
boutsen,Thierry Boutsen,1992,2,0,2
boutsen,Thierry Boutsen,1993,0,2,-2
apicella,Marco Apicella,1993,0,,
naspetti,Emanuele Naspetti,1992,0,,
naspetti,Emanuele Naspetti,1993,0,0,0
toshio_suzuki,Toshio Suzuki,1993,0,,
gugelmin,Maurício Gugelmin,1988,5,,
gugelmin,Maurício Gugelmin,1989,4,5,-1
gugelmin,Maurício Gugelmin,1990,1,4,-3
gugelmin,Maurício Gugelmin,1991,0,1,-1
gugelmin,Maurício Gugelmin,1992,0,0,0
poele,Eric van de Poele,1991,0,,
poele,Eric van de Poele,1992,0,0,0
grouillard,Olivier Grouillard,1989,1,,
grouillard,Olivier Grouillard,1990,0,1,-1
grouillard,Olivier Grouillard,1991,0,0,0
grouillard,Olivier Grouillard,1992,0,0,0
chiesa,Andrea Chiesa,1992,0,,
modena,Stefano Modena,1987,0,,
modena,Stefano Modena,1988,0,0,0
modena,Stefano Modena,1989,4,0,4
modena,Stefano Modena,1990,2,4,-2
modena,Stefano Modena,1991,10,2,8
modena,Stefano Modena,1992,1,10,-9
amati,Giovanna Amati,1992,0,,
caffi,Alex Caffi,1986,0,,
caffi,Alex Caffi,1987,0,0,0
caffi,Alex Caffi,1988,0,0,0
caffi,Alex Caffi,1989,4,0,4
caffi,Alex Caffi,1990,2,4,-2
caffi,Alex Caffi,1991,0,2,-2
bertaggia,Enrico Bertaggia,1989,0,,
mccarthy,Perry McCarthy,1992,0,,
lammers,Jan Lammers,1979,0,,
lammers,Jan Lammers,1980,0,0,0
lammers,Jan Lammers,1981,0,0,0
lammers,Jan Lammers,1982,0,0,0
lammers,Jan Lammers,1992,0,0,0
piquet,Nelson Piquet,1978,0,,
piquet,Nelson Piquet,1979,3,0,3
piquet,Nelson Piquet,1980,54,3,51
piquet,Nelson Piquet,1981,50,54,-4
piquet,Nelson Piquet,1982,20,50,-30
piquet,Nelson Piquet,1983,59,20,39
piquet,Nelson Piquet,1984,29,59,-30
piquet,Nelson Piquet,1985,21,29,-8
piquet,Nelson Piquet,1986,69,21,48
piquet,Nelson Piquet,1987,76,69,7
piquet,Nelson Piquet,1988,22,76,-54
piquet,Nelson Piquet,1989,12,22,-10
piquet,Nelson Piquet,1990,44,12,32
piquet,Nelson Piquet,1991,26,44,-18
satoru_nakajima,Satoru Nakajima,1987,7,,
satoru_nakajima,Satoru Nakajima,1988,1,7,-6
satoru_nakajima,Satoru Nakajima,1989,3,1,2
satoru_nakajima,Satoru Nakajima,1990,3,3,0
satoru_nakajima,Satoru Nakajima,1991,2,3,-1
pirro,Emanuele Pirro,1989,2,,
pirro,Emanuele Pirro,1990,0,2,-2
pirro,Emanuele Pirro,1991,1,0,1
johansson,Stefan Johansson,1980,0,,
johansson,Stefan Johansson,1983,0,0,0
johansson,Stefan Johansson,1984,3,0,3
johansson,Stefan Johansson,1985,26,3,23
johansson,Stefan Johansson,1986,23,26,-3
johansson,Stefan Johansson,1987,30,23,7
johansson,Stefan Johansson,1988,0,30,-30
johansson,Stefan Johansson,1989,6,0,6
johansson,Stefan Johansson,1990,0,6,-6
johansson,Stefan Johansson,1991,0,0,0
bailey,Julian Bailey,1988,0,,
bailey,Julian Bailey,1991,1,0,1
chaves,Pedro Chaves,1991,0,,
bartels,Michael Bartels,1991,0,,
hattori,Naoki Hattori,1991,0,,
nannini,Alessandro Nannini,1986,0,,
nannini,Alessandro Nannini,1987,0,0,0
nannini,Alessandro Nannini,1988,12,0,12
nannini,Alessandro Nannini,1989,32,12,20
nannini,Alessandro Nannini,1990,21,32,-11
schneider,Bernd Schneider,1988,0,,
schneider,Bernd Schneider,1989,0,0,0
schneider,Bernd Schneider,1990,0,0,0
barilla,Paolo Barilla,1989,0,,
barilla,Paolo Barilla,1990,0,0,0
foitek,Gregor Foitek,1989,0,,
foitek,Gregor Foitek,1990,0,0,0
langes,Claudio Langes,1990,0,,
gary_brabham,Gary Brabham,1990,0,,
donnelly,Martin Donnelly,1989,0,,
donnelly,Martin Donnelly,1990,0,0,0
giacomelli,Bruno Giacomelli,1977,0,,
giacomelli,Bruno Giacomelli,1978,0,0,0
giacomelli,Bruno Giacomelli,1979,0,0,0
giacomelli,Bruno Giacomelli,1980,4,0,4
giacomelli,Bruno Giacomelli,1981,7,4,3
giacomelli,Bruno Giacomelli,1982,2,7,-5
giacomelli,Bruno Giacomelli,1983,1,2,-1
giacomelli,Bruno Giacomelli,1990,0,1,-1
alguersuari,Jaime Alguersuari,2009,0,,
alguersuari,Jaime Alguersuari,2010,5,0,5
alguersuari,Jaime Alguersuari,2011,26,5,21
grosjean,Romain Grosjean,2009,0,,
grosjean,Romain Grosjean,2012,96,0,96
grosjean,Romain Grosjean,2013,132,96,36
grosjean,Romain Grosjean,2014,8,132,-124
grosjean,Romain Grosjean,2015,51,8,43
grosjean,Romain Grosjean,2016,29,51,-22
grosjean,Romain Grosjean,2017,28,29,-1
grosjean,Romain Grosjean,2018,37,28,9
grosjean,Romain Grosjean,2019,8,37,-29
grosjean,Romain Grosjean,2020,2,8,-6
kobayashi,Kamui Kobayashi,2009,3,,
kobayashi,Kamui Kobayashi,2010,32,3,29
kobayashi,Kamui Kobayashi,2011,30,32,-2
kobayashi,Kamui Kobayashi,2012,60,30,30
kobayashi,Kamui Kobayashi,2014,0,60,-60
palmer,Jonathan Palmer,1983,0,,
palmer,Jonathan Palmer,1984,0,0,0
palmer,Jonathan Palmer,1985,0,0,0
palmer,Jonathan Palmer,1986,0,0,0
palmer,Jonathan Palmer,1987,7,0,7
palmer,Jonathan Palmer,1988,5,7,-2
palmer,Jonathan Palmer,1989,2,5,-3
danner,Christian Danner,1985,0,,
danner,Christian Danner,1986,1,0,1
danner,Christian Danner,1987,0,1,-1
danner,Christian Danner,1989,3,0,3
cheever,Eddie Cheever,1978,0,,
cheever,Eddie Cheever,1980,0,0,0
cheever,Eddie Cheever,1981,10,0,10
cheever,Eddie Cheever,1982,15,10,5
cheever,Eddie Cheever,1983,22,15,7
cheever,Eddie Cheever,1984,3,22,-19
cheever,Eddie Cheever,1985,0,3,-3
cheever,Eddie Cheever,1986,0,0,0
cheever,Eddie Cheever,1987,8,0,8
cheever,Eddie Cheever,1988,6,8,-2
cheever,Eddie Cheever,1989,6,6,0
sala,Luis Pérez-Sala,1988,0,,
sala,Luis Pérez-Sala,1989,1,0,1
ghinzani,Piercarlo Ghinzani,1981,0,,
ghinzani,Piercarlo Ghinzani,1983,0,0,0
ghinzani,Piercarlo Ghinzani,1984,2,0,2
ghinzani,Piercarlo Ghinzani,1985,0,2,-2
ghinzani,Piercarlo Ghinzani,1986,0,0,0
ghinzani,Piercarlo Ghinzani,1987,0,0,0
ghinzani,Piercarlo Ghinzani,1988,0,0,0
ghinzani,Piercarlo Ghinzani,1989,0,0,0
weidler,Volker Weidler,1989,0,,
raphanel,Pierre-Henri Raphanel,1988,0,,
raphanel,Pierre-Henri Raphanel,1989,0,0,0
arnoux,René Arnoux,1978,0,,
arnoux,René Arnoux,1979,17,0,17
arnoux,René Arnoux,1980,29,17,12
arnoux,René Arnoux,1981,11,29,-18
arnoux,René Arnoux,1982,28,11,17
arnoux,René Arnoux,1983,49,28,21
arnoux,René Arnoux,1984,27,49,-22
arnoux,René Arnoux,1985,3,27,-24
arnoux,René Arnoux,1986,14,3,11
arnoux,René Arnoux,1987,1,14,-13
arnoux,René Arnoux,1988,0,1,-1
arnoux,René Arnoux,1989,2,0,2
joachim_winkelhock,Joachim Winkelhock,1989,0,,
larrauri,Oscar Larrauri,1988,0,,
larrauri,Oscar Larrauri,1989,0,0,0
streiff,Philippe Streiff,1984,0,,
streiff,Philippe Streiff,1985,4,0,4
streiff,Philippe Streiff,1986,3,4,-1
streiff,Philippe Streiff,1987,4,3,1
streiff,Philippe Streiff,1988,0,4,-4
campos,Adrián Campos,1987,0,,
campos,Adrián Campos,1988,0,0,0
schlesser,Jean-Louis Schlesser,1983,0,,
schlesser,Jean-Louis Schlesser,1988,0,0,0
fabre,Pascal Fabre,1987,0,,
fabi,Teo Fabi,1982,0,,
fabi,Teo Fabi,1984,9,0,9
fabi,Teo Fabi,1985,0,9,-9
fabi,Teo Fabi,1986,2,0,2
fabi,Teo Fabi,1987,12,2,10
forini,Franco Forini,1987,0,,
laffite,Jacques Laffite,1974,0,,
laffite,Jacques Laffite,1975,6,0,6
laffite,Jacques Laffite,1976,20,6,14
laffite,Jacques Laffite,1977,18,20,-2
laffite,Jacques Laffite,1978,19,18,1
laffite,Jacques Laffite,1979,36,19,17
laffite,Jacques Laffite,1980,34,36,-2
laffite,Jacques Laffite,1981,44,34,10
laffite,Jacques Laffite,1982,5,44,-39
laffite,Jacques Laffite,1983,11,5,6
laffite,Jacques Laffite,1984,5,11,-6
laffite,Jacques Laffite,1985,16,5,11
laffite,Jacques Laffite,1986,14,16,-2
angelis,Elio de Angelis,1979,3,,
angelis,Elio de Angelis,1980,13,3,10
angelis,Elio de Angelis,1981,14,13,1
angelis,Elio de Angelis,1982,23,14,9
angelis,Elio de Angelis,1983,2,23,-21
angelis,Elio de Angelis,1984,34,2,32
angelis,Elio de Angelis,1985,33,34,-1
angelis,Elio de Angelis,1986,0,33,-33
dumfries,Johnny Dumfries,1986,3,,
tambay,Patrick Tambay,1977,5,,
tambay,Patrick Tambay,1978,8,5,3
tambay,Patrick Tambay,1979,0,8,-8
tambay,Patrick Tambay,1981,1,0,1
tambay,Patrick Tambay,1982,25,1,24
tambay,Patrick Tambay,1983,40,25,15
tambay,Patrick Tambay,1984,11,40,-29
tambay,Patrick Tambay,1985,11,11,0
tambay,Patrick Tambay,1986,2,11,-9
surer,Marc Surer,1979,0,,
surer,Marc Surer,1980,0,0,0
surer,Marc Surer,1981,4,0,4
surer,Marc Surer,1982,3,4,-1
surer,Marc Surer,1983,4,3,1
surer,Marc Surer,1984,1,4,-3
surer,Marc Surer,1985,5,1,4
surer,Marc Surer,1986,0,5,-5
keke_rosberg,Keke Rosberg,1978,0,,
keke_rosberg,Keke Rosberg,1979,0,0,0
keke_rosberg,Keke Rosberg,1980,6,0,6
keke_rosberg,Keke Rosberg,1981,0,6,-6
keke_rosberg,Keke Rosberg,1982,44,0,44
keke_rosberg,Keke Rosberg,1983,27,44,-17
keke_rosberg,Keke Rosberg,1984,20,27,-7
keke_rosberg,Keke Rosberg,1985,40,20,20
keke_rosberg,Keke Rosberg,1986,22,40,-18
jones,Alan Jones,1975,2,,
jones,Alan Jones,1976,7,2,5
jones,Alan Jones,1977,22,7,15
jones,Alan Jones,1978,11,22,-11
jones,Alan Jones,1979,43,11,32
jones,Alan Jones,1980,71,43,28
jones,Alan Jones,1981,46,71,-25
jones,Alan Jones,1983,0,46,-46
jones,Alan Jones,1985,0,0,0
jones,Alan Jones,1986,4,0,4
rothengatter,Huub Rothengatter,1984,0,,
rothengatter,Huub Rothengatter,1985,0,0,0
rothengatter,Huub Rothengatter,1986,0,0,0
berg,Allen Berg,1986,0,,
manfred_winkelhock,Manfred Winkelhock,1980,0,,
manfred_winkelhock,Manfred Winkelhock,1982,2,0,2
manfred_winkelhock,Manfred Winkelhock,1983,0,2,-2
manfred_winkelhock,Manfred Winkelhock,1984,0,0,0
manfred_winkelhock,Manfred Winkelhock,1985,0,0,0
lauda,Niki Lauda,1971,0,,
lauda,Niki Lauda,1972,0,0,0
lauda,Niki Lauda,1973,2,0,2
lauda,Niki Lauda,1974,38,2,36
lauda,Niki Lauda,1975,64,38,26
lauda,Niki Lauda,1976,68,64,4
lauda,Niki Lauda,1977,72,68,4
lauda,Niki Lauda,1978,44,72,-28
lauda,Niki Lauda,1979,4,44,-40
lauda,Niki Lauda,1982,30,4,26
lauda,Niki Lauda,1983,12,30,-18
lauda,Niki Lauda,1984,72,12,60
lauda,Niki Lauda,1985,14,72,-58
hesnault,François Hesnault,1984,0,,
hesnault,François Hesnault,1985,0,0,0
baldi,Mauro Baldi,1982,2,,
baldi,Mauro Baldi,1983,3,2,1
baldi,Mauro Baldi,1984,0,3,-3
baldi,Mauro Baldi,1985,0,0,0
bellof,Stefan Bellof,1984,0,,
bellof,Stefan Bellof,1985,4,0,4
acheson,Kenny Acheson,1983,0,,
acheson,Kenny Acheson,1985,0,0,0
watson,John Watson,1973,0,,
watson,John Watson,1974,6,0,6
watson,John Watson,1975,0,6,-6
watson,John Watson,1976,20,0,20
watson,John Watson,1977,9,20,-11
watson,John Watson,1978,25,9,16
watson,John Watson,1979,15,25,-10
watson,John Watson,1980,6,15,-9
watson,John Watson,1981,27,6,21
watson,John Watson,1982,39,27,12
watson,John Watson,1983,22,39,-17
watson,John Watson,1985,0,22,-22
cecotto,Johnny Cecotto,1983,1,,
cecotto,Johnny Cecotto,1984,0,1,-1
gartner,Jo Gartner,1984,0,,
corrado_fabi,Corrado Fabi,1983,0,,
corrado_fabi,Corrado Fabi,1984,0,0,0
thackwell,Mike Thackwell,1980,0,,
thackwell,Mike Thackwell,1984,0,0,0
serra,Chico Serra,1981,0,,
serra,Chico Serra,1982,1,0,1
serra,Chico Serra,1983,0,1,-1
sullivan,Danny Sullivan,1983,2,,
salazar,Eliseo Salazar,1981,1,,
salazar,Eliseo Salazar,1982,2,1,1
salazar,Eliseo Salazar,1983,0,2,-2
guerrero,Roberto Guerrero,1982,0,,
guerrero,Roberto Guerrero,1983,0,0,0
boesel,Raul Boesel,1982,0,,
boesel,Raul Boesel,1983,0,0,0
jarier,Jean-Pierre Jarier,1971,0,,
jarier,Jean-Pierre Jarier,1973,0,0,0
jarier,Jean-Pierre Jarier,1974,6,0,6
jarier,Jean-Pierre Jarier,1975,1,6,-5
jarier,Jean-Pierre Jarier,1976,0,1,-1
jarier,Jean-Pierre Jarier,1977,1,0,1
jarier,Jean-Pierre Jarier,1978,0,1,-1
jarier,Jean-Pierre Jarier,1979,14,0,14
jarier,Jean-Pierre Jarier,1980,6,14,-8
jarier,Jean-Pierre Jarier,1981,0,6,-6
jarier,Jean-Pierre Jarier,1982,3,0,3
jarier,Jean-Pierre Jarier,1983,0,3,-3
villeneuve_sr,Jacques Villeneuve Sr.,1981,0,,
villeneuve_sr,Jacques Villeneuve Sr.,1983,0,0,0
reutemann,Carlos Reutemann,1972,3,,
reutemann,Carlos Reutemann,1973,16,3,13
reutemann,Carlos Reutemann,1974,32,16,16
reutemann,Carlos Reutemann,1975,37,32,5
reutemann,Carlos Reutemann,1976,3,37,-34
reutemann,Carlos Reutemann,1977,42,3,39
reutemann,Carlos Reutemann,1978,48,42,6
reutemann,Carlos Reutemann,1979,25,48,-23
reutemann,Carlos Reutemann,1980,49,25,24
reutemann,Carlos Reutemann,1981,49,49,0
reutemann,Carlos Reutemann,1982,6,49,-43
mass,Jochen Mass,1973,0,,
mass,Jochen Mass,1974,0,0,0
mass,Jochen Mass,1975,19,0,19
mass,Jochen Mass,1976,19,19,0
mass,Jochen Mass,1977,25,19,6
mass,Jochen Mass,1978,0,25,-25
mass,Jochen Mass,1979,3,0,3
mass,Jochen Mass,1980,4,3,1
mass,Jochen Mass,1982,0,4,-4
borgudd,Slim Borgudd,1981,1,,
borgudd,Slim Borgudd,1982,0,1,-1
pironi,Didier Pironi,1978,7,,
pironi,Didier Pironi,1979,14,7,7
pironi,Didier Pironi,1980,32,14,18
pironi,Didier Pironi,1981,9,32,-23
pironi,Didier Pironi,1982,39,9,30
gilles_villeneuve,Gilles Villeneuve,1977,0,,
gilles_villeneuve,Gilles Villeneuve,1978,17,0,17
gilles_villeneuve,Gilles Villeneuve,1979,53,17,36
gilles_villeneuve,Gilles Villeneuve,1980,6,53,-47
gilles_villeneuve,Gilles Villeneuve,1981,25,6,19
gilles_villeneuve,Gilles Villeneuve,1982,6,25,-19
paletti,Riccardo Paletti,1982,0,,
henton,Brian Henton,1975,0,,
henton,Brian Henton,1977,0,0,0
henton,Brian Henton,1981,0,0,0
henton,Brian Henton,1982,0,0,0
daly,Derek Daly,1978,1,,
daly,Derek Daly,1979,0,1,-1
daly,Derek Daly,1980,6,0,6
daly,Derek Daly,1981,0,6,-6
daly,Derek Daly,1982,8,0,8
mario_andretti,Mario Andretti,1968,0,,
mario_andretti,Mario Andretti,1969,0,0,0
mario_andretti,Mario Andretti,1970,4,0,4
mario_andretti,Mario Andretti,1971,12,4,8
mario_andretti,Mario Andretti,1972,4,12,-8
mario_andretti,Mario Andretti,1974,0,4,-4
mario_andretti,Mario Andretti,1975,5,0,5
mario_andretti,Mario Andretti,1976,22,5,17
mario_andretti,Mario Andretti,1977,47,22,25
mario_andretti,Mario Andretti,1978,64,47,17
mario_andretti,Mario Andretti,1979,14,64,-50
mario_andretti,Mario Andretti,1980,1,14,-13
mario_andretti,Mario Andretti,1981,3,1,2
mario_andretti,Mario Andretti,1982,4,3,1
villota,Emilio de Villota,1976,0,,
villota,Emilio de Villota,1977,0,0,0
villota,Emilio de Villota,1978,0,0,0
villota,Emilio de Villota,1982,0,0,0
lees,Geoff Lees,1978,0,,
lees,Geoff Lees,1979,0,0,0
lees,Geoff Lees,1980,0,0,0
lees,Geoff Lees,1982,0,0,0
byrne,Tommy Byrne,1982,0,,
keegan,Rupert Keegan,1977,0,,
keegan,Rupert Keegan,1978,0,0,0
keegan,Rupert Keegan,1980,0,0,0
keegan,Rupert Keegan,1982,0,0,0
rebaque,Hector Rebaque,1977,0,,
rebaque,Hector Rebaque,1978,1,0,1
rebaque,Hector Rebaque,1979,0,1,-1
rebaque,Hector Rebaque,1980,1,0,1
rebaque,Hector Rebaque,1981,11,1,10
gabbiani,Beppe Gabbiani,1978,0,,
gabbiani,Beppe Gabbiani,1981,0,0,0
cogan,Kevin Cogan,1980,0,,
cogan,Kevin Cogan,1981,0,0,0
guerra,Miguel Ángel Guerra,1981,0,,
stohr,Siegfried Stohr,1981,0,,
zunino,Ricardo Zunino,1979,0,,
zunino,Ricardo Zunino,1980,0,0,0
zunino,Ricardo Zunino,1981,0,0,0
londono,Ricardo Londoño,1981,0,,
jabouille,Jean-Pierre Jabouille,1974,0,,
jabouille,Jean-Pierre Jabouille,1975,0,0,0
jabouille,Jean-Pierre Jabouille,1977,0,0,0
jabouille,Jean-Pierre Jabouille,1978,3,0,3
jabouille,Jean-Pierre Jabouille,1979,9,3,6
jabouille,Jean-Pierre Jabouille,1980,9,9,0
jabouille,Jean-Pierre Jabouille,1981,0,9,-9
francia,Giorgio Francia,1977,0,,
francia,Giorgio Francia,1981,0,0,0
depailler,Patrick Depailler,1972,0,,
depailler,Patrick Depailler,1974,14,0,14
depailler,Patrick Depailler,1975,12,14,-2
depailler,Patrick Depailler,1976,39,12,27
depailler,Patrick Depailler,1977,20,39,-19
depailler,Patrick Depailler,1978,34,20,14
depailler,Patrick Depailler,1979,22,34,-12
depailler,Patrick Depailler,1980,0,22,-22
scheckter,Jody Scheckter,1972,0,,
scheckter,Jody Scheckter,1973,0,0,0
scheckter,Jody Scheckter,1974,45,0,45
scheckter,Jody Scheckter,1975,20,45,-25
scheckter,Jody Scheckter,1976,49,20,29
scheckter,Jody Scheckter,1977,55,49,6
scheckter,Jody Scheckter,1978,24,55,-31
scheckter,Jody Scheckter,1979,60,24,36
scheckter,Jody Scheckter,1980,2,60,-58
regazzoni,Clay Regazzoni,1970,33,,
regazzoni,Clay Regazzoni,1971,13,33,-20
regazzoni,Clay Regazzoni,1972,15,13,2
regazzoni,Clay Regazzoni,1973,2,15,-13
regazzoni,Clay Regazzoni,1974,52,2,50
regazzoni,Clay Regazzoni,1975,25,52,-27
regazzoni,Clay Regazzoni,1976,31,25,6
regazzoni,Clay Regazzoni,1977,5,31,-26
regazzoni,Clay Regazzoni,1978,4,5,-1
regazzoni,Clay Regazzoni,1979,32,4,28
regazzoni,Clay Regazzoni,1980,0,32,-32
emerson_fittipaldi,Emerson Fittipaldi,1970,12,,
emerson_fittipaldi,Emerson Fittipaldi,1971,16,12,4
emerson_fittipaldi,Emerson Fittipaldi,1972,61,16,45
emerson_fittipaldi,Emerson Fittipaldi,1973,55,61,-6
emerson_fittipaldi,Emerson Fittipaldi,1974,55,55,0
emerson_fittipaldi,Emerson Fittipaldi,1975,45,55,-10
emerson_fittipaldi,Emerson Fittipaldi,1976,3,45,-42
emerson_fittipaldi,Emerson Fittipaldi,1977,11,3,8
emerson_fittipaldi,Emerson Fittipaldi,1978,17,11,6
emerson_fittipaldi,Emerson Fittipaldi,1979,1,17,-16
emerson_fittipaldi,Emerson Fittipaldi,1980,5,1,4
kennedy,Dave Kennedy,1980,0,,
south,Stephen South,1980,0,,
needell,Tiff Needell,1980,0,,
desire_wilson,Desiré Wilson,1980,0,,
ertl,Harald Ertl,1975,0,,
ertl,Harald Ertl,1976,0,0,0
ertl,Harald Ertl,1977,0,0,0
ertl,Harald Ertl,1978,0,0,0
ertl,Harald Ertl,1980,0,0,0
brambilla,Vittorio Brambilla,1974,1,,
brambilla,Vittorio Brambilla,1975,6,1,5
brambilla,Vittorio Brambilla,1976,1,6,-5
brambilla,Vittorio Brambilla,1977,6,1,5
brambilla,Vittorio Brambilla,1978,1,6,-5
brambilla,Vittorio Brambilla,1979,0,1,-1
brambilla,Vittorio Brambilla,1980,0,0,0
hunt,James Hunt,1973,14,,
hunt,James Hunt,1974,15,14,1
hunt,James Hunt,1975,33,15,18
hunt,James Hunt,1976,69,33,36
hunt,James Hunt,1977,40,69,-29
hunt,James Hunt,1978,8,40,-32
hunt,James Hunt,1979,0,8,-8
merzario,Arturo Merzario,1972,1,,
merzario,Arturo Merzario,1973,6,1,5
merzario,Arturo Merzario,1974,4,6,-2
merzario,Arturo Merzario,1975,0,4,-4
merzario,Arturo Merzario,1976,0,0,0
merzario,Arturo Merzario,1977,0,0,0
merzario,Arturo Merzario,1978,0,0,0
merzario,Arturo Merzario,1979,0,0,0
stuck,Hans-Joachim Stuck,1974,5,,
stuck,Hans-Joachim Stuck,1975,0,5,-5
stuck,Hans-Joachim Stuck,1976,8,0,8
stuck,Hans-Joachim Stuck,1977,12,8,4
stuck,Hans-Joachim Stuck,1978,2,12,-10
stuck,Hans-Joachim Stuck,1979,2,2,0
brancatelli,Gianfranco Brancatelli,1979,0,,
ickx,Jacky Ickx,1967,1,,
ickx,Jacky Ickx,1968,27,1,26
ickx,Jacky Ickx,1969,37,27,10
ickx,Jacky Ickx,1970,40,37,3
ickx,Jacky Ickx,1971,19,40,-21
ickx,Jacky Ickx,1972,27,19,8
ickx,Jacky Ickx,1973,12,27,-15
ickx,Jacky Ickx,1974,12,12,0
ickx,Jacky Ickx,1975,3,12,-9
ickx,Jacky Ickx,1976,0,3,-3
ickx,Jacky Ickx,1977,0,0,0
ickx,Jacky Ickx,1978,0,0,0
ickx,Jacky Ickx,1979,3,0,3
gaillard,Patrick Gaillard,1979,0,,
ribeiro,Alex Ribeiro,1976,0,,
ribeiro,Alex Ribeiro,1977,0,0,0
ribeiro,Alex Ribeiro,1979,0,0,0
peterson,Ronnie Peterson,1970,0,,
peterson,Ronnie Peterson,1971,33,0,33
peterson,Ronnie Peterson,1972,12,33,-21
peterson,Ronnie Peterson,1973,52,12,40
peterson,Ronnie Peterson,1974,35,52,-17
peterson,Ronnie Peterson,1975,6,35,-29
peterson,Ronnie Peterson,1976,10,6,4
peterson,Ronnie Peterson,1977,7,10,-3
peterson,Ronnie Peterson,1978,51,7,44
lunger,Brett Lunger,1975,0,,
lunger,Brett Lunger,1976,0,0,0
lunger,Brett Lunger,1977,0,0,0
lunger,Brett Lunger,1978,0,0,0
ongais,Danny Ongais,1977,0,,
ongais,Danny Ongais,1978,0,0,0
leoni,Lamberto Leoni,1977,0,,
leoni,Lamberto Leoni,1978,0,0,0
galica,Divina Galica,1976,0,,
galica,Divina Galica,1978,0,0,0
stommelen,Rolf Stommelen,1970,10,,
stommelen,Rolf Stommelen,1971,3,10,-7
stommelen,Rolf Stommelen,1972,0,3,-3
stommelen,Rolf Stommelen,1973,0,0,0
stommelen,Rolf Stommelen,1974,0,0,0
stommelen,Rolf Stommelen,1975,0,0,0
stommelen,Rolf Stommelen,1976,1,0,1
stommelen,Rolf Stommelen,1978,0,1,-1
colombo,Alberto Colombo,1978,0,,
trimmer,Tony Trimmer,1975,0,,
trimmer,Tony Trimmer,1976,0,0,0
trimmer,Tony Trimmer,1977,0,0,0
trimmer,Tony Trimmer,1978,0,0,0
binder,Hans Binder,1976,0,,
binder,Hans Binder,1977,0,0,0
binder,Hans Binder,1978,0,0,0
bleekemolen,Michael Bleekemolen,1977,0,,
bleekemolen,Michael Bleekemolen,1978,0,0,0
gimax,Carlo Franchi,1978,0,,
rahal,Bobby Rahal,1978,0,,
pace,Carlos Pace,1972,3,,
pace,Carlos Pace,1973,7,3,4
pace,Carlos Pace,1974,11,7,4
pace,Carlos Pace,1975,24,11,13
pace,Carlos Pace,1976,7,24,-17
pace,Carlos Pace,1977,6,7,-1
ian_scheckter,Ian Scheckter,1974,0,,
ian_scheckter,Ian Scheckter,1975,0,0,0
ian_scheckter,Ian Scheckter,1976,0,0,0
ian_scheckter,Ian Scheckter,1977,0,0,0
pryce,Tom Pryce,1974,1,,
pryce,Tom Pryce,1975,8,1,7
pryce,Tom Pryce,1976,10,8,2
pryce,Tom Pryce,1977,0,10,-10
hoffmann,Ingo Hoffmann,1976,0,,
hoffmann,Ingo Hoffmann,1977,0,0,0
zorzi,Renzo Zorzi,1975,0,,
zorzi,Renzo Zorzi,1976,0,0,0
zorzi,Renzo Zorzi,1977,1,0,1
nilsson,Gunnar Nilsson,1976,11,,
nilsson,Gunnar Nilsson,1977,20,11,9
perkins,Larry Perkins,1974,0,,
perkins,Larry Perkins,1976,0,0,0
perkins,Larry Perkins,1977,0,0,0
hayje,Boy Lunger,1976,0,,
hayje,Boy Lunger,1977,0,0,0
neve,Patrick Nève,1976,0,,
neve,Patrick Nève,1977,0,0,0
purley,David Purley,1973,0,,
purley,David Purley,1974,0,0,0
purley,David Purley,1977,0,0,0
andersson,Conny Andersson,1976,0,,
andersson,Conny Andersson,1977,0,0,0
dryver,Bernard de Dryver,1977,0,,
oliver,Jackie Oliver,1967,0,,
oliver,Jackie Oliver,1968,6,0,6
oliver,Jackie Oliver,1969,1,6,-5
oliver,Jackie Oliver,1970,2,1,1
oliver,Jackie Oliver,1971,0,2,-2
oliver,Jackie Oliver,1972,0,0,0
oliver,Jackie Oliver,1973,4,0,4
oliver,Jackie Oliver,1977,0,4,-4
kozarowitzky,Mikko Kozarowitzky,1977,0,,
sutcliffe,Andy Sutcliffe,1977,0,,
edwards,Guy Edwards,1974,0,,
edwards,Guy Edwards,1976,0,0,0
edwards,Guy Edwards,1977,0,0,0
mcguire,Brian McGuire,1977,0,,
schuppan,Vern Schuppan,1974,0,,
schuppan,Vern Schuppan,1975,0,0,0
schuppan,Vern Schuppan,1977,0,0,0
heyer,Hans Heyer,1977,0,,
pilette,Teddy Pilette,1974,0,,
pilette,Teddy Pilette,1977,0,0,0
ashley,Ian Ashley,1974,0,,
ashley,Ian Ashley,1975,0,0,0
ashley,Ian Ashley,1976,0,0,0
ashley,Ian Ashley,1977,0,0,0
kessel,Loris Kessel,1976,0,,
kessel,Loris Kessel,1977,0,0,0
takahashi,Kunimitsu Takahashi,1977,0,,
hoshino,Kazuyoshi Hoshino,1976,0,,
hoshino,Kazuyoshi Hoshino,1977,0,0,0
takahara,Noritake Takahara,1976,0,,
takahara,Noritake Takahara,1977,0,0,0
lombardi,Lella Lombardi,1974,0,,
lombardi,Lella Lombardi,1975,0,0,0
lombardi,Lella Lombardi,1976,0,0,0
evans,Bob Evans,1975,0,,
evans,Bob Evans,1976,0,0,0
leclere,Michel Leclère,1975,0,,
leclere,Michel Leclère,1976,0,0,0
amon,Chris Amon,1963,0,,
amon,Chris Amon,1964,2,0,2
amon,Chris Amon,1965,0,2,-2
amon,Chris Amon,1966,0,0,0
amon,Chris Amon,1967,20,0,20
amon,Chris Amon,1968,10,20,-10
amon,Chris Amon,1969,4,10,-6
amon,Chris Amon,1970,23,4,19
amon,Chris Amon,1971,9,23,-14
amon,Chris Amon,1972,12,9,3
amon,Chris Amon,1973,1,12,-11
amon,Chris Amon,1974,0,1,-1
amon,Chris Amon,1975,0,0,0
amon,Chris Amon,1976,2,0,2
zapico,Emilio Zapico,1976,0,,
pescarolo,Henri Pescarolo,1968,0,,
pescarolo,Henri Pescarolo,1970,8,0,8
pescarolo,Henri Pescarolo,1971,4,8,-4
pescarolo,Henri Pescarolo,1972,0,4,-4
pescarolo,Henri Pescarolo,1973,0,0,0
pescarolo,Henri Pescarolo,1974,0,0,0
pescarolo,Henri Pescarolo,1976,0,0,0
nelleman,Jac Nelleman,1976,0,,
magee,Damien Magee,1975,0,,
magee,Damien Magee,1976,0,0,0
wilds,Mike Wilds,1974,0,,
wilds,Mike Wilds,1975,0,0,0
wilds,Mike Wilds,1976,0,0,0
pesenti_rossi,Alessandro Pesenti-Rossi,1976,0,,
stuppacher,Otto Stuppacher,1976,0,,
brown,Warwick Brown,1976,0,,
hasemi,Masahiro Hasemi,1976,0,,
donohue,Mark Donohue,1971,4,,
donohue,Mark Donohue,1974,0,4,-4
donohue,Mark Donohue,1975,4,0,4
hill,Graham Hill,1958,0,,
hill,Graham Hill,1959,0,0,0
hill,Graham Hill,1960,4,0,4
hill,Graham Hill,1961,3,4,-1
hill,Graham Hill,1962,52,3,49
hill,Graham Hill,1963,29,52,-23
hill,Graham Hill,1964,41,29,12
hill,Graham Hill,1965,47,41,6
hill,Graham Hill,1966,17,47,-30
hill,Graham Hill,1967,15,17,-2
hill,Graham Hill,1968,48,15,33
hill,Graham Hill,1969,19,48,-29
hill,Graham Hill,1970,7,19,-12
hill,Graham Hill,1971,2,7,-5
hill,Graham Hill,1972,4,2,2
hill,Graham Hill,1973,0,4,-4
hill,Graham Hill,1974,1,0,1
hill,Graham Hill,1975,0,1,-1
wilson_fittipaldi,Wilson Fittipaldi,1972,0,,
wilson_fittipaldi,Wilson Fittipaldi,1973,3,0,3
wilson_fittipaldi,Wilson Fittipaldi,1975,0,3,-3
tunmer,Guy Tunmer,1975,0,,
keizan,Eddie Keizan,1973,0,,
keizan,Eddie Keizan,1974,0,0,0
keizan,Eddie Keizan,1975,0,0,0
charlton,Dave Charlton,1965,0,,
charlton,Dave Charlton,1967,0,0,0
charlton,Dave Charlton,1968,0,0,0
charlton,Dave Charlton,1970,0,0,0
charlton,Dave Charlton,1971,0,0,0
charlton,Dave Charlton,1972,0,0,0
charlton,Dave Charlton,1973,0,0,0
charlton,Dave Charlton,1974,0,0,0
charlton,Dave Charlton,1975,0,0,0
brise,Tony Brise,1975,1,,
wunderink,Roelof Wunderink,1975,0,,
migault,François Migault,1972,0,,
migault,François Migault,1974,0,0,0
migault,François Migault,1975,0,0,0
palm,Torsten Palm,1975,0,,
lennep,Gijs van Lennep,1971,0,,
lennep,Gijs van Lennep,1973,1,0,1
lennep,Gijs van Lennep,1974,0,1,-1
lennep,Gijs van Lennep,1975,1,0,1
fushida,Hiroshi Fushida,1975,0,,
nicholson,John Nicholson,1974,0,,
nicholson,John Nicholson,1975,0,0,0
morgan,Dave Morgan,1975,0,,
crawford,Jim Crawford,1975,0,,
vonlanthen,Jo Vonlanthen,1975,0,,
hulme,Denny Hulme,1965,5,,
hulme,Denny Hulme,1966,18,5,13
hulme,Denny Hulme,1967,51,18,33
hulme,Denny Hulme,1968,33,51,-18
hulme,Denny Hulme,1969,20,33,-13
hulme,Denny Hulme,1970,27,20,7
hulme,Denny Hulme,1971,9,27,-18
hulme,Denny Hulme,1972,39,9,30
hulme,Denny Hulme,1973,26,39,-13
hulme,Denny Hulme,1974,20,26,-6
hailwood,Mike Hailwood,1963,0,,
hailwood,Mike Hailwood,1964,1,0,1
hailwood,Mike Hailwood,1965,0,1,-1
hailwood,Mike Hailwood,1971,3,0,3
hailwood,Mike Hailwood,1972,13,3,10
hailwood,Mike Hailwood,1973,0,13,-13
hailwood,Mike Hailwood,1974,12,0,12
beltoise,Jean-Pierre Beltoise,1967,0,,
beltoise,Jean-Pierre Beltoise,1968,11,0,11
beltoise,Jean-Pierre Beltoise,1969,21,11,10
beltoise,Jean-Pierre Beltoise,1970,16,21,-5
beltoise,Jean-Pierre Beltoise,1971,1,16,-15
beltoise,Jean-Pierre Beltoise,1972,9,1,8
beltoise,Jean-Pierre Beltoise,1973,9,9,0
beltoise,Jean-Pierre Beltoise,1974,10,9,1
ganley,Howden Ganley,1971,5,,
ganley,Howden Ganley,1972,4,5,-1
ganley,Howden Ganley,1973,1,4,-3
ganley,Howden Ganley,1974,0,1,-1
robarts,Richard Robarts,1974,0,,
revson,Peter Revson,1964,0,,
revson,Peter Revson,1971,0,0,0
revson,Peter Revson,1972,23,0,23
revson,Peter Revson,1973,38,23,15
revson,Peter Revson,1974,0,38,-38
driver,Paddy Driver,1963,0,,
driver,Paddy Driver,1974,0,0,0
belso,Tom Belsø,1974,0,,
redman,Brian Redman,1968,4,,
redman,Brian Redman,1970,0,4,-4
redman,Brian Redman,1971,0,0,0
redman,Brian Redman,1972,4,0,4
redman,Brian Redman,1973,0,4,-4
redman,Brian Redman,1974,0,0,0
opel,Rikky von Opel,1973,0,,
opel,Rikky von Opel,1974,0,0,0
schenken,Tim Schenken,1970,0,,
schenken,Tim Schenken,1971,5,0,5
schenken,Tim Schenken,1972,2,5,-3
schenken,Tim Schenken,1973,0,2,-2
schenken,Tim Schenken,1974,0,0,0
larrousse,Gérard Larrousse,1974,0,,
kinnunen,Leo Kinnunen,1974,0,,
wisell,Reine Wisell,1970,4,,
wisell,Reine Wisell,1971,9,4,5
wisell,Reine Wisell,1972,0,9,-9
wisell,Reine Wisell,1973,0,0,0
wisell,Reine Wisell,1974,0,0,0
roos,Bertil Roos,1974,0,,
dolhem,José Dolhem,1974,0,,
gethin,Peter Gethin,1970,1,,
gethin,Peter Gethin,1971,9,1,8
gethin,Peter Gethin,1972,1,9,-8
gethin,Peter Gethin,1973,0,1,-1
gethin,Peter Gethin,1974,0,0,0
bell,Derek Bell,1968,0,,
bell,Derek Bell,1969,0,0,0
bell,Derek Bell,1970,1,0,1
bell,Derek Bell,1971,0,1,-1
bell,Derek Bell,1972,0,0,0
bell,Derek Bell,1974,0,0,0
hobbs,David Hobbs,1967,0,,
hobbs,David Hobbs,1968,0,0,0
hobbs,David Hobbs,1971,0,0,0
hobbs,David Hobbs,1974,0,0,0
quester,Dieter Quester,1974,0,,
koinigg,Helmuth Koinigg,1974,0,,
facetti,Carlo Facetti,1974,0,,
wietzes,Eppie Wietzes,1967,0,,
wietzes,Eppie Wietzes,1974,0,0,0
cevert,François Cevert,1970,1,,
cevert,François Cevert,1971,26,1,25
cevert,François Cevert,1972,15,26,-11
cevert,François Cevert,1973,47,15,32
stewart,Jackie Stewart,1965,34,,
stewart,Jackie Stewart,1966,14,34,-20
stewart,Jackie Stewart,1967,10,14,-4
stewart,Jackie Stewart,1968,36,10,26
stewart,Jackie Stewart,1969,63,36,27
stewart,Jackie Stewart,1970,25,63,-38
stewart,Jackie Stewart,1971,62,25,37
stewart,Jackie Stewart,1972,45,62,-17
stewart,Jackie Stewart,1973,71,45,26
beuttler,Mike Beuttler,1971,0,,
beuttler,Mike Beuttler,1972,0,0,0
beuttler,Mike Beuttler,1973,0,0,0
galli,Nanni Galli,1970,0,,
galli,Nanni Galli,1971,0,0,0
galli,Nanni Galli,1972,0,0,0
galli,Nanni Galli,1973,0,0,0
bueno,Luiz Bueno,1973,0,,
follmer,George Follmer,1973,5,,
adamich,Andrea de Adamich,1968,0,,
adamich,Andrea de Adamich,1970,0,0,0
adamich,Andrea de Adamich,1971,0,0,0
adamich,Andrea de Adamich,1972,3,0,3
adamich,Andrea de Adamich,1973,3,3,0
pretorius,Jackie Pretorius,1965,0,,
pretorius,Jackie Pretorius,1968,0,0,0
pretorius,Jackie Pretorius,1971,0,0,0
pretorius,Jackie Pretorius,1973,0,0,0
williamson,Roger Williamson,1973,0,,
mcrae,Graham McRae,1973,0,,
marko,Helmut Marko,1971,0,,
marko,Helmut Marko,1972,0,0,0
walker,David Walker,1971,0,,
walker,David Walker,1972,0,0,0
roig,Alex Soler-Roig,1970,0,,
roig,Alex Soler-Roig,1971,0,0,0
roig,Alex Soler-Roig,1972,0,0,0
love,John Love,1962,0,,
love,John Love,1963,0,0,0
love,John Love,1964,0,0,0
love,John Love,1965,0,0,0
love,John Love,1967,6,0,6
love,John Love,1968,0,6,-6
love,John Love,1969,0,0,0
love,John Love,1970,0,0,0
love,John Love,1971,0,0,0
love,John Love,1972,0,0,0
surtees,John Surtees,1960,6,,
surtees,John Surtees,1961,4,6,-2
surtees,John Surtees,1962,19,4,15
surtees,John Surtees,1963,22,19,3
surtees,John Surtees,1964,40,22,18
surtees,John Surtees,1965,17,40,-23
surtees,John Surtees,1966,28,17,11
surtees,John Surtees,1967,20,28,-8
surtees,John Surtees,1968,12,20,-8
surtees,John Surtees,1969,6,12,-6
surtees,John Surtees,1970,3,6,-3
surtees,John Surtees,1971,3,3,0
surtees,John Surtees,1972,0,3,-3
barber,Skip Barber,1971,0,,
barber,Skip Barber,1972,0,0,0
brack,Bill Brack,1968,0,,
brack,Bill Brack,1969,0,0,0
brack,Bill Brack,1972,0,0,0
posey,Sam Posey,1971,0,,
posey,Sam Posey,1972,0,0,0
rodriguez,Pedro Rodríguez,1963,0,,
rodriguez,Pedro Rodríguez,1964,1,0,1
rodriguez,Pedro Rodríguez,1965,2,1,1
rodriguez,Pedro Rodríguez,1966,0,2,-2
rodriguez,Pedro Rodríguez,1967,15,0,15
rodriguez,Pedro Rodríguez,1968,18,15,3
rodriguez,Pedro Rodríguez,1969,3,18,-15
rodriguez,Pedro Rodríguez,1970,23,3,20
rodriguez,Pedro Rodríguez,1971,9,23,-14
siffert,Jo Siffert,1962,0,,
siffert,Jo Siffert,1963,1,0,1
siffert,Jo Siffert,1964,7,1,6
siffert,Jo Siffert,1965,5,7,-2
siffert,Jo Siffert,1966,3,5,-2
siffert,Jo Siffert,1967,6,3,3
siffert,Jo Siffert,1968,12,6,6
siffert,Jo Siffert,1969,15,12,3
siffert,Jo Siffert,1970,0,15,-15
siffert,Jo Siffert,1971,19,0,19
bonnier,Jo Bonnier,1956,0,,
bonnier,Jo Bonnier,1957,0,0,0
bonnier,Jo Bonnier,1958,3,0,3
bonnier,Jo Bonnier,1959,10,3,7
bonnier,Jo Bonnier,1960,4,10,-6
bonnier,Jo Bonnier,1961,3,4,-1
bonnier,Jo Bonnier,1962,3,3,0
bonnier,Jo Bonnier,1963,6,3,3
bonnier,Jo Bonnier,1964,3,6,-3
bonnier,Jo Bonnier,1965,0,3,-3
bonnier,Jo Bonnier,1966,1,0,1
bonnier,Jo Bonnier,1967,3,1,2
bonnier,Jo Bonnier,1968,3,3,0
bonnier,Jo Bonnier,1969,0,3,-3
bonnier,Jo Bonnier,1970,0,0,0
bonnier,Jo Bonnier,1971,0,0,0
mazet,François Mazet,1971,0,,
jean,Max Jean,1971,0,,
elford,Vic Elford,1968,5,,
elford,Vic Elford,1969,3,5,-2
elford,Vic Elford,1971,0,3,-3
moser,Silvio Moser,1967,0,,
moser,Silvio Moser,1968,2,0,2
moser,Silvio Moser,1969,1,2,-1
moser,Silvio Moser,1970,0,1,-1
moser,Silvio Moser,1971,0,0,0
eaton,George Eaton,1969,0,,
eaton,George Eaton,1970,0,0,0
eaton,George Eaton,1971,0,0,0
lovely,Pete Lovely,1959,0,,
lovely,Pete Lovely,1960,0,0,0
lovely,Pete Lovely,1969,0,0,0
lovely,Pete Lovely,1970,0,0,0
lovely,Pete Lovely,1971,0,0,0
craft,Chris Craft,1971,0,,
Cannoc,John Cannon,1971,0,,
jack_brabham,Jack Brabham,1955,0,,
jack_brabham,Jack Brabham,1956,0,0,0
jack_brabham,Jack Brabham,1957,0,0,0
jack_brabham,Jack Brabham,1958,3,0,3
jack_brabham,Jack Brabham,1959,34,3,31
jack_brabham,Jack Brabham,1960,43,34,9
jack_brabham,Jack Brabham,1961,4,43,-39
jack_brabham,Jack Brabham,1962,9,4,5
jack_brabham,Jack Brabham,1963,14,9,5
jack_brabham,Jack Brabham,1964,11,14,-3
jack_brabham,Jack Brabham,1965,9,11,-2
jack_brabham,Jack Brabham,1966,45,9,36
jack_brabham,Jack Brabham,1967,48,45,3
jack_brabham,Jack Brabham,1968,2,48,-46
jack_brabham,Jack Brabham,1969,14,2,12
jack_brabham,Jack Brabham,1970,25,14,11
miles,John Miles,1969,0,,
miles,John Miles,1970,2,0,2
rindt,Jochen Rindt,1964,0,,
rindt,Jochen Rindt,1965,4,0,4
rindt,Jochen Rindt,1966,24,4,20
rindt,Jochen Rindt,1967,6,24,-18
rindt,Jochen Rindt,1968,8,6,2
rindt,Jochen Rindt,1969,22,8,14
rindt,Jochen Rindt,1970,45,22,23
gavin,Johnny Servoz-Gavin,1967,0,,
gavin,Johnny Servoz-Gavin,1968,6,0,6
gavin,Johnny Servoz-Gavin,1969,1,6,-5
gavin,Johnny Servoz-Gavin,1970,2,1,1
mclaren,Bruce McLaren,1958,0,,
mclaren,Bruce McLaren,1959,16,0,16
mclaren,Bruce McLaren,1960,37,16,21
mclaren,Bruce McLaren,1961,11,37,-26
mclaren,Bruce McLaren,1962,32,11,21
mclaren,Bruce McLaren,1963,17,32,-15
mclaren,Bruce McLaren,1964,13,17,-4
mclaren,Bruce McLaren,1965,10,13,-3
mclaren,Bruce McLaren,1966,3,10,-7
mclaren,Bruce McLaren,1967,3,3,0
mclaren,Bruce McLaren,1968,22,3,19
mclaren,Bruce McLaren,1969,26,22,4
mclaren,Bruce McLaren,1970,6,26,-20
courage,Piers Courage,1967,0,,
courage,Piers Courage,1968,4,0,4
courage,Piers Courage,1969,16,4,12
courage,Piers Courage,1970,0,16,-16
klerk,Peter de Klerk,1963,0,,
klerk,Peter de Klerk,1965,0,0,0
klerk,Peter de Klerk,1969,0,0,0
klerk,Peter de Klerk,1970,0,0,0
giunti,Ignazio Giunti,1970,3,,
gurney,Dan Gurney,1959,13,,
gurney,Dan Gurney,1960,0,13,-13
gurney,Dan Gurney,1961,21,0,21
gurney,Dan Gurney,1962,15,21,-6
gurney,Dan Gurney,1963,19,15,4
gurney,Dan Gurney,1964,19,19,0
gurney,Dan Gurney,1965,25,19,6
gurney,Dan Gurney,1966,4,25,-21
gurney,Dan Gurney,1967,13,4,9
gurney,Dan Gurney,1968,3,13,-10
gurney,Dan Gurney,1970,1,3,-2
hahne,Hubert Hahne,1967,0,,
hahne,Hubert Hahne,1968,0,0,0
hahne,Hubert Hahne,1970,0,0,0
hutchison,Gus Hutchison,1970,0,,
westbury,Peter Westbury,1970,0,,
tingle,Sam Tingle,1962,0,,
tingle,Sam Tingle,1963,0,0,0
tingle,Sam Tingle,1965,0,0,0
tingle,Sam Tingle,1967,0,0,0
tingle,Sam Tingle,1968,0,0,0
tingle,Sam Tingle,1969,0,0,0
rooyen,Basil van Rooyen,1968,0,,
rooyen,Basil van Rooyen,1969,0,0,0
attwood,Richard Attwood,1964,0,,
attwood,Richard Attwood,1965,2,0,2
attwood,Richard Attwood,1967,0,2,-2
attwood,Richard Attwood,1968,6,0,6
attwood,Richard Attwood,1969,3,6,-3
pease,Al Pease,1967,0,,
pease,Al Pease,1969,0,0,0
cordts,John Cordts,1969,0,,
clark,Jim Clark,1960,8,,
clark,Jim Clark,1961,11,8,3
clark,Jim Clark,1962,30,11,19
clark,Jim Clark,1963,73,30,43
clark,Jim Clark,1964,32,73,-41
clark,Jim Clark,1965,54,32,22
clark,Jim Clark,1966,16,54,-38
clark,Jim Clark,1967,41,16,25
clark,Jim Clark,1968,9,41,-32
spence,Mike Spence,1963,0,,
spence,Mike Spence,1964,4,0,4
spence,Mike Spence,1965,10,4,6
spence,Mike Spence,1966,4,10,-6
spence,Mike Spence,1967,9,4,5
spence,Mike Spence,1968,0,9,-9
scarfiotti,Ludovico Scarfiotti,1963,1,,
scarfiotti,Ludovico Scarfiotti,1964,0,1,-1
scarfiotti,Ludovico Scarfiotti,1965,0,0,0
scarfiotti,Ludovico Scarfiotti,1966,9,0,9
scarfiotti,Ludovico Scarfiotti,1967,1,9,-8
scarfiotti,Ludovico Scarfiotti,1968,6,1,5
bianchi,Lucien Bianchi,1959,0,,
bianchi,Lucien Bianchi,1960,1,0,1
bianchi,Lucien Bianchi,1961,0,1,-1
bianchi,Lucien Bianchi,1962,0,0,0
bianchi,Lucien Bianchi,1963,0,0,0
bianchi,Lucien Bianchi,1965,0,0,0
bianchi,Lucien Bianchi,1968,5,0,5
jo_schlesser,Jo Schlesser,1967,0,,
jo_schlesser,Jo Schlesser,1968,0,0,0
widdows,Robin Widdows,1968,0,,
ahrens,Kurt Ahrens,1967,0,,
ahrens,Kurt Ahrens,1968,0,0,0
gardner,Frank Gardner,1964,0,,
gardner,Frank Gardner,1965,0,0,0
gardner,Frank Gardner,1968,0,0,0
unser,Bobby Unser,1968,0,,
solana,Moisés Solana,1963,0,,
solana,Moisés Solana,1964,0,0,0
solana,Moisés Solana,1965,0,0,0
solana,Moisés Solana,1966,0,0,0
solana,Moisés Solana,1967,0,0,0
solana,Moisés Solana,1968,0,0,0
anderson,Bob Anderson,1963,0,,
anderson,Bob Anderson,1964,5,0,5
anderson,Bob Anderson,1965,0,5,-5
anderson,Bob Anderson,1966,1,0,1
anderson,Bob Anderson,1967,2,1,1
botha,Luki Botha,1967,0,,
bandini,Lorenzo Bandini,1961,0,,
bandini,Lorenzo Bandini,1962,4,0,4
bandini,Lorenzo Bandini,1963,6,4,2
bandini,Lorenzo Bandini,1964,23,6,17
bandini,Lorenzo Bandini,1965,13,23,-10
bandini,Lorenzo Bandini,1966,12,13,-1
bandini,Lorenzo Bandini,1967,0,12,-12
ginther,Richie Ginther,1960,8,,
ginther,Richie Ginther,1961,16,8,8
ginther,Richie Ginther,1962,10,16,-6
ginther,Richie Ginther,1963,34,10,24
ginther,Richie Ginther,1964,23,34,-11
ginther,Richie Ginther,1965,11,23,-12
ginther,Richie Ginther,1966,5,11,-6
ginther,Richie Ginther,1967,0,5,-5
parkes,Mike Parkes,1959,0,,
parkes,Mike Parkes,1966,12,0,12
parkes,Mike Parkes,1967,2,12,-10
irwin,Chris Irwin,1966,0,,
irwin,Chris Irwin,1967,2,0,2
ligier,Guy Ligier,1966,0,,
ligier,Guy Ligier,1967,1,0,1
rees,Alan Rees,1967,0,,
hart,Brian Hart,1967,0,,
fisher,Mike Fisher,1967,0,,
tom_jones,Tom Jones,1967,0,,
baghetti,Giancarlo Baghetti,1961,9,,
baghetti,Giancarlo Baghetti,1962,5,9,-4
baghetti,Giancarlo Baghetti,1963,0,5,-5
baghetti,Giancarlo Baghetti,1964,0,0,0
baghetti,Giancarlo Baghetti,1965,0,0,0
baghetti,Giancarlo Baghetti,1966,0,0,0
baghetti,Giancarlo Baghetti,1967,0,0,0
williams,Jonathan Williams,1967,0,,
bondurant,Bob Bondurant,1965,0,,
bondurant,Bob Bondurant,1966,3,0,3
arundell,Peter Arundell,1962,0,,
arundell,Peter Arundell,1963,0,0,0
arundell,Peter Arundell,1964,11,0,11
arundell,Peter Arundell,1966,1,11,-10
vic_wilson,Vic Wilson,1960,0,,
vic_wilson,Vic Wilson,1966,0,0,0
taylor,John Taylor,1964,0,,
taylor,John Taylor,1966,1,0,1
lawrence,Chris Lawrence,1966,0,,
trevor_taylor,Trevor Taylor,1959,0,,
trevor_taylor,Trevor Taylor,1961,0,0,0
trevor_taylor,Trevor Taylor,1962,6,0,6
trevor_taylor,Trevor Taylor,1963,1,6,-5
trevor_taylor,Trevor Taylor,1964,1,1,0
trevor_taylor,Trevor Taylor,1966,0,1,-1
geki,Giacomo Russo,1964,0,,
geki,Giacomo Russo,1965,0,0,0
geki,Giacomo Russo,1966,0,0,0
phil_hill,Phil Hill,1958,9,,
phil_hill,Phil Hill,1959,20,9,11
phil_hill,Phil Hill,1960,16,20,-4
phil_hill,Phil Hill,1961,38,16,22
phil_hill,Phil Hill,1962,14,38,-24
phil_hill,Phil Hill,1963,0,14,-14
phil_hill,Phil Hill,1964,1,0,1
phil_hill,Phil Hill,1966,0,1,-1
ireland,Innes Ireland,1959,5,,
ireland,Innes Ireland,1960,18,5,13
ireland,Innes Ireland,1961,12,18,-6
ireland,Innes Ireland,1962,2,12,-10
ireland,Innes Ireland,1963,6,2,4
ireland,Innes Ireland,1964,4,6,-2
ireland,Innes Ireland,1965,0,4,-4
ireland,Innes Ireland,1966,0,0,0
bucknum,Ronnie Bucknum,1964,0,,
bucknum,Ronnie Bucknum,1965,2,0,2
bucknum,Ronnie Bucknum,1966,0,2,-2
hawkins,Paul Hawkins,1965,0,,
prophet,David Prophet,1963,0,,
prophet,David Prophet,1965,0,0,0
maggs,Tony Maggs,1961,0,,
maggs,Tony Maggs,1962,13,0,13
maggs,Tony Maggs,1963,9,13,-4
maggs,Tony Maggs,1964,4,9,-5
maggs,Tony Maggs,1965,0,4,-4
blokdyk,Trevor Blokdyk,1963,0,,
blokdyk,Trevor Blokdyk,1965,0,0,0
lederle,Neville Lederle,1962,1,,
lederle,Neville Lederle,1963,0,1,-1
lederle,Neville Lederle,1965,0,0,0
serrurier,Doug Serrurier,1962,0,,
serrurier,Doug Serrurier,1963,0,0,0
serrurier,Doug Serrurier,1965,0,0,0
niemann,Brausch Niemann,1963,0,,
niemann,Brausch Niemann,1965,0,0,0
pieterse,Ernie Pieterse,1962,0,,
pieterse,Ernie Pieterse,1963,0,0,0
pieterse,Ernie Pieterse,1965,0,0,0
puzey,Clive Puzey,1965,0,,
reed,Ray Reed,1965,0,,
clapham,David Clapham,1965,0,,
blignaut,Alex Blignaut,1965,0,,
gregory,Masten Gregory,1957,10,,
gregory,Masten Gregory,1958,0,10,-10
gregory,Masten Gregory,1959,10,0,10
gregory,Masten Gregory,1960,0,10,-10
gregory,Masten Gregory,1961,0,0,0
gregory,Masten Gregory,1962,1,0,1
gregory,Masten Gregory,1963,0,1,-1
gregory,Masten Gregory,1965,0,0,0
rhodes,John Rhodes,1965,0,,
raby,Ian Raby,1963,0,,
raby,Ian Raby,1964,0,0,0
raby,Ian Raby,1965,0,0,0
rollinson,Alan Rollinson,1965,0,,
gubby,Brian Gubby,1965,0,,
mitter,Gerhard Mitter,1963,3,,
mitter,Gerhard Mitter,1964,0,3,-3
mitter,Gerhard Mitter,1965,0,0,0
bussinello,Roberto Bussinello,1961,0,,
bussinello,Roberto Bussinello,1962,0,0,0
bussinello,Roberto Bussinello,1965,0,0,0
vaccarella,Nino Vaccarella,1961,0,,
vaccarella,Nino Vaccarella,1962,0,0,0
vaccarella,Nino Vaccarella,1965,0,0,0
bassi,Giorgio Bassi,1965,0,,
trintignant,Maurice Trintignant,1950,0,,
trintignant,Maurice Trintignant,1951,0,0,0
trintignant,Maurice Trintignant,1952,2,0,2
trintignant,Maurice Trintignant,1953,4,2,2
trintignant,Maurice Trintignant,1954,17,4,13
trintignant,Maurice Trintignant,1955,11,17,-6
trintignant,Maurice Trintignant,1956,0,11,-11
trintignant,Maurice Trintignant,1957,5,0,5
trintignant,Maurice Trintignant,1958,12,5,7
trintignant,Maurice Trintignant,1959,19,12,7
trintignant,Maurice Trintignant,1960,0,19,-19
trintignant,Maurice Trintignant,1961,0,0,0
trintignant,Maurice Trintignant,1962,0,0,0
trintignant,Maurice Trintignant,1963,0,0,0
trintignant,Maurice Trintignant,1964,2,0,2
collomb,Bernard Collomb,1961,0,,
collomb,Bernard Collomb,1962,0,0,0
collomb,Bernard Collomb,1963,0,0,0
collomb,Bernard Collomb,1964,0,0,0
andre_pilette,André Pilette,1951,0,,
andre_pilette,André Pilette,1953,0,0,0
andre_pilette,André Pilette,1954,2,0,2
andre_pilette,André Pilette,1956,0,2,-2
andre_pilette,André Pilette,1961,0,0,0
andre_pilette,André Pilette,1963,0,0,0
andre_pilette,André Pilette,1964,0,0,0
beaufort,Carel Godin de Beaufort,1957,0,,
beaufort,Carel Godin de Beaufort,1958,0,0,0
beaufort,Carel Godin de Beaufort,1959,0,0,0
beaufort,Carel Godin de Beaufort,1960,0,0,0
beaufort,Carel Godin de Beaufort,1961,0,0,0
beaufort,Carel Godin de Beaufort,1962,2,0,2
beaufort,Carel Godin de Beaufort,1963,2,2,0
beaufort,Carel Godin de Beaufort,1964,0,2,-2
barth,Edgar Barth,1953,0,,
barth,Edgar Barth,1957,0,0,0
barth,Edgar Barth,1958,0,0,0
barth,Edgar Barth,1960,0,0,0
barth,Edgar Barth,1961,0,0,0
barth,Edgar Barth,1964,0,0,0
cabral,Mário de Araújo Cabral,1959,0,,
cabral,Mário de Araújo Cabral,1960,0,0,0
cabral,Mário de Araújo Cabral,1963,0,0,0
cabral,Mário de Araújo Cabral,1964,0,0,0
hansgen,Walt Hansgen,1961,0,,
hansgen,Walt Hansgen,1963,0,0,0
hansgen,Walt Hansgen,1964,2,0,2
sharp,Hap Sharp,1961,0,,
sharp,Hap Sharp,1962,0,0,0
sharp,Hap Sharp,1963,0,0,0
sharp,Hap Sharp,1964,0,0,0
mairesse,Willy Mairesse,1960,4,,
mairesse,Willy Mairesse,1961,0,4,-4
mairesse,Willy Mairesse,1962,3,0,3
mairesse,Willy Mairesse,1963,0,3,-3
campbell-jones,John Campbell-Jones,1961,0,,
campbell-jones,John Campbell-Jones,1962,0,0,0
campbell-jones,John Campbell-Jones,1963,0,0,0
burgess,Ian Burgess,1958,0,,
burgess,Ian Burgess,1959,0,0,0
burgess,Ian Burgess,1960,0,0,0
burgess,Ian Burgess,1961,0,0,0
burgess,Ian Burgess,1962,0,0,0
burgess,Ian Burgess,1963,0,0,0
settember,Tony Settember,1962,0,,
settember,Tony Settember,1963,0,0,0
estefano,Nasif Estéfano,1960,0,,
estefano,Nasif Estéfano,1962,0,0,0
estefano,Nasif Estéfano,1963,0,0,0
hall,Jim Hall,1960,0,,
hall,Jim Hall,1961,0,0,0
hall,Jim Hall,1962,0,0,0
hall,Jim Hall,1963,3,0,3
parnell,Tim Parnell,1959,0,,
parnell,Tim Parnell,1961,0,0,0
parnell,Tim Parnell,1963,0,0,0
kuhnke,Kurt Kuhnke,1962,0,,
kuhnke,Kurt Kuhnke,1963,0,0,0
ernesto_brambilla,Ernesto Brambilla,1963,0,,
lippi,Roberto Lippi,1961,0,,
lippi,Roberto Lippi,1962,0,0,0
lippi,Roberto Lippi,1963,0,0,0
seiffert,Günther Seiffert,1962,0,,
seiffert,Günther Seiffert,1963,0,0,0
abate,Carlo Abate,1962,0,,
abate,Carlo Abate,1963,0,0,0
starrabba,Gaetano Starrabba,1961,0,,
starrabba,Gaetano Starrabba,1963,0,0,0
broeker,Peter Broeker,1963,0,,
ward,Rodger Ward,1951,0,,
ward,Rodger Ward,1952,0,0,0
ward,Rodger Ward,1953,0,0,0
ward,Rodger Ward,1954,0,0,0
ward,Rodger Ward,1955,0,0,0
ward,Rodger Ward,1956,0,0,0
ward,Rodger Ward,1957,0,0,0
ward,Rodger Ward,1958,0,0,0
ward,Rodger Ward,1959,8,0,8
ward,Rodger Ward,1960,6,8,-2
ward,Rodger Ward,1963,0,6,-6
vos,Ernie de Vos,1963,0,,
dochnal,Frank Dochnal,1963,0,,
monarch,Thomas Monarch,1963,0,,
gasly,Pierre Gasly,2017,0,,
gasly,Pierre Gasly,2018,29,0,29
gasly,Pierre Gasly,2019,95,29,66
gasly,Pierre Gasly,2020,75,95,-20
gasly,Pierre Gasly,2021,110,75,35
gasly,Pierre Gasly,2022,23,110,-87
gasly,Pierre Gasly,2023,54,23,31
gasly,Pierre Gasly,2024,40,54,-14
lewis,Jackie Lewis,1961,3,,
lewis,Jackie Lewis,1962,0,3,-3
ricardo_rodriguez,Ricardo Rodríguez,1961,0,,
ricardo_rodriguez,Ricardo Rodríguez,1962,4,0,4
seidel,Wolfgang Seidel,1953,0,,
seidel,Wolfgang Seidel,1958,0,0,0
seidel,Wolfgang Seidel,1960,0,0,0
seidel,Wolfgang Seidel,1961,0,0,0
seidel,Wolfgang Seidel,1962,0,0,0
salvadori,Roy Salvadori,1952,0,,
salvadori,Roy Salvadori,1953,0,0,0
salvadori,Roy Salvadori,1954,0,0,0
salvadori,Roy Salvadori,1955,0,0,0
salvadori,Roy Salvadori,1956,0,0,0
salvadori,Roy Salvadori,1957,2,0,2
salvadori,Roy Salvadori,1958,15,2,13
salvadori,Roy Salvadori,1959,0,15,-15
salvadori,Roy Salvadori,1960,0,0,0
salvadori,Roy Salvadori,1961,2,0,2
salvadori,Roy Salvadori,1962,0,2,-2
pon,Ben Pon,1962,0,,
slotemaker,Rob Slotemaker,1962,0,,
marsh,Tony Marsh,1957,0,,
marsh,Tony Marsh,1958,0,0,0
marsh,Tony Marsh,1961,0,0,0
marsh,Tony Marsh,1962,0,0,0
ashmore,Gerry Ashmore,1961,0,,
ashmore,Gerry Ashmore,1962,0,0,0
schiller,Heinz Schiller,1962,0,,
davis,Colin Davis,1959,0,,
davis,Colin Davis,1962,0,0,0
chamberlain,Jay Chamberlain,1962,0,,
shelly,Tony Shelly,1962,0,,
greene,Keith Greene,1959,0,,
greene,Keith Greene,1960,0,0,0
greene,Keith Greene,1961,0,0,0
greene,Keith Greene,1962,0,0,0
walter,Heini Walter,1962,0,,
prinoth,Ernesto Prinoth,1961,0,,
prinoth,Ernesto Prinoth,1962,0,0,0
penske,Roger Penske,1961,0,,
penske,Roger Penske,1962,0,0,0
schroeder,Rob Schroeder,1962,0,,
mayer,Timmy Mayer,1962,0,,
johnstone,Bruce Johnstone,1962,0,,
harris,Mike Harris,1962,0,,
hocking,Gary Hocking,1962,0,,
vyver,Syd van der Vyver,1962,0,,
moss,Stirling Moss,1951,0,,
moss,Stirling Moss,1952,0,0,0
moss,Stirling Moss,1953,0,0,0
moss,Stirling Moss,1954,4,0,4
moss,Stirling Moss,1955,23,4,19
moss,Stirling Moss,1956,28,23,5
moss,Stirling Moss,1957,25,28,-3
moss,Stirling Moss,1958,41,25,16
moss,Stirling Moss,1959,25,41,-16
moss,Stirling Moss,1960,19,25,-6
moss,Stirling Moss,1961,21,19,2
trips,Wolfgang von Trips,1956,0,,
trips,Wolfgang von Trips,1957,4,0,4
trips,Wolfgang von Trips,1958,9,4,5
trips,Wolfgang von Trips,1959,0,9,-9
trips,Wolfgang von Trips,1960,10,0,10
trips,Wolfgang von Trips,1961,33,10,23
allison,Cliff Allison,1958,3,,
allison,Cliff Allison,1959,2,3,-1
allison,Cliff Allison,1960,6,2,4
allison,Cliff Allison,1961,0,6,-6
herrmann,Hans Herrmann,1953,0,,
herrmann,Hans Herrmann,1954,8,0,8
herrmann,Hans Herrmann,1955,1,8,-7
herrmann,Hans Herrmann,1957,0,1,-1
herrmann,Hans Herrmann,1958,0,0,0
herrmann,Hans Herrmann,1959,0,0,0
herrmann,Hans Herrmann,1960,1,0,1
herrmann,Hans Herrmann,1961,0,1,-1
brooks,Tony Brooks,1956,0,,
brooks,Tony Brooks,1957,11,0,11
brooks,Tony Brooks,1958,24,11,13
brooks,Tony Brooks,1959,27,24,3
brooks,Tony Brooks,1960,7,27,-20
brooks,Tony Brooks,1961,6,7,-1
may,Michael May,1961,0,,
henry_taylor,Henry Taylor,1959,0,,
henry_taylor,Henry Taylor,1960,3,0,3
henry_taylor,Henry Taylor,1961,0,3,-3
gendebien,Olivier Gendebien,1956,2,,
gendebien,Olivier Gendebien,1958,0,2,-2
gendebien,Olivier Gendebien,1959,3,0,3
gendebien,Olivier Gendebien,1960,10,3,7
gendebien,Olivier Gendebien,1961,3,10,-7
scarlatti,Giorgio Scarlatti,1956,0,,
scarlatti,Giorgio Scarlatti,1957,1,0,1
scarlatti,Giorgio Scarlatti,1958,0,1,-1
scarlatti,Giorgio Scarlatti,1959,0,0,0
scarlatti,Giorgio Scarlatti,1960,0,0,0
scarlatti,Giorgio Scarlatti,1961,0,0,0
naylor,Brian Naylor,1957,0,,
naylor,Brian Naylor,1958,0,0,0
naylor,Brian Naylor,1959,0,0,0
naylor,Brian Naylor,1960,0,0,0
naylor,Brian Naylor,1961,0,0,0
bordeu,Juan Manuel Bordeu,1961,0,,
fairman,Jack Fairman,1953,0,,
fairman,Jack Fairman,1955,0,0,0
fairman,Jack Fairman,1956,5,0,5
fairman,Jack Fairman,1957,0,5,-5
fairman,Jack Fairman,1958,0,0,0
fairman,Jack Fairman,1959,0,0,0
fairman,Jack Fairman,1960,0,0,0
fairman,Jack Fairman,1961,0,0,0
natili,Massimo Natili,1961,0,,
monteverdi,Peter Monteverdi,1961,0,,
pirocchi,Renato Pirocchi,1961,0,,
duke,Geoff Duke,1961,0,,
thiele,Alfonso Thiele,1960,0,,
thiele,Alfonso Thiele,1961,0,0,0
boffa,Menato Boffa,1961,0,,
ryan,Peter Ryan,1961,0,,
ruby,Lloyd Ruby,1960,0,,
ruby,Lloyd Ruby,1961,0,0,0
ken_miles,Ken Miles,1961,0,,
menditeguy,Carlos Menditeguy,1953,0,,
menditeguy,Carlos Menditeguy,1954,0,0,0
menditeguy,Carlos Menditeguy,1955,2,0,2
menditeguy,Carlos Menditeguy,1956,0,2,-2
menditeguy,Carlos Menditeguy,1957,4,0,4
menditeguy,Carlos Menditeguy,1958,0,4,-4
menditeguy,Carlos Menditeguy,1960,3,0,3
larreta,Alberto Rodriguez Larreta,1960,0,,
gonzalez,José Froilán González,1950,0,,
gonzalez,José Froilán González,1951,27,0,27
gonzalez,José Froilán González,1952,6,27,-21
gonzalez,José Froilán González,1953,14,6,8
gonzalez,José Froilán González,1954,26,14,12
gonzalez,José Froilán González,1955,2,26,-24
gonzalez,José Froilán González,1956,0,2,-2
gonzalez,José Froilán González,1957,1,0,1
gonzalez,José Froilán González,1960,0,1,-1
bonomi,Roberto Bonomi,1960,0,,
munaron,Gino Munaron,1960,0,,
schell,Harry Schell,1950,0,,
schell,Harry Schell,1951,0,0,0
schell,Harry Schell,1952,0,0,0
schell,Harry Schell,1953,0,0,0
schell,Harry Schell,1954,0,0,0
schell,Harry Schell,1955,0,0,0
schell,Harry Schell,1956,3,0,3
schell,Harry Schell,1957,10,3,7
schell,Harry Schell,1958,14,10,4
schell,Harry Schell,1959,5,14,-9
schell,Harry Schell,1960,0,5,-5
stacey,Alan Stacey,1958,0,,
stacey,Alan Stacey,1959,0,0,0
stacey,Alan Stacey,1960,0,0,0
chimeri,Ettore Chimeri,1960,0,,
creus,Antonio Creus,1960,0,,
bristow,Chris Bristow,1959,0,,
bristow,Chris Bristow,1960,0,0,0
halford,Bruce Halford,1956,0,,
halford,Bruce Halford,1957,0,0,0
halford,Bruce Halford,1959,0,0,0
halford,Bruce Halford,1960,0,0,0
daigh,Chuck Daigh,1960,0,,
reventlow,Lance Reventlow,1960,0,,
rathmann,Jim Rathmann,1950,0,,
rathmann,Jim Rathmann,1952,6,0,6
rathmann,Jim Rathmann,1953,0,6,-6
rathmann,Jim Rathmann,1954,0,0,0
rathmann,Jim Rathmann,1955,0,0,0
rathmann,Jim Rathmann,1956,0,0,0
rathmann,Jim Rathmann,1957,7,0,7
rathmann,Jim Rathmann,1958,2,7,-5
rathmann,Jim Rathmann,1959,6,2,4
rathmann,Jim Rathmann,1960,8,6,2
goldsmith,Paul Goldsmith,1958,0,,
goldsmith,Paul Goldsmith,1959,2,0,2
goldsmith,Paul Goldsmith,1960,4,2,2
branson,Don Branson,1959,0,,
branson,Don Branson,1960,3,0,3
thomson,Johnny Thomson,1953,0,,
thomson,Johnny Thomson,1954,0,0,0
thomson,Johnny Thomson,1955,3,0,3
thomson,Johnny Thomson,1956,0,3,-3
thomson,Johnny Thomson,1957,0,0,0
thomson,Johnny Thomson,1958,0,0,0
thomson,Johnny Thomson,1959,5,0,5
thomson,Johnny Thomson,1960,2,5,-3
johnson,Eddie Johnson,1952,0,,
johnson,Eddie Johnson,1953,0,0,0
johnson,Eddie Johnson,1954,0,0,0
johnson,Eddie Johnson,1955,0,0,0
johnson,Eddie Johnson,1956,0,0,0
johnson,Eddie Johnson,1957,0,0,0
johnson,Eddie Johnson,1958,0,0,0
johnson,Eddie Johnson,1959,0,0,0
johnson,Eddie Johnson,1960,1,0,1
veith,Bob Veith,1956,0,,
veith,Bob Veith,1957,0,0,0
veith,Bob Veith,1958,0,0,0
veith,Bob Veith,1959,0,0,0
veith,Bob Veith,1960,0,0,0
tingelstad,Bud Tingelstad,1960,0,,
christie,Bob Christie,1956,0,,
christie,Bob Christie,1957,0,0,0
christie,Bob Christie,1958,0,0,0
christie,Bob Christie,1959,0,0,0
christie,Bob Christie,1960,0,0,0
amick,Red Amick,1959,0,,
amick,Red Amick,1960,0,0,0
darter,Duane Carter,1950,0,,
darter,Duane Carter,1951,0,0,0
darter,Duane Carter,1952,3,0,3
darter,Duane Carter,1953,2,3,-1
darter,Duane Carter,1954,1,2,-1
darter,Duane Carter,1955,0,1,-1
darter,Duane Carter,1959,0,0,0
darter,Duane Carter,1960,0,0,0
homeier,Bill Homeier,1954,0,,
homeier,Bill Homeier,1955,1,0,1
homeier,Bill Homeier,1960,0,1,-1
hartley,Gene Hartley,1950,0,,
hartley,Gene Hartley,1952,0,0,0
hartley,Gene Hartley,1953,0,0,0
hartley,Gene Hartley,1954,0,0,0
hartley,Gene Hartley,1956,0,0,0
hartley,Gene Hartley,1957,0,0,0
hartley,Gene Hartley,1959,0,0,0
hartley,Gene Hartley,1960,0,0,0
stevenson,Chuck Stevenson,1951,0,,
stevenson,Chuck Stevenson,1952,0,0,0
stevenson,Chuck Stevenson,1953,0,0,0
stevenson,Chuck Stevenson,1954,0,0,0
stevenson,Chuck Stevenson,1960,0,0,0
grim,Bobby Grim,1959,0,,
grim,Bobby Grim,1960,0,0,0
templeman,Shorty Templeman,1955,0,,
templeman,Shorty Templeman,1958,0,0,0
templeman,Shorty Templeman,1960,0,0,0
hurtubise,Jim Hurtubise,1960,0,,
bryan,Jimmy Bryan,1952,0,,
bryan,Jimmy Bryan,1953,0,0,0
bryan,Jimmy Bryan,1954,6,0,6
bryan,Jimmy Bryan,1955,0,6,-6
bryan,Jimmy Bryan,1956,0,0,0
bryan,Jimmy Bryan,1957,4,0,4
bryan,Jimmy Bryan,1958,8,4,4
bryan,Jimmy Bryan,1959,0,8,-8
bryan,Jimmy Bryan,1960,0,0,0
ruttman,Troy Ruttman,1950,0,,
ruttman,Troy Ruttman,1951,0,0,0
ruttman,Troy Ruttman,1952,8,0,8
ruttman,Troy Ruttman,1954,1,8,-7
ruttman,Troy Ruttman,1956,0,1,-1
ruttman,Troy Ruttman,1957,0,0,0
ruttman,Troy Ruttman,1958,0,0,0
ruttman,Troy Ruttman,1960,0,0,0
sachs,Eddie Sachs,1957,0,,
sachs,Eddie Sachs,1958,0,0,0
sachs,Eddie Sachs,1959,0,0,0
sachs,Eddie Sachs,1960,0,0,0
freeland,Don Freeland,1953,0,,
freeland,Don Freeland,1954,0,0,0
freeland,Don Freeland,1955,0,0,0
freeland,Don Freeland,1956,4,0,4
freeland,Don Freeland,1957,0,4,-4
freeland,Don Freeland,1958,0,0,0
freeland,Don Freeland,1959,0,0,0
freeland,Don Freeland,1960,0,0,0
bettenhausen,Tony Bettenhausen,1950,1,,
bettenhausen,Tony Bettenhausen,1951,0,1,-1
bettenhausen,Tony Bettenhausen,1952,0,0,0
bettenhausen,Tony Bettenhausen,1953,0,0,0
bettenhausen,Tony Bettenhausen,1954,0,0,0
bettenhausen,Tony Bettenhausen,1955,3,0,3
bettenhausen,Tony Bettenhausen,1956,0,3,-3
bettenhausen,Tony Bettenhausen,1957,0,0,0
bettenhausen,Tony Bettenhausen,1958,4,0,4
bettenhausen,Tony Bettenhausen,1959,3,4,-1
bettenhausen,Tony Bettenhausen,1960,0,3,-3
weiler,Wayne Weiler,1960,0,,
foyt,Anthony Foyt,1958,0,,
foyt,Anthony Foyt,1959,0,0,0
foyt,Anthony Foyt,1960,0,0,0
russo,Eddie Russo,1955,0,,
russo,Eddie Russo,1956,0,0,0
russo,Eddie Russo,1957,0,0,0
russo,Eddie Russo,1960,0,0,0
boyd,Johnny Boyd,1955,0,,
boyd,Johnny Boyd,1956,0,0,0
boyd,Johnny Boyd,1957,0,0,0
boyd,Johnny Boyd,1958,4,0,4
boyd,Johnny Boyd,1959,0,4,-4
boyd,Johnny Boyd,1960,0,0,0
force,Gene Force,1951,0,,
force,Gene Force,1960,0,0,0
mcwithey,Jim McWithey,1959,0,,
mcwithey,Jim McWithey,1960,0,0,0
sutton,Len Sutton,1958,0,,
sutton,Len Sutton,1959,0,0,0
sutton,Len Sutton,1960,0,0,0
dick_rathmann,Dick Rathmann,1950,0,,
dick_rathmann,Dick Rathmann,1956,2,0,2
dick_rathmann,Dick Rathmann,1958,0,2,-2
dick_rathmann,Dick Rathmann,1959,0,0,0
dick_rathmann,Dick Rathmann,1960,0,0,0
herman,Al Herman,1955,0,,
herman,Al Herman,1956,0,0,0
herman,Al Herman,1957,0,0,0
herman,Al Herman,1959,0,0,0
herman,Al Herman,1960,0,0,0
dempsey_wilson,Dempsey Wilson,1958,0,,
dempsey_wilson,Dempsey Wilson,1960,0,0,0
mike_taylor,Mike Taylor,1959,0,,
mike_taylor,Mike Taylor,1960,0,0,0
flockhart,Ron Flockhart,1954,0,,
flockhart,Ron Flockhart,1956,4,0,4
flockhart,Ron Flockhart,1957,0,4,-4
flockhart,Ron Flockhart,1958,0,0,0
flockhart,Ron Flockhart,1959,0,0,0
flockhart,Ron Flockhart,1960,1,0,1
piper,David Piper,1959,0,,
piper,David Piper,1960,0,0,0
cabianca,Giulio Cabianca,1958,0,,
cabianca,Giulio Cabianca,1959,0,0,0
cabianca,Giulio Cabianca,1960,3,0,3
drogo,Piero Drogo,1960,0,,
gamble,Fred Gamble,1960,0,,
owen,Arthur Owen,1960,0,,
gould,Horace Gould,1954,0,,
gould,Horace Gould,1955,0,0,0
gould,Horace Gould,1956,2,0,2
gould,Horace Gould,1957,0,2,-2
gould,Horace Gould,1958,0,0,0
gould,Horace Gould,1960,0,0,0
drake,Bob Drake,1960,0,,
bueb,Ivor Bueb,1957,0,,
bueb,Ivor Bueb,1958,0,0,0
bueb,Ivor Bueb,1959,0,0,0
Changy,Alain de Changy,1959,0,,
filippis,Maria de Filippis,1958,0,,
filippis,Maria de Filippis,1959,0,0,0
lucienbonnet,Jean Lucienbonnet,1959,0,,
testut,André Testut,1958,0,,
testut,André Testut,1959,0,0,0
behra,Jean Behra,1952,6,,
behra,Jean Behra,1953,0,6,-6
behra,Jean Behra,1954,0,0,0
behra,Jean Behra,1955,6,0,6
behra,Jean Behra,1956,22,6,16
behra,Jean Behra,1957,6,22,-16
behra,Jean Behra,1958,9,6,3
behra,Jean Behra,1959,2,9,-7
paul_russo,Paul Russo,1950,0,,
paul_russo,Paul Russo,1953,1,0,1
paul_russo,Paul Russo,1954,0,1,-1
paul_russo,Paul Russo,1955,3,0,3
paul_russo,Paul Russo,1956,1,3,-2
paul_russo,Paul Russo,1957,3,1,2
paul_russo,Paul Russo,1958,0,3,-3
paul_russo,Paul Russo,1959,0,0,0
daywalt,Jimmy Daywalt,1953,0,,
daywalt,Jimmy Daywalt,1954,0,0,0
daywalt,Jimmy Daywalt,1955,0,0,0
daywalt,Jimmy Daywalt,1956,0,0,0
daywalt,Jimmy Daywalt,1957,0,0,0
daywalt,Jimmy Daywalt,1959,0,0,0
arnold,Chuck Arnold,1959,0,,
keller,Al Keller,1955,0,,
keller,Al Keller,1956,0,0,0
keller,Al Keller,1957,0,0,0
keller,Al Keller,1958,0,0,0
keller,Al Keller,1959,0,0,0
flaherty,Pat Flaherty,1950,0,,
flaherty,Pat Flaherty,1953,0,0,0
flaherty,Pat Flaherty,1954,0,0,0
flaherty,Pat Flaherty,1955,0,0,0
flaherty,Pat Flaherty,1956,8,0,8
flaherty,Pat Flaherty,1959,0,8,-8
cheesbourg,Bill Cheesbourg,1957,0,,
cheesbourg,Bill Cheesbourg,1958,0,0,0
cheesbourg,Bill Cheesbourg,1959,0,0,0
ray_crawford,Ray Crawford,1955,0,,
ray_crawford,Ray Crawford,1956,0,0,0
ray_crawford,Ray Crawford,1959,0,0,0
turner,Jack Turner,1956,0,,
turner,Jack Turner,1957,0,0,0
turner,Jack Turner,1958,0,0,0
turner,Jack Turner,1959,0,0,0
weyant,Chuck Weyant,1955,0,,
weyant,Chuck Weyant,1957,0,0,0
weyant,Chuck Weyant,1958,0,0,0
weyant,Chuck Weyant,1959,0,0,0
larson,Jud Larson,1958,0,,
larson,Jud Larson,1959,0,0,0
magill,Mike Magill,1957,0,,
magill,Mike Magill,1958,0,0,0
magill,Mike Magill,1959,0,0,0
shelby,Carroll Shelby,1958,0,,
shelby,Carroll Shelby,1959,0,0,0
orey,Fritz d'Orey,1959,0,,
fontes,Azdrubal Fontes,1959,0,,
ashdown,Peter Ashdown,1959,0,,
bill_moss,Bill Moss,1959,0,,
dennis_taylor,Dennis Taylor,1959,0,,
blanchard,Harry Blanchard,1959,0,,
tomaso,Alessandro de Tomaso,1957,0,,
tomaso,Alessandro de Tomaso,1959,0,0,0
constantine,George Constantine,1959,0,,
said,Bob Said,1959,0,,
cade,Phil Cade,1959,0,,
musso,Luigi Musso,1953,0,,
musso,Luigi Musso,1954,6,0,6
musso,Luigi Musso,1955,6,6,0
musso,Luigi Musso,1956,4,6,-2
musso,Luigi Musso,1957,16,4,12
musso,Luigi Musso,1958,12,16,-4
hawthorn,Mike Hawthorn,1952,10,,
hawthorn,Mike Hawthorn,1953,27,10,17
hawthorn,Mike Hawthorn,1954,24,27,-3
hawthorn,Mike Hawthorn,1955,0,24,-24
hawthorn,Mike Hawthorn,1956,4,0,4
hawthorn,Mike Hawthorn,1957,13,4,9
hawthorn,Mike Hawthorn,1958,49,13,36
fangio,Juan Fangio,1950,27,,
fangio,Juan Fangio,1951,37,27,10
fangio,Juan Fangio,1953,29,37,-8
fangio,Juan Fangio,1954,57,29,28
fangio,Juan Fangio,1955,41,57,-16
fangio,Juan Fangio,1956,34,41,-7
fangio,Juan Fangio,1957,46,34,12
fangio,Juan Fangio,1958,7,46,-39
godia,Paco Godia,1951,0,,
godia,Paco Godia,1954,0,0,0
godia,Paco Godia,1956,6,0,6
godia,Paco Godia,1957,0,6,-6
godia,Paco Godia,1958,0,0,0
collins,Peter Collins,1952,0,,
collins,Peter Collins,1953,0,0,0
collins,Peter Collins,1954,0,0,0
collins,Peter Collins,1955,0,0,0
collins,Peter Collins,1956,25,0,25
collins,Peter Collins,1957,8,25,-17
collins,Peter Collins,1958,14,8,6
kavanagh,Ken Kavanagh,1958,0,,
gerini,Gerino Gerini,1956,1,,
gerini,Gerino Gerini,1958,0,1,-1
kessler,Bruce Kessler,1958,0,,
emery,Paul Emery,1956,0,,
emery,Paul Emery,1958,0,0,0
piotti,Luigi Piotti,1955,0,,
piotti,Luigi Piotti,1956,0,0,0
piotti,Luigi Piotti,1957,0,0,0
piotti,Luigi Piotti,1958,0,0,0
ecclestone,Bernie Ecclestone,1958,0,,
taramazzo,Luigi Taramazzo,1958,0,,
chiron,Louis Chiron,1950,4,,
chiron,Louis Chiron,1951,0,4,-4
chiron,Louis Chiron,1953,0,0,0
chiron,Louis Chiron,1955,0,0,0
chiron,Louis Chiron,1956,0,0,0
chiron,Louis Chiron,1958,0,0,0
lewis-evans,Stuart Lewis-Evans,1957,5,,
lewis-evans,Stuart Lewis-Evans,1958,11,5,6
george_amick,George Amick,1958,6,,
reece,Jimmy Reece,1952,0,,
reece,Jimmy Reece,1954,0,0,0
reece,Jimmy Reece,1955,0,0,0
reece,Jimmy Reece,1956,0,0,0
reece,Jimmy Reece,1957,0,0,0
reece,Jimmy Reece,1958,0,0,0
parsons,Johnnie Parsons,1950,9,,
parsons,Johnnie Parsons,1951,0,9,-9
parsons,Johnnie Parsons,1952,0,0,0
parsons,Johnnie Parsons,1953,0,0,0
parsons,Johnnie Parsons,1954,0,0,0
parsons,Johnnie Parsons,1955,0,0,0
parsons,Johnnie Parsons,1956,3,0,3
parsons,Johnnie Parsons,1957,0,3,-3
parsons,Johnnie Parsons,1958,0,0,0
tolan,Johnnie Tolan,1956,0,,
tolan,Johnnie Tolan,1957,0,0,0
tolan,Johnnie Tolan,1958,0,0,0
garrett,Billy Garrett,1956,0,,
garrett,Billy Garrett,1958,0,0,0
elisian,Ed Elisian,1954,0,,
elisian,Ed Elisian,1955,0,0,0
elisian,Ed Elisian,1956,0,0,0
elisian,Ed Elisian,1957,0,0,0
elisian,Ed Elisian,1958,0,0,0
connor,Pat O'Connor,1954,0,,
connor,Pat O'Connor,1955,0,0,0
connor,Pat O'Connor,1956,0,0,0
connor,Pat O'Connor,1957,0,0,0
connor,Pat O'Connor,1958,0,0,0
jerry_unser,Jerry Unser,1958,0,,
bisch,Art Bisch,1958,0,,
goethals,Christian Goethals,1958,0,,
gibson,Dick Gibson,1957,0,,
gibson,Dick Gibson,1958,0,0,0
la_caze,Robert La Caze,1958,0,,
guelfi,André Guelfi,1958,0,,
picard,François Picard,1958,0,,
bridger,Tom Bridger,1958,0,,
portago,Alfonso de Portago,1956,3,,
portago,Alfonso de Portago,1957,1,3,-2
perdisa,Cesare Perdisa,1955,2,,
perdisa,Cesare Perdisa,1956,3,2,1
perdisa,Cesare Perdisa,1957,0,3,-3
castellotti,Eugenio Castellotti,1955,12,,
castellotti,Eugenio Castellotti,1956,7,12,-5
castellotti,Eugenio Castellotti,1957,0,7,-7
simon,André Simon,1951,0,,
simon,André Simon,1952,0,0,0
simon,André Simon,1955,0,0,0
simon,André Simon,1956,0,0,0
simon,André Simon,1957,0,0,0
leston,Les Leston,1956,0,,
leston,Les Leston,1957,0,0,0
hanks,Sam Hanks,1950,0,,
hanks,Sam Hanks,1951,0,0,0
hanks,Sam Hanks,1952,4,0,4
hanks,Sam Hanks,1953,2,4,-2
hanks,Sam Hanks,1954,0,2,-2
hanks,Sam Hanks,1955,0,0,0
hanks,Sam Hanks,1956,6,0,6
hanks,Sam Hanks,1957,8,6,2
linden,Andy Linden,1951,3,,
linden,Andy Linden,1952,0,3,-3
linden,Andy Linden,1953,0,0,0
linden,Andy Linden,1954,0,0,0
linden,Andy Linden,1955,0,0,0
linden,Andy Linden,1956,0,0,0
linden,Andy Linden,1957,2,0,2
teague,Marshall Teague,1953,0,,
teague,Marshall Teague,1954,0,0,0
teague,Marshall Teague,1957,0,0,0
edmunds,Don Edmunds,1957,0,,
agabashian,Fred Agabashian,1950,0,,
agabashian,Fred Agabashian,1951,0,0,0
agabashian,Fred Agabashian,1952,0,0,0
agabashian,Fred Agabashian,1953,1,0,1
agabashian,Fred Agabashian,1954,0,1,-1
agabashian,Fred Agabashian,1955,0,0,0
agabashian,Fred Agabashian,1956,0,0,0
agabashian,Fred Agabashian,1957,0,0,0
george,Elmer George,1957,0,,
macdowel,Mike MacDowel,1957,0,,
mackay-fraser,Herbert MacKay-Fraser,1957,0,,
gerard,Bob Gerard,1950,0,,
gerard,Bob Gerard,1951,0,0,0
gerard,Bob Gerard,1953,0,0,0
gerard,Bob Gerard,1954,0,0,0
gerard,Bob Gerard,1956,0,0,0
gerard,Bob Gerard,1957,0,0,0
maglioli,Umberto Maglioli,1953,0,,
maglioli,Umberto Maglioli,1954,2,0,2
maglioli,Umberto Maglioli,1955,1,2,-1
maglioli,Umberto Maglioli,1956,0,1,-1
maglioli,Umberto Maglioli,1957,0,0,0
england,Paul England,1957,0,,
landi,Chico Landi,1951,0,,
landi,Chico Landi,1952,0,0,0
landi,Chico Landi,1953,0,0,0
landi,Chico Landi,1956,1,0,1
uria,Alberto Uria,1955,0,,
uria,Alberto Uria,1956,0,0,0
ramos,Hernando da Silva Ramos,1955,0,,
ramos,Hernando da Silva Ramos,1956,2,0,2
bayol,Élie Bayol,1952,0,,
bayol,Élie Bayol,1953,0,0,0
bayol,Élie Bayol,1954,2,0,2
bayol,Élie Bayol,1955,0,2,-2
bayol,Élie Bayol,1956,0,0,0
manzon,Robert Manzon,1950,3,,
manzon,Robert Manzon,1951,0,3,-3
manzon,Robert Manzon,1952,9,0,9
manzon,Robert Manzon,1953,0,9,-9
manzon,Robert Manzon,1954,4,0,4
manzon,Robert Manzon,1955,0,4,-4
manzon,Robert Manzon,1956,0,0,0
rosier,Louis Rosier,1950,13,,
rosier,Louis Rosier,1951,3,13,-10
rosier,Louis Rosier,1952,0,3,-3
rosier,Louis Rosier,1953,0,0,0
rosier,Louis Rosier,1954,0,0,0
rosier,Louis Rosier,1955,0,0,0
rosier,Louis Rosier,1956,2,0,2
sweikert,Bob Sweikert,1952,0,,
sweikert,Bob Sweikert,1953,0,0,0
sweikert,Bob Sweikert,1954,0,0,0
sweikert,Bob Sweikert,1955,8,0,8
sweikert,Bob Sweikert,1956,0,8,-8
griffith,Cliff Griffith,1951,0,,
griffith,Cliff Griffith,1952,0,0,0
griffith,Cliff Griffith,1956,0,0,0
dinsmore,Duke Dinsmore,1950,0,,
dinsmore,Duke Dinsmore,1951,0,0,0
dinsmore,Duke Dinsmore,1953,0,0,0
dinsmore,Duke Dinsmore,1956,0,0,0
andrews,Keith Andrews,1955,0,,
andrews,Keith Andrews,1956,0,0,0
frere,Paul Frère,1952,2,,
frere,Paul Frère,1953,0,2,-2
frere,Paul Frère,1954,0,0,0
frere,Paul Frère,1955,3,0,3
frere,Paul Frère,1956,6,3,3
villoresi,Luigi Villoresi,1950,0,,
villoresi,Luigi Villoresi,1951,18,0,18
villoresi,Luigi Villoresi,1952,8,18,-10
villoresi,Luigi Villoresi,1953,17,8,9
villoresi,Luigi Villoresi,1954,2,17,-15
villoresi,Luigi Villoresi,1955,2,2,0
villoresi,Luigi Villoresi,1956,2,2,0
scotti,Piero Scotti,1956,0,,
chapman,Colin Chapman,1956,0,,
titterington,Desmond Titterington,1956,0,,
scott_Brown,Archie Scott Brown,1956,0,,
volonterio,Ottorino Volonterio,1954,0,,
volonterio,Ottorino Volonterio,1956,0,0,0
volonterio,Ottorino Volonterio,1957,0,0,0
milhoux,André Milhoux,1956,0,,
graffenried,Toulo de Graffenried,1950,0,,
graffenried,Toulo de Graffenried,1951,2,0,2
graffenried,Toulo de Graffenried,1952,0,2,-2
graffenried,Toulo de Graffenried,1953,7,0,7
graffenried,Toulo de Graffenried,1954,0,7,-7
graffenried,Toulo de Graffenried,1956,0,0,0
taruffi,Piero Taruffi,1950,0,,
taruffi,Piero Taruffi,1951,10,0,10
taruffi,Piero Taruffi,1952,22,10,12
taruffi,Piero Taruffi,1954,0,22,-22
taruffi,Piero Taruffi,1955,9,0,9
taruffi,Piero Taruffi,1956,0,9,-9
farina,Nino Farina,1950,30,,
farina,Nino Farina,1951,22,30,-8
farina,Nino Farina,1952,27,22,5
farina,Nino Farina,1953,32,27,5
farina,Nino Farina,1954,6,32,-26
farina,Nino Farina,1955,10,6,4
mieres,Roberto Mieres,1953,0,,
mieres,Roberto Mieres,1954,6,0,6
mieres,Roberto Mieres,1955,7,6,1
mantovani,Sergio Mantovani,1953,0,,
mantovani,Sergio Mantovani,1954,4,0,4
mantovani,Sergio Mantovani,1955,0,4,-4
bucci,Clemar Bucci,1954,0,,
bucci,Clemar Bucci,1955,0,0,0
iglesias,Jesús Iglesias,1955,0,,
ascari,Alberto Ascari,1950,11,,
ascari,Alberto Ascari,1951,28,11,17
ascari,Alberto Ascari,1952,53,28,25
ascari,Alberto Ascari,1953,46,53,-7
ascari,Alberto Ascari,1954,1,46,-45
ascari,Alberto Ascari,1955,0,1,-1
kling,Karl Kling,1954,12,,
kling,Karl Kling,1955,5,12,-7
birger,Pablo Birger,1953,0,,
birger,Pablo Birger,1955,0,0,0
pollet,Jacques Pollet,1954,0,,
pollet,Jacques Pollet,1955,0,0,0
macklin,Lance Macklin,1952,0,,
macklin,Lance Macklin,1953,0,0,0
macklin,Lance Macklin,1954,0,0,0
macklin,Lance Macklin,1955,0,0,0
whiteaway,Ted Whiteaway,1955,0,,
davies,Jimmy Davies,1950,0,,
davies,Jimmy Davies,1951,0,0,0
davies,Jimmy Davies,1953,0,0,0
davies,Jimmy Davies,1954,0,0,0
davies,Jimmy Davies,1955,4,0,4
faulkner,Walt Faulkner,1950,0,,
faulkner,Walt Faulkner,1951,0,0,0
faulkner,Walt Faulkner,1953,0,0,0
faulkner,Walt Faulkner,1954,0,0,0
faulkner,Walt Faulkner,1955,1,0,1
niday,Cal Niday,1953,0,,
niday,Cal Niday,1954,0,0,0
niday,Cal Niday,1955,0,0,0
cross,Art Cross,1952,2,,
cross,Art Cross,1953,6,2,4
cross,Art Cross,1954,0,6,-6
cross,Art Cross,1955,0,0,0
vukovich,Bill Vukovich,1951,0,,
vukovich,Bill Vukovich,1952,1,0,1
vukovich,Bill Vukovich,1953,9,1,8
vukovich,Bill Vukovich,1954,8,9,-1
vukovich,Bill Vukovich,1955,1,8,-7
mcgrath,Jack McGrath,1950,0,,
mcgrath,Jack McGrath,1951,2,0,2
mcgrath,Jack McGrath,1952,0,2,-2
mcgrath,Jack McGrath,1953,2,0,2
mcgrath,Jack McGrath,1954,5,2,3
mcgrath,Jack McGrath,1955,0,5,-5
hoyt,Jerry Hoyt,1950,0,,
hoyt,Jerry Hoyt,1953,0,0,0
hoyt,Jerry Hoyt,1954,0,0,0
hoyt,Jerry Hoyt,1955,0,0,0
claes,Johnny Claes,1950,0,,
claes,Johnny Claes,1951,0,0,0
claes,Johnny Claes,1952,0,0,0
claes,Johnny Claes,1953,0,0,0
claes,Johnny Claes,1955,0,0,0
peter_walker,Peter Walker,1950,0,,
peter_walker,Peter Walker,1951,0,0,0
peter_walker,Peter Walker,1955,0,0,0
sparken,Mike Sparken,1955,0,,
wharton,Ken Wharton,1952,3,,
wharton,Ken Wharton,1953,0,3,-3
wharton,Ken Wharton,1954,0,0,0
wharton,Ken Wharton,1955,0,0,0
mcalpine,Kenneth McAlpine,1952,0,,
mcalpine,Kenneth McAlpine,1953,0,0,0
mcalpine,Kenneth McAlpine,1955,0,0,0
marr,Leslie Marr,1954,0,,
marr,Leslie Marr,1955,0,0,0
rolt,Tony Rolt,1950,0,,
rolt,Tony Rolt,1953,0,0,0
rolt,Tony Rolt,1955,0,0,0
fitch,John Fitch,1953,0,,
fitch,John Fitch,1955,0,0,0
lucas,Jean Lucas,1955,0,,
bira,Prince Bira,1950,5,,
bira,Prince Bira,1951,0,5,-5
bira,Prince Bira,1952,0,0,0
bira,Prince Bira,1953,0,0,0
bira,Prince Bira,1954,3,0,3
marimon,Onofre Marimón,1951,0,,
marimon,Onofre Marimón,1953,4,0,4
marimon,Onofre Marimón,1954,4,4,0
loyer,Roger Loyer,1954,0,,
daponte,Jorge Daponte,1954,0,,
nazaruk,Mike Nazaruk,1951,6,,
nazaruk,Mike Nazaruk,1953,0,6,-6
nazaruk,Mike Nazaruk,1954,2,0,2
crockett,Larry Crockett,1954,0,,
ayulo,Manny Ayulo,1951,2,,
ayulo,Manny Ayulo,1952,0,2,-2
ayulo,Manny Ayulo,1953,0,0,0
ayulo,Manny Ayulo,1954,0,0,0
armi,Frank Armi,1954,0,,
webb,Travis Webb,1950,0,,
webb,Travis Webb,1952,0,0,0
webb,Travis Webb,1953,0,0,0
webb,Travis Webb,1954,0,0,0
duncan,Len Duncan,1954,0,,
mccoy,Ernie McCoy,1953,0,,
mccoy,Ernie McCoy,1954,0,0,0
swaters,Jacques Swaters,1951,0,,
swaters,Jacques Swaters,1953,0,0,0
swaters,Jacques Swaters,1954,0,0,0
georges_berger,Georges Berger,1953,0,,
georges_berger,Georges Berger,1954,0,0,0
beauman,Don Beauman,1954,0,,
thorne,Leslie Thorne,1954,0,,
whitehouse,Bill Whitehouse,1954,0,,
riseley_prichard,John Riseley-Prichard,1954,0,,
reg_parnell,Reg Parnell,1950,4,,
reg_parnell,Reg Parnell,1951,5,4,1
reg_parnell,Reg Parnell,1952,0,5,-5
reg_parnell,Reg Parnell,1954,0,0,0
whitehead,Peter Whitehead,1950,4,,
whitehead,Peter Whitehead,1951,0,4,-4
whitehead,Peter Whitehead,1952,0,0,0
whitehead,Peter Whitehead,1953,0,0,0
whitehead,Peter Whitehead,1954,0,0,0
brandon,Eric Brandon,1952,0,,
brandon,Eric Brandon,1954,0,0,0
alan_brown,Alan Brown,1952,2,,
alan_brown,Alan Brown,1953,0,2,-2
alan_brown,Alan Brown,1954,0,0,0
nuckey,Rodney Nuckey,1953,0,,
nuckey,Rodney Nuckey,1954,0,0,0
lang,Hermann Lang,1953,2,,
lang,Hermann Lang,1954,0,2,-2
helfrich,Theo Helfrich,1952,0,,
helfrich,Theo Helfrich,1953,0,0,0
helfrich,Theo Helfrich,1954,0,0,0
wacker,Fred Wacker,1953,0,,
wacker,Fred Wacker,1954,0,0,0
riu,Giovanni de Riu,1954,0,,
galvez,Oscar Gálvez,1953,2,,
john_barber,John Barber,1953,0,,
bonetto,Felice Bonetto,1950,2,,
bonetto,Felice Bonetto,1951,7,2,5
bonetto,Felice Bonetto,1952,2,7,-5
bonetto,Felice Bonetto,1953,6,2,4
cruz,Adolfo Cruz,1953,0,,
nalon,Duke Nalon,1951,0,,
nalon,Duke Nalon,1952,0,0,0
nalon,Duke Nalon,1953,0,0,0
scarborough,Carl Scarborough,1951,0,,
scarborough,Carl Scarborough,1953,0,0,0
holland,Bill Holland,1950,6,,
holland,Bill Holland,1953,0,6,-6
bob_scott,Bob Scott,1952,0,,
bob_scott,Bob Scott,1953,0,0,0
bob_scott,Bob Scott,1954,0,0,0
legat,Arthur Legat,1952,0,,
legat,Arthur Legat,1953,0,0,0
cabantous,Yves Cabantous,1950,3,,
cabantous,Yves Cabantous,1951,2,3,-1
cabantous,Yves Cabantous,1952,0,2,-2
cabantous,Yves Cabantous,1953,0,0,0
crook,Tony Crook,1952,0,,
crook,Tony Crook,1953,0,0,0
jimmy_stewart,Jimmy Stewart,1953,0,,
ian_stewart,Ian Stewart,1953,0,,
duncan_hamilton,Duncan Hamilton,1951,0,,
duncan_hamilton,Duncan Hamilton,1952,0,0,0
duncan_hamilton,Duncan Hamilton,1953,0,0,0
klodwig,Ernst Klodwig,1952,0,,
klodwig,Ernst Klodwig,1953,0,0,0
krause,Rudolf Krause,1952,0,,
krause,Rudolf Krause,1953,0,0,0
karch,Oswald Karch,1953,0,,
heeks,Willi Heeks,1952,0,,
heeks,Willi Heeks,1953,0,0,0
fitzau,Theo Fitzau,1953,0,,
adolff,Kurt Adolff,1953,0,,
bechem,Günther Bechem,1952,0,,
bechem,Günther Bechem,1953,0,0,0
bauer,Erwin Bauer,1953,0,,
hans_stuck,Hans von Stuck,1952,0,,
hans_stuck,Hans von Stuck,1953,0,0,0
loof,Ernst Loof,1953,0,,
scherrer,Albert Scherrer,1953,0,,
terra,Max de Terra,1952,0,,
terra,Max de Terra,1953,0,0,0
hirt,Peter Hirt,1951,0,,
hirt,Peter Hirt,1952,0,0,0
hirt,Peter Hirt,1953,0,0,0
carini,Piero Carini,1952,0,,
carini,Piero Carini,1953,0,0,0
fischer,Rudi Fischer,1951,0,,
fischer,Rudi Fischer,1952,10,0,10
ulmen,Toni Ulmen,1952,0,,
abecassis,George Abecassis,1951,0,,
abecassis,George Abecassis,1952,0,0,0
george_connor,George Connor,1950,0,,
george_connor,George Connor,1951,0,0,0
george_connor,George Connor,1952,0,0,0
rigsby,Jim Rigsby,1952,0,,
james,Joe James,1951,0,,
james,Joe James,1952,0,0,0
schindler,Bill Schindler,1950,0,,
schindler,Bill Schindler,1951,0,0,0
schindler,Bill Schindler,1952,0,0,0
fonder,George Fonder,1952,0,,
fonder,George Fonder,1954,0,0,0
banks,Henry Banks,1950,0,,
banks,Henry Banks,1951,0,0,0
banks,Henry Banks,1952,0,0,0
mcdowell,Johnny McDowell,1950,0,,
mcdowell,Johnny McDowell,1951,0,0,0
mcdowell,Johnny McDowell,1952,0,0,0
miller,Chet Miller,1951,0,,
miller,Chet Miller,1952,0,0,0
ball,Bobby Ball,1951,2,,
ball,Bobby Ball,1952,0,2,-2
tornaco,Charles de Tornaco,1952,0,,
laurent,Roger Laurent,1952,0,,
obrien,Robert O'Brien,1952,0,,
gaze,Tony Gaze,1952,0,,
charrington,Robin Montgomerie-Charrington,1952,0,,
comotti,Franco Comotti,1950,0,,
comotti,Franco Comotti,1952,0,0,0
etancelin,Philippe Étancelin,1950,3,,
etancelin,Philippe Étancelin,1951,0,3,-3
etancelin,Philippe Étancelin,1952,0,0,0
poore,Dennis Poore,1952,3,,
thompson,Eric Thompson,1952,2,,
downing,Ken Downing,1952,0,,
graham_whitehead,Graham Whitehead,1952,0,,
bianco,Gino Bianco,1952,0,,
murray,David Murray,1950,0,,
murray,David Murray,1951,0,0,0
murray,David Murray,1952,0,0,0
cantoni,Eitel Cantoni,1952,0,,
aston,Bill Aston,1952,0,,
brudes,Adolf Brudes,1952,0,,
riess,Fritz Riess,1952,0,,
niedermayr,Helmut Niedermayr,1952,0,,
klenk,Hans Klenk,1952,0,,
balsa,Marcel Balsa,1952,0,,
schoeller,Rudolf Schoeller,1952,0,,
pietsch,Paul Pietsch,1950,0,,
pietsch,Paul Pietsch,1951,0,0,0
pietsch,Paul Pietsch,1952,0,0,0
peters,Josef Peters,1952,0,,
lof,Dries van der Lof,1952,0,,
flinterman,Jan Flinterman,1952,0,,
dusio,Piero Dusio,1952,0,,
crespo,Alberto Crespo,1952,0,,
rol,Franco Rol,1950,0,,
rol,Franco Rol,1951,0,0,0
rol,Franco Rol,1952,0,0,0
sanesi,Consalvo Sanesi,1950,0,,
sanesi,Consalvo Sanesi,1951,3,0,3
guy_mairesse,Guy Mairesse,1950,0,,
guy_mairesse,Guy Mairesse,1951,0,0,0
louveau,Henri Louveau,1950,0,,
louveau,Henri Louveau,1951,0,0,0
wallard,Lee Wallard,1950,0,,
wallard,Lee Wallard,1951,9,0,9
forberg,Carl Forberg,1951,0,,
rose,Mauri Rose,1950,4,,
rose,Mauri Rose,1951,0,4,-4
mackey,Bill Mackey,1951,0,,
green,Cecil Green,1950,3,,
green,Cecil Green,1951,0,3,-3
walt_brown,Walt Brown,1950,0,,
walt_brown,Walt Brown,1951,0,0,0
hellings,Mack Hellings,1950,0,,
hellings,Mack Hellings,1951,0,0,0
levegh,Pierre Levegh,1950,0,,
levegh,Pierre Levegh,1951,0,0,0
chaboud,Eugène Chaboud,1950,1,,
chaboud,Eugène Chaboud,1951,0,1,-1
gordini,Aldo Gordini,1951,0,,
kelly,Joe Kelly,1950,0,,
kelly,Joe Kelly,1951,0,0,0
parker,Philip Fotheringham-Parker,1951,0,,
shawe_taylor,Brian Shawe Taylor,1950,0,,
shawe_taylor,Brian Shawe Taylor,1951,0,0,0
john_james,John James,1951,0,,
branca,Toni Branca,1950,0,,
branca,Toni Branca,1951,0,0,0
richardson,Ken Richardson,1951,0,,
jover,Juan Jover,1951,0,,
grignard,Georges Grignard,1951,0,,
hampshire,David Hampshire,1950,0,,
crossley,Geoff Crossley,1950,0,,
fagioli,Luigi Fagioli,1950,28,,
fagioli,Luigi Fagioli,1951,4,28,-24
harrison,Cuth Harrison,1950,0,,
fry,Joe Fry,1950,0,,
martin,Eugène Martin,1950,0,,
leslie_johnson,Leslie Johnson,1950,0,,
biondetti,Clemente Biondetti,1950,0,,
pian,Alfredo Pián,1950,0,,
sommer,Raymond Sommer,1950,3,,
chitwood,Joie Chitwood,1950,1,,
fohr,Myron Fohr,1950,0,,
ader,Walt Ader,1950,0,,
holmes,Jackie Holmes,1950,0,,
holmes,Jackie Holmes,1953,0,0,0
levrett,Bayliss Levrett,1950,0,,
jackson,Jimmy Jackson,1950,0,,
jackson,Jimmy Jackson,1954,0,0,0
pagani,Nello Pagani,1950,0,,
pozzi,Charles Pozzi,1950,0,,
serafini,Dorino Serafini,1950,3,,
cantrell,Bill Cantrell,1950,0,,
mantz,Johnny Mantz,1953,0,,
kladis,Danny Kladis,1954,0,,
oscar_gonzalez,Óscar González,1956,0,,
hulkenberg,Nico Hülkenberg,2010,22,,
hulkenberg,Nico Hülkenberg,2012,63,22,41
hulkenberg,Nico Hülkenberg,2013,51,63,-12
hulkenberg,Nico Hülkenberg,2014,96,51,45
hulkenberg,Nico Hülkenberg,2015,58,96,-38
hulkenberg,Nico Hülkenberg,2016,72,58,14
hulkenberg,Nico Hülkenberg,2017,43,72,-29
hulkenberg,Nico Hülkenberg,2018,69,43,26
hulkenberg,Nico Hülkenberg,2019,37,69,-32
hulkenberg,Nico Hülkenberg,2020,10,37,-27
hulkenberg,Nico Hülkenberg,2022,0,10,-10
hulkenberg,Nico Hülkenberg,2023,6,0,6
hulkenberg,Nico Hülkenberg,2024,36,6,30
petrov,Vitaly Petrov,2010,27,,
petrov,Vitaly Petrov,2011,37,27,10
petrov,Vitaly Petrov,2012,0,37,-37
grassi,Lucas di Grassi,2010,0,,
bruno_senna,Bruno Senna,2010,0,,
bruno_senna,Bruno Senna,2011,2,0,2
bruno_senna,Bruno Senna,2012,31,2,29
chandhok,Karun Chandhok,2010,0,,
chandhok,Karun Chandhok,2011,0,0,0
maldonado,Pastor Maldonado,2011,1,,
maldonado,Pastor Maldonado,2012,45,1,44
maldonado,Pastor Maldonado,2013,1,45,-44
maldonado,Pastor Maldonado,2014,2,1,1
maldonado,Pastor Maldonado,2015,27,2,25
resta,Paul di Resta,2011,27,,
resta,Paul di Resta,2012,46,27,19
resta,Paul di Resta,2013,48,46,2
resta,Paul di Resta,2017,0,48,-48
perez,Sergio Pérez,2011,14,,
perez,Sergio Pérez,2012,66,14,52
perez,Sergio Pérez,2013,49,66,-17
perez,Sergio Pérez,2014,59,49,10
perez,Sergio Pérez,2015,78,59,19
perez,Sergio Pérez,2016,101,78,23
perez,Sergio Pérez,2017,100,101,-1
perez,Sergio Pérez,2018,62,100,-38
perez,Sergio Pérez,2019,52,62,-10
perez,Sergio Pérez,2020,125,52,73
perez,Sergio Pérez,2021,190,125,65
perez,Sergio Pérez,2022,291,190,101
perez,Sergio Pérez,2023,260,291,-31
perez,Sergio Pérez,2024,138,260,-122
ambrosio,Jérôme d'Ambrosio,2011,0,,
ambrosio,Jérôme d'Ambrosio,2012,0,0,0
ricciardo,Daniel Ricciardo,2011,0,,
ricciardo,Daniel Ricciardo,2012,10,0,10
ricciardo,Daniel Ricciardo,2013,20,10,10
ricciardo,Daniel Ricciardo,2014,238,20,218
ricciardo,Daniel Ricciardo,2015,92,238,-146
ricciardo,Daniel Ricciardo,2016,256,92,164
ricciardo,Daniel Ricciardo,2017,200,256,-56
ricciardo,Daniel Ricciardo,2018,170,200,-30
ricciardo,Daniel Ricciardo,2019,54,170,-116
ricciardo,Daniel Ricciardo,2020,119,54,65
ricciardo,Daniel Ricciardo,2021,114,119,-5
ricciardo,Daniel Ricciardo,2022,34,114,-80
ricciardo,Daniel Ricciardo,2023,6,34,-28
ricciardo,Daniel Ricciardo,2024,7,6,1
vergne,Jean-Éric Vergne,2012,16,,
vergne,Jean-Éric Vergne,2013,13,16,-3
vergne,Jean-Éric Vergne,2014,22,13,9
pic,Charles Pic,2012,0,,
pic,Charles Pic,2013,0,0,0
chilton,Max Chilton,2013,0,,
chilton,Max Chilton,2014,0,0,0
gutierrez,Esteban Gutiérrez,2013,6,,
gutierrez,Esteban Gutiérrez,2014,0,6,-6
gutierrez,Esteban Gutiérrez,2016,0,0,0
bottas,Valtteri Bottas,2013,4,,
bottas,Valtteri Bottas,2014,186,4,182
bottas,Valtteri Bottas,2015,136,186,-50
bottas,Valtteri Bottas,2016,85,136,-51
bottas,Valtteri Bottas,2017,305,85,220
bottas,Valtteri Bottas,2018,247,305,-58
bottas,Valtteri Bottas,2019,326,247,79
bottas,Valtteri Bottas,2020,223,326,-103
bottas,Valtteri Bottas,2021,219,223,-4
bottas,Valtteri Bottas,2022,47,219,-172
bottas,Valtteri Bottas,2023,10,47,-37
bottas,Valtteri Bottas,2024,0,10,-10
garde,Giedo van der Garde,2013,0,,
jules_bianchi,Jules Bianchi,2013,0,,
jules_bianchi,Jules Bianchi,2014,2,0,2
kevin_magnussen,Kevin Magnussen,2014,55,,
kevin_magnussen,Kevin Magnussen,2015,0,55,-55
kevin_magnussen,Kevin Magnussen,2016,7,0,7
kevin_magnussen,Kevin Magnussen,2017,19,7,12
kevin_magnussen,Kevin Magnussen,2018,56,19,37
kevin_magnussen,Kevin Magnussen,2019,20,56,-36
kevin_magnussen,Kevin Magnussen,2020,1,20,-19
kevin_magnussen,Kevin Magnussen,2022,21,1,20
kevin_magnussen,Kevin Magnussen,2023,3,21,-18
kevin_magnussen,Kevin Magnussen,2024,14,3,11
kvyat,Daniil Kvyat,2014,8,,
kvyat,Daniil Kvyat,2015,95,8,87
kvyat,Daniil Kvyat,2016,25,95,-70
kvyat,Daniil Kvyat,2017,5,25,-20
kvyat,Daniil Kvyat,2019,37,5,32
kvyat,Daniil Kvyat,2020,32,37,-5
lotterer,André Lotterer,2014,0,,
ericsson,Marcus Ericsson,2014,0,,
ericsson,Marcus Ericsson,2015,9,0,9
ericsson,Marcus Ericsson,2016,0,9,-9
ericsson,Marcus Ericsson,2017,0,0,0
ericsson,Marcus Ericsson,2018,9,0,9
stevens,Will Stevens,2014,0,,
stevens,Will Stevens,2015,0,0,0
max_verstappen,Max Verstappen,2015,49,,
max_verstappen,Max Verstappen,2016,204,49,155
max_verstappen,Max Verstappen,2017,168,204,-36
max_verstappen,Max Verstappen,2018,249,168,81
max_verstappen,Max Verstappen,2019,278,249,29
max_verstappen,Max Verstappen,2020,214,278,-64
max_verstappen,Max Verstappen,2021,388,214,174
max_verstappen,Max Verstappen,2022,433,388,45
max_verstappen,Max Verstappen,2023,530,433,97
max_verstappen,Max Verstappen,2024,399,530,-131
nasr,Felipe Nasr,2015,27,,
nasr,Felipe Nasr,2016,2,27,-25
sainz,Carlos Sainz,2015,18,,
sainz,Carlos Sainz,2016,46,18,28
sainz,Carlos Sainz,2017,54,46,8
sainz,Carlos Sainz,2018,53,54,-1
sainz,Carlos Sainz,2019,96,53,43
sainz,Carlos Sainz,2020,105,96,9
sainz,Carlos Sainz,2021,163,105,58
sainz,Carlos Sainz,2022,228,163,65
sainz,Carlos Sainz,2023,178,228,-50
sainz,Carlos Sainz,2024,262,178,84
merhi,Roberto Merhi,2015,0,,
rossi,Alexander Rossi,2015,0,,
jolyon_palmer,Jolyon Palmer,2016,1,,
jolyon_palmer,Jolyon Palmer,2017,8,1,7
wehrlein,Pascal Wehrlein,2016,1,,
wehrlein,Pascal Wehrlein,2017,5,1,4
haryanto,Rio Haryanto,2016,0,,
vandoorne,Stoffel Vandoorne,2016,1,,
vandoorne,Stoffel Vandoorne,2017,13,1,12
vandoorne,Stoffel Vandoorne,2018,12,13,-1
ocon,Esteban Ocon,2016,0,,
ocon,Esteban Ocon,2017,87,0,87
ocon,Esteban Ocon,2018,49,87,-38
ocon,Esteban Ocon,2020,62,49,13
ocon,Esteban Ocon,2021,74,62,12
ocon,Esteban Ocon,2022,89,74,15
ocon,Esteban Ocon,2023,56,89,-33
ocon,Esteban Ocon,2024,23,56,-33
stroll,Lance Stroll,2017,40,,
stroll,Lance Stroll,2018,6,40,-34
stroll,Lance Stroll,2019,21,6,15
stroll,Lance Stroll,2020,75,21,54
stroll,Lance Stroll,2021,34,75,-41
stroll,Lance Stroll,2022,18,34,-16
stroll,Lance Stroll,2023,68,18,50
stroll,Lance Stroll,2024,24,68,-44
giovinazzi,Antonio Giovinazzi,2017,0,,
giovinazzi,Antonio Giovinazzi,2019,14,0,14
giovinazzi,Antonio Giovinazzi,2020,4,14,-10
giovinazzi,Antonio Giovinazzi,2021,3,4,-1
brendon_hartley,Brendon Hartley,2017,0,,
brendon_hartley,Brendon Hartley,2018,4,0,4
leclerc,Charles Leclerc,2018,39,,
leclerc,Charles Leclerc,2019,264,39,225
leclerc,Charles Leclerc,2020,98,264,-166
leclerc,Charles Leclerc,2021,159,98,61
leclerc,Charles Leclerc,2022,291,159,132
leclerc,Charles Leclerc,2023,185,291,-106
leclerc,Charles Leclerc,2024,327,185,142
sirotkin,Sergey Sirotkin,2018,1,,
norris,Lando Norris,2019,49,,
norris,Lando Norris,2020,97,49,48
norris,Lando Norris,2021,160,97,63
norris,Lando Norris,2022,116,160,-44
norris,Lando Norris,2023,184,116,68
norris,Lando Norris,2024,344,184,160
russell,George Russell,2019,0,,
russell,George Russell,2020,3,0,3
russell,George Russell,2021,16,3,13
russell,George Russell,2022,262,16,246
russell,George Russell,2023,157,262,-105
russell,George Russell,2024,226,157,69
albon,Alexander Albon,2019,92,,
albon,Alexander Albon,2020,105,92,13
albon,Alexander Albon,2022,4,105,-101
albon,Alexander Albon,2023,25,4,21
albon,Alexander Albon,2024,12,25,-13
latifi,Nicholas Latifi,2020,0,,
latifi,Nicholas Latifi,2021,7,0,7
latifi,Nicholas Latifi,2022,2,7,-5
pietro_fittipaldi,Pietro Fittipaldi,2020,0,,
aitken,Jack Aitken,2020,0,,
tsunoda,Yuki Tsunoda,2021,32,,
tsunoda,Yuki Tsunoda,2022,12,32,-20
tsunoda,Yuki Tsunoda,2023,14,12,2
tsunoda,Yuki Tsunoda,2024,29,14,15
mazepin,Nikita Mazepin,2021,0,,
mick_schumacher,Mick Schumacher,2021,0,,
mick_schumacher,Mick Schumacher,2022,12,0,12
zhou,Guanyu Zhou,2022,6,,
zhou,Guanyu Zhou,2023,6,6,0
zhou,Guanyu Zhou,2024,4,6,-2
de_vries,Nyck de Vries,2022,2,,
de_vries,Nyck de Vries,2023,0,2,-2
piastri,Oscar Piastri,2023,82,,
piastri,Oscar Piastri,2024,265,82,183
sargeant,Logan Sargeant,2023,1,,
sargeant,Logan Sargeant,2024,0,1,-1
lawson,Liam Lawson,2023,2,,
lawson,Liam Lawson,2024,4,2,2
bearman,Oliver Bearman,2024,7,,
colapinto,Franco Colapinto,2024,5,,
doohan,Jack Doohan,2024,0,,
