"driverRef","name","points","round","year","running_points"
ocon,Esteban Ocon,0,1,2024,0
stroll,Lance Stroll,1,1,2024,1
gasly,Pierre Gasly,0,1,2024,0
leclerc,Charles Leclerc,12,1,2024,12
norris,Lando Norris,8,1,2024,8
russell,George Russell,10,1,2024,10
albon,Alexander Albon,0,1,2024,0
tsunoda,Yuki Tsunoda,0,1,2024,0
zhou,Guanyu Zhou,0,1,2024,0
piastri,Oscar Piastri,4,1,2024,4
sargeant,Logan Sargeant,0,1,2024,0
hulkenberg,Nico Hülkenberg,0,1,2024,0
perez,Sergio Pérez,18,1,2024,18
ricciardo,Daniel Ricciardo,0,1,2024,0
bottas,Valtteri Bottas,0,1,2024,0
kevin_magnussen,Kevin Magnussen,0,1,2024,0
max_verstappen,Max Verstappen,26,1,2024,26
sainz,Carlos Sainz,15,1,2024,15
hamilton,Lewis Hamilton,6,1,2024,6
alonso,Fernando Alonso,2,1,2024,2
hamilton,Lewis Hamilton,2,2,2024,8
alonso,Fernando Alonso,10,2,2024,12
hulkenberg,Nico Hülkenberg,1,2,2024,1
perez,Sergio Pérez,18,2,2024,36
ricciardo,Daniel Ricciardo,0,2,2024,0
bottas,Valtteri Bottas,0,2,2024,0
kevin_magnussen,Kevin Magnussen,0,2,2024,0
max_verstappen,Max Verstappen,25,2,2024,51
ocon,Esteban Ocon,0,2,2024,0
stroll,Lance Stroll,0,2,2024,1
gasly,Pierre Gasly,0,2,2024,0
leclerc,Charles Leclerc,16,2,2024,28
norris,Lando Norris,4,2,2024,12
russell,George Russell,8,2,2024,18
albon,Alexander Albon,0,2,2024,0
tsunoda,Yuki Tsunoda,0,2,2024,0
zhou,Guanyu Zhou,0,2,2024,0
piastri,Oscar Piastri,12,2,2024,16
sargeant,Logan Sargeant,0,2,2024,0
bearman,Oliver Bearman,6,2,2024,6
ocon,Esteban Ocon,0,3,2024,0
stroll,Lance Stroll,8,3,2024,9
gasly,Pierre Gasly,0,3,2024,0
leclerc,Charles Leclerc,19,3,2024,47
norris,Lando Norris,15,3,2024,27
russell,George Russell,0,3,2024,18
albon,Alexander Albon,0,3,2024,0
tsunoda,Yuki Tsunoda,6,3,2024,6
zhou,Guanyu Zhou,0,3,2024,0
piastri,Oscar Piastri,12,3,2024,28
hulkenberg,Nico Hülkenberg,2,3,2024,3
perez,Sergio Pérez,10,3,2024,46
ricciardo,Daniel Ricciardo,0,3,2024,0
bottas,Valtteri Bottas,0,3,2024,0
kevin_magnussen,Kevin Magnussen,1,3,2024,1
max_verstappen,Max Verstappen,0,3,2024,51
sainz,Carlos Sainz,25,3,2024,40
hamilton,Lewis Hamilton,0,3,2024,8
alonso,Fernando Alonso,4,3,2024,16
hamilton,Lewis Hamilton,2,4,2024,10
alonso,Fernando Alonso,8,4,2024,24
hulkenberg,Nico Hülkenberg,0,4,2024,3
perez,Sergio Pérez,18,4,2024,64
ricciardo,Daniel Ricciardo,0,4,2024,0
bottas,Valtteri Bottas,0,4,2024,0
kevin_magnussen,Kevin Magnussen,0,4,2024,1
max_verstappen,Max Verstappen,26,4,2024,77
sainz,Carlos Sainz,15,4,2024,55
ocon,Esteban Ocon,0,4,2024,0
stroll,Lance Stroll,0,4,2024,9
gasly,Pierre Gasly,0,4,2024,0
leclerc,Charles Leclerc,12,4,2024,59
norris,Lando Norris,10,4,2024,37
russell,George Russell,6,4,2024,24
albon,Alexander Albon,0,4,2024,0
tsunoda,Yuki Tsunoda,1,4,2024,7
zhou,Guanyu Zhou,0,4,2024,0
piastri,Oscar Piastri,4,4,2024,32
sargeant,Logan Sargeant,0,4,2024,0
ocon,Esteban Ocon,0,5,2024,0
stroll,Lance Stroll,0,5,2024,9
gasly,Pierre Gasly,0,5,2024,0
leclerc,Charles Leclerc,12,5,2024,71
norris,Lando Norris,18,5,2024,55
russell,George Russell,8,5,2024,32
albon,Alexander Albon,0,5,2024,0
tsunoda,Yuki Tsunoda,0,5,2024,7
zhou,Guanyu Zhou,0,5,2024,0
piastri,Oscar Piastri,4,5,2024,36
sargeant,Logan Sargeant,0,5,2024,0
hulkenberg,Nico Hülkenberg,1,5,2024,4
perez,Sergio Pérez,15,5,2024,79
ricciardo,Daniel Ricciardo,0,5,2024,0
bottas,Valtteri Bottas,0,5,2024,0
kevin_magnussen,Kevin Magnussen,0,5,2024,1
max_verstappen,Max Verstappen,25,5,2024,102
sainz,Carlos Sainz,10,5,2024,65
hamilton,Lewis Hamilton,2,5,2024,12
alonso,Fernando Alonso,7,5,2024,31
hamilton,Lewis Hamilton,8,6,2024,20
alonso,Fernando Alonso,2,6,2024,33
hulkenberg,Nico Hülkenberg,0,6,2024,4
perez,Sergio Pérez,12,6,2024,91
ricciardo,Daniel Ricciardo,0,6,2024,0
bottas,Valtteri Bottas,0,6,2024,0
kevin_magnussen,Kevin Magnussen,0,6,2024,1
max_verstappen,Max Verstappen,18,6,2024,120
sainz,Carlos Sainz,10,6,2024,75
ocon,Esteban Ocon,1,6,2024,1
stroll,Lance Stroll,0,6,2024,9
gasly,Pierre Gasly,0,6,2024,0
leclerc,Charles Leclerc,15,6,2024,86
norris,Lando Norris,25,6,2024,80
russell,George Russell,4,6,2024,36
albon,Alexander Albon,0,6,2024,0
tsunoda,Yuki Tsunoda,6,6,2024,13
zhou,Guanyu Zhou,0,6,2024,0
piastri,Oscar Piastri,0,6,2024,36
sargeant,Logan Sargeant,0,6,2024,0
ocon,Esteban Ocon,0,7,2024,1
stroll,Lance Stroll,2,7,2024,11
gasly,Pierre Gasly,0,7,2024,0
leclerc,Charles Leclerc,15,7,2024,101
norris,Lando Norris,18,7,2024,98
russell,George Russell,7,7,2024,43
albon,Alexander Albon,0,7,2024,0
tsunoda,Yuki Tsunoda,1,7,2024,14
zhou,Guanyu Zhou,0,7,2024,0
piastri,Oscar Piastri,12,7,2024,48
sargeant,Logan Sargeant,0,7,2024,0
hulkenberg,Nico Hülkenberg,0,7,2024,4
perez,Sergio Pérez,4,7,2024,95
ricciardo,Daniel Ricciardo,0,7,2024,0
bottas,Valtteri Bottas,0,7,2024,0
kevin_magnussen,Kevin Magnussen,0,7,2024,1
max_verstappen,Max Verstappen,25,7,2024,145
sainz,Carlos Sainz,10,7,2024,85
hamilton,Lewis Hamilton,8,7,2024,28
alonso,Fernando Alonso,0,7,2024,33
hamilton,Lewis Hamilton,7,8,2024,35
alonso,Fernando Alonso,0,8,2024,33
hulkenberg,Nico Hülkenberg,0,8,2024,4
perez,Sergio Pérez,0,8,2024,95
ricciardo,Daniel Ricciardo,0,8,2024,0
bottas,Valtteri Bottas,0,8,2024,0
kevin_magnussen,Kevin Magnussen,0,8,2024,1
max_verstappen,Max Verstappen,8,8,2024,153
sainz,Carlos Sainz,15,8,2024,100
ocon,Esteban Ocon,0,8,2024,1
stroll,Lance Stroll,0,8,2024,11
gasly,Pierre Gasly,1,8,2024,1
leclerc,Charles Leclerc,25,8,2024,126
norris,Lando Norris,12,8,2024,110
russell,George Russell,10,8,2024,53
albon,Alexander Albon,2,8,2024,2
tsunoda,Yuki Tsunoda,4,8,2024,18
zhou,Guanyu Zhou,0,8,2024,0
piastri,Oscar Piastri,18,8,2024,66
sargeant,Logan Sargeant,0,8,2024,0
ocon,Esteban Ocon,1,9,2024,2
stroll,Lance Stroll,6,9,2024,17
gasly,Pierre Gasly,2,9,2024,3
leclerc,Charles Leclerc,0,9,2024,126
norris,Lando Norris,18,9,2024,128
russell,George Russell,15,9,2024,68
albon,Alexander Albon,0,9,2024,2
tsunoda,Yuki Tsunoda,0,9,2024,18
zhou,Guanyu Zhou,0,9,2024,0
piastri,Oscar Piastri,10,9,2024,76
sargeant,Logan Sargeant,0,9,2024,0
hulkenberg,Nico Hülkenberg,0,9,2024,4
perez,Sergio Pérez,0,9,2024,95
ricciardo,Daniel Ricciardo,4,9,2024,4
bottas,Valtteri Bottas,0,9,2024,0
kevin_magnussen,Kevin Magnussen,0,9,2024,1
max_verstappen,Max Verstappen,25,9,2024,178
sainz,Carlos Sainz,0,9,2024,100
hamilton,Lewis Hamilton,13,9,2024,48
alonso,Fernando Alonso,8,9,2024,41
hamilton,Lewis Hamilton,15,10,2024,63
alonso,Fernando Alonso,0,10,2024,41
hulkenberg,Nico Hülkenberg,0,10,2024,4
perez,Sergio Pérez,4,10,2024,99
ricciardo,Daniel Ricciardo,0,10,2024,4
bottas,Valtteri Bottas,0,10,2024,0
kevin_magnussen,Kevin Magnussen,0,10,2024,1
max_verstappen,Max Verstappen,25,10,2024,203
sainz,Carlos Sainz,8,10,2024,108
ocon,Esteban Ocon,1,10,2024,3
stroll,Lance Stroll,0,10,2024,17
gasly,Pierre Gasly,2,10,2024,5
leclerc,Charles Leclerc,10,10,2024,136
norris,Lando Norris,19,10,2024,147
russell,George Russell,12,10,2024,80
albon,Alexander Albon,0,10,2024,2
tsunoda,Yuki Tsunoda,0,10,2024,18
zhou,Guanyu Zhou,0,10,2024,0
piastri,Oscar Piastri,6,10,2024,82
sargeant,Logan Sargeant,0,10,2024,0
ocon,Esteban Ocon,0,11,2024,3
stroll,Lance Stroll,0,11,2024,17
gasly,Pierre Gasly,1,11,2024,6
leclerc,Charles Leclerc,0,11,2024,136
norris,Lando Norris,0,11,2024,147
russell,George Russell,25,11,2024,105
albon,Alexander Albon,0,11,2024,2
tsunoda,Yuki Tsunoda,0,11,2024,18
zhou,Guanyu Zhou,0,11,2024,0
piastri,Oscar Piastri,18,11,2024,100
sargeant,Logan Sargeant,0,11,2024,0
hulkenberg,Nico Hülkenberg,8,11,2024,12
perez,Sergio Pérez,6,11,2024,105
ricciardo,Daniel Ricciardo,2,11,2024,6
bottas,Valtteri Bottas,0,11,2024,0
kevin_magnussen,Kevin Magnussen,4,11,2024,5
max_verstappen,Max Verstappen,10,11,2024,213
sainz,Carlos Sainz,15,11,2024,123
hamilton,Lewis Hamilton,12,11,2024,75
alonso,Fernando Alonso,0,11,2024,41
hamilton,Lewis Hamilton,25,12,2024,100
alonso,Fernando Alonso,4,12,2024,45
hulkenberg,Nico Hülkenberg,8,12,2024,20
perez,Sergio Pérez,0,12,2024,105
ricciardo,Daniel Ricciardo,0,12,2024,6
bottas,Valtteri Bottas,0,12,2024,0
kevin_magnussen,Kevin Magnussen,0,12,2024,5
max_verstappen,Max Verstappen,18,12,2024,231
sainz,Carlos Sainz,11,12,2024,134
ocon,Esteban Ocon,0,12,2024,3
stroll,Lance Stroll,6,12,2024,23
gasly,Pierre Gasly,0,12,2024,6
leclerc,Charles Leclerc,0,12,2024,136
norris,Lando Norris,15,12,2024,162
russell,George Russell,0,12,2024,105
albon,Alexander Albon,2,12,2024,4
tsunoda,Yuki Tsunoda,1,12,2024,19
zhou,Guanyu Zhou,0,12,2024,0
piastri,Oscar Piastri,12,12,2024,112
sargeant,Logan Sargeant,0,12,2024,0
ocon,Esteban Ocon,0,13,2024,3
stroll,Lance Stroll,1,13,2024,24
gasly,Pierre Gasly,0,13,2024,6
leclerc,Charles Leclerc,12,13,2024,148
norris,Lando Norris,18,13,2024,180
russell,George Russell,5,13,2024,110
albon,Alexander Albon,0,13,2024,4
tsunoda,Yuki Tsunoda,2,13,2024,21
zhou,Guanyu Zhou,0,13,2024,0
piastri,Oscar Piastri,25,13,2024,137
sargeant,Logan Sargeant,0,13,2024,0
hulkenberg,Nico Hülkenberg,0,13,2024,20
perez,Sergio Pérez,6,13,2024,111
ricciardo,Daniel Ricciardo,0,13,2024,6
bottas,Valtteri Bottas,0,13,2024,0
kevin_magnussen,Kevin Magnussen,0,13,2024,5
max_verstappen,Max Verstappen,10,13,2024,241
sainz,Carlos Sainz,8,13,2024,142
hamilton,Lewis Hamilton,15,13,2024,115
alonso,Fernando Alonso,0,13,2024,45
hamilton,Lewis Hamilton,25,14,2024,140
alonso,Fernando Alonso,4,14,2024,49
hulkenberg,Nico Hülkenberg,0,14,2024,20
perez,Sergio Pérez,7,14,2024,118
ricciardo,Daniel Ricciardo,1,14,2024,7
bottas,Valtteri Bottas,0,14,2024,0
kevin_magnussen,Kevin Magnussen,0,14,2024,5
max_verstappen,Max Verstappen,12,14,2024,253
sainz,Carlos Sainz,8,14,2024,150
ocon,Esteban Ocon,2,14,2024,5
stroll,Lance Stroll,0,14,2024,24
gasly,Pierre Gasly,0,14,2024,6
leclerc,Charles Leclerc,15,14,2024,163
norris,Lando Norris,10,14,2024,190
russell,George Russell,0,14,2024,110
albon,Alexander Albon,0,14,2024,4
tsunoda,Yuki Tsunoda,0,14,2024,21
zhou,Guanyu Zhou,0,14,2024,0
piastri,Oscar Piastri,18,14,2024,155
sargeant,Logan Sargeant,0,14,2024,0
ocon,Esteban Ocon,0,15,2024,5
stroll,Lance Stroll,0,15,2024,24
gasly,Pierre Gasly,2,15,2024,8
leclerc,Charles Leclerc,15,15,2024,178
norris,Lando Norris,26,15,2024,216
russell,George Russell,6,15,2024,116
albon,Alexander Albon,0,15,2024,4
tsunoda,Yuki Tsunoda,0,15,2024,21
zhou,Guanyu Zhou,0,15,2024,0
piastri,Oscar Piastri,12,15,2024,167
sargeant,Logan Sargeant,0,15,2024,0
hulkenberg,Nico Hülkenberg,0,15,2024,20
perez,Sergio Pérez,8,15,2024,126
ricciardo,Daniel Ricciardo,0,15,2024,7
bottas,Valtteri Bottas,0,15,2024,0
kevin_magnussen,Kevin Magnussen,0,15,2024,5
max_verstappen,Max Verstappen,18,15,2024,271
sainz,Carlos Sainz,10,15,2024,160
hamilton,Lewis Hamilton,4,15,2024,144
alonso,Fernando Alonso,1,15,2024,50
hamilton,Lewis Hamilton,10,16,2024,154
alonso,Fernando Alonso,0,16,2024,50
hulkenberg,Nico Hülkenberg,0,16,2024,20
perez,Sergio Pérez,4,16,2024,130
ricciardo,Daniel Ricciardo,0,16,2024,7
bottas,Valtteri Bottas,0,16,2024,0
kevin_magnussen,Kevin Magnussen,1,16,2024,6
max_verstappen,Max Verstappen,8,16,2024,279
sainz,Carlos Sainz,12,16,2024,172
ocon,Esteban Ocon,0,16,2024,5
stroll,Lance Stroll,0,16,2024,24
gasly,Pierre Gasly,0,16,2024,8
leclerc,Charles Leclerc,25,16,2024,203
norris,Lando Norris,16,16,2024,232
russell,George Russell,6,16,2024,122
albon,Alexander Albon,2,16,2024,6
tsunoda,Yuki Tsunoda,0,16,2024,21
zhou,Guanyu Zhou,0,16,2024,0
piastri,Oscar Piastri,18,16,2024,185
colapinto,Franco Colapinto,0,16,2024,0
ocon,Esteban Ocon,0,17,2024,5
stroll,Lance Stroll,0,17,2024,24
gasly,Pierre Gasly,0,17,2024,8
leclerc,Charles Leclerc,18,17,2024,221
norris,Lando Norris,13,17,2024,245
russell,George Russell,15,17,2024,137
albon,Alexander Albon,6,17,2024,12
tsunoda,Yuki Tsunoda,0,17,2024,21
zhou,Guanyu Zhou,0,17,2024,0
piastri,Oscar Piastri,25,17,2024,210
bearman,Oliver Bearman,1,17,2024,7
colapinto,Franco Colapinto,4,17,2024,4
hulkenberg,Nico Hülkenberg,0,17,2024,20
perez,Sergio Pérez,0,17,2024,130
ricciardo,Daniel Ricciardo,0,17,2024,7
bottas,Valtteri Bottas,0,17,2024,0
max_verstappen,Max Verstappen,10,17,2024,289
sainz,Carlos Sainz,0,17,2024,172
hamilton,Lewis Hamilton,2,17,2024,156
alonso,Fernando Alonso,8,17,2024,58
hamilton,Lewis Hamilton,8,18,2024,164
alonso,Fernando Alonso,4,18,2024,62
hulkenberg,Nico Hülkenberg,2,18,2024,22
perez,Sergio Pérez,1,18,2024,131
ricciardo,Daniel Ricciardo,0,18,2024,7
bottas,Valtteri Bottas,0,18,2024,0
kevin_magnussen,Kevin Magnussen,0,18,2024,6
max_verstappen,Max Verstappen,18,18,2024,307
sainz,Carlos Sainz,6,18,2024,178
ocon,Esteban Ocon,0,18,2024,5
stroll,Lance Stroll,0,18,2024,24
gasly,Pierre Gasly,0,18,2024,8
leclerc,Charles Leclerc,10,18,2024,231
norris,Lando Norris,25,18,2024,270
russell,George Russell,12,18,2024,149
albon,Alexander Albon,0,18,2024,12
tsunoda,Yuki Tsunoda,0,18,2024,21
zhou,Guanyu Zhou,0,18,2024,0
piastri,Oscar Piastri,15,18,2024,225
colapinto,Franco Colapinto,0,18,2024,4
ocon,Esteban Ocon,0,19,2024,5
stroll,Lance Stroll,0,19,2024,24
gasly,Pierre Gasly,0,19,2024,8
leclerc,Charles Leclerc,25,19,2024,256
norris,Lando Norris,12,19,2024,282
russell,George Russell,8,19,2024,157
albon,Alexander Albon,0,19,2024,12
tsunoda,Yuki Tsunoda,0,19,2024,21
zhou,Guanyu Zhou,0,19,2024,0
piastri,Oscar Piastri,10,19,2024,235
lawson,Liam Lawson,2,19,2024,2
colapinto,Franco Colapinto,1,19,2024,5
hulkenberg,Nico Hülkenberg,4,19,2024,26
perez,Sergio Pérez,6,19,2024,137
bottas,Valtteri Bottas,0,19,2024,0
kevin_magnussen,Kevin Magnussen,0,19,2024,6
max_verstappen,Max Verstappen,15,19,2024,322
sainz,Carlos Sainz,18,19,2024,196
hamilton,Lewis Hamilton,0,19,2024,164
alonso,Fernando Alonso,0,19,2024,62
hamilton,Lewis Hamilton,12,20,2024,176
alonso,Fernando Alonso,0,20,2024,62
hulkenberg,Nico Hülkenberg,2,20,2024,28
perez,Sergio Pérez,0,20,2024,137
bottas,Valtteri Bottas,0,20,2024,0
kevin_magnussen,Kevin Magnussen,6,20,2024,12
max_verstappen,Max Verstappen,8,20,2024,330
sainz,Carlos Sainz,25,20,2024,221
ocon,Esteban Ocon,0,20,2024,5
stroll,Lance Stroll,0,20,2024,24
gasly,Pierre Gasly,1,20,2024,9
leclerc,Charles Leclerc,16,20,2024,272
norris,Lando Norris,18,20,2024,300
russell,George Russell,10,20,2024,167
albon,Alexander Albon,0,20,2024,12
tsunoda,Yuki Tsunoda,0,20,2024,21
zhou,Guanyu Zhou,0,20,2024,0
piastri,Oscar Piastri,4,20,2024,239
lawson,Liam Lawson,0,20,2024,2
colapinto,Franco Colapinto,0,20,2024,5
ocon,Esteban Ocon,18,21,2024,23
stroll,Lance Stroll,0,21,2024,24
gasly,Pierre Gasly,15,21,2024,24
leclerc,Charles Leclerc,10,21,2024,282
norris,Lando Norris,8,21,2024,308
russell,George Russell,12,21,2024,179
albon,Alexander Albon,0,21,2024,12
tsunoda,Yuki Tsunoda,6,21,2024,27
zhou,Guanyu Zhou,0,21,2024,0
piastri,Oscar Piastri,4,21,2024,243
lawson,Liam Lawson,2,21,2024,4
bearman,Oliver Bearman,0,21,2024,7
colapinto,Franco Colapinto,0,21,2024,5
hulkenberg,Nico Hülkenberg,0,21,2024,28
perez,Sergio Pérez,0,21,2024,137
bottas,Valtteri Bottas,0,21,2024,0
max_verstappen,Max Verstappen,26,21,2024,356
sainz,Carlos Sainz,0,21,2024,221
hamilton,Lewis Hamilton,1,21,2024,177
alonso,Fernando Alonso,0,21,2024,62
hamilton,Lewis Hamilton,18,22,2024,195
alonso,Fernando Alonso,0,22,2024,62
hulkenberg,Nico Hülkenberg,4,22,2024,32
perez,Sergio Pérez,1,22,2024,138
bottas,Valtteri Bottas,0,22,2024,0
kevin_magnussen,Kevin Magnussen,0,22,2024,12
max_verstappen,Max Verstappen,10,22,2024,366
sainz,Carlos Sainz,15,22,2024,236
ocon,Esteban Ocon,0,22,2024,23
stroll,Lance Stroll,0,22,2024,24
gasly,Pierre Gasly,0,22,2024,24
leclerc,Charles Leclerc,12,22,2024,294
norris,Lando Norris,9,22,2024,317
russell,George Russell,25,22,2024,204
albon,Alexander Albon,0,22,2024,12
tsunoda,Yuki Tsunoda,2,22,2024,29
zhou,Guanyu Zhou,0,22,2024,0
piastri,Oscar Piastri,6,22,2024,249
lawson,Liam Lawson,0,22,2024,4
colapinto,Franco Colapinto,0,22,2024,5
ocon,Esteban Ocon,0,23,2024,23
stroll,Lance Stroll,0,23,2024,24
gasly,Pierre Gasly,10,23,2024,34
leclerc,Charles Leclerc,18,23,2024,312
norris,Lando Norris,2,23,2024,319
russell,George Russell,12,23,2024,216
albon,Alexander Albon,0,23,2024,12
tsunoda,Yuki Tsunoda,0,23,2024,29
zhou,Guanyu Zhou,4,23,2024,4
piastri,Oscar Piastri,15,23,2024,264
lawson,Liam Lawson,0,23,2024,4
colapinto,Franco Colapinto,0,23,2024,5
hulkenberg,Nico Hülkenberg,0,23,2024,32
perez,Sergio Pérez,0,23,2024,138
bottas,Valtteri Bottas,0,23,2024,0
kevin_magnussen,Kevin Magnussen,2,23,2024,14
max_verstappen,Max Verstappen,25,23,2024,391
sainz,Carlos Sainz,8,23,2024,244
hamilton,Lewis Hamilton,0,23,2024,195
alonso,Fernando Alonso,6,23,2024,68
hamilton,Lewis Hamilton,12,24,2024,207
alonso,Fernando Alonso,2,24,2024,70
hulkenberg,Nico Hülkenberg,4,24,2024,36
perez,Sergio Pérez,0,24,2024,138
bottas,Valtteri Bottas,0,24,2024,0
kevin_magnussen,Kevin Magnussen,0,24,2024,14
max_verstappen,Max Verstappen,8,24,2024,399
sainz,Carlos Sainz,18,24,2024,262
stroll,Lance Stroll,0,24,2024,24
gasly,Pierre Gasly,6,24,2024,40
leclerc,Charles Leclerc,15,24,2024,327
norris,Lando Norris,25,24,2024,344
russell,George Russell,10,24,2024,226
albon,Alexander Albon,0,24,2024,12
tsunoda,Yuki Tsunoda,0,24,2024,29
zhou,Guanyu Zhou,0,24,2024,4
piastri,Oscar Piastri,1,24,2024,265
lawson,Liam Lawson,0,24,2024,4
colapinto,Franco Colapinto,0,24,2024,5
doohan,Jack Doohan,0,24,2024,0
ocon,Esteban Ocon,0,1,2023,0
stroll,Lance Stroll,8,1,2023,8
gasly,Pierre Gasly,2,1,2023,2
leclerc,Charles Leclerc,0,1,2023,0
norris,Lando Norris,0,1,2023,0
russell,George Russell,6,1,2023,6
albon,Alexander Albon,1,1,2023,1
tsunoda,Yuki Tsunoda,0,1,2023,0
zhou,Guanyu Zhou,0,1,2023,0
de_vries,Nyck de Vries,0,1,2023,0
piastri,Oscar Piastri,0,1,2023,0
sargeant,Logan Sargeant,0,1,2023,0
hulkenberg,Nico Hülkenberg,0,1,2023,0
perez,Sergio Pérez,18,1,2023,18
bottas,Valtteri Bottas,4,1,2023,4
kevin_magnussen,Kevin Magnussen,0,1,2023,0
max_verstappen,Max Verstappen,25,1,2023,25
sainz,Carlos Sainz,12,1,2023,12
hamilton,Lewis Hamilton,10,1,2023,10
alonso,Fernando Alonso,15,1,2023,15
hamilton,Lewis Hamilton,10,2,2023,20
alonso,Fernando Alonso,15,2,2023,30
hulkenberg,Nico Hülkenberg,0,2,2023,0
perez,Sergio Pérez,25,2,2023,43
bottas,Valtteri Bottas,0,2,2023,4
kevin_magnussen,Kevin Magnussen,1,2,2023,1
max_verstappen,Max Verstappen,19,2,2023,44
sainz,Carlos Sainz,8,2,2023,20
ocon,Esteban Ocon,4,2,2023,4
stroll,Lance Stroll,0,2,2023,8
gasly,Pierre Gasly,2,2,2023,4
leclerc,Charles Leclerc,6,2,2023,6
norris,Lando Norris,0,2,2023,0
russell,George Russell,12,2,2023,18
albon,Alexander Albon,0,2,2023,1
tsunoda,Yuki Tsunoda,0,2,2023,0
zhou,Guanyu Zhou,0,2,2023,0
de_vries,Nyck de Vries,0,2,2023,0
piastri,Oscar Piastri,0,2,2023,0
sargeant,Logan Sargeant,0,2,2023,0
ocon,Esteban Ocon,0,3,2023,4
stroll,Lance Stroll,12,3,2023,20
gasly,Pierre Gasly,0,3,2023,4
leclerc,Charles Leclerc,0,3,2023,6
norris,Lando Norris,8,3,2023,8
russell,George Russell,0,3,2023,18
albon,Alexander Albon,0,3,2023,1
tsunoda,Yuki Tsunoda,1,3,2023,1
zhou,Guanyu Zhou,2,3,2023,2
de_vries,Nyck de Vries,0,3,2023,0
piastri,Oscar Piastri,4,3,2023,4
sargeant,Logan Sargeant,0,3,2023,0
hulkenberg,Nico Hülkenberg,6,3,2023,6
perez,Sergio Pérez,11,3,2023,54
bottas,Valtteri Bottas,0,3,2023,4
kevin_magnussen,Kevin Magnussen,0,3,2023,1
max_verstappen,Max Verstappen,25,3,2023,69
sainz,Carlos Sainz,0,3,2023,20
hamilton,Lewis Hamilton,18,3,2023,38
alonso,Fernando Alonso,15,3,2023,45
hamilton,Lewis Hamilton,8,4,2023,46
alonso,Fernando Alonso,12,4,2023,57
hulkenberg,Nico Hülkenberg,0,4,2023,6
perez,Sergio Pérez,25,4,2023,79
bottas,Valtteri Bottas,0,4,2023,4
kevin_magnussen,Kevin Magnussen,0,4,2023,1
max_verstappen,Max Verstappen,18,4,2023,87
sainz,Carlos Sainz,10,4,2023,30
ocon,Esteban Ocon,0,4,2023,4
stroll,Lance Stroll,6,4,2023,26
gasly,Pierre Gasly,0,4,2023,4
leclerc,Charles Leclerc,15,4,2023,21
norris,Lando Norris,2,4,2023,10
russell,George Russell,5,4,2023,23
albon,Alexander Albon,0,4,2023,1
tsunoda,Yuki Tsunoda,1,4,2023,2
zhou,Guanyu Zhou,0,4,2023,2
de_vries,Nyck de Vries,0,4,2023,0
piastri,Oscar Piastri,0,4,2023,4
sargeant,Logan Sargeant,0,4,2023,0
ocon,Esteban Ocon,2,5,2023,6
stroll,Lance Stroll,0,5,2023,26
gasly,Pierre Gasly,4,5,2023,8
leclerc,Charles Leclerc,6,5,2023,27
norris,Lando Norris,0,5,2023,10
russell,George Russell,12,5,2023,35
albon,Alexander Albon,0,5,2023,1
tsunoda,Yuki Tsunoda,0,5,2023,2
zhou,Guanyu Zhou,0,5,2023,2
de_vries,Nyck de Vries,0,5,2023,0
piastri,Oscar Piastri,0,5,2023,4
sargeant,Logan Sargeant,0,5,2023,0
hulkenberg,Nico Hülkenberg,0,5,2023,6
perez,Sergio Pérez,18,5,2023,97
bottas,Valtteri Bottas,0,5,2023,4
kevin_magnussen,Kevin Magnussen,1,5,2023,2
max_verstappen,Max Verstappen,26,5,2023,113
sainz,Carlos Sainz,10,5,2023,40
hamilton,Lewis Hamilton,8,5,2023,54
alonso,Fernando Alonso,15,5,2023,72
hamilton,Lewis Hamilton,13,6,2023,67
alonso,Fernando Alonso,18,6,2023,90
hulkenberg,Nico Hülkenberg,0,6,2023,6
perez,Sergio Pérez,0,6,2023,97
bottas,Valtteri Bottas,0,6,2023,4
kevin_magnussen,Kevin Magnussen,0,6,2023,2
max_verstappen,Max Verstappen,25,6,2023,138
sainz,Carlos Sainz,4,6,2023,44
ocon,Esteban Ocon,15,6,2023,21
stroll,Lance Stroll,0,6,2023,26
gasly,Pierre Gasly,6,6,2023,14
leclerc,Charles Leclerc,8,6,2023,35
norris,Lando Norris,2,6,2023,12
russell,George Russell,10,6,2023,45
albon,Alexander Albon,0,6,2023,1
tsunoda,Yuki Tsunoda,0,6,2023,2
zhou,Guanyu Zhou,0,6,2023,2
de_vries,Nyck de Vries,0,6,2023,0
piastri,Oscar Piastri,1,6,2023,5
sargeant,Logan Sargeant,0,6,2023,0
ocon,Esteban Ocon,4,7,2023,25
stroll,Lance Stroll,8,7,2023,34
gasly,Pierre Gasly,1,7,2023,15
leclerc,Charles Leclerc,0,7,2023,35
norris,Lando Norris,0,7,2023,12
russell,George Russell,15,7,2023,60
albon,Alexander Albon,0,7,2023,1
tsunoda,Yuki Tsunoda,0,7,2023,2
zhou,Guanyu Zhou,2,7,2023,4
de_vries,Nyck de Vries,0,7,2023,0
piastri,Oscar Piastri,0,7,2023,5
sargeant,Logan Sargeant,0,7,2023,0
hulkenberg,Nico Hülkenberg,0,7,2023,6
perez,Sergio Pérez,12,7,2023,109
bottas,Valtteri Bottas,0,7,2023,4
kevin_magnussen,Kevin Magnussen,0,7,2023,2
max_verstappen,Max Verstappen,26,7,2023,164
sainz,Carlos Sainz,10,7,2023,54
hamilton,Lewis Hamilton,18,7,2023,85
alonso,Fernando Alonso,6,7,2023,96
hamilton,Lewis Hamilton,15,8,2023,100
alonso,Fernando Alonso,18,8,2023,114
hulkenberg,Nico Hülkenberg,0,8,2023,6
perez,Sergio Pérez,9,8,2023,118
bottas,Valtteri Bottas,1,8,2023,5
kevin_magnussen,Kevin Magnussen,0,8,2023,2
max_verstappen,Max Verstappen,25,8,2023,189
sainz,Carlos Sainz,10,8,2023,64
ocon,Esteban Ocon,4,8,2023,29
stroll,Lance Stroll,2,8,2023,36
gasly,Pierre Gasly,0,8,2023,15
leclerc,Charles Leclerc,12,8,2023,47
norris,Lando Norris,0,8,2023,12
russell,George Russell,0,8,2023,60
albon,Alexander Albon,6,8,2023,7
tsunoda,Yuki Tsunoda,0,8,2023,2
zhou,Guanyu Zhou,0,8,2023,4
de_vries,Nyck de Vries,0,8,2023,0
piastri,Oscar Piastri,0,8,2023,5
sargeant,Logan Sargeant,0,8,2023,0
ocon,Esteban Ocon,0,9,2023,29
stroll,Lance Stroll,2,9,2023,38
gasly,Pierre Gasly,1,9,2023,16
leclerc,Charles Leclerc,18,9,2023,65
norris,Lando Norris,12,9,2023,24
russell,George Russell,6,9,2023,66
albon,Alexander Albon,0,9,2023,7
tsunoda,Yuki Tsunoda,0,9,2023,2
zhou,Guanyu Zhou,0,9,2023,4
de_vries,Nyck de Vries,0,9,2023,0
piastri,Oscar Piastri,0,9,2023,5
sargeant,Logan Sargeant,0,9,2023,0
hulkenberg,Nico Hülkenberg,0,9,2023,6
perez,Sergio Pérez,15,9,2023,133
bottas,Valtteri Bottas,0,9,2023,5
kevin_magnussen,Kevin Magnussen,0,9,2023,2
max_verstappen,Max Verstappen,26,9,2023,215
sainz,Carlos Sainz,8,9,2023,72
hamilton,Lewis Hamilton,4,9,2023,104
alonso,Fernando Alonso,10,9,2023,124
hamilton,Lewis Hamilton,15,10,2023,119
alonso,Fernando Alonso,6,10,2023,130
hulkenberg,Nico Hülkenberg,0,10,2023,6
perez,Sergio Pérez,8,10,2023,141
bottas,Valtteri Bottas,0,10,2023,5
kevin_magnussen,Kevin Magnussen,0,10,2023,2
max_verstappen,Max Verstappen,26,10,2023,241
sainz,Carlos Sainz,1,10,2023,73
ocon,Esteban Ocon,0,10,2023,29
stroll,Lance Stroll,0,10,2023,38
gasly,Pierre Gasly,0,10,2023,16
leclerc,Charles Leclerc,2,10,2023,67
norris,Lando Norris,18,10,2023,42
russell,George Russell,10,10,2023,76
albon,Alexander Albon,4,10,2023,11
tsunoda,Yuki Tsunoda,0,10,2023,2
zhou,Guanyu Zhou,0,10,2023,4
de_vries,Nyck de Vries,0,10,2023,0
piastri,Oscar Piastri,12,10,2023,17
sargeant,Logan Sargeant,0,10,2023,0
ocon,Esteban Ocon,0,11,2023,29
stroll,Lance Stroll,1,11,2023,39
gasly,Pierre Gasly,0,11,2023,16
leclerc,Charles Leclerc,6,11,2023,73
norris,Lando Norris,18,11,2023,60
russell,George Russell,8,11,2023,84
albon,Alexander Albon,0,11,2023,11
tsunoda,Yuki Tsunoda,0,11,2023,2
zhou,Guanyu Zhou,0,11,2023,4
piastri,Oscar Piastri,10,11,2023,27
sargeant,Logan Sargeant,0,11,2023,0
hulkenberg,Nico Hülkenberg,0,11,2023,6
perez,Sergio Pérez,15,11,2023,156
ricciardo,Daniel Ricciardo,0,11,2023,0
bottas,Valtteri Bottas,0,11,2023,5
kevin_magnussen,Kevin Magnussen,0,11,2023,2
max_verstappen,Max Verstappen,26,11,2023,267
sainz,Carlos Sainz,4,11,2023,77
hamilton,Lewis Hamilton,12,11,2023,131
alonso,Fernando Alonso,2,11,2023,132
hamilton,Lewis Hamilton,13,12,2023,144
alonso,Fernando Alonso,10,12,2023,142
hulkenberg,Nico Hülkenberg,0,12,2023,6
perez,Sergio Pérez,18,12,2023,174
ricciardo,Daniel Ricciardo,0,12,2023,0
bottas,Valtteri Bottas,0,12,2023,5
kevin_magnussen,Kevin Magnussen,0,12,2023,2
max_verstappen,Max Verstappen,25,12,2023,292
sainz,Carlos Sainz,0,12,2023,77
ocon,Esteban Ocon,4,12,2023,33
stroll,Lance Stroll,2,12,2023,41
gasly,Pierre Gasly,0,12,2023,16
leclerc,Charles Leclerc,15,12,2023,88
norris,Lando Norris,6,12,2023,66
russell,George Russell,8,12,2023,92
albon,Alexander Albon,0,12,2023,11
tsunoda,Yuki Tsunoda,1,12,2023,3
zhou,Guanyu Zhou,0,12,2023,4
piastri,Oscar Piastri,0,12,2023,27
sargeant,Logan Sargeant,0,12,2023,0
ocon,Esteban Ocon,1,13,2023,34
stroll,Lance Stroll,0,13,2023,41
gasly,Pierre Gasly,15,13,2023,31
leclerc,Charles Leclerc,0,13,2023,88
norris,Lando Norris,6,13,2023,72
russell,George Russell,0,13,2023,92
albon,Alexander Albon,4,13,2023,15
tsunoda,Yuki Tsunoda,0,13,2023,3
zhou,Guanyu Zhou,0,13,2023,4
piastri,Oscar Piastri,2,13,2023,29
sargeant,Logan Sargeant,0,13,2023,0
lawson,Liam Lawson,0,13,2023,0
hulkenberg,Nico Hülkenberg,0,13,2023,6
perez,Sergio Pérez,12,13,2023,186
bottas,Valtteri Bottas,0,13,2023,5
kevin_magnussen,Kevin Magnussen,0,13,2023,2
max_verstappen,Max Verstappen,25,13,2023,317
sainz,Carlos Sainz,10,13,2023,87
hamilton,Lewis Hamilton,8,13,2023,152
alonso,Fernando Alonso,19,13,2023,161
hamilton,Lewis Hamilton,8,14,2023,160
alonso,Fernando Alonso,2,14,2023,163
hulkenberg,Nico Hülkenberg,0,14,2023,6
perez,Sergio Pérez,18,14,2023,204
bottas,Valtteri Bottas,1,14,2023,6
kevin_magnussen,Kevin Magnussen,0,14,2023,2
max_verstappen,Max Verstappen,25,14,2023,342
sainz,Carlos Sainz,15,14,2023,102
ocon,Esteban Ocon,0,14,2023,34
stroll,Lance Stroll,0,14,2023,41
gasly,Pierre Gasly,0,14,2023,31
leclerc,Charles Leclerc,12,14,2023,100
norris,Lando Norris,4,14,2023,76
russell,George Russell,10,14,2023,102
albon,Alexander Albon,6,14,2023,21
tsunoda,Yuki Tsunoda,0,14,2023,3
zhou,Guanyu Zhou,0,14,2023,4
piastri,Oscar Piastri,0,14,2023,29
sargeant,Logan Sargeant,0,14,2023,0
lawson,Liam Lawson,0,14,2023,0
ocon,Esteban Ocon,0,15,2023,34
stroll,Lance Stroll,0,15,2023,41
gasly,Pierre Gasly,8,15,2023,39
leclerc,Charles Leclerc,12,15,2023,112
norris,Lando Norris,18,15,2023,94
russell,George Russell,0,15,2023,102
albon,Alexander Albon,0,15,2023,21
tsunoda,Yuki Tsunoda,0,15,2023,3
zhou,Guanyu Zhou,0,15,2023,4
piastri,Oscar Piastri,6,15,2023,35
sargeant,Logan Sargeant,0,15,2023,0
lawson,Liam Lawson,2,15,2023,2
hulkenberg,Nico Hülkenberg,0,15,2023,6
perez,Sergio Pérez,4,15,2023,208
bottas,Valtteri Bottas,0,15,2023,6
kevin_magnussen,Kevin Magnussen,1,15,2023,3
max_verstappen,Max Verstappen,10,15,2023,352
sainz,Carlos Sainz,25,15,2023,127
hamilton,Lewis Hamilton,16,15,2023,176
alonso,Fernando Alonso,0,15,2023,163
hamilton,Lewis Hamilton,10,16,2023,186
alonso,Fernando Alonso,4,16,2023,167
hulkenberg,Nico Hülkenberg,0,16,2023,6
perez,Sergio Pérez,0,16,2023,208
bottas,Valtteri Bottas,0,16,2023,6
kevin_magnussen,Kevin Magnussen,0,16,2023,3
max_verstappen,Max Verstappen,26,16,2023,378
sainz,Carlos Sainz,8,16,2023,135
ocon,Esteban Ocon,2,16,2023,36
stroll,Lance Stroll,0,16,2023,41
gasly,Pierre Gasly,1,16,2023,40
leclerc,Charles Leclerc,12,16,2023,124
norris,Lando Norris,18,16,2023,112
russell,George Russell,6,16,2023,108
albon,Alexander Albon,0,16,2023,21
tsunoda,Yuki Tsunoda,0,16,2023,3
zhou,Guanyu Zhou,0,16,2023,4
piastri,Oscar Piastri,15,16,2023,50
sargeant,Logan Sargeant,0,16,2023,0
lawson,Liam Lawson,0,16,2023,2
ocon,Esteban Ocon,6,17,2023,42
stroll,Lance Stroll,0,17,2023,41
gasly,Pierre Gasly,0,17,2023,40
leclerc,Charles Leclerc,10,17,2023,134
norris,Lando Norris,15,17,2023,127
russell,George Russell,12,17,2023,120
albon,Alexander Albon,0,17,2023,21
tsunoda,Yuki Tsunoda,0,17,2023,3
zhou,Guanyu Zhou,2,17,2023,6
piastri,Oscar Piastri,18,17,2023,68
sargeant,Logan Sargeant,0,17,2023,0
lawson,Liam Lawson,0,17,2023,2
hulkenberg,Nico Hülkenberg,0,17,2023,6
perez,Sergio Pérez,1,17,2023,209
bottas,Valtteri Bottas,4,17,2023,10
kevin_magnussen,Kevin Magnussen,0,17,2023,3
max_verstappen,Max Verstappen,26,17,2023,404
sainz,Carlos Sainz,0,17,2023,135
hamilton,Lewis Hamilton,0,17,2023,186
alonso,Fernando Alonso,8,17,2023,175
hamilton,Lewis Hamilton,0,18,2023,186
alonso,Fernando Alonso,0,18,2023,175
hulkenberg,Nico Hülkenberg,0,18,2023,6
perez,Sergio Pérez,12,18,2023,221
ricciardo,Daniel Ricciardo,0,18,2023,0
bottas,Valtteri Bottas,0,18,2023,10
kevin_magnussen,Kevin Magnussen,0,18,2023,3
max_verstappen,Max Verstappen,25,18,2023,429
sainz,Carlos Sainz,15,18,2023,150
ocon,Esteban Ocon,0,18,2023,42
stroll,Lance Stroll,6,18,2023,47
gasly,Pierre Gasly,8,18,2023,48
leclerc,Charles Leclerc,0,18,2023,134
norris,Lando Norris,18,18,2023,145
russell,George Russell,10,18,2023,130
albon,Alexander Albon,2,18,2023,23
tsunoda,Yuki Tsunoda,5,18,2023,8
zhou,Guanyu Zhou,0,18,2023,6
piastri,Oscar Piastri,0,18,2023,68
sargeant,Logan Sargeant,1,18,2023,1
ocon,Esteban Ocon,1,19,2023,43
stroll,Lance Stroll,0,19,2023,47
gasly,Pierre Gasly,0,19,2023,48
leclerc,Charles Leclerc,15,19,2023,149
norris,Lando Norris,10,19,2023,155
russell,George Russell,8,19,2023,138
albon,Alexander Albon,2,19,2023,25
tsunoda,Yuki Tsunoda,0,19,2023,8
zhou,Guanyu Zhou,0,19,2023,6
piastri,Oscar Piastri,4,19,2023,72
sargeant,Logan Sargeant,0,19,2023,1
hulkenberg,Nico Hülkenberg,0,19,2023,6
perez,Sergio Pérez,0,19,2023,221
ricciardo,Daniel Ricciardo,6,19,2023,6
bottas,Valtteri Bottas,0,19,2023,10
kevin_magnussen,Kevin Magnussen,0,19,2023,3
max_verstappen,Max Verstappen,25,19,2023,454
sainz,Carlos Sainz,12,19,2023,162
hamilton,Lewis Hamilton,19,19,2023,205
alonso,Fernando Alonso,0,19,2023,175
hamilton,Lewis Hamilton,4,20,2023,209
alonso,Fernando Alonso,15,20,2023,190
hulkenberg,Nico Hülkenberg,0,20,2023,6
perez,Sergio Pérez,12,20,2023,233
ricciardo,Daniel Ricciardo,0,20,2023,6
bottas,Valtteri Bottas,0,20,2023,10
kevin_magnussen,Kevin Magnussen,0,20,2023,3
max_verstappen,Max Verstappen,25,20,2023,479
sainz,Carlos Sainz,8,20,2023,170
ocon,Esteban Ocon,1,20,2023,44
stroll,Lance Stroll,10,20,2023,57
gasly,Pierre Gasly,6,20,2023,54
leclerc,Charles Leclerc,0,20,2023,149
norris,Lando Norris,19,20,2023,174
russell,George Russell,0,20,2023,138
albon,Alexander Albon,0,20,2023,25
tsunoda,Yuki Tsunoda,2,20,2023,10
zhou,Guanyu Zhou,0,20,2023,6
piastri,Oscar Piastri,0,20,2023,72
sargeant,Logan Sargeant,0,20,2023,1
ocon,Esteban Ocon,12,21,2023,56
stroll,Lance Stroll,10,21,2023,67
gasly,Pierre Gasly,0,21,2023,54
leclerc,Charles Leclerc,18,21,2023,167
norris,Lando Norris,0,21,2023,174
russell,George Russell,4,21,2023,142
albon,Alexander Albon,0,21,2023,25
tsunoda,Yuki Tsunoda,0,21,2023,10
zhou,Guanyu Zhou,0,21,2023,6
piastri,Oscar Piastri,2,21,2023,74
sargeant,Logan Sargeant,0,21,2023,1
hulkenberg,Nico Hülkenberg,0,21,2023,6
perez,Sergio Pérez,15,21,2023,248
ricciardo,Daniel Ricciardo,0,21,2023,6
bottas,Valtteri Bottas,0,21,2023,10
kevin_magnussen,Kevin Magnussen,0,21,2023,3
max_verstappen,Max Verstappen,25,21,2023,504
sainz,Carlos Sainz,8,21,2023,178
hamilton,Lewis Hamilton,6,21,2023,215
alonso,Fernando Alonso,2,21,2023,192
hamilton,Lewis Hamilton,2,22,2023,217
alonso,Fernando Alonso,6,22,2023,198
hulkenberg,Nico Hülkenberg,0,22,2023,6
perez,Sergio Pérez,12,22,2023,260
ricciardo,Daniel Ricciardo,0,22,2023,6
bottas,Valtteri Bottas,0,22,2023,10
kevin_magnussen,Kevin Magnussen,0,22,2023,3
max_verstappen,Max Verstappen,26,22,2023,530
sainz,Carlos Sainz,0,22,2023,178
ocon,Esteban Ocon,0,22,2023,56
stroll,Lance Stroll,1,22,2023,68
gasly,Pierre Gasly,0,22,2023,54
leclerc,Charles Leclerc,18,22,2023,185
norris,Lando Norris,10,22,2023,184
russell,George Russell,15,22,2023,157
albon,Alexander Albon,0,22,2023,25
tsunoda,Yuki Tsunoda,4,22,2023,14
zhou,Guanyu Zhou,0,22,2023,6
piastri,Oscar Piastri,8,22,2023,82
sargeant,Logan Sargeant,0,22,2023,1
ocon,Esteban Ocon,6,1,2022,6
stroll,Lance Stroll,0,1,2022,0
gasly,Pierre Gasly,0,1,2022,0
leclerc,Charles Leclerc,26,1,2022,26
norris,Lando Norris,0,1,2022,0
russell,George Russell,12,1,2022,12
albon,Alexander Albon,0,1,2022,0
latifi,Nicholas Latifi,0,1,2022,0
tsunoda,Yuki Tsunoda,4,1,2022,4
mick_schumacher,Mick Schumacher,0,1,2022,0
zhou,Guanyu Zhou,1,1,2022,1
hulkenberg,Nico Hülkenberg,0,1,2022,0
perez,Sergio Pérez,0,1,2022,0
ricciardo,Daniel Ricciardo,0,1,2022,0
bottas,Valtteri Bottas,8,1,2022,8
kevin_magnussen,Kevin Magnussen,10,1,2022,10
max_verstappen,Max Verstappen,0,1,2022,0
sainz,Carlos Sainz,18,1,2022,18
hamilton,Lewis Hamilton,15,1,2022,15
alonso,Fernando Alonso,2,1,2022,2
hamilton,Lewis Hamilton,1,2,2022,16
alonso,Fernando Alonso,0,2,2022,2
hulkenberg,Nico Hülkenberg,0,2,2022,0
perez,Sergio Pérez,12,2,2022,12
ricciardo,Daniel Ricciardo,0,2,2022,0
bottas,Valtteri Bottas,0,2,2022,8
kevin_magnussen,Kevin Magnussen,2,2,2022,12
max_verstappen,Max Verstappen,25,2,2022,25
sainz,Carlos Sainz,15,2,2022,33
ocon,Esteban Ocon,8,2,2022,14
stroll,Lance Stroll,0,2,2022,0
gasly,Pierre Gasly,4,2,2022,4
leclerc,Charles Leclerc,19,2,2022,45
norris,Lando Norris,6,2,2022,6
russell,George Russell,10,2,2022,22
albon,Alexander Albon,0,2,2022,0
latifi,Nicholas Latifi,0,2,2022,0
tsunoda,Yuki Tsunoda,0,2,2022,4
mick_schumacher,Mick Schumacher,0,2,2022,0
zhou,Guanyu Zhou,0,2,2022,1
ocon,Esteban Ocon,6,3,2022,20
stroll,Lance Stroll,0,3,2022,0
gasly,Pierre Gasly,2,3,2022,6
leclerc,Charles Leclerc,26,3,2022,71
norris,Lando Norris,10,3,2022,16
russell,George Russell,15,3,2022,37
albon,Alexander Albon,1,3,2022,1
latifi,Nicholas Latifi,0,3,2022,0
tsunoda,Yuki Tsunoda,0,3,2022,4
mick_schumacher,Mick Schumacher,0,3,2022,0
zhou,Guanyu Zhou,0,3,2022,1
perez,Sergio Pérez,18,3,2022,30
ricciardo,Daniel Ricciardo,8,3,2022,8
bottas,Valtteri Bottas,4,3,2022,12
kevin_magnussen,Kevin Magnussen,0,3,2022,12
max_verstappen,Max Verstappen,0,3,2022,25
sainz,Carlos Sainz,0,3,2022,33
vettel,Sebastian Vettel,0,3,2022,0
hamilton,Lewis Hamilton,12,3,2022,28
alonso,Fernando Alonso,0,3,2022,2
hamilton,Lewis Hamilton,0,4,2022,28
alonso,Fernando Alonso,0,4,2022,2
vettel,Sebastian Vettel,4,4,2022,4
ocon,Esteban Ocon,0,4,2022,20
stroll,Lance Stroll,1,4,2022,1
gasly,Pierre Gasly,0,4,2022,6
leclerc,Charles Leclerc,8,4,2022,79
norris,Lando Norris,15,4,2022,31
russell,George Russell,12,4,2022,49
albon,Alexander Albon,0,4,2022,1
latifi,Nicholas Latifi,0,4,2022,0
tsunoda,Yuki Tsunoda,6,4,2022,10
mick_schumacher,Mick Schumacher,0,4,2022,0
zhou,Guanyu Zhou,0,4,2022,1
perez,Sergio Pérez,18,4,2022,48
ricciardo,Daniel Ricciardo,0,4,2022,8
bottas,Valtteri Bottas,10,4,2022,22
kevin_magnussen,Kevin Magnussen,2,4,2022,14
max_verstappen,Max Verstappen,26,4,2022,51
sainz,Carlos Sainz,0,4,2022,33
perez,Sergio Pérez,12,5,2022,60
ricciardo,Daniel Ricciardo,0,5,2022,8
bottas,Valtteri Bottas,6,5,2022,28
kevin_magnussen,Kevin Magnussen,0,5,2022,14
max_verstappen,Max Verstappen,26,5,2022,77
sainz,Carlos Sainz,15,5,2022,48
ocon,Esteban Ocon,4,5,2022,24
stroll,Lance Stroll,1,5,2022,2
gasly,Pierre Gasly,0,5,2022,6
leclerc,Charles Leclerc,18,5,2022,97
norris,Lando Norris,0,5,2022,31
russell,George Russell,10,5,2022,59
albon,Alexander Albon,2,5,2022,3
latifi,Nicholas Latifi,0,5,2022,0
tsunoda,Yuki Tsunoda,0,5,2022,10
mick_schumacher,Mick Schumacher,0,5,2022,0
zhou,Guanyu Zhou,0,5,2022,1
hamilton,Lewis Hamilton,8,5,2022,36
alonso,Fernando Alonso,0,5,2022,2
vettel,Sebastian Vettel,0,5,2022,4
vettel,Sebastian Vettel,0,6,2022,4
hamilton,Lewis Hamilton,10,6,2022,46
alonso,Fernando Alonso,2,6,2022,4
perez,Sergio Pérez,19,6,2022,79
ricciardo,Daniel Ricciardo,0,6,2022,8
bottas,Valtteri Bottas,8,6,2022,36
kevin_magnussen,Kevin Magnussen,0,6,2022,14
max_verstappen,Max Verstappen,25,6,2022,102
sainz,Carlos Sainz,12,6,2022,60
ocon,Esteban Ocon,6,6,2022,30
stroll,Lance Stroll,0,6,2022,2
gasly,Pierre Gasly,0,6,2022,6
leclerc,Charles Leclerc,0,6,2022,97
norris,Lando Norris,4,6,2022,35
russell,George Russell,15,6,2022,74
albon,Alexander Albon,0,6,2022,3
latifi,Nicholas Latifi,0,6,2022,0
tsunoda,Yuki Tsunoda,1,6,2022,11
mick_schumacher,Mick Schumacher,0,6,2022,0
zhou,Guanyu Zhou,0,6,2022,1
ocon,Esteban Ocon,0,7,2022,30
stroll,Lance Stroll,0,7,2022,2
gasly,Pierre Gasly,0,7,2022,6
leclerc,Charles Leclerc,12,7,2022,109
norris,Lando Norris,9,7,2022,44
russell,George Russell,10,7,2022,84
albon,Alexander Albon,0,7,2022,3
latifi,Nicholas Latifi,0,7,2022,0
tsunoda,Yuki Tsunoda,0,7,2022,11
mick_schumacher,Mick Schumacher,0,7,2022,0
zhou,Guanyu Zhou,0,7,2022,1
perez,Sergio Pérez,25,7,2022,104
ricciardo,Daniel Ricciardo,0,7,2022,8
bottas,Valtteri Bottas,2,7,2022,38
kevin_magnussen,Kevin Magnussen,0,7,2022,14
max_verstappen,Max Verstappen,15,7,2022,117
sainz,Carlos Sainz,18,7,2022,78
vettel,Sebastian Vettel,1,7,2022,5
hamilton,Lewis Hamilton,4,7,2022,50
alonso,Fernando Alonso,6,7,2022,10
hamilton,Lewis Hamilton,12,8,2022,62
alonso,Fernando Alonso,6,8,2022,16
vettel,Sebastian Vettel,8,8,2022,13
ocon,Esteban Ocon,1,8,2022,31
stroll,Lance Stroll,0,8,2022,2
gasly,Pierre Gasly,10,8,2022,16
leclerc,Charles Leclerc,0,8,2022,109
norris,Lando Norris,2,8,2022,46
russell,George Russell,15,8,2022,99
albon,Alexander Albon,0,8,2022,3
latifi,Nicholas Latifi,0,8,2022,0
tsunoda,Yuki Tsunoda,0,8,2022,11
mick_schumacher,Mick Schumacher,0,8,2022,0
zhou,Guanyu Zhou,0,8,2022,1
perez,Sergio Pérez,19,8,2022,123
ricciardo,Daniel Ricciardo,4,8,2022,12
bottas,Valtteri Bottas,0,8,2022,38
kevin_magnussen,Kevin Magnussen,0,8,2022,14
max_verstappen,Max Verstappen,25,8,2022,142
sainz,Carlos Sainz,0,8,2022,78
perez,Sergio Pérez,0,9,2022,123
ricciardo,Daniel Ricciardo,0,9,2022,12
bottas,Valtteri Bottas,6,9,2022,44
kevin_magnussen,Kevin Magnussen,0,9,2022,14
max_verstappen,Max Verstappen,25,9,2022,167
sainz,Carlos Sainz,19,9,2022,97
ocon,Esteban Ocon,8,9,2022,39
stroll,Lance Stroll,1,9,2022,3
gasly,Pierre Gasly,0,9,2022,16
leclerc,Charles Leclerc,10,9,2022,119
norris,Lando Norris,0,9,2022,46
russell,George Russell,12,9,2022,111
albon,Alexander Albon,0,9,2022,3
latifi,Nicholas Latifi,0,9,2022,0
tsunoda,Yuki Tsunoda,0,9,2022,11
mick_schumacher,Mick Schumacher,0,9,2022,0
zhou,Guanyu Zhou,4,9,2022,5
hamilton,Lewis Hamilton,15,9,2022,77
alonso,Fernando Alonso,2,9,2022,18
vettel,Sebastian Vettel,0,9,2022,13
vettel,Sebastian Vettel,2,10,2022,15
hamilton,Lewis Hamilton,16,10,2022,93
alonso,Fernando Alonso,10,10,2022,28
perez,Sergio Pérez,18,10,2022,141
ricciardo,Daniel Ricciardo,0,10,2022,12
bottas,Valtteri Bottas,0,10,2022,44
kevin_magnussen,Kevin Magnussen,1,10,2022,15
max_verstappen,Max Verstappen,6,10,2022,173
sainz,Carlos Sainz,25,10,2022,122
ocon,Esteban Ocon,0,10,2022,39
stroll,Lance Stroll,0,10,2022,3
gasly,Pierre Gasly,0,10,2022,16
leclerc,Charles Leclerc,12,10,2022,131
norris,Lando Norris,8,10,2022,54
russell,George Russell,0,10,2022,111
albon,Alexander Albon,0,10,2022,3
latifi,Nicholas Latifi,0,10,2022,0
tsunoda,Yuki Tsunoda,0,10,2022,11
mick_schumacher,Mick Schumacher,4,10,2022,4
zhou,Guanyu Zhou,0,10,2022,5
ocon,Esteban Ocon,10,11,2022,49
stroll,Lance Stroll,0,11,2022,3
gasly,Pierre Gasly,0,11,2022,16
leclerc,Charles Leclerc,25,11,2022,156
norris,Lando Norris,6,11,2022,60
russell,George Russell,12,11,2022,123
albon,Alexander Albon,0,11,2022,3
latifi,Nicholas Latifi,0,11,2022,0
tsunoda,Yuki Tsunoda,0,11,2022,11
mick_schumacher,Mick Schumacher,8,11,2022,12
zhou,Guanyu Zhou,0,11,2022,5
perez,Sergio Pérez,0,11,2022,141
ricciardo,Daniel Ricciardo,2,11,2022,14
bottas,Valtteri Bottas,0,11,2022,44
kevin_magnussen,Kevin Magnussen,4,11,2022,19
max_verstappen,Max Verstappen,19,11,2022,192
sainz,Carlos Sainz,0,11,2022,122
vettel,Sebastian Vettel,0,11,2022,15
hamilton,Lewis Hamilton,15,11,2022,108
alonso,Fernando Alonso,1,11,2022,29
hamilton,Lewis Hamilton,18,12,2022,126
alonso,Fernando Alonso,8,12,2022,37
vettel,Sebastian Vettel,0,12,2022,15
ocon,Esteban Ocon,4,12,2022,53
stroll,Lance Stroll,1,12,2022,4
gasly,Pierre Gasly,0,12,2022,16
leclerc,Charles Leclerc,0,12,2022,156
norris,Lando Norris,6,12,2022,66
russell,George Russell,15,12,2022,138
albon,Alexander Albon,0,12,2022,3
latifi,Nicholas Latifi,0,12,2022,0
tsunoda,Yuki Tsunoda,0,12,2022,11
mick_schumacher,Mick Schumacher,0,12,2022,12
zhou,Guanyu Zhou,0,12,2022,5
perez,Sergio Pérez,12,12,2022,153
ricciardo,Daniel Ricciardo,2,12,2022,16
bottas,Valtteri Bottas,0,12,2022,44
kevin_magnussen,Kevin Magnussen,0,12,2022,19
max_verstappen,Max Verstappen,25,12,2022,217
sainz,Carlos Sainz,11,12,2022,133
perez,Sergio Pérez,10,13,2022,163
ricciardo,Daniel Ricciardo,0,13,2022,16
bottas,Valtteri Bottas,0,13,2022,44
kevin_magnussen,Kevin Magnussen,0,13,2022,19
max_verstappen,Max Verstappen,25,13,2022,242
sainz,Carlos Sainz,12,13,2022,145
ocon,Esteban Ocon,2,13,2022,55
stroll,Lance Stroll,0,13,2022,4
gasly,Pierre Gasly,0,13,2022,16
leclerc,Charles Leclerc,8,13,2022,164
norris,Lando Norris,6,13,2022,72
russell,George Russell,15,13,2022,153
albon,Alexander Albon,0,13,2022,3
latifi,Nicholas Latifi,0,13,2022,0
tsunoda,Yuki Tsunoda,0,13,2022,11
mick_schumacher,Mick Schumacher,0,13,2022,12
zhou,Guanyu Zhou,0,13,2022,5
hamilton,Lewis Hamilton,19,13,2022,145
alonso,Fernando Alonso,4,13,2022,41
vettel,Sebastian Vettel,1,13,2022,16
vettel,Sebastian Vettel,4,14,2022,20
hamilton,Lewis Hamilton,0,14,2022,145
alonso,Fernando Alonso,10,14,2022,51
perez,Sergio Pérez,18,14,2022,181
ricciardo,Daniel Ricciardo,0,14,2022,16
bottas,Valtteri Bottas,0,14,2022,44
kevin_magnussen,Kevin Magnussen,0,14,2022,19
max_verstappen,Max Verstappen,26,14,2022,268
sainz,Carlos Sainz,15,14,2022,160
ocon,Esteban Ocon,6,14,2022,61
stroll,Lance Stroll,0,14,2022,4
gasly,Pierre Gasly,2,14,2022,18
leclerc,Charles Leclerc,8,14,2022,172
norris,Lando Norris,0,14,2022,72
russell,George Russell,12,14,2022,165
albon,Alexander Albon,1,14,2022,4
latifi,Nicholas Latifi,0,14,2022,0
tsunoda,Yuki Tsunoda,0,14,2022,11
mick_schumacher,Mick Schumacher,0,14,2022,12
zhou,Guanyu Zhou,0,14,2022,5
ocon,Esteban Ocon,2,15,2022,63
stroll,Lance Stroll,1,15,2022,5
gasly,Pierre Gasly,0,15,2022,18
leclerc,Charles Leclerc,15,15,2022,187
norris,Lando Norris,6,15,2022,78
russell,George Russell,18,15,2022,183
albon,Alexander Albon,0,15,2022,4
latifi,Nicholas Latifi,0,15,2022,0
tsunoda,Yuki Tsunoda,0,15,2022,11
mick_schumacher,Mick Schumacher,0,15,2022,12
zhou,Guanyu Zhou,0,15,2022,5
perez,Sergio Pérez,10,15,2022,191
ricciardo,Daniel Ricciardo,0,15,2022,16
bottas,Valtteri Bottas,0,15,2022,44
kevin_magnussen,Kevin Magnussen,0,15,2022,19
max_verstappen,Max Verstappen,26,15,2022,294
sainz,Carlos Sainz,4,15,2022,164
vettel,Sebastian Vettel,0,15,2022,20
hamilton,Lewis Hamilton,12,15,2022,157
alonso,Fernando Alonso,8,15,2022,59
hamilton,Lewis Hamilton,10,16,2022,167
alonso,Fernando Alonso,0,16,2022,59
vettel,Sebastian Vettel,0,16,2022,20
ocon,Esteban Ocon,0,16,2022,63
stroll,Lance Stroll,0,16,2022,5
gasly,Pierre Gasly,4,16,2022,22
leclerc,Charles Leclerc,18,16,2022,205
norris,Lando Norris,6,16,2022,84
russell,George Russell,15,16,2022,198
latifi,Nicholas Latifi,0,16,2022,0
tsunoda,Yuki Tsunoda,0,16,2022,11
mick_schumacher,Mick Schumacher,0,16,2022,12
zhou,Guanyu Zhou,1,16,2022,6
de_vries,Nyck de Vries,2,16,2022,2
perez,Sergio Pérez,9,16,2022,200
ricciardo,Daniel Ricciardo,0,16,2022,16
bottas,Valtteri Bottas,0,16,2022,44
kevin_magnussen,Kevin Magnussen,0,16,2022,19
max_verstappen,Max Verstappen,25,16,2022,319
sainz,Carlos Sainz,12,16,2022,176
perez,Sergio Pérez,25,17,2022,225
ricciardo,Daniel Ricciardo,10,17,2022,26
bottas,Valtteri Bottas,0,17,2022,44
kevin_magnussen,Kevin Magnussen,0,17,2022,19
max_verstappen,Max Verstappen,6,17,2022,325
sainz,Carlos Sainz,15,17,2022,191
ocon,Esteban Ocon,0,17,2022,63
stroll,Lance Stroll,8,17,2022,13
gasly,Pierre Gasly,1,17,2022,23
leclerc,Charles Leclerc,18,17,2022,223
norris,Lando Norris,12,17,2022,96
russell,George Russell,0,17,2022,198
albon,Alexander Albon,0,17,2022,4
latifi,Nicholas Latifi,0,17,2022,0
tsunoda,Yuki Tsunoda,0,17,2022,11
mick_schumacher,Mick Schumacher,0,17,2022,12
zhou,Guanyu Zhou,0,17,2022,6
hamilton,Lewis Hamilton,2,17,2022,169
alonso,Fernando Alonso,0,17,2022,59
vettel,Sebastian Vettel,4,17,2022,24
vettel,Sebastian Vettel,8,18,2022,32
hamilton,Lewis Hamilton,10,18,2022,179
alonso,Fernando Alonso,6,18,2022,65
perez,Sergio Pérez,18,18,2022,243
ricciardo,Daniel Ricciardo,0,18,2022,26
bottas,Valtteri Bottas,0,18,2022,44
kevin_magnussen,Kevin Magnussen,0,18,2022,19
max_verstappen,Max Verstappen,25,18,2022,350
sainz,Carlos Sainz,0,18,2022,191
ocon,Esteban Ocon,12,18,2022,75
stroll,Lance Stroll,0,18,2022,13
gasly,Pierre Gasly,0,18,2022,23
leclerc,Charles Leclerc,15,18,2022,238
norris,Lando Norris,1,18,2022,97
russell,George Russell,4,18,2022,202
albon,Alexander Albon,0,18,2022,4
latifi,Nicholas Latifi,2,18,2022,2
tsunoda,Yuki Tsunoda,0,18,2022,11
mick_schumacher,Mick Schumacher,0,18,2022,12
zhou,Guanyu Zhou,0,18,2022,6
ocon,Esteban Ocon,0,19,2022,75
stroll,Lance Stroll,0,19,2022,13
gasly,Pierre Gasly,0,19,2022,23
leclerc,Charles Leclerc,15,19,2022,253
norris,Lando Norris,8,19,2022,105
russell,George Russell,11,19,2022,213
albon,Alexander Albon,0,19,2022,4
latifi,Nicholas Latifi,0,19,2022,2
tsunoda,Yuki Tsunoda,1,19,2022,12
mick_schumacher,Mick Schumacher,0,19,2022,12
zhou,Guanyu Zhou,0,19,2022,6
perez,Sergio Pérez,12,19,2022,255
ricciardo,Daniel Ricciardo,0,19,2022,26
bottas,Valtteri Bottas,0,19,2022,44
kevin_magnussen,Kevin Magnussen,2,19,2022,21
max_verstappen,Max Verstappen,25,19,2022,375
sainz,Carlos Sainz,0,19,2022,191
vettel,Sebastian Vettel,4,19,2022,36
hamilton,Lewis Hamilton,18,19,2022,197
alonso,Fernando Alonso,6,19,2022,71
hamilton,Lewis Hamilton,18,20,2022,215
alonso,Fernando Alonso,0,20,2022,71
vettel,Sebastian Vettel,0,20,2022,36
ocon,Esteban Ocon,4,20,2022,79
stroll,Lance Stroll,0,20,2022,13
gasly,Pierre Gasly,0,20,2022,23
leclerc,Charles Leclerc,8,20,2022,261
norris,Lando Norris,2,20,2022,107
russell,George Russell,13,20,2022,226
albon,Alexander Albon,0,20,2022,4
latifi,Nicholas Latifi,0,20,2022,2
tsunoda,Yuki Tsunoda,0,20,2022,12
mick_schumacher,Mick Schumacher,0,20,2022,12
zhou,Guanyu Zhou,0,20,2022,6
perez,Sergio Pérez,15,20,2022,270
ricciardo,Daniel Ricciardo,6,20,2022,32
bottas,Valtteri Bottas,1,20,2022,45
kevin_magnussen,Kevin Magnussen,0,20,2022,21
max_verstappen,Max Verstappen,25,20,2022,400
sainz,Carlos Sainz,10,20,2022,201
perez,Sergio Pérez,6,21,2022,276
ricciardo,Daniel Ricciardo,0,21,2022,32
bottas,Valtteri Bottas,2,21,2022,47
kevin_magnussen,Kevin Magnussen,0,21,2022,21
max_verstappen,Max Verstappen,8,21,2022,408
sainz,Carlos Sainz,15,21,2022,216
ocon,Esteban Ocon,4,21,2022,83
stroll,Lance Stroll,1,21,2022,14
gasly,Pierre Gasly,0,21,2022,23
leclerc,Charles Leclerc,12,21,2022,273
norris,Lando Norris,0,21,2022,107
russell,George Russell,26,21,2022,252
albon,Alexander Albon,0,21,2022,4
latifi,Nicholas Latifi,0,21,2022,2
tsunoda,Yuki Tsunoda,0,21,2022,12
mick_schumacher,Mick Schumacher,0,21,2022,12
zhou,Guanyu Zhou,0,21,2022,6
hamilton,Lewis Hamilton,18,21,2022,233
alonso,Fernando Alonso,10,21,2022,81
vettel,Sebastian Vettel,0,21,2022,36
vettel,Sebastian Vettel,1,22,2022,37
hamilton,Lewis Hamilton,0,22,2022,233
alonso,Fernando Alonso,0,22,2022,81
perez,Sergio Pérez,15,22,2022,291
ricciardo,Daniel Ricciardo,2,22,2022,34
bottas,Valtteri Bottas,0,22,2022,47
kevin_magnussen,Kevin Magnussen,0,22,2022,21
max_verstappen,Max Verstappen,25,22,2022,433
sainz,Carlos Sainz,12,22,2022,228
ocon,Esteban Ocon,6,22,2022,89
stroll,Lance Stroll,4,22,2022,18
gasly,Pierre Gasly,0,22,2022,23
leclerc,Charles Leclerc,18,22,2022,291
norris,Lando Norris,9,22,2022,116
russell,George Russell,10,22,2022,262
albon,Alexander Albon,0,22,2022,4
latifi,Nicholas Latifi,0,22,2022,2
tsunoda,Yuki Tsunoda,0,22,2022,12
mick_schumacher,Mick Schumacher,0,22,2022,12
zhou,Guanyu Zhou,0,22,2022,6
ocon,Esteban Ocon,0,1,2021,0
stroll,Lance Stroll,1,1,2021,1
giovinazzi,Antonio Giovinazzi,0,1,2021,0
gasly,Pierre Gasly,0,1,2021,0
leclerc,Charles Leclerc,8,1,2021,8
norris,Lando Norris,12,1,2021,12
russell,George Russell,0,1,2021,0
latifi,Nicholas Latifi,0,1,2021,0
tsunoda,Yuki Tsunoda,2,1,2021,2
mazepin,Nikita Mazepin,0,1,2021,0
mick_schumacher,Mick Schumacher,0,1,2021,0
perez,Sergio Pérez,10,1,2021,10
ricciardo,Daniel Ricciardo,6,1,2021,6
bottas,Valtteri Bottas,16,1,2021,16
max_verstappen,Max Verstappen,18,1,2021,18
sainz,Carlos Sainz,4,1,2021,4
vettel,Sebastian Vettel,0,1,2021,0
hamilton,Lewis Hamilton,25,1,2021,25
alonso,Fernando Alonso,0,1,2021,0
raikkonen,Kimi Räikkönen,0,1,2021,0
hamilton,Lewis Hamilton,19,2,2021,44
alonso,Fernando Alonso,1,2,2021,1
raikkonen,Kimi Räikkönen,0,2,2021,0
vettel,Sebastian Vettel,0,2,2021,0
ocon,Esteban Ocon,2,2,2021,2
stroll,Lance Stroll,4,2,2021,5
giovinazzi,Antonio Giovinazzi,0,2,2021,0
gasly,Pierre Gasly,6,2,2021,6
leclerc,Charles Leclerc,12,2,2021,20
norris,Lando Norris,15,2,2021,27
russell,George Russell,0,2,2021,0
latifi,Nicholas Latifi,0,2,2021,0
tsunoda,Yuki Tsunoda,0,2,2021,2
mazepin,Nikita Mazepin,0,2,2021,0
mick_schumacher,Mick Schumacher,0,2,2021,0
perez,Sergio Pérez,0,2,2021,10
ricciardo,Daniel Ricciardo,8,2,2021,14
bottas,Valtteri Bottas,0,2,2021,16
max_verstappen,Max Verstappen,25,2,2021,43
sainz,Carlos Sainz,10,2,2021,14
perez,Sergio Pérez,12,3,2021,22
ricciardo,Daniel Ricciardo,2,3,2021,16
bottas,Valtteri Bottas,16,3,2021,32
max_verstappen,Max Verstappen,18,3,2021,61
sainz,Carlos Sainz,0,3,2021,14
ocon,Esteban Ocon,6,3,2021,8
stroll,Lance Stroll,0,3,2021,5
giovinazzi,Antonio Giovinazzi,0,3,2021,0
gasly,Pierre Gasly,1,3,2021,7
leclerc,Charles Leclerc,8,3,2021,28
norris,Lando Norris,10,3,2021,37
russell,George Russell,0,3,2021,0
latifi,Nicholas Latifi,0,3,2021,0
tsunoda,Yuki Tsunoda,0,3,2021,2
mazepin,Nikita Mazepin,0,3,2021,0
mick_schumacher,Mick Schumacher,0,3,2021,0
hamilton,Lewis Hamilton,25,3,2021,69
alonso,Fernando Alonso,4,3,2021,5
raikkonen,Kimi Räikkönen,0,3,2021,0
vettel,Sebastian Vettel,0,3,2021,0
vettel,Sebastian Vettel,0,4,2021,0
hamilton,Lewis Hamilton,25,4,2021,94
alonso,Fernando Alonso,0,4,2021,5
raikkonen,Kimi Räikkönen,0,4,2021,0
perez,Sergio Pérez,10,4,2021,32
ricciardo,Daniel Ricciardo,8,4,2021,24
bottas,Valtteri Bottas,15,4,2021,47
max_verstappen,Max Verstappen,19,4,2021,80
sainz,Carlos Sainz,6,4,2021,20
ocon,Esteban Ocon,2,4,2021,10
stroll,Lance Stroll,0,4,2021,5
giovinazzi,Antonio Giovinazzi,0,4,2021,0
gasly,Pierre Gasly,1,4,2021,8
leclerc,Charles Leclerc,12,4,2021,40
norris,Lando Norris,4,4,2021,41
russell,George Russell,0,4,2021,0
latifi,Nicholas Latifi,0,4,2021,0
tsunoda,Yuki Tsunoda,0,4,2021,2
mazepin,Nikita Mazepin,0,4,2021,0
mick_schumacher,Mick Schumacher,0,4,2021,0
ocon,Esteban Ocon,2,5,2021,12
stroll,Lance Stroll,4,5,2021,9
giovinazzi,Antonio Giovinazzi,1,5,2021,1
gasly,Pierre Gasly,8,5,2021,16
leclerc,Charles Leclerc,0,5,2021,40
norris,Lando Norris,15,5,2021,56
russell,George Russell,0,5,2021,0
latifi,Nicholas Latifi,0,5,2021,0
tsunoda,Yuki Tsunoda,0,5,2021,2
mazepin,Nikita Mazepin,0,5,2021,0
mick_schumacher,Mick Schumacher,0,5,2021,0
perez,Sergio Pérez,12,5,2021,44
ricciardo,Daniel Ricciardo,0,5,2021,24
bottas,Valtteri Bottas,0,5,2021,47
max_verstappen,Max Verstappen,25,5,2021,105
sainz,Carlos Sainz,18,5,2021,38
vettel,Sebastian Vettel,10,5,2021,10
hamilton,Lewis Hamilton,7,5,2021,101
alonso,Fernando Alonso,0,5,2021,5
raikkonen,Kimi Räikkönen,0,5,2021,0
hamilton,Lewis Hamilton,0,6,2021,101
alonso,Fernando Alonso,8,6,2021,13
raikkonen,Kimi Räikkönen,1,6,2021,1
vettel,Sebastian Vettel,18,6,2021,28
ocon,Esteban Ocon,0,6,2021,12
stroll,Lance Stroll,0,6,2021,9
giovinazzi,Antonio Giovinazzi,0,6,2021,1
gasly,Pierre Gasly,15,6,2021,31
leclerc,Charles Leclerc,12,6,2021,52
norris,Lando Norris,10,6,2021,66
russell,George Russell,0,6,2021,0
latifi,Nicholas Latifi,0,6,2021,0
tsunoda,Yuki Tsunoda,6,6,2021,8
mazepin,Nikita Mazepin,0,6,2021,0
mick_schumacher,Mick Schumacher,0,6,2021,0
perez,Sergio Pérez,25,6,2021,69
ricciardo,Daniel Ricciardo,2,6,2021,26
bottas,Valtteri Bottas,0,6,2021,47
max_verstappen,Max Verstappen,0,6,2021,105
sainz,Carlos Sainz,4,6,2021,42
perez,Sergio Pérez,15,7,2021,84
ricciardo,Daniel Ricciardo,8,7,2021,34
bottas,Valtteri Bottas,12,7,2021,59
max_verstappen,Max Verstappen,26,7,2021,131
sainz,Carlos Sainz,0,7,2021,42
ocon,Esteban Ocon,0,7,2021,12
stroll,Lance Stroll,1,7,2021,10
giovinazzi,Antonio Giovinazzi,0,7,2021,1
gasly,Pierre Gasly,6,7,2021,37
leclerc,Charles Leclerc,0,7,2021,52
norris,Lando Norris,10,7,2021,76
russell,George Russell,0,7,2021,0
latifi,Nicholas Latifi,0,7,2021,0
tsunoda,Yuki Tsunoda,0,7,2021,8
mazepin,Nikita Mazepin,0,7,2021,0
mick_schumacher,Mick Schumacher,0,7,2021,0
hamilton,Lewis Hamilton,18,7,2021,119
alonso,Fernando Alonso,4,7,2021,17
raikkonen,Kimi Räikkönen,0,7,2021,1
vettel,Sebastian Vettel,2,7,2021,30
vettel,Sebastian Vettel,0,8,2021,30
hamilton,Lewis Hamilton,19,8,2021,138
alonso,Fernando Alonso,2,8,2021,19
raikkonen,Kimi Räikkönen,0,8,2021,1
perez,Sergio Pérez,12,8,2021,96
ricciardo,Daniel Ricciardo,0,8,2021,34
bottas,Valtteri Bottas,15,8,2021,74
max_verstappen,Max Verstappen,25,8,2021,156
sainz,Carlos Sainz,8,8,2021,50
ocon,Esteban Ocon,0,8,2021,12
stroll,Lance Stroll,4,8,2021,14
giovinazzi,Antonio Giovinazzi,0,8,2021,1
gasly,Pierre Gasly,0,8,2021,37
leclerc,Charles Leclerc,6,8,2021,58
norris,Lando Norris,10,8,2021,86
russell,George Russell,0,8,2021,0
latifi,Nicholas Latifi,0,8,2021,0
tsunoda,Yuki Tsunoda,1,8,2021,9
mazepin,Nikita Mazepin,0,8,2021,0
mick_schumacher,Mick Schumacher,0,8,2021,0
ocon,Esteban Ocon,0,9,2021,12
stroll,Lance Stroll,0,9,2021,14
giovinazzi,Antonio Giovinazzi,0,9,2021,1
gasly,Pierre Gasly,2,9,2021,39
leclerc,Charles Leclerc,4,9,2021,62
norris,Lando Norris,15,9,2021,101
russell,George Russell,0,9,2021,0
latifi,Nicholas Latifi,0,9,2021,0
tsunoda,Yuki Tsunoda,0,9,2021,9
mazepin,Nikita Mazepin,0,9,2021,0
mick_schumacher,Mick Schumacher,0,9,2021,0
perez,Sergio Pérez,8,9,2021,104
ricciardo,Daniel Ricciardo,6,9,2021,40
bottas,Valtteri Bottas,18,9,2021,92
max_verstappen,Max Verstappen,26,9,2021,182
sainz,Carlos Sainz,10,9,2021,60
vettel,Sebastian Vettel,0,9,2021,30
hamilton,Lewis Hamilton,12,9,2021,150
alonso,Fernando Alonso,1,9,2021,20
raikkonen,Kimi Räikkönen,0,9,2021,1
hamilton,Lewis Hamilton,25,10,2021,175
alonso,Fernando Alonso,6,10,2021,26
raikkonen,Kimi Räikkönen,0,10,2021,1
vettel,Sebastian Vettel,0,10,2021,30
ocon,Esteban Ocon,2,10,2021,14
stroll,Lance Stroll,4,10,2021,18
giovinazzi,Antonio Giovinazzi,0,10,2021,1
gasly,Pierre Gasly,0,10,2021,39
leclerc,Charles Leclerc,18,10,2021,80
norris,Lando Norris,12,10,2021,113
russell,George Russell,0,10,2021,0
latifi,Nicholas Latifi,0,10,2021,0
tsunoda,Yuki Tsunoda,1,10,2021,10
mazepin,Nikita Mazepin,0,10,2021,0
mick_schumacher,Mick Schumacher,0,10,2021,0
perez,Sergio Pérez,0,10,2021,104
ricciardo,Daniel Ricciardo,10,10,2021,50
bottas,Valtteri Bottas,15,10,2021,107
max_verstappen,Max Verstappen,0,10,2021,182
sainz,Carlos Sainz,8,10,2021,68
perez,Sergio Pérez,0,11,2021,104
ricciardo,Daniel Ricciardo,0,11,2021,50
bottas,Valtteri Bottas,0,11,2021,107
max_verstappen,Max Verstappen,2,11,2021,184
sainz,Carlos Sainz,15,11,2021,83
ocon,Esteban Ocon,25,11,2021,39
stroll,Lance Stroll,0,11,2021,18
giovinazzi,Antonio Giovinazzi,0,11,2021,1
gasly,Pierre Gasly,11,11,2021,50
leclerc,Charles Leclerc,0,11,2021,80
norris,Lando Norris,0,11,2021,113
russell,George Russell,4,11,2021,4
latifi,Nicholas Latifi,6,11,2021,6
tsunoda,Yuki Tsunoda,8,11,2021,18
mazepin,Nikita Mazepin,0,11,2021,0
mick_schumacher,Mick Schumacher,0,11,2021,0
hamilton,Lewis Hamilton,18,11,2021,193
alonso,Fernando Alonso,12,11,2021,38
raikkonen,Kimi Räikkönen,1,11,2021,2
vettel,Sebastian Vettel,0,11,2021,30
vettel,Sebastian Vettel,5,12,2021,35
hamilton,Lewis Hamilton,7,12,2021,200
alonso,Fernando Alonso,0,12,2021,38
raikkonen,Kimi Räikkönen,0,12,2021,2
perez,Sergio Pérez,0,12,2021,104
ricciardo,Daniel Ricciardo,6,12,2021,56
bottas,Valtteri Bottas,0,12,2021,107
max_verstappen,Max Verstappen,12,12,2021,196
sainz,Carlos Sainz,0,12,2021,83
ocon,Esteban Ocon,3,12,2021,42
stroll,Lance Stroll,0,12,2021,18
giovinazzi,Antonio Giovinazzi,0,12,2021,1
gasly,Pierre Gasly,4,12,2021,54
leclerc,Charles Leclerc,2,12,2021,82
norris,Lando Norris,0,12,2021,113
russell,George Russell,9,12,2021,13
latifi,Nicholas Latifi,1,12,2021,7
tsunoda,Yuki Tsunoda,0,12,2021,18
mazepin,Nikita Mazepin,0,12,2021,0
mick_schumacher,Mick Schumacher,0,12,2021,0
ocon,Esteban Ocon,2,13,2021,44
stroll,Lance Stroll,0,13,2021,18
giovinazzi,Antonio Giovinazzi,0,13,2021,1
gasly,Pierre Gasly,12,13,2021,66
leclerc,Charles Leclerc,10,13,2021,92
norris,Lando Norris,1,13,2021,114
russell,George Russell,0,13,2021,13
latifi,Nicholas Latifi,0,13,2021,7
tsunoda,Yuki Tsunoda,0,13,2021,18
mazepin,Nikita Mazepin,0,13,2021,0
mick_schumacher,Mick Schumacher,0,13,2021,0
perez,Sergio Pérez,4,13,2021,108
ricciardo,Daniel Ricciardo,0,13,2021,56
bottas,Valtteri Bottas,15,13,2021,122
max_verstappen,Max Verstappen,25,13,2021,221
sainz,Carlos Sainz,6,13,2021,89
vettel,Sebastian Vettel,0,13,2021,35
hamilton,Lewis Hamilton,19,13,2021,219
alonso,Fernando Alonso,8,13,2021,46
kubica,Robert Kubica,0,13,2021,0
hamilton,Lewis Hamilton,0,14,2021,219
alonso,Fernando Alonso,4,14,2021,50
kubica,Robert Kubica,0,14,2021,0
vettel,Sebastian Vettel,0,14,2021,35
ocon,Esteban Ocon,1,14,2021,45
stroll,Lance Stroll,6,14,2021,24
giovinazzi,Antonio Giovinazzi,0,14,2021,1
gasly,Pierre Gasly,0,14,2021,66
leclerc,Charles Leclerc,12,14,2021,104
norris,Lando Norris,18,14,2021,132
russell,George Russell,2,14,2021,15
latifi,Nicholas Latifi,0,14,2021,7
tsunoda,Yuki Tsunoda,0,14,2021,18
mazepin,Nikita Mazepin,0,14,2021,0
mick_schumacher,Mick Schumacher,0,14,2021,0
perez,Sergio Pérez,10,14,2021,118
ricciardo,Daniel Ricciardo,26,14,2021,82
bottas,Valtteri Bottas,15,14,2021,137
max_verstappen,Max Verstappen,0,14,2021,221
sainz,Carlos Sainz,8,14,2021,97
perez,Sergio Pérez,2,15,2021,120
ricciardo,Daniel Ricciardo,12,15,2021,94
bottas,Valtteri Bottas,10,15,2021,147
max_verstappen,Max Verstappen,18,15,2021,239
sainz,Carlos Sainz,15,15,2021,112
ocon,Esteban Ocon,0,15,2021,45
stroll,Lance Stroll,0,15,2021,24
giovinazzi,Antonio Giovinazzi,0,15,2021,1
gasly,Pierre Gasly,0,15,2021,66
leclerc,Charles Leclerc,0,15,2021,104
norris,Lando Norris,7,15,2021,139
russell,George Russell,1,15,2021,16
latifi,Nicholas Latifi,0,15,2021,7
tsunoda,Yuki Tsunoda,0,15,2021,18
mazepin,Nikita Mazepin,0,15,2021,0
mick_schumacher,Mick Schumacher,0,15,2021,0
hamilton,Lewis Hamilton,25,15,2021,244
alonso,Fernando Alonso,8,15,2021,58
raikkonen,Kimi Räikkönen,4,15,2021,6
vettel,Sebastian Vettel,0,15,2021,35
vettel,Sebastian Vettel,0,16,2021,35
hamilton,Lewis Hamilton,10,16,2021,254
alonso,Fernando Alonso,0,16,2021,58
raikkonen,Kimi Räikkönen,0,16,2021,6
perez,Sergio Pérez,15,16,2021,135
ricciardo,Daniel Ricciardo,0,16,2021,94
bottas,Valtteri Bottas,26,16,2021,173
max_verstappen,Max Verstappen,18,16,2021,257
sainz,Carlos Sainz,4,16,2021,116
ocon,Esteban Ocon,1,16,2021,46
stroll,Lance Stroll,2,16,2021,26
giovinazzi,Antonio Giovinazzi,0,16,2021,1
gasly,Pierre Gasly,8,16,2021,74
leclerc,Charles Leclerc,12,16,2021,116
norris,Lando Norris,6,16,2021,145
russell,George Russell,0,16,2021,16
latifi,Nicholas Latifi,0,16,2021,7
tsunoda,Yuki Tsunoda,0,16,2021,18
mazepin,Nikita Mazepin,0,16,2021,0
mick_schumacher,Mick Schumacher,0,16,2021,0
ocon,Esteban Ocon,0,17,2021,46
stroll,Lance Stroll,0,17,2021,26
giovinazzi,Antonio Giovinazzi,0,17,2021,1
gasly,Pierre Gasly,0,17,2021,74
leclerc,Charles Leclerc,12,17,2021,128
norris,Lando Norris,4,17,2021,149
russell,George Russell,0,17,2021,16
latifi,Nicholas Latifi,0,17,2021,7
tsunoda,Yuki Tsunoda,2,17,2021,20
mazepin,Nikita Mazepin,0,17,2021,0
mick_schumacher,Mick Schumacher,0,17,2021,0
perez,Sergio Pérez,15,17,2021,150
ricciardo,Daniel Ricciardo,10,17,2021,104
bottas,Valtteri Bottas,8,17,2021,181
max_verstappen,Max Verstappen,25,17,2021,282
sainz,Carlos Sainz,6,17,2021,122
vettel,Sebastian Vettel,1,17,2021,36
hamilton,Lewis Hamilton,19,17,2021,273
alonso,Fernando Alonso,0,17,2021,58
raikkonen,Kimi Räikkönen,0,17,2021,6
hamilton,Lewis Hamilton,18,18,2021,291
alonso,Fernando Alonso,2,18,2021,60
raikkonen,Kimi Räikkönen,4,18,2021,10
vettel,Sebastian Vettel,6,18,2021,42
ocon,Esteban Ocon,0,18,2021,46
stroll,Lance Stroll,0,18,2021,26
giovinazzi,Antonio Giovinazzi,0,18,2021,1
gasly,Pierre Gasly,12,18,2021,86
leclerc,Charles Leclerc,10,18,2021,138
norris,Lando Norris,1,18,2021,150
russell,George Russell,0,18,2021,16
latifi,Nicholas Latifi,0,18,2021,7
tsunoda,Yuki Tsunoda,0,18,2021,20
mazepin,Nikita Mazepin,0,18,2021,0
mick_schumacher,Mick Schumacher,0,18,2021,0
perez,Sergio Pérez,15,18,2021,165
ricciardo,Daniel Ricciardo,0,18,2021,104
bottas,Valtteri Bottas,0,18,2021,181
max_verstappen,Max Verstappen,25,18,2021,307
sainz,Carlos Sainz,8,18,2021,130
perez,Sergio Pérez,13,19,2021,178
ricciardo,Daniel Ricciardo,0,19,2021,104
bottas,Valtteri Bottas,15,19,2021,196
max_verstappen,Max Verstappen,18,19,2021,325
sainz,Carlos Sainz,8,19,2021,138
ocon,Esteban Ocon,4,19,2021,50
stroll,Lance Stroll,0,19,2021,26
giovinazzi,Antonio Giovinazzi,0,19,2021,1
gasly,Pierre Gasly,6,19,2021,92
leclerc,Charles Leclerc,10,19,2021,148
norris,Lando Norris,1,19,2021,151
russell,George Russell,0,19,2021,16
latifi,Nicholas Latifi,0,19,2021,7
tsunoda,Yuki Tsunoda,0,19,2021,20
mazepin,Nikita Mazepin,0,19,2021,0
mick_schumacher,Mick Schumacher,0,19,2021,0
hamilton,Lewis Hamilton,25,19,2021,316
alonso,Fernando Alonso,2,19,2021,62
raikkonen,Kimi Räikkönen,0,19,2021,10
vettel,Sebastian Vettel,0,19,2021,42
vettel,Sebastian Vettel,1,20,2021,43
hamilton,Lewis Hamilton,25,20,2021,341
alonso,Fernando Alonso,15,20,2021,77
raikkonen,Kimi Räikkönen,0,20,2021,10
perez,Sergio Pérez,12,20,2021,190
ricciardo,Daniel Ricciardo,0,20,2021,104
bottas,Valtteri Bottas,0,20,2021,196
max_verstappen,Max Verstappen,19,20,2021,344
sainz,Carlos Sainz,6,20,2021,144
ocon,Esteban Ocon,10,20,2021,60
stroll,Lance Stroll,8,20,2021,34
giovinazzi,Antonio Giovinazzi,0,20,2021,1
gasly,Pierre Gasly,0,20,2021,92
leclerc,Charles Leclerc,4,20,2021,152
norris,Lando Norris,2,20,2021,153
russell,George Russell,0,20,2021,16
latifi,Nicholas Latifi,0,20,2021,7
tsunoda,Yuki Tsunoda,0,20,2021,20
mazepin,Nikita Mazepin,0,20,2021,0
mick_schumacher,Mick Schumacher,0,20,2021,0
ocon,Esteban Ocon,12,21,2021,72
stroll,Lance Stroll,0,21,2021,34
giovinazzi,Antonio Giovinazzi,2,21,2021,3
gasly,Pierre Gasly,8,21,2021,100
leclerc,Charles Leclerc,6,21,2021,158
norris,Lando Norris,1,21,2021,154
russell,George Russell,0,21,2021,16
latifi,Nicholas Latifi,0,21,2021,7
tsunoda,Yuki Tsunoda,0,21,2021,20
mazepin,Nikita Mazepin,0,21,2021,0
mick_schumacher,Mick Schumacher,0,21,2021,0
perez,Sergio Pérez,0,21,2021,190
ricciardo,Daniel Ricciardo,10,21,2021,114
bottas,Valtteri Bottas,15,21,2021,211
max_verstappen,Max Verstappen,18,21,2021,362
sainz,Carlos Sainz,4,21,2021,148
vettel,Sebastian Vettel,0,21,2021,43
hamilton,Lewis Hamilton,26,21,2021,367
alonso,Fernando Alonso,0,21,2021,77
raikkonen,Kimi Räikkönen,0,21,2021,10
hamilton,Lewis Hamilton,18,22,2021,385
alonso,Fernando Alonso,4,22,2021,81
raikkonen,Kimi Räikkönen,0,22,2021,10
vettel,Sebastian Vettel,0,22,2021,43
ocon,Esteban Ocon,2,22,2021,74
stroll,Lance Stroll,0,22,2021,34
giovinazzi,Antonio Giovinazzi,0,22,2021,3
gasly,Pierre Gasly,10,22,2021,110
leclerc,Charles Leclerc,1,22,2021,159
norris,Lando Norris,6,22,2021,160
russell,George Russell,0,22,2021,16
latifi,Nicholas Latifi,0,22,2021,7
tsunoda,Yuki Tsunoda,12,22,2021,32
mazepin,Nikita Mazepin,0,22,2021,0
mick_schumacher,Mick Schumacher,0,22,2021,0
perez,Sergio Pérez,0,22,2021,190
ricciardo,Daniel Ricciardo,0,22,2021,114
bottas,Valtteri Bottas,8,22,2021,219
max_verstappen,Max Verstappen,26,22,2021,388
sainz,Carlos Sainz,15,22,2021,163
perez,Sergio Pérez,8,1,2020,8
ricciardo,Daniel Ricciardo,0,1,2020,0
bottas,Valtteri Bottas,25,1,2020,25
kevin_magnussen,Kevin Magnussen,0,1,2020,0
kvyat,Daniil Kvyat,0,1,2020,0
max_verstappen,Max Verstappen,0,1,2020,0
sainz,Carlos Sainz,10,1,2020,10
ocon,Esteban Ocon,4,1,2020,4
stroll,Lance Stroll,0,1,2020,0
giovinazzi,Antonio Giovinazzi,2,1,2020,2
gasly,Pierre Gasly,6,1,2020,6
leclerc,Charles Leclerc,18,1,2020,18
norris,Lando Norris,16,1,2020,16
russell,George Russell,0,1,2020,0
albon,Alexander Albon,0,1,2020,0
latifi,Nicholas Latifi,0,1,2020,0
hamilton,Lewis Hamilton,12,1,2020,12
raikkonen,Kimi Räikkönen,0,1,2020,0
vettel,Sebastian Vettel,1,1,2020,1
grosjean,Romain Grosjean,0,1,2020,0
grosjean,Romain Grosjean,0,2,2020,0
vettel,Sebastian Vettel,0,2,2020,1
perez,Sergio Pérez,8,2,2020,16
ricciardo,Daniel Ricciardo,4,2,2020,4
bottas,Valtteri Bottas,18,2,2020,43
kevin_magnussen,Kevin Magnussen,0,2,2020,0
kvyat,Daniil Kvyat,1,2,2020,1
max_verstappen,Max Verstappen,15,2,2020,15
sainz,Carlos Sainz,3,2,2020,13
hamilton,Lewis Hamilton,25,2,2020,37
raikkonen,Kimi Räikkönen,0,2,2020,0
ocon,Esteban Ocon,0,2,2020,4
stroll,Lance Stroll,6,2,2020,6
giovinazzi,Antonio Giovinazzi,0,2,2020,2
gasly,Pierre Gasly,0,2,2020,6
leclerc,Charles Leclerc,0,2,2020,18
norris,Lando Norris,10,2,2020,26
russell,George Russell,0,2,2020,0
albon,Alexander Albon,12,2,2020,12
latifi,Nicholas Latifi,0,2,2020,0
ocon,Esteban Ocon,0,3,2020,4
stroll,Lance Stroll,12,3,2020,18
giovinazzi,Antonio Giovinazzi,0,3,2020,2
gasly,Pierre Gasly,0,3,2020,6
leclerc,Charles Leclerc,0,3,2020,18
norris,Lando Norris,0,3,2020,26
russell,George Russell,0,3,2020,0
albon,Alexander Albon,10,3,2020,22
latifi,Nicholas Latifi,0,3,2020,0
hamilton,Lewis Hamilton,26,3,2020,63
raikkonen,Kimi Räikkönen,0,3,2020,0
grosjean,Romain Grosjean,0,3,2020,0
perez,Sergio Pérez,6,3,2020,22
ricciardo,Daniel Ricciardo,4,3,2020,8
bottas,Valtteri Bottas,15,3,2020,58
kevin_magnussen,Kevin Magnussen,1,3,2020,1
kvyat,Daniil Kvyat,0,3,2020,1
max_verstappen,Max Verstappen,18,3,2020,33
sainz,Carlos Sainz,2,3,2020,15
vettel,Sebastian Vettel,8,3,2020,9
vettel,Sebastian Vettel,1,4,2020,10
hulkenberg,Nico Hülkenberg,0,4,2020,0
ricciardo,Daniel Ricciardo,12,4,2020,20
bottas,Valtteri Bottas,0,4,2020,58
kevin_magnussen,Kevin Magnussen,0,4,2020,1
kvyat,Daniil Kvyat,0,4,2020,1
max_verstappen,Max Verstappen,19,4,2020,52
sainz,Carlos Sainz,0,4,2020,15
ocon,Esteban Ocon,8,4,2020,12
stroll,Lance Stroll,2,4,2020,20
giovinazzi,Antonio Giovinazzi,0,4,2020,2
gasly,Pierre Gasly,6,4,2020,12
leclerc,Charles Leclerc,15,4,2020,33
norris,Lando Norris,10,4,2020,36
russell,George Russell,0,4,2020,0
albon,Alexander Albon,4,4,2020,26
latifi,Nicholas Latifi,0,4,2020,0
grosjean,Romain Grosjean,0,4,2020,0
hamilton,Lewis Hamilton,25,4,2020,88
raikkonen,Kimi Räikkönen,0,4,2020,0
hamilton,Lewis Hamilton,19,5,2020,107
raikkonen,Kimi Räikkönen,0,5,2020,0
grosjean,Romain Grosjean,0,5,2020,0
vettel,Sebastian Vettel,0,5,2020,10
ocon,Esteban Ocon,4,5,2020,16
stroll,Lance Stroll,8,5,2020,28
giovinazzi,Antonio Giovinazzi,0,5,2020,2
gasly,Pierre Gasly,0,5,2020,12
leclerc,Charles Leclerc,12,5,2020,45
norris,Lando Norris,2,5,2020,38
russell,George Russell,0,5,2020,0
albon,Alexander Albon,10,5,2020,36
latifi,Nicholas Latifi,0,5,2020,0
hulkenberg,Nico Hülkenberg,6,5,2020,6
ricciardo,Daniel Ricciardo,0,5,2020,20
bottas,Valtteri Bottas,15,5,2020,73
kevin_magnussen,Kevin Magnussen,0,5,2020,1
kvyat,Daniil Kvyat,1,5,2020,2
max_verstappen,Max Verstappen,25,5,2020,77
sainz,Carlos Sainz,0,5,2020,15
perez,Sergio Pérez,10,6,2020,32
ricciardo,Daniel Ricciardo,0,6,2020,20
bottas,Valtteri Bottas,16,6,2020,89
kevin_magnussen,Kevin Magnussen,0,6,2020,1
kvyat,Daniil Kvyat,0,6,2020,2
max_verstappen,Max Verstappen,18,6,2020,95
sainz,Carlos Sainz,8,6,2020,23
ocon,Esteban Ocon,0,6,2020,16
stroll,Lance Stroll,12,6,2020,40
giovinazzi,Antonio Giovinazzi,0,6,2020,2
gasly,Pierre Gasly,2,6,2020,14
leclerc,Charles Leclerc,0,6,2020,45
norris,Lando Norris,1,6,2020,39
russell,George Russell,0,6,2020,0
albon,Alexander Albon,4,6,2020,40
latifi,Nicholas Latifi,0,6,2020,0
hamilton,Lewis Hamilton,25,6,2020,132
raikkonen,Kimi Räikkönen,0,6,2020,0
vettel,Sebastian Vettel,6,6,2020,16
grosjean,Romain Grosjean,0,6,2020,0
grosjean,Romain Grosjean,0,7,2020,0
vettel,Sebastian Vettel,0,7,2020,16
perez,Sergio Pérez,1,7,2020,33
ricciardo,Daniel Ricciardo,13,7,2020,33
bottas,Valtteri Bottas,18,7,2020,107
kevin_magnussen,Kevin Magnussen,0,7,2020,1
kvyat,Daniil Kvyat,0,7,2020,2
max_verstappen,Max Verstappen,15,7,2020,110
sainz,Carlos Sainz,0,7,2020,23
hamilton,Lewis Hamilton,25,7,2020,157
raikkonen,Kimi Räikkönen,0,7,2020,0
ocon,Esteban Ocon,10,7,2020,26
stroll,Lance Stroll,2,7,2020,42
giovinazzi,Antonio Giovinazzi,0,7,2020,2
gasly,Pierre Gasly,4,7,2020,18
leclerc,Charles Leclerc,0,7,2020,45
norris,Lando Norris,6,7,2020,45
russell,George Russell,0,7,2020,0
albon,Alexander Albon,8,7,2020,48
latifi,Nicholas Latifi,0,7,2020,0
ocon,Esteban Ocon,4,8,2020,30
stroll,Lance Stroll,15,8,2020,57
giovinazzi,Antonio Giovinazzi,0,8,2020,2
gasly,Pierre Gasly,25,8,2020,43
leclerc,Charles Leclerc,0,8,2020,45
norris,Lando Norris,12,8,2020,57
russell,George Russell,0,8,2020,0
albon,Alexander Albon,0,8,2020,48
latifi,Nicholas Latifi,0,8,2020,0
hamilton,Lewis Hamilton,7,8,2020,164
raikkonen,Kimi Räikkönen,0,8,2020,0
grosjean,Romain Grosjean,0,8,2020,0
perez,Sergio Pérez,1,8,2020,34
ricciardo,Daniel Ricciardo,8,8,2020,41
bottas,Valtteri Bottas,10,8,2020,117
kevin_magnussen,Kevin Magnussen,0,8,2020,1
kvyat,Daniil Kvyat,2,8,2020,4
max_verstappen,Max Verstappen,0,8,2020,110
sainz,Carlos Sainz,18,8,2020,41
vettel,Sebastian Vettel,0,8,2020,16
vettel,Sebastian Vettel,1,9,2020,17
perez,Sergio Pérez,10,9,2020,44
ricciardo,Daniel Ricciardo,12,9,2020,53
bottas,Valtteri Bottas,18,9,2020,135
kevin_magnussen,Kevin Magnussen,0,9,2020,1
kvyat,Daniil Kvyat,6,9,2020,10
max_verstappen,Max Verstappen,0,9,2020,110
sainz,Carlos Sainz,0,9,2020,41
ocon,Esteban Ocon,0,9,2020,30
stroll,Lance Stroll,0,9,2020,57
giovinazzi,Antonio Giovinazzi,0,9,2020,2
gasly,Pierre Gasly,0,9,2020,43
leclerc,Charles Leclerc,4,9,2020,49
norris,Lando Norris,8,9,2020,65
russell,George Russell,0,9,2020,0
albon,Alexander Albon,15,9,2020,63
latifi,Nicholas Latifi,0,9,2020,0
grosjean,Romain Grosjean,0,9,2020,0
hamilton,Lewis Hamilton,26,9,2020,190
raikkonen,Kimi Räikkönen,2,9,2020,2
hamilton,Lewis Hamilton,15,10,2020,205
raikkonen,Kimi Räikkönen,0,10,2020,2
grosjean,Romain Grosjean,0,10,2020,0
vettel,Sebastian Vettel,0,10,2020,17
ocon,Esteban Ocon,6,10,2020,36
stroll,Lance Stroll,0,10,2020,57
giovinazzi,Antonio Giovinazzi,0,10,2020,2
gasly,Pierre Gasly,2,10,2020,45
leclerc,Charles Leclerc,8,10,2020,57
norris,Lando Norris,0,10,2020,65
russell,George Russell,0,10,2020,0
albon,Alexander Albon,1,10,2020,64
latifi,Nicholas Latifi,0,10,2020,0
perez,Sergio Pérez,12,10,2020,56
ricciardo,Daniel Ricciardo,10,10,2020,63
bottas,Valtteri Bottas,26,10,2020,161
kevin_magnussen,Kevin Magnussen,0,10,2020,1
kvyat,Daniil Kvyat,4,10,2020,14
max_verstappen,Max Verstappen,18,10,2020,128
sainz,Carlos Sainz,0,10,2020,41
hulkenberg,Nico Hülkenberg,4,11,2020,10
perez,Sergio Pérez,12,11,2020,68
ricciardo,Daniel Ricciardo,15,11,2020,78
bottas,Valtteri Bottas,0,11,2020,161
kevin_magnussen,Kevin Magnussen,0,11,2020,1
kvyat,Daniil Kvyat,0,11,2020,14
max_verstappen,Max Verstappen,19,11,2020,147
sainz,Carlos Sainz,10,11,2020,51
ocon,Esteban Ocon,0,11,2020,36
giovinazzi,Antonio Giovinazzi,1,11,2020,3
gasly,Pierre Gasly,8,11,2020,53
leclerc,Charles Leclerc,6,11,2020,63
norris,Lando Norris,0,11,2020,65
russell,George Russell,0,11,2020,0
albon,Alexander Albon,0,11,2020,64
latifi,Nicholas Latifi,0,11,2020,0
hamilton,Lewis Hamilton,25,11,2020,230
raikkonen,Kimi Räikkönen,0,11,2020,2
vettel,Sebastian Vettel,0,11,2020,17
grosjean,Romain Grosjean,2,11,2020,2
grosjean,Romain Grosjean,0,12,2020,2
vettel,Sebastian Vettel,1,12,2020,18
perez,Sergio Pérez,6,12,2020,74
ricciardo,Daniel Ricciardo,2,12,2020,80
bottas,Valtteri Bottas,18,12,2020,179
kevin_magnussen,Kevin Magnussen,0,12,2020,1
kvyat,Daniil Kvyat,0,12,2020,14
max_verstappen,Max Verstappen,15,12,2020,162
sainz,Carlos Sainz,8,12,2020,59
hamilton,Lewis Hamilton,26,12,2020,256
raikkonen,Kimi Räikkönen,0,12,2020,2
ocon,Esteban Ocon,4,12,2020,40
stroll,Lance Stroll,0,12,2020,57
giovinazzi,Antonio Giovinazzi,0,12,2020,3
gasly,Pierre Gasly,10,12,2020,63
leclerc,Charles Leclerc,12,12,2020,75
norris,Lando Norris,0,12,2020,65
russell,George Russell,0,12,2020,0
albon,Alexander Albon,0,12,2020,64
latifi,Nicholas Latifi,0,12,2020,0
ocon,Esteban Ocon,0,13,2020,40
stroll,Lance Stroll,0,13,2020,57
giovinazzi,Antonio Giovinazzi,1,13,2020,4
gasly,Pierre Gasly,0,13,2020,63
leclerc,Charles Leclerc,10,13,2020,85
norris,Lando Norris,4,13,2020,69
russell,George Russell,0,13,2020,0
albon,Alexander Albon,0,13,2020,64
latifi,Nicholas Latifi,0,13,2020,0
hamilton,Lewis Hamilton,26,13,2020,282
raikkonen,Kimi Räikkönen,2,13,2020,4
grosjean,Romain Grosjean,0,13,2020,2
perez,Sergio Pérez,8,13,2020,82
ricciardo,Daniel Ricciardo,15,13,2020,95
bottas,Valtteri Bottas,18,13,2020,197
kevin_magnussen,Kevin Magnussen,0,13,2020,1
kvyat,Daniil Kvyat,12,13,2020,26
max_verstappen,Max Verstappen,0,13,2020,162
sainz,Carlos Sainz,6,13,2020,65
vettel,Sebastian Vettel,0,13,2020,18
vettel,Sebastian Vettel,15,14,2020,33
perez,Sergio Pérez,18,14,2020,100
ricciardo,Daniel Ricciardo,1,14,2020,96
bottas,Valtteri Bottas,0,14,2020,197
kevin_magnussen,Kevin Magnussen,0,14,2020,1
kvyat,Daniil Kvyat,0,14,2020,26
max_verstappen,Max Verstappen,8,14,2020,170
sainz,Carlos Sainz,10,14,2020,75
ocon,Esteban Ocon,0,14,2020,40
stroll,Lance Stroll,2,14,2020,59
giovinazzi,Antonio Giovinazzi,0,14,2020,4
gasly,Pierre Gasly,0,14,2020,63
leclerc,Charles Leclerc,12,14,2020,97
norris,Lando Norris,5,14,2020,74
russell,George Russell,0,14,2020,0
albon,Alexander Albon,6,14,2020,70
latifi,Nicholas Latifi,0,14,2020,0
grosjean,Romain Grosjean,0,14,2020,2
hamilton,Lewis Hamilton,25,14,2020,307
raikkonen,Kimi Räikkönen,0,14,2020,4
hamilton,Lewis Hamilton,25,15,2020,332
raikkonen,Kimi Räikkönen,0,15,2020,4
grosjean,Romain Grosjean,0,15,2020,2
vettel,Sebastian Vettel,0,15,2020,33
ocon,Esteban Ocon,2,15,2020,42
stroll,Lance Stroll,0,15,2020,59
giovinazzi,Antonio Giovinazzi,0,15,2020,4
gasly,Pierre Gasly,8,15,2020,71
leclerc,Charles Leclerc,1,15,2020,98
norris,Lando Norris,12,15,2020,86
russell,George Russell,0,15,2020,0
albon,Alexander Albon,15,15,2020,85
latifi,Nicholas Latifi,0,15,2020,0
perez,Sergio Pérez,0,15,2020,100
ricciardo,Daniel Ricciardo,6,15,2020,102
bottas,Valtteri Bottas,4,15,2020,201
kevin_magnussen,Kevin Magnussen,0,15,2020,1
kvyat,Daniil Kvyat,0,15,2020,26
max_verstappen,Max Verstappen,19,15,2020,189
sainz,Carlos Sainz,10,15,2020,85
perez,Sergio Pérez,25,16,2020,125
ricciardo,Daniel Ricciardo,10,16,2020,112
bottas,Valtteri Bottas,4,16,2020,205
kevin_magnussen,Kevin Magnussen,0,16,2020,1
kvyat,Daniil Kvyat,6,16,2020,32
max_verstappen,Max Verstappen,0,16,2020,189
sainz,Carlos Sainz,12,16,2020,97
ocon,Esteban Ocon,18,16,2020,60
stroll,Lance Stroll,15,16,2020,74
giovinazzi,Antonio Giovinazzi,0,16,2020,4
gasly,Pierre Gasly,0,16,2020,71
leclerc,Charles Leclerc,0,16,2020,98
norris,Lando Norris,1,16,2020,87
russell,George Russell,3,16,2020,3
albon,Alexander Albon,8,16,2020,93
latifi,Nicholas Latifi,0,16,2020,0
pietro_fittipaldi,Pietro Fittipaldi,0,16,2020,0
aitken,Jack Aitken,0,16,2020,0
raikkonen,Kimi Räikkönen,0,16,2020,4
vettel,Sebastian Vettel,0,16,2020,33
vettel,Sebastian Vettel,0,17,2020,33
hamilton,Lewis Hamilton,15,17,2020,347
raikkonen,Kimi Räikkönen,0,17,2020,4
perez,Sergio Pérez,0,17,2020,125
ricciardo,Daniel Ricciardo,7,17,2020,119
bottas,Valtteri Bottas,18,17,2020,223
kevin_magnussen,Kevin Magnussen,0,17,2020,1
kvyat,Daniil Kvyat,0,17,2020,32
max_verstappen,Max Verstappen,25,17,2020,214
sainz,Carlos Sainz,8,17,2020,105
ocon,Esteban Ocon,2,17,2020,62
stroll,Lance Stroll,1,17,2020,75
giovinazzi,Antonio Giovinazzi,0,17,2020,4
gasly,Pierre Gasly,4,17,2020,75
leclerc,Charles Leclerc,0,17,2020,98
norris,Lando Norris,10,17,2020,97
russell,George Russell,0,17,2020,3
albon,Alexander Albon,12,17,2020,105
latifi,Nicholas Latifi,0,17,2020,0
pietro_fittipaldi,Pietro Fittipaldi,0,17,2020,0
stroll,Lance Stroll,2,1,2019,2
giovinazzi,Antonio Giovinazzi,0,1,2019,0
gasly,Pierre Gasly,0,1,2019,0
leclerc,Charles Leclerc,10,1,2019,10
norris,Lando Norris,0,1,2019,0
russell,George Russell,0,1,2019,0
albon,Alexander Albon,0,1,2019,0
hulkenberg,Nico Hülkenberg,6,1,2019,6
perez,Sergio Pérez,0,1,2019,0
ricciardo,Daniel Ricciardo,0,1,2019,0
bottas,Valtteri Bottas,26,1,2019,26
kevin_magnussen,Kevin Magnussen,8,1,2019,8
kvyat,Daniil Kvyat,1,1,2019,1
max_verstappen,Max Verstappen,15,1,2019,15
sainz,Carlos Sainz,0,1,2019,0
vettel,Sebastian Vettel,12,1,2019,12
hamilton,Lewis Hamilton,18,1,2019,18
raikkonen,Kimi Räikkönen,4,1,2019,4
kubica,Robert Kubica,0,1,2019,0
grosjean,Romain Grosjean,0,1,2019,0
grosjean,Romain Grosjean,0,2,2019,0
hamilton,Lewis Hamilton,25,2,2019,43
raikkonen,Kimi Räikkönen,6,2,2019,10
kubica,Robert Kubica,0,2,2019,0
stroll,Lance Stroll,0,2,2019,2
giovinazzi,Antonio Giovinazzi,0,2,2019,0
gasly,Pierre Gasly,4,2,2019,4
leclerc,Charles Leclerc,16,2,2019,26
norris,Lando Norris,8,2,2019,8
russell,George Russell,0,2,2019,0
albon,Alexander Albon,2,2,2019,2
vettel,Sebastian Vettel,10,2,2019,22
hulkenberg,Nico Hülkenberg,0,2,2019,6
perez,Sergio Pérez,1,2,2019,1
ricciardo,Daniel Ricciardo,0,2,2019,0
bottas,Valtteri Bottas,18,2,2019,44
kevin_magnussen,Kevin Magnussen,0,2,2019,8
kvyat,Daniil Kvyat,0,2,2019,1
max_verstappen,Max Verstappen,12,2,2019,27
sainz,Carlos Sainz,0,2,2019,0
hulkenberg,Nico Hülkenberg,0,3,2019,6
perez,Sergio Pérez,4,3,2019,5
ricciardo,Daniel Ricciardo,6,3,2019,6
bottas,Valtteri Bottas,18,3,2019,62
kevin_magnussen,Kevin Magnussen,0,3,2019,8
kvyat,Daniil Kvyat,0,3,2019,1
max_verstappen,Max Verstappen,12,3,2019,39
sainz,Carlos Sainz,0,3,2019,0
vettel,Sebastian Vettel,15,3,2019,37
grosjean,Romain Grosjean,0,3,2019,0
stroll,Lance Stroll,0,3,2019,2
giovinazzi,Antonio Giovinazzi,0,3,2019,0
gasly,Pierre Gasly,9,3,2019,13
leclerc,Charles Leclerc,10,3,2019,36
norris,Lando Norris,0,3,2019,8
russell,George Russell,0,3,2019,0
albon,Alexander Albon,1,3,2019,3
hamilton,Lewis Hamilton,25,3,2019,68
raikkonen,Kimi Räikkönen,2,3,2019,12
kubica,Robert Kubica,0,3,2019,0
hamilton,Lewis Hamilton,18,4,2019,86
raikkonen,Kimi Räikkönen,1,4,2019,13
kubica,Robert Kubica,0,4,2019,0
stroll,Lance Stroll,2,4,2019,4
giovinazzi,Antonio Giovinazzi,0,4,2019,0
gasly,Pierre Gasly,0,4,2019,13
leclerc,Charles Leclerc,11,4,2019,47
norris,Lando Norris,4,4,2019,12
russell,George Russell,0,4,2019,0
albon,Alexander Albon,0,4,2019,3
hulkenberg,Nico Hülkenberg,0,4,2019,6
perez,Sergio Pérez,8,4,2019,13
ricciardo,Daniel Ricciardo,0,4,2019,6
bottas,Valtteri Bottas,25,4,2019,87
kevin_magnussen,Kevin Magnussen,0,4,2019,8
kvyat,Daniil Kvyat,0,4,2019,1
max_verstappen,Max Verstappen,12,4,2019,51
sainz,Carlos Sainz,6,4,2019,6
grosjean,Romain Grosjean,0,4,2019,0
vettel,Sebastian Vettel,15,4,2019,52
vettel,Sebastian Vettel,12,5,2019,64
grosjean,Romain Grosjean,1,5,2019,1
hamilton,Lewis Hamilton,26,5,2019,112
raikkonen,Kimi Räikkönen,0,5,2019,13
kubica,Robert Kubica,0,5,2019,0
hulkenberg,Nico Hülkenberg,0,5,2019,6
perez,Sergio Pérez,0,5,2019,13
ricciardo,Daniel Ricciardo,0,5,2019,6
bottas,Valtteri Bottas,18,5,2019,105
kevin_magnussen,Kevin Magnussen,6,5,2019,14
kvyat,Daniil Kvyat,2,5,2019,3
max_verstappen,Max Verstappen,15,5,2019,66
sainz,Carlos Sainz,4,5,2019,10
stroll,Lance Stroll,0,5,2019,4
giovinazzi,Antonio Giovinazzi,0,5,2019,0
gasly,Pierre Gasly,8,5,2019,21
leclerc,Charles Leclerc,10,5,2019,57
norris,Lando Norris,0,5,2019,12
russell,George Russell,0,5,2019,0
albon,Alexander Albon,0,5,2019,3
stroll,Lance Stroll,0,6,2019,4
giovinazzi,Antonio Giovinazzi,0,6,2019,0
gasly,Pierre Gasly,11,6,2019,32
leclerc,Charles Leclerc,0,6,2019,57
norris,Lando Norris,0,6,2019,12
russell,George Russell,0,6,2019,0
albon,Alexander Albon,4,6,2019,7
hulkenberg,Nico Hülkenberg,0,6,2019,6
perez,Sergio Pérez,0,6,2019,13
ricciardo,Daniel Ricciardo,2,6,2019,8
bottas,Valtteri Bottas,15,6,2019,120
kevin_magnussen,Kevin Magnussen,0,6,2019,14
kvyat,Daniil Kvyat,6,6,2019,9
max_verstappen,Max Verstappen,12,6,2019,78
sainz,Carlos Sainz,8,6,2019,18
vettel,Sebastian Vettel,18,6,2019,82
hamilton,Lewis Hamilton,25,6,2019,137
raikkonen,Kimi Räikkönen,0,6,2019,13
kubica,Robert Kubica,0,6,2019,0
grosjean,Romain Grosjean,1,6,2019,2
grosjean,Romain Grosjean,0,7,2019,2
hamilton,Lewis Hamilton,25,7,2019,162
raikkonen,Kimi Räikkönen,0,7,2019,13
kubica,Robert Kubica,0,7,2019,0
stroll,Lance Stroll,2,7,2019,6
giovinazzi,Antonio Giovinazzi,0,7,2019,0
gasly,Pierre Gasly,4,7,2019,36
leclerc,Charles Leclerc,15,7,2019,72
norris,Lando Norris,0,7,2019,12
russell,George Russell,0,7,2019,0
albon,Alexander Albon,0,7,2019,7
vettel,Sebastian Vettel,18,7,2019,100
hulkenberg,Nico Hülkenberg,6,7,2019,12
perez,Sergio Pérez,0,7,2019,13
ricciardo,Daniel Ricciardo,8,7,2019,16
bottas,Valtteri Bottas,13,7,2019,133
kevin_magnussen,Kevin Magnussen,0,7,2019,14
kvyat,Daniil Kvyat,1,7,2019,10
max_verstappen,Max Verstappen,10,7,2019,88
sainz,Carlos Sainz,0,7,2019,18
hulkenberg,Nico Hülkenberg,4,8,2019,16
perez,Sergio Pérez,0,8,2019,13
ricciardo,Daniel Ricciardo,0,8,2019,16
bottas,Valtteri Bottas,18,8,2019,151
kevin_magnussen,Kevin Magnussen,0,8,2019,14
kvyat,Daniil Kvyat,0,8,2019,10
max_verstappen,Max Verstappen,12,8,2019,100
sainz,Carlos Sainz,8,8,2019,26
vettel,Sebastian Vettel,11,8,2019,111
grosjean,Romain Grosjean,0,8,2019,2
stroll,Lance Stroll,0,8,2019,6
giovinazzi,Antonio Giovinazzi,0,8,2019,0
gasly,Pierre Gasly,1,8,2019,37
leclerc,Charles Leclerc,15,8,2019,87
norris,Lando Norris,2,8,2019,14
russell,George Russell,0,8,2019,0
albon,Alexander Albon,0,8,2019,7
hamilton,Lewis Hamilton,25,8,2019,187
raikkonen,Kimi Räikkönen,6,8,2019,19
kubica,Robert Kubica,0,8,2019,0
hamilton,Lewis Hamilton,10,9,2019,197
raikkonen,Kimi Räikkönen,2,9,2019,21
kubica,Robert Kubica,0,9,2019,0
stroll,Lance Stroll,0,9,2019,6
giovinazzi,Antonio Giovinazzi,1,9,2019,1
gasly,Pierre Gasly,6,9,2019,43
leclerc,Charles Leclerc,18,9,2019,105
norris,Lando Norris,8,9,2019,22
russell,George Russell,0,9,2019,0
albon,Alexander Albon,0,9,2019,7
hulkenberg,Nico Hülkenberg,0,9,2019,16
perez,Sergio Pérez,0,9,2019,13
ricciardo,Daniel Ricciardo,0,9,2019,16
bottas,Valtteri Bottas,15,9,2019,166
kevin_magnussen,Kevin Magnussen,0,9,2019,14
kvyat,Daniil Kvyat,0,9,2019,10
max_verstappen,Max Verstappen,26,9,2019,126
sainz,Carlos Sainz,4,9,2019,30
grosjean,Romain Grosjean,0,9,2019,2
vettel,Sebastian Vettel,12,9,2019,123
vettel,Sebastian Vettel,0,10,2019,123
grosjean,Romain Grosjean,0,10,2019,2
hamilton,Lewis Hamilton,26,10,2019,223
raikkonen,Kimi Räikkönen,4,10,2019,25
kubica,Robert Kubica,0,10,2019,0
hulkenberg,Nico Hülkenberg,1,10,2019,17
perez,Sergio Pérez,0,10,2019,13
ricciardo,Daniel Ricciardo,6,10,2019,22
bottas,Valtteri Bottas,18,10,2019,184
kevin_magnussen,Kevin Magnussen,0,10,2019,14
kvyat,Daniil Kvyat,2,10,2019,12
max_verstappen,Max Verstappen,10,10,2019,136
sainz,Carlos Sainz,8,10,2019,38
stroll,Lance Stroll,0,10,2019,6
giovinazzi,Antonio Giovinazzi,0,10,2019,1
gasly,Pierre Gasly,12,10,2019,55
leclerc,Charles Leclerc,15,10,2019,120
norris,Lando Norris,0,10,2019,22
russell,George Russell,0,10,2019,0
albon,Alexander Albon,0,10,2019,7
stroll,Lance Stroll,12,11,2019,18
giovinazzi,Antonio Giovinazzi,0,11,2019,1
gasly,Pierre Gasly,0,11,2019,55
leclerc,Charles Leclerc,0,11,2019,120
norris,Lando Norris,0,11,2019,22
russell,George Russell,0,11,2019,0
albon,Alexander Albon,8,11,2019,15
hulkenberg,Nico Hülkenberg,0,11,2019,17
perez,Sergio Pérez,0,11,2019,13
ricciardo,Daniel Ricciardo,0,11,2019,22
bottas,Valtteri Bottas,0,11,2019,184
kevin_magnussen,Kevin Magnussen,4,11,2019,18
kvyat,Daniil Kvyat,15,11,2019,27
max_verstappen,Max Verstappen,26,11,2019,162
sainz,Carlos Sainz,10,11,2019,48
vettel,Sebastian Vettel,18,11,2019,141
hamilton,Lewis Hamilton,2,11,2019,225
raikkonen,Kimi Räikkönen,0,11,2019,25
kubica,Robert Kubica,1,11,2019,1
grosjean,Romain Grosjean,6,11,2019,8
grosjean,Romain Grosjean,0,12,2019,8
hamilton,Lewis Hamilton,25,12,2019,250
raikkonen,Kimi Räikkönen,6,12,2019,31
kubica,Robert Kubica,0,12,2019,1
stroll,Lance Stroll,0,12,2019,18
giovinazzi,Antonio Giovinazzi,0,12,2019,1
gasly,Pierre Gasly,8,12,2019,63
leclerc,Charles Leclerc,12,12,2019,132
norris,Lando Norris,2,12,2019,24
russell,George Russell,0,12,2019,0
albon,Alexander Albon,1,12,2019,16
vettel,Sebastian Vettel,15,12,2019,156
hulkenberg,Nico Hülkenberg,0,12,2019,17
perez,Sergio Pérez,0,12,2019,13
ricciardo,Daniel Ricciardo,0,12,2019,22
bottas,Valtteri Bottas,4,12,2019,188
kevin_magnussen,Kevin Magnussen,0,12,2019,18
kvyat,Daniil Kvyat,0,12,2019,27
max_verstappen,Max Verstappen,19,12,2019,181
sainz,Carlos Sainz,10,12,2019,58
hulkenberg,Nico Hülkenberg,4,13,2019,21
perez,Sergio Pérez,8,13,2019,21
ricciardo,Daniel Ricciardo,0,13,2019,22
bottas,Valtteri Bottas,15,13,2019,203
kevin_magnussen,Kevin Magnussen,0,13,2019,18
kvyat,Daniil Kvyat,6,13,2019,33
max_verstappen,Max Verstappen,0,13,2019,181
sainz,Carlos Sainz,0,13,2019,58
vettel,Sebastian Vettel,13,13,2019,169
grosjean,Romain Grosjean,0,13,2019,8
stroll,Lance Stroll,1,13,2019,19
giovinazzi,Antonio Giovinazzi,0,13,2019,1
gasly,Pierre Gasly,2,13,2019,65
leclerc,Charles Leclerc,25,13,2019,157
norris,Lando Norris,0,13,2019,24
russell,George Russell,0,13,2019,0
albon,Alexander Albon,10,13,2019,26
hamilton,Lewis Hamilton,18,13,2019,268
raikkonen,Kimi Räikkönen,0,13,2019,31
kubica,Robert Kubica,0,13,2019,1
hamilton,Lewis Hamilton,16,14,2019,284
raikkonen,Kimi Räikkönen,0,14,2019,31
kubica,Robert Kubica,0,14,2019,1
stroll,Lance Stroll,0,14,2019,19
giovinazzi,Antonio Giovinazzi,2,14,2019,3
gasly,Pierre Gasly,0,14,2019,65
leclerc,Charles Leclerc,25,14,2019,182
norris,Lando Norris,1,14,2019,25
russell,George Russell,0,14,2019,0
albon,Alexander Albon,8,14,2019,34
hulkenberg,Nico Hülkenberg,10,14,2019,31
perez,Sergio Pérez,6,14,2019,27
ricciardo,Daniel Ricciardo,12,14,2019,34
bottas,Valtteri Bottas,18,14,2019,221
kevin_magnussen,Kevin Magnussen,0,14,2019,18
kvyat,Daniil Kvyat,0,14,2019,33
max_verstappen,Max Verstappen,4,14,2019,185
sainz,Carlos Sainz,0,14,2019,58
grosjean,Romain Grosjean,0,14,2019,8
vettel,Sebastian Vettel,0,14,2019,169
vettel,Sebastian Vettel,25,15,2019,194
grosjean,Romain Grosjean,0,15,2019,8
hamilton,Lewis Hamilton,12,15,2019,296
raikkonen,Kimi Räikkönen,0,15,2019,31
kubica,Robert Kubica,0,15,2019,1
hulkenberg,Nico Hülkenberg,2,15,2019,33
perez,Sergio Pérez,0,15,2019,27
ricciardo,Daniel Ricciardo,0,15,2019,34
bottas,Valtteri Bottas,10,15,2019,231
kevin_magnussen,Kevin Magnussen,0,15,2019,18
kvyat,Daniil Kvyat,0,15,2019,33
max_verstappen,Max Verstappen,15,15,2019,200
sainz,Carlos Sainz,0,15,2019,58
stroll,Lance Stroll,0,15,2019,19
giovinazzi,Antonio Giovinazzi,1,15,2019,4
gasly,Pierre Gasly,4,15,2019,69
leclerc,Charles Leclerc,18,15,2019,200
norris,Lando Norris,6,15,2019,31
russell,George Russell,0,15,2019,0
albon,Alexander Albon,8,15,2019,42
stroll,Lance Stroll,0,16,2019,19
giovinazzi,Antonio Giovinazzi,0,16,2019,4
gasly,Pierre Gasly,0,16,2019,69
leclerc,Charles Leclerc,15,16,2019,215
norris,Lando Norris,4,16,2019,35
russell,George Russell,0,16,2019,0
albon,Alexander Albon,10,16,2019,52
hulkenberg,Nico Hülkenberg,1,16,2019,34
perez,Sergio Pérez,6,16,2019,33
ricciardo,Daniel Ricciardo,0,16,2019,34
bottas,Valtteri Bottas,18,16,2019,249
kevin_magnussen,Kevin Magnussen,2,16,2019,20
kvyat,Daniil Kvyat,0,16,2019,33
max_verstappen,Max Verstappen,12,16,2019,212
sainz,Carlos Sainz,8,16,2019,66
vettel,Sebastian Vettel,0,16,2019,194
hamilton,Lewis Hamilton,26,16,2019,322
raikkonen,Kimi Räikkönen,0,16,2019,31
kubica,Robert Kubica,0,16,2019,1
grosjean,Romain Grosjean,0,16,2019,8
grosjean,Romain Grosjean,0,17,2019,8
hamilton,Lewis Hamilton,16,17,2019,338
raikkonen,Kimi Räikkönen,0,17,2019,31
kubica,Robert Kubica,0,17,2019,1
stroll,Lance Stroll,2,17,2019,21
giovinazzi,Antonio Giovinazzi,0,17,2019,4
gasly,Pierre Gasly,6,17,2019,75
leclerc,Charles Leclerc,8,17,2019,223
norris,Lando Norris,0,17,2019,35
russell,George Russell,0,17,2019,0
albon,Alexander Albon,12,17,2019,64
vettel,Sebastian Vettel,18,17,2019,212
hulkenberg,Nico Hülkenberg,0,17,2019,34
perez,Sergio Pérez,4,17,2019,37
ricciardo,Daniel Ricciardo,0,17,2019,34
bottas,Valtteri Bottas,25,17,2019,274
kevin_magnussen,Kevin Magnussen,0,17,2019,20
kvyat,Daniil Kvyat,1,17,2019,34
max_verstappen,Max Verstappen,0,17,2019,212
sainz,Carlos Sainz,10,17,2019,76
hulkenberg,Nico Hülkenberg,1,18,2019,35
perez,Sergio Pérez,6,18,2019,43
ricciardo,Daniel Ricciardo,4,18,2019,38
bottas,Valtteri Bottas,15,18,2019,289
kevin_magnussen,Kevin Magnussen,0,18,2019,20
kvyat,Daniil Kvyat,0,18,2019,34
max_verstappen,Max Verstappen,8,18,2019,220
sainz,Carlos Sainz,0,18,2019,76
vettel,Sebastian Vettel,18,18,2019,230
grosjean,Romain Grosjean,0,18,2019,8
stroll,Lance Stroll,0,18,2019,21
giovinazzi,Antonio Giovinazzi,0,18,2019,4
gasly,Pierre Gasly,2,18,2019,77
leclerc,Charles Leclerc,13,18,2019,236
norris,Lando Norris,0,18,2019,35
russell,George Russell,0,18,2019,0
albon,Alexander Albon,10,18,2019,74
hamilton,Lewis Hamilton,25,18,2019,363
raikkonen,Kimi Räikkönen,0,18,2019,31
kubica,Robert Kubica,0,18,2019,1
hamilton,Lewis Hamilton,18,19,2019,381
raikkonen,Kimi Räikkönen,0,19,2019,31
kubica,Robert Kubica,0,19,2019,1
stroll,Lance Stroll,0,19,2019,21
giovinazzi,Antonio Giovinazzi,0,19,2019,4
gasly,Pierre Gasly,0,19,2019,77
leclerc,Charles Leclerc,13,19,2019,249
norris,Lando Norris,6,19,2019,41
russell,George Russell,0,19,2019,0
albon,Alexander Albon,10,19,2019,84
hulkenberg,Nico Hülkenberg,2,19,2019,37
perez,Sergio Pérez,1,19,2019,44
ricciardo,Daniel Ricciardo,8,19,2019,46
bottas,Valtteri Bottas,25,19,2019,314
kevin_magnussen,Kevin Magnussen,0,19,2019,20
kvyat,Daniil Kvyat,0,19,2019,34
max_verstappen,Max Verstappen,15,19,2019,235
sainz,Carlos Sainz,4,19,2019,80
grosjean,Romain Grosjean,0,19,2019,8
vettel,Sebastian Vettel,0,19,2019,230
vettel,Sebastian Vettel,0,20,2019,230
grosjean,Romain Grosjean,0,20,2019,8
hamilton,Lewis Hamilton,6,20,2019,387
raikkonen,Kimi Räikkönen,12,20,2019,43
kubica,Robert Kubica,0,20,2019,1
hulkenberg,Nico Hülkenberg,0,20,2019,37
perez,Sergio Pérez,2,20,2019,46
ricciardo,Daniel Ricciardo,8,20,2019,54
bottas,Valtteri Bottas,0,20,2019,314
kevin_magnussen,Kevin Magnussen,0,20,2019,20
kvyat,Daniil Kvyat,1,20,2019,35
max_verstappen,Max Verstappen,25,20,2019,260
sainz,Carlos Sainz,15,20,2019,95
stroll,Lance Stroll,0,20,2019,21
giovinazzi,Antonio Giovinazzi,10,20,2019,14
gasly,Pierre Gasly,18,20,2019,95
leclerc,Charles Leclerc,0,20,2019,249
norris,Lando Norris,4,20,2019,45
russell,George Russell,0,20,2019,0
albon,Alexander Albon,0,20,2019,84
stroll,Lance Stroll,0,21,2019,21
giovinazzi,Antonio Giovinazzi,0,21,2019,14
gasly,Pierre Gasly,0,21,2019,95
leclerc,Charles Leclerc,15,21,2019,264
norris,Lando Norris,4,21,2019,49
russell,George Russell,0,21,2019,0
albon,Alexander Albon,8,21,2019,92
hulkenberg,Nico Hülkenberg,0,21,2019,37
perez,Sergio Pérez,6,21,2019,52
ricciardo,Daniel Ricciardo,0,21,2019,54
bottas,Valtteri Bottas,12,21,2019,326
kevin_magnussen,Kevin Magnussen,0,21,2019,20
kvyat,Daniil Kvyat,2,21,2019,37
max_verstappen,Max Verstappen,18,21,2019,278
sainz,Carlos Sainz,1,21,2019,96
vettel,Sebastian Vettel,10,21,2019,240
hamilton,Lewis Hamilton,26,21,2019,413
raikkonen,Kimi Räikkönen,0,21,2019,43
kubica,Robert Kubica,0,21,2019,1
grosjean,Romain Grosjean,0,21,2019,8
grosjean,Romain Grosjean,0,1,2018,0
hamilton,Lewis Hamilton,18,1,2018,18
alonso,Fernando Alonso,10,1,2018,10
raikkonen,Kimi Räikkönen,15,1,2018,15
vandoorne,Stoffel Vandoorne,2,1,2018,2
ocon,Esteban Ocon,0,1,2018,0
stroll,Lance Stroll,0,1,2018,0
gasly,Pierre Gasly,0,1,2018,0
brendon_hartley,Brendon Hartley,0,1,2018,0
leclerc,Charles Leclerc,0,1,2018,0
sirotkin,Sergey Sirotkin,0,1,2018,0
vettel,Sebastian Vettel,25,1,2018,25
hulkenberg,Nico Hülkenberg,6,1,2018,6
perez,Sergio Pérez,0,1,2018,0
ricciardo,Daniel Ricciardo,12,1,2018,12
bottas,Valtteri Bottas,4,1,2018,4
kevin_magnussen,Kevin Magnussen,0,1,2018,0
ericsson,Marcus Ericsson,0,1,2018,0
max_verstappen,Max Verstappen,8,1,2018,8
sainz,Carlos Sainz,1,1,2018,1
hulkenberg,Nico Hülkenberg,8,2,2018,14
perez,Sergio Pérez,0,2,2018,0
ricciardo,Daniel Ricciardo,0,2,2018,12
bottas,Valtteri Bottas,18,2,2018,22
kevin_magnussen,Kevin Magnussen,10,2,2018,10
ericsson,Marcus Ericsson,2,2,2018,2
max_verstappen,Max Verstappen,0,2,2018,8
sainz,Carlos Sainz,0,2,2018,1
vettel,Sebastian Vettel,25,2,2018,50
grosjean,Romain Grosjean,0,2,2018,0
vandoorne,Stoffel Vandoorne,4,2,2018,6
ocon,Esteban Ocon,1,2,2018,1
stroll,Lance Stroll,0,2,2018,0
gasly,Pierre Gasly,12,2,2018,12
brendon_hartley,Brendon Hartley,0,2,2018,0
leclerc,Charles Leclerc,0,2,2018,0
sirotkin,Sergey Sirotkin,0,2,2018,0
hamilton,Lewis Hamilton,15,2,2018,33
alonso,Fernando Alonso,6,2,2018,16
raikkonen,Kimi Räikkönen,0,2,2018,15
hamilton,Lewis Hamilton,12,3,2018,45
alonso,Fernando Alonso,6,3,2018,22
raikkonen,Kimi Räikkönen,15,3,2018,30
vandoorne,Stoffel Vandoorne,0,3,2018,6
ocon,Esteban Ocon,0,3,2018,1
stroll,Lance Stroll,0,3,2018,0
gasly,Pierre Gasly,0,3,2018,12
brendon_hartley,Brendon Hartley,0,3,2018,0
leclerc,Charles Leclerc,0,3,2018,0
sirotkin,Sergey Sirotkin,0,3,2018,0
hulkenberg,Nico Hülkenberg,8,3,2018,22
perez,Sergio Pérez,0,3,2018,0
ricciardo,Daniel Ricciardo,25,3,2018,37
bottas,Valtteri Bottas,18,3,2018,40
kevin_magnussen,Kevin Magnussen,1,3,2018,11
ericsson,Marcus Ericsson,0,3,2018,2
max_verstappen,Max Verstappen,10,3,2018,18
sainz,Carlos Sainz,2,3,2018,3
grosjean,Romain Grosjean,0,3,2018,0
vettel,Sebastian Vettel,4,3,2018,54
vettel,Sebastian Vettel,12,4,2018,66
grosjean,Romain Grosjean,0,4,2018,0
hamilton,Lewis Hamilton,25,4,2018,70
alonso,Fernando Alonso,6,4,2018,28
raikkonen,Kimi Räikkönen,18,4,2018,48
hulkenberg,Nico Hülkenberg,0,4,2018,22
perez,Sergio Pérez,15,4,2018,15
ricciardo,Daniel Ricciardo,0,4,2018,37
bottas,Valtteri Bottas,0,4,2018,40
kevin_magnussen,Kevin Magnussen,0,4,2018,11
ericsson,Marcus Ericsson,0,4,2018,2
max_verstappen,Max Verstappen,0,4,2018,18
sainz,Carlos Sainz,10,4,2018,13
vandoorne,Stoffel Vandoorne,2,4,2018,8
ocon,Esteban Ocon,0,4,2018,1
stroll,Lance Stroll,4,4,2018,4
gasly,Pierre Gasly,0,4,2018,12
brendon_hartley,Brendon Hartley,1,4,2018,1
leclerc,Charles Leclerc,8,4,2018,8
sirotkin,Sergey Sirotkin,0,4,2018,0
vandoorne,Stoffel Vandoorne,0,5,2018,8
ocon,Esteban Ocon,0,5,2018,1
stroll,Lance Stroll,0,5,2018,4
gasly,Pierre Gasly,0,5,2018,12
brendon_hartley,Brendon Hartley,0,5,2018,1
leclerc,Charles Leclerc,1,5,2018,9
sirotkin,Sergey Sirotkin,0,5,2018,0
hulkenberg,Nico Hülkenberg,0,5,2018,22
perez,Sergio Pérez,2,5,2018,17
ricciardo,Daniel Ricciardo,10,5,2018,47
bottas,Valtteri Bottas,18,5,2018,58
kevin_magnussen,Kevin Magnussen,8,5,2018,19
ericsson,Marcus Ericsson,0,5,2018,2
max_verstappen,Max Verstappen,15,5,2018,33
sainz,Carlos Sainz,6,5,2018,19
vettel,Sebastian Vettel,12,5,2018,78
hamilton,Lewis Hamilton,25,5,2018,95
alonso,Fernando Alonso,4,5,2018,32
raikkonen,Kimi Räikkönen,0,5,2018,48
grosjean,Romain Grosjean,0,5,2018,0
grosjean,Romain Grosjean,0,6,2018,0
hamilton,Lewis Hamilton,15,6,2018,110
alonso,Fernando Alonso,0,6,2018,32
raikkonen,Kimi Räikkönen,12,6,2018,60
vandoorne,Stoffel Vandoorne,0,6,2018,8
ocon,Esteban Ocon,8,6,2018,9
stroll,Lance Stroll,0,6,2018,4
gasly,Pierre Gasly,6,6,2018,18
brendon_hartley,Brendon Hartley,0,6,2018,1
leclerc,Charles Leclerc,0,6,2018,9
sirotkin,Sergey Sirotkin,0,6,2018,0
vettel,Sebastian Vettel,18,6,2018,96
hulkenberg,Nico Hülkenberg,4,6,2018,26
perez,Sergio Pérez,0,6,2018,17
ricciardo,Daniel Ricciardo,25,6,2018,72
bottas,Valtteri Bottas,10,6,2018,68
kevin_magnussen,Kevin Magnussen,0,6,2018,19
ericsson,Marcus Ericsson,0,6,2018,2
max_verstappen,Max Verstappen,2,6,2018,35
sainz,Carlos Sainz,1,6,2018,20
hulkenberg,Nico Hülkenberg,6,7,2018,32
perez,Sergio Pérez,0,7,2018,17
ricciardo,Daniel Ricciardo,12,7,2018,84
bottas,Valtteri Bottas,18,7,2018,86
kevin_magnussen,Kevin Magnussen,0,7,2018,19
ericsson,Marcus Ericsson,0,7,2018,2
max_verstappen,Max Verstappen,15,7,2018,50
sainz,Carlos Sainz,4,7,2018,24
vettel,Sebastian Vettel,25,7,2018,121
grosjean,Romain Grosjean,0,7,2018,0
vandoorne,Stoffel Vandoorne,0,7,2018,8
ocon,Esteban Ocon,2,7,2018,11
stroll,Lance Stroll,0,7,2018,4
gasly,Pierre Gasly,0,7,2018,18
brendon_hartley,Brendon Hartley,0,7,2018,1
leclerc,Charles Leclerc,1,7,2018,10
sirotkin,Sergey Sirotkin,0,7,2018,0
hamilton,Lewis Hamilton,10,7,2018,120
alonso,Fernando Alonso,0,7,2018,32
raikkonen,Kimi Räikkönen,8,7,2018,68
hamilton,Lewis Hamilton,25,8,2018,145
alonso,Fernando Alonso,0,8,2018,32
raikkonen,Kimi Räikkönen,15,8,2018,83
vandoorne,Stoffel Vandoorne,0,8,2018,8
ocon,Esteban Ocon,0,8,2018,11
stroll,Lance Stroll,0,8,2018,4
gasly,Pierre Gasly,0,8,2018,18
brendon_hartley,Brendon Hartley,0,8,2018,1
leclerc,Charles Leclerc,1,8,2018,11
sirotkin,Sergey Sirotkin,0,8,2018,0
hulkenberg,Nico Hülkenberg,2,8,2018,34
perez,Sergio Pérez,0,8,2018,17
ricciardo,Daniel Ricciardo,12,8,2018,96
bottas,Valtteri Bottas,6,8,2018,92
kevin_magnussen,Kevin Magnussen,8,8,2018,27
ericsson,Marcus Ericsson,0,8,2018,2
max_verstappen,Max Verstappen,18,8,2018,68
sainz,Carlos Sainz,4,8,2018,28
grosjean,Romain Grosjean,0,8,2018,0
vettel,Sebastian Vettel,10,8,2018,131
vettel,Sebastian Vettel,15,9,2018,146
grosjean,Romain Grosjean,12,9,2018,12
hamilton,Lewis Hamilton,0,9,2018,145
alonso,Fernando Alonso,4,9,2018,36
raikkonen,Kimi Räikkönen,18,9,2018,101
hulkenberg,Nico Hülkenberg,0,9,2018,34
perez,Sergio Pérez,6,9,2018,23
ricciardo,Daniel Ricciardo,0,9,2018,96
bottas,Valtteri Bottas,0,9,2018,92
kevin_magnussen,Kevin Magnussen,10,9,2018,37
ericsson,Marcus Ericsson,1,9,2018,3
max_verstappen,Max Verstappen,25,9,2018,93
sainz,Carlos Sainz,0,9,2018,28
vandoorne,Stoffel Vandoorne,0,9,2018,8
ocon,Esteban Ocon,8,9,2018,19
stroll,Lance Stroll,0,9,2018,4
gasly,Pierre Gasly,0,9,2018,18
brendon_hartley,Brendon Hartley,0,9,2018,1
leclerc,Charles Leclerc,2,9,2018,13
sirotkin,Sergey Sirotkin,0,9,2018,0
vandoorne,Stoffel Vandoorne,0,10,2018,8
ocon,Esteban Ocon,6,10,2018,25
stroll,Lance Stroll,0,10,2018,4
gasly,Pierre Gasly,0,10,2018,18
brendon_hartley,Brendon Hartley,0,10,2018,1
leclerc,Charles Leclerc,0,10,2018,13
sirotkin,Sergey Sirotkin,0,10,2018,0
hulkenberg,Nico Hülkenberg,8,10,2018,42
perez,Sergio Pérez,1,10,2018,24
ricciardo,Daniel Ricciardo,10,10,2018,106
bottas,Valtteri Bottas,12,10,2018,104
kevin_magnussen,Kevin Magnussen,2,10,2018,39
ericsson,Marcus Ericsson,0,10,2018,3
max_verstappen,Max Verstappen,0,10,2018,93
sainz,Carlos Sainz,0,10,2018,28
vettel,Sebastian Vettel,25,10,2018,171
hamilton,Lewis Hamilton,18,10,2018,163
alonso,Fernando Alonso,4,10,2018,40
raikkonen,Kimi Räikkönen,15,10,2018,116
grosjean,Romain Grosjean,0,10,2018,12
grosjean,Romain Grosjean,8,11,2018,20
hamilton,Lewis Hamilton,25,11,2018,188
alonso,Fernando Alonso,0,11,2018,40
raikkonen,Kimi Räikkönen,15,11,2018,131
vandoorne,Stoffel Vandoorne,0,11,2018,8
ocon,Esteban Ocon,4,11,2018,29
stroll,Lance Stroll,0,11,2018,4
gasly,Pierre Gasly,0,11,2018,18
brendon_hartley,Brendon Hartley,1,11,2018,2
leclerc,Charles Leclerc,0,11,2018,13
sirotkin,Sergey Sirotkin,0,11,2018,0
vettel,Sebastian Vettel,0,11,2018,171
hulkenberg,Nico Hülkenberg,10,11,2018,52
perez,Sergio Pérez,6,11,2018,30
ricciardo,Daniel Ricciardo,0,11,2018,106
bottas,Valtteri Bottas,18,11,2018,122
kevin_magnussen,Kevin Magnussen,0,11,2018,39
ericsson,Marcus Ericsson,2,11,2018,5
max_verstappen,Max Verstappen,12,11,2018,105
sainz,Carlos Sainz,0,11,2018,28
hulkenberg,Nico Hülkenberg,0,12,2018,52
perez,Sergio Pérez,0,12,2018,30
ricciardo,Daniel Ricciardo,12,12,2018,118
bottas,Valtteri Bottas,10,12,2018,132
kevin_magnussen,Kevin Magnussen,6,12,2018,45
ericsson,Marcus Ericsson,0,12,2018,5
max_verstappen,Max Verstappen,0,12,2018,105
sainz,Carlos Sainz,2,12,2018,30
vettel,Sebastian Vettel,18,12,2018,189
grosjean,Romain Grosjean,1,12,2018,21
vandoorne,Stoffel Vandoorne,0,12,2018,8
ocon,Esteban Ocon,0,12,2018,29
stroll,Lance Stroll,0,12,2018,4
gasly,Pierre Gasly,8,12,2018,26
brendon_hartley,Brendon Hartley,0,12,2018,2
leclerc,Charles Leclerc,0,12,2018,13
sirotkin,Sergey Sirotkin,0,12,2018,0
hamilton,Lewis Hamilton,25,12,2018,213
alonso,Fernando Alonso,4,12,2018,44
raikkonen,Kimi Räikkönen,15,12,2018,146
hamilton,Lewis Hamilton,18,13,2018,231
alonso,Fernando Alonso,0,13,2018,44
raikkonen,Kimi Räikkönen,0,13,2018,146
vandoorne,Stoffel Vandoorne,0,13,2018,8
ocon,Esteban Ocon,8,13,2018,37
stroll,Lance Stroll,0,13,2018,4
gasly,Pierre Gasly,2,13,2018,28
brendon_hartley,Brendon Hartley,0,13,2018,2
leclerc,Charles Leclerc,0,13,2018,13
sirotkin,Sergey Sirotkin,0,13,2018,0
hulkenberg,Nico Hülkenberg,0,13,2018,52
perez,Sergio Pérez,10,13,2018,40
ricciardo,Daniel Ricciardo,0,13,2018,118
bottas,Valtteri Bottas,12,13,2018,144
kevin_magnussen,Kevin Magnussen,4,13,2018,49
ericsson,Marcus Ericsson,1,13,2018,6
max_verstappen,Max Verstappen,15,13,2018,120
sainz,Carlos Sainz,0,13,2018,30
grosjean,Romain Grosjean,6,13,2018,27
vettel,Sebastian Vettel,25,13,2018,214
vettel,Sebastian Vettel,12,14,2018,226
grosjean,Romain Grosjean,0,14,2018,27
hamilton,Lewis Hamilton,25,14,2018,256
alonso,Fernando Alonso,0,14,2018,44
raikkonen,Kimi Räikkönen,18,14,2018,164
hulkenberg,Nico Hülkenberg,0,14,2018,52
perez,Sergio Pérez,6,14,2018,46
ricciardo,Daniel Ricciardo,0,14,2018,118
bottas,Valtteri Bottas,15,14,2018,159
kevin_magnussen,Kevin Magnussen,0,14,2018,49
ericsson,Marcus Ericsson,0,14,2018,6
max_verstappen,Max Verstappen,10,14,2018,130
sainz,Carlos Sainz,4,14,2018,34
vandoorne,Stoffel Vandoorne,0,14,2018,8
ocon,Esteban Ocon,8,14,2018,45
stroll,Lance Stroll,2,14,2018,6
gasly,Pierre Gasly,0,14,2018,28
brendon_hartley,Brendon Hartley,0,14,2018,2
leclerc,Charles Leclerc,0,14,2018,13
sirotkin,Sergey Sirotkin,1,14,2018,1
vandoorne,Stoffel Vandoorne,0,15,2018,8
ocon,Esteban Ocon,0,15,2018,45
stroll,Lance Stroll,0,15,2018,6
gasly,Pierre Gasly,0,15,2018,28
brendon_hartley,Brendon Hartley,0,15,2018,2
leclerc,Charles Leclerc,2,15,2018,15
sirotkin,Sergey Sirotkin,0,15,2018,1
hulkenberg,Nico Hülkenberg,1,15,2018,53
perez,Sergio Pérez,0,15,2018,46
ricciardo,Daniel Ricciardo,8,15,2018,126
bottas,Valtteri Bottas,12,15,2018,171
kevin_magnussen,Kevin Magnussen,0,15,2018,49
ericsson,Marcus Ericsson,0,15,2018,6
max_verstappen,Max Verstappen,18,15,2018,148
sainz,Carlos Sainz,4,15,2018,38
vettel,Sebastian Vettel,15,15,2018,241
hamilton,Lewis Hamilton,25,15,2018,281
alonso,Fernando Alonso,6,15,2018,50
raikkonen,Kimi Räikkönen,10,15,2018,174
grosjean,Romain Grosjean,0,15,2018,27
grosjean,Romain Grosjean,0,16,2018,27
hamilton,Lewis Hamilton,25,16,2018,306
alonso,Fernando Alonso,0,16,2018,50
raikkonen,Kimi Räikkönen,12,16,2018,186
vandoorne,Stoffel Vandoorne,0,16,2018,8
ocon,Esteban Ocon,2,16,2018,47
stroll,Lance Stroll,0,16,2018,6
gasly,Pierre Gasly,0,16,2018,28
brendon_hartley,Brendon Hartley,0,16,2018,2
leclerc,Charles Leclerc,6,16,2018,21
sirotkin,Sergey Sirotkin,0,16,2018,1
vettel,Sebastian Vettel,15,16,2018,256
hulkenberg,Nico Hülkenberg,0,16,2018,53
perez,Sergio Pérez,1,16,2018,47
ricciardo,Daniel Ricciardo,8,16,2018,134
bottas,Valtteri Bottas,18,16,2018,189
kevin_magnussen,Kevin Magnussen,4,16,2018,53
ericsson,Marcus Ericsson,0,16,2018,6
max_verstappen,Max Verstappen,10,16,2018,158
sainz,Carlos Sainz,0,16,2018,38
hulkenberg,Nico Hülkenberg,0,17,2018,53
perez,Sergio Pérez,6,17,2018,53
ricciardo,Daniel Ricciardo,12,17,2018,146
bottas,Valtteri Bottas,18,17,2018,207
kevin_magnussen,Kevin Magnussen,0,17,2018,53
ericsson,Marcus Ericsson,0,17,2018,6
max_verstappen,Max Verstappen,15,17,2018,173
sainz,Carlos Sainz,1,17,2018,39
vettel,Sebastian Vettel,8,17,2018,264
grosjean,Romain Grosjean,4,17,2018,31
vandoorne,Stoffel Vandoorne,0,17,2018,8
ocon,Esteban Ocon,2,17,2018,49
stroll,Lance Stroll,0,17,2018,6
gasly,Pierre Gasly,0,17,2018,28
brendon_hartley,Brendon Hartley,0,17,2018,2
leclerc,Charles Leclerc,0,17,2018,21
sirotkin,Sergey Sirotkin,0,17,2018,1
hamilton,Lewis Hamilton,25,17,2018,331
alonso,Fernando Alonso,0,17,2018,50
raikkonen,Kimi Räikkönen,10,17,2018,196
hamilton,Lewis Hamilton,15,18,2018,346
alonso,Fernando Alonso,0,18,2018,50
raikkonen,Kimi Räikkönen,25,18,2018,221
vandoorne,Stoffel Vandoorne,0,18,2018,8
ocon,Esteban Ocon,0,18,2018,49
stroll,Lance Stroll,0,18,2018,6
gasly,Pierre Gasly,0,18,2018,28
brendon_hartley,Brendon Hartley,2,18,2018,4
leclerc,Charles Leclerc,0,18,2018,21
sirotkin,Sergey Sirotkin,0,18,2018,1
hulkenberg,Nico Hülkenberg,8,18,2018,61
perez,Sergio Pérez,4,18,2018,57
ricciardo,Daniel Ricciardo,0,18,2018,146
bottas,Valtteri Bottas,10,18,2018,217
kevin_magnussen,Kevin Magnussen,0,18,2018,53
ericsson,Marcus Ericsson,1,18,2018,7
max_verstappen,Max Verstappen,18,18,2018,191
sainz,Carlos Sainz,6,18,2018,45
grosjean,Romain Grosjean,0,18,2018,31
vettel,Sebastian Vettel,12,18,2018,276
vettel,Sebastian Vettel,18,19,2018,294
grosjean,Romain Grosjean,0,19,2018,31
hamilton,Lewis Hamilton,12,19,2018,358
alonso,Fernando Alonso,0,19,2018,50
raikkonen,Kimi Räikkönen,15,19,2018,236
hulkenberg,Nico Hülkenberg,8,19,2018,69
perez,Sergio Pérez,0,19,2018,57
ricciardo,Daniel Ricciardo,0,19,2018,146
bottas,Valtteri Bottas,10,19,2018,227
kevin_magnussen,Kevin Magnussen,0,19,2018,53
ericsson,Marcus Ericsson,2,19,2018,9
max_verstappen,Max Verstappen,25,19,2018,216
sainz,Carlos Sainz,0,19,2018,45
vandoorne,Stoffel Vandoorne,4,19,2018,12
ocon,Esteban Ocon,0,19,2018,49
stroll,Lance Stroll,0,19,2018,6
gasly,Pierre Gasly,1,19,2018,29
brendon_hartley,Brendon Hartley,0,19,2018,4
leclerc,Charles Leclerc,6,19,2018,27
sirotkin,Sergey Sirotkin,0,19,2018,1
vandoorne,Stoffel Vandoorne,0,20,2018,12
ocon,Esteban Ocon,0,20,2018,49
stroll,Lance Stroll,0,20,2018,6
gasly,Pierre Gasly,0,20,2018,29
brendon_hartley,Brendon Hartley,0,20,2018,4
leclerc,Charles Leclerc,6,20,2018,33
sirotkin,Sergey Sirotkin,0,20,2018,1
hulkenberg,Nico Hülkenberg,0,20,2018,69
perez,Sergio Pérez,1,20,2018,58
ricciardo,Daniel Ricciardo,12,20,2018,158
bottas,Valtteri Bottas,10,20,2018,237
kevin_magnussen,Kevin Magnussen,2,20,2018,55
ericsson,Marcus Ericsson,0,20,2018,9
max_verstappen,Max Verstappen,18,20,2018,234
sainz,Carlos Sainz,0,20,2018,45
vettel,Sebastian Vettel,8,20,2018,302
hamilton,Lewis Hamilton,25,20,2018,383
alonso,Fernando Alonso,0,20,2018,50
raikkonen,Kimi Räikkönen,15,20,2018,251
grosjean,Romain Grosjean,4,20,2018,35
grosjean,Romain Grosjean,2,21,2018,37
hamilton,Lewis Hamilton,25,21,2018,408
alonso,Fernando Alonso,0,21,2018,50
raikkonen,Kimi Räikkönen,0,21,2018,251
vandoorne,Stoffel Vandoorne,0,21,2018,12
ocon,Esteban Ocon,0,21,2018,49
stroll,Lance Stroll,0,21,2018,6
gasly,Pierre Gasly,0,21,2018,29
brendon_hartley,Brendon Hartley,0,21,2018,4
leclerc,Charles Leclerc,6,21,2018,39
sirotkin,Sergey Sirotkin,0,21,2018,1
vettel,Sebastian Vettel,18,21,2018,320
hulkenberg,Nico Hülkenberg,0,21,2018,69
perez,Sergio Pérez,4,21,2018,62
ricciardo,Daniel Ricciardo,12,21,2018,170
bottas,Valtteri Bottas,10,21,2018,247
kevin_magnussen,Kevin Magnussen,1,21,2018,56
ericsson,Marcus Ericsson,0,21,2018,9
max_verstappen,Max Verstappen,15,21,2018,249
sainz,Carlos Sainz,8,21,2018,53
hulkenberg,Nico Hülkenberg,0,1,2017,0
perez,Sergio Pérez,6,1,2017,6
ricciardo,Daniel Ricciardo,0,1,2017,0
bottas,Valtteri Bottas,15,1,2017,15
kevin_magnussen,Kevin Magnussen,0,1,2017,0
kvyat,Daniil Kvyat,2,1,2017,2
ericsson,Marcus Ericsson,0,1,2017,0
max_verstappen,Max Verstappen,10,1,2017,10
sainz,Carlos Sainz,4,1,2017,4
jolyon_palmer,Jolyon Palmer,0,1,2017,0
vettel,Sebastian Vettel,25,1,2017,25
grosjean,Romain Grosjean,0,1,2017,0
vandoorne,Stoffel Vandoorne,0,1,2017,0
ocon,Esteban Ocon,1,1,2017,1
stroll,Lance Stroll,0,1,2017,0
giovinazzi,Antonio Giovinazzi,0,1,2017,0
hamilton,Lewis Hamilton,18,1,2017,18
alonso,Fernando Alonso,0,1,2017,0
raikkonen,Kimi Räikkönen,12,1,2017,12
massa,Felipe Massa,8,1,2017,8
hamilton,Lewis Hamilton,25,2,2017,43
alonso,Fernando Alonso,0,2,2017,0
raikkonen,Kimi Räikkönen,10,2,2017,22
massa,Felipe Massa,0,2,2017,8
vandoorne,Stoffel Vandoorne,0,2,2017,0
ocon,Esteban Ocon,1,2,2017,2
stroll,Lance Stroll,0,2,2017,0
giovinazzi,Antonio Giovinazzi,0,2,2017,0
hulkenberg,Nico Hülkenberg,0,2,2017,0
perez,Sergio Pérez,2,2,2017,8
ricciardo,Daniel Ricciardo,12,2,2017,12
bottas,Valtteri Bottas,8,2,2017,23
kevin_magnussen,Kevin Magnussen,4,2,2017,4
kvyat,Daniil Kvyat,0,2,2017,2
ericsson,Marcus Ericsson,0,2,2017,0
max_verstappen,Max Verstappen,15,2,2017,25
sainz,Carlos Sainz,6,2,2017,10
jolyon_palmer,Jolyon Palmer,0,2,2017,0
grosjean,Romain Grosjean,0,2,2017,0
vettel,Sebastian Vettel,18,2,2017,43
vettel,Sebastian Vettel,25,3,2017,68
grosjean,Romain Grosjean,4,3,2017,4
hamilton,Lewis Hamilton,18,3,2017,61
alonso,Fernando Alonso,0,3,2017,0
raikkonen,Kimi Räikkönen,12,3,2017,34
massa,Felipe Massa,8,3,2017,16
hulkenberg,Nico Hülkenberg,2,3,2017,2
perez,Sergio Pérez,6,3,2017,14
ricciardo,Daniel Ricciardo,10,3,2017,22
bottas,Valtteri Bottas,15,3,2017,38
kevin_magnussen,Kevin Magnussen,0,3,2017,4
kvyat,Daniil Kvyat,0,3,2017,2
ericsson,Marcus Ericsson,0,3,2017,0
max_verstappen,Max Verstappen,0,3,2017,25
sainz,Carlos Sainz,0,3,2017,10
jolyon_palmer,Jolyon Palmer,0,3,2017,0
wehrlein,Pascal Wehrlein,0,3,2017,0
vandoorne,Stoffel Vandoorne,0,3,2017,0
ocon,Esteban Ocon,1,3,2017,3
stroll,Lance Stroll,0,3,2017,0
vandoorne,Stoffel Vandoorne,0,4,2017,0
ocon,Esteban Ocon,6,4,2017,9
stroll,Lance Stroll,0,4,2017,0
hulkenberg,Nico Hülkenberg,4,4,2017,6
perez,Sergio Pérez,8,4,2017,22
ricciardo,Daniel Ricciardo,0,4,2017,22
bottas,Valtteri Bottas,25,4,2017,63
kevin_magnussen,Kevin Magnussen,0,4,2017,4
kvyat,Daniil Kvyat,0,4,2017,2
ericsson,Marcus Ericsson,0,4,2017,0
max_verstappen,Max Verstappen,10,4,2017,35
sainz,Carlos Sainz,1,4,2017,11
jolyon_palmer,Jolyon Palmer,0,4,2017,0
wehrlein,Pascal Wehrlein,0,4,2017,0
vettel,Sebastian Vettel,18,4,2017,86
hamilton,Lewis Hamilton,12,4,2017,73
alonso,Fernando Alonso,0,4,2017,0
raikkonen,Kimi Räikkönen,15,4,2017,49
massa,Felipe Massa,2,4,2017,18
grosjean,Romain Grosjean,0,4,2017,4
grosjean,Romain Grosjean,1,5,2017,5
hamilton,Lewis Hamilton,25,5,2017,98
alonso,Fernando Alonso,0,5,2017,0
raikkonen,Kimi Räikkönen,0,5,2017,49
massa,Felipe Massa,0,5,2017,18
vandoorne,Stoffel Vandoorne,0,5,2017,0
ocon,Esteban Ocon,10,5,2017,19
stroll,Lance Stroll,0,5,2017,0
vettel,Sebastian Vettel,18,5,2017,104
hulkenberg,Nico Hülkenberg,8,5,2017,14
perez,Sergio Pérez,12,5,2017,34
ricciardo,Daniel Ricciardo,15,5,2017,37
bottas,Valtteri Bottas,0,5,2017,63
kevin_magnussen,Kevin Magnussen,0,5,2017,4
kvyat,Daniil Kvyat,2,5,2017,4
ericsson,Marcus Ericsson,0,5,2017,0
max_verstappen,Max Verstappen,0,5,2017,35
sainz,Carlos Sainz,6,5,2017,17
jolyon_palmer,Jolyon Palmer,0,5,2017,0
wehrlein,Pascal Wehrlein,4,5,2017,4
hulkenberg,Nico Hülkenberg,0,6,2017,14
perez,Sergio Pérez,0,6,2017,34
ricciardo,Daniel Ricciardo,15,6,2017,52
bottas,Valtteri Bottas,12,6,2017,75
kevin_magnussen,Kevin Magnussen,1,6,2017,5
kvyat,Daniil Kvyat,0,6,2017,4
ericsson,Marcus Ericsson,0,6,2017,0
max_verstappen,Max Verstappen,10,6,2017,45
sainz,Carlos Sainz,8,6,2017,25
jolyon_palmer,Jolyon Palmer,0,6,2017,0
wehrlein,Pascal Wehrlein,0,6,2017,4
button,Jenson Button,0,6,2017,0
vettel,Sebastian Vettel,25,6,2017,129
grosjean,Romain Grosjean,4,6,2017,9
vandoorne,Stoffel Vandoorne,0,6,2017,0
ocon,Esteban Ocon,0,6,2017,19
stroll,Lance Stroll,0,6,2017,0
hamilton,Lewis Hamilton,6,6,2017,104
raikkonen,Kimi Räikkönen,18,6,2017,67
massa,Felipe Massa,2,6,2017,20
hamilton,Lewis Hamilton,25,7,2017,129
alonso,Fernando Alonso,0,7,2017,0
raikkonen,Kimi Räikkönen,6,7,2017,73
massa,Felipe Massa,0,7,2017,20
vandoorne,Stoffel Vandoorne,0,7,2017,0
ocon,Esteban Ocon,8,7,2017,27
stroll,Lance Stroll,2,7,2017,2
hulkenberg,Nico Hülkenberg,4,7,2017,18
perez,Sergio Pérez,10,7,2017,44
ricciardo,Daniel Ricciardo,15,7,2017,67
bottas,Valtteri Bottas,18,7,2017,93
kevin_magnussen,Kevin Magnussen,0,7,2017,5
kvyat,Daniil Kvyat,0,7,2017,4
ericsson,Marcus Ericsson,0,7,2017,0
max_verstappen,Max Verstappen,0,7,2017,45
sainz,Carlos Sainz,0,7,2017,25
jolyon_palmer,Jolyon Palmer,0,7,2017,0
wehrlein,Pascal Wehrlein,0,7,2017,4
grosjean,Romain Grosjean,1,7,2017,10
vettel,Sebastian Vettel,12,7,2017,141
vettel,Sebastian Vettel,12,8,2017,153
grosjean,Romain Grosjean,0,8,2017,10
hamilton,Lewis Hamilton,10,8,2017,139
alonso,Fernando Alonso,2,8,2017,2
raikkonen,Kimi Räikkönen,0,8,2017,73
massa,Felipe Massa,0,8,2017,20
hulkenberg,Nico Hülkenberg,0,8,2017,18
perez,Sergio Pérez,0,8,2017,44
ricciardo,Daniel Ricciardo,25,8,2017,92
bottas,Valtteri Bottas,18,8,2017,111
kevin_magnussen,Kevin Magnussen,6,8,2017,11
kvyat,Daniil Kvyat,0,8,2017,4
ericsson,Marcus Ericsson,0,8,2017,0
max_verstappen,Max Verstappen,0,8,2017,45
sainz,Carlos Sainz,4,8,2017,29
jolyon_palmer,Jolyon Palmer,0,8,2017,0
wehrlein,Pascal Wehrlein,1,8,2017,5
vandoorne,Stoffel Vandoorne,0,8,2017,0
ocon,Esteban Ocon,8,8,2017,35
stroll,Lance Stroll,15,8,2017,17
vandoorne,Stoffel Vandoorne,0,9,2017,0
ocon,Esteban Ocon,4,9,2017,39
stroll,Lance Stroll,1,9,2017,18
hulkenberg,Nico Hülkenberg,0,9,2017,18
perez,Sergio Pérez,6,9,2017,50
ricciardo,Daniel Ricciardo,15,9,2017,107
bottas,Valtteri Bottas,25,9,2017,136
kevin_magnussen,Kevin Magnussen,0,9,2017,11
kvyat,Daniil Kvyat,0,9,2017,4
ericsson,Marcus Ericsson,0,9,2017,0
max_verstappen,Max Verstappen,0,9,2017,45
sainz,Carlos Sainz,0,9,2017,29
jolyon_palmer,Jolyon Palmer,0,9,2017,0
wehrlein,Pascal Wehrlein,0,9,2017,5
vettel,Sebastian Vettel,18,9,2017,171
hamilton,Lewis Hamilton,12,9,2017,151
alonso,Fernando Alonso,0,9,2017,2
raikkonen,Kimi Räikkönen,10,9,2017,83
massa,Felipe Massa,2,9,2017,22
grosjean,Romain Grosjean,8,9,2017,18
grosjean,Romain Grosjean,0,10,2017,18
hamilton,Lewis Hamilton,25,10,2017,176
alonso,Fernando Alonso,0,10,2017,2
raikkonen,Kimi Räikkönen,15,10,2017,98
massa,Felipe Massa,1,10,2017,23
vandoorne,Stoffel Vandoorne,0,10,2017,0
ocon,Esteban Ocon,4,10,2017,43
stroll,Lance Stroll,0,10,2017,18
vettel,Sebastian Vettel,6,10,2017,177
hulkenberg,Nico Hülkenberg,8,10,2017,26
perez,Sergio Pérez,2,10,2017,52
ricciardo,Daniel Ricciardo,10,10,2017,117
bottas,Valtteri Bottas,18,10,2017,154
kevin_magnussen,Kevin Magnussen,0,10,2017,11
kvyat,Daniil Kvyat,0,10,2017,4
ericsson,Marcus Ericsson,0,10,2017,0
max_verstappen,Max Verstappen,12,10,2017,57
sainz,Carlos Sainz,0,10,2017,29
jolyon_palmer,Jolyon Palmer,0,10,2017,0
wehrlein,Pascal Wehrlein,0,10,2017,5
hulkenberg,Nico Hülkenberg,0,11,2017,26
resta,Paul di Resta,0,11,2017,0
perez,Sergio Pérez,4,11,2017,56
ricciardo,Daniel Ricciardo,0,11,2017,117
bottas,Valtteri Bottas,15,11,2017,169
kevin_magnussen,Kevin Magnussen,0,11,2017,11
kvyat,Daniil Kvyat,0,11,2017,4
ericsson,Marcus Ericsson,0,11,2017,0
max_verstappen,Max Verstappen,10,11,2017,67
sainz,Carlos Sainz,6,11,2017,35
jolyon_palmer,Jolyon Palmer,0,11,2017,0
wehrlein,Pascal Wehrlein,0,11,2017,5
vettel,Sebastian Vettel,25,11,2017,202
grosjean,Romain Grosjean,0,11,2017,18
vandoorne,Stoffel Vandoorne,1,11,2017,1
ocon,Esteban Ocon,2,11,2017,45
stroll,Lance Stroll,0,11,2017,18
hamilton,Lewis Hamilton,12,11,2017,188
alonso,Fernando Alonso,8,11,2017,10
raikkonen,Kimi Räikkönen,18,11,2017,116
hamilton,Lewis Hamilton,25,12,2017,213
alonso,Fernando Alonso,0,12,2017,10
raikkonen,Kimi Räikkönen,12,12,2017,128
massa,Felipe Massa,4,12,2017,27
vandoorne,Stoffel Vandoorne,0,12,2017,1
ocon,Esteban Ocon,2,12,2017,47
stroll,Lance Stroll,0,12,2017,18
hulkenberg,Nico Hülkenberg,8,12,2017,34
perez,Sergio Pérez,0,12,2017,56
ricciardo,Daniel Ricciardo,15,12,2017,132
bottas,Valtteri Bottas,10,12,2017,179
kevin_magnussen,Kevin Magnussen,0,12,2017,11
kvyat,Daniil Kvyat,0,12,2017,4
ericsson,Marcus Ericsson,0,12,2017,0
max_verstappen,Max Verstappen,0,12,2017,67
sainz,Carlos Sainz,1,12,2017,36
jolyon_palmer,Jolyon Palmer,0,12,2017,0
wehrlein,Pascal Wehrlein,0,12,2017,5
grosjean,Romain Grosjean,6,12,2017,24
vettel,Sebastian Vettel,18,12,2017,220
vettel,Sebastian Vettel,15,13,2017,235
grosjean,Romain Grosjean,0,13,2017,24
hamilton,Lewis Hamilton,25,13,2017,238
alonso,Fernando Alonso,0,13,2017,10
raikkonen,Kimi Räikkönen,10,13,2017,138
massa,Felipe Massa,4,13,2017,31
hulkenberg,Nico Hülkenberg,0,13,2017,34
perez,Sergio Pérez,2,13,2017,58
ricciardo,Daniel Ricciardo,12,13,2017,144
bottas,Valtteri Bottas,18,13,2017,197
kevin_magnussen,Kevin Magnussen,0,13,2017,11
kvyat,Daniil Kvyat,0,13,2017,4
ericsson,Marcus Ericsson,0,13,2017,0
max_verstappen,Max Verstappen,1,13,2017,68
sainz,Carlos Sainz,0,13,2017,36
jolyon_palmer,Jolyon Palmer,0,13,2017,0
wehrlein,Pascal Wehrlein,0,13,2017,5
vandoorne,Stoffel Vandoorne,0,13,2017,1
ocon,Esteban Ocon,8,13,2017,55
stroll,Lance Stroll,6,13,2017,24
vandoorne,Stoffel Vandoorne,6,14,2017,7
ocon,Esteban Ocon,1,14,2017,56
stroll,Lance Stroll,4,14,2017,28
hulkenberg,Nico Hülkenberg,0,14,2017,34
perez,Sergio Pérez,10,14,2017,68
ricciardo,Daniel Ricciardo,18,14,2017,162
bottas,Valtteri Bottas,15,14,2017,212
kevin_magnussen,Kevin Magnussen,0,14,2017,11
kvyat,Daniil Kvyat,0,14,2017,4
ericsson,Marcus Ericsson,0,14,2017,0
max_verstappen,Max Verstappen,0,14,2017,68
sainz,Carlos Sainz,12,14,2017,48
jolyon_palmer,Jolyon Palmer,8,14,2017,8
wehrlein,Pascal Wehrlein,0,14,2017,5
vettel,Sebastian Vettel,0,14,2017,235
hamilton,Lewis Hamilton,25,14,2017,263
alonso,Fernando Alonso,0,14,2017,10
raikkonen,Kimi Räikkönen,0,14,2017,138
massa,Felipe Massa,0,14,2017,31
grosjean,Romain Grosjean,2,14,2017,26
grosjean,Romain Grosjean,0,15,2017,26
hamilton,Lewis Hamilton,18,15,2017,281
alonso,Fernando Alonso,0,15,2017,10
raikkonen,Kimi Räikkönen,0,15,2017,138
massa,Felipe Massa,2,15,2017,33
vandoorne,Stoffel Vandoorne,6,15,2017,13
ocon,Esteban Ocon,1,15,2017,57
stroll,Lance Stroll,4,15,2017,32
gasly,Pierre Gasly,0,15,2017,0
vettel,Sebastian Vettel,12,15,2017,247
hulkenberg,Nico Hülkenberg,0,15,2017,34
perez,Sergio Pérez,8,15,2017,76
ricciardo,Daniel Ricciardo,15,15,2017,177
bottas,Valtteri Bottas,10,15,2017,222
kevin_magnussen,Kevin Magnussen,0,15,2017,11
ericsson,Marcus Ericsson,0,15,2017,0
max_verstappen,Max Verstappen,25,15,2017,93
sainz,Carlos Sainz,0,15,2017,48
jolyon_palmer,Jolyon Palmer,0,15,2017,8
wehrlein,Pascal Wehrlein,0,15,2017,5
hulkenberg,Nico Hülkenberg,0,16,2017,34
perez,Sergio Pérez,6,16,2017,82
ricciardo,Daniel Ricciardo,15,16,2017,192
bottas,Valtteri Bottas,12,16,2017,234
kevin_magnussen,Kevin Magnussen,4,16,2017,15
ericsson,Marcus Ericsson,0,16,2017,0
max_verstappen,Max Verstappen,18,16,2017,111
sainz,Carlos Sainz,0,16,2017,48
jolyon_palmer,Jolyon Palmer,0,16,2017,8
wehrlein,Pascal Wehrlein,0,16,2017,5
vettel,Sebastian Vettel,0,16,2017,247
grosjean,Romain Grosjean,2,16,2017,28
vandoorne,Stoffel Vandoorne,0,16,2017,13
ocon,Esteban Ocon,8,16,2017,65
stroll,Lance Stroll,0,16,2017,32
gasly,Pierre Gasly,0,16,2017,0
hamilton,Lewis Hamilton,25,16,2017,306
alonso,Fernando Alonso,0,16,2017,10
raikkonen,Kimi Räikkönen,10,16,2017,148
massa,Felipe Massa,1,16,2017,34
hamilton,Lewis Hamilton,25,17,2017,331
alonso,Fernando Alonso,0,17,2017,10
raikkonen,Kimi Räikkönen,15,17,2017,163
massa,Felipe Massa,2,17,2017,36
vandoorne,Stoffel Vandoorne,0,17,2017,13
ocon,Esteban Ocon,8,17,2017,73
stroll,Lance Stroll,0,17,2017,32
brendon_hartley,Brendon Hartley,0,17,2017,0
hulkenberg,Nico Hülkenberg,0,17,2017,34
perez,Sergio Pérez,4,17,2017,86
ricciardo,Daniel Ricciardo,0,17,2017,192
bottas,Valtteri Bottas,10,17,2017,244
kevin_magnussen,Kevin Magnussen,0,17,2017,15
kvyat,Daniil Kvyat,1,17,2017,5
ericsson,Marcus Ericsson,0,17,2017,0
max_verstappen,Max Verstappen,12,17,2017,123
sainz,Carlos Sainz,6,17,2017,54
wehrlein,Pascal Wehrlein,0,17,2017,5
grosjean,Romain Grosjean,0,17,2017,28
vettel,Sebastian Vettel,18,17,2017,265
vettel,Sebastian Vettel,12,18,2017,277
grosjean,Romain Grosjean,0,18,2017,28
hamilton,Lewis Hamilton,2,18,2017,333
alonso,Fernando Alonso,1,18,2017,11
raikkonen,Kimi Räikkönen,15,18,2017,178
massa,Felipe Massa,0,18,2017,36
hulkenberg,Nico Hülkenberg,0,18,2017,34
perez,Sergio Pérez,6,18,2017,92
ricciardo,Daniel Ricciardo,0,18,2017,192
bottas,Valtteri Bottas,18,18,2017,262
kevin_magnussen,Kevin Magnussen,4,18,2017,19
ericsson,Marcus Ericsson,0,18,2017,0
max_verstappen,Max Verstappen,25,18,2017,148
sainz,Carlos Sainz,0,18,2017,54
wehrlein,Pascal Wehrlein,0,18,2017,5
vandoorne,Stoffel Vandoorne,0,18,2017,13
ocon,Esteban Ocon,10,18,2017,83
stroll,Lance Stroll,8,18,2017,40
gasly,Pierre Gasly,0,18,2017,0
brendon_hartley,Brendon Hartley,0,18,2017,0
vandoorne,Stoffel Vandoorne,0,19,2017,13
ocon,Esteban Ocon,0,19,2017,83
stroll,Lance Stroll,0,19,2017,40
gasly,Pierre Gasly,0,19,2017,0
brendon_hartley,Brendon Hartley,0,19,2017,0
hulkenberg,Nico Hülkenberg,1,19,2017,35
perez,Sergio Pérez,2,19,2017,94
ricciardo,Daniel Ricciardo,8,19,2017,200
bottas,Valtteri Bottas,18,19,2017,280
kevin_magnussen,Kevin Magnussen,0,19,2017,19
ericsson,Marcus Ericsson,0,19,2017,0
max_verstappen,Max Verstappen,10,19,2017,158
sainz,Carlos Sainz,0,19,2017,54
wehrlein,Pascal Wehrlein,0,19,2017,5
vettel,Sebastian Vettel,25,19,2017,302
hamilton,Lewis Hamilton,12,19,2017,345
alonso,Fernando Alonso,4,19,2017,15
raikkonen,Kimi Räikkönen,15,19,2017,193
massa,Felipe Massa,6,19,2017,42
grosjean,Romain Grosjean,0,19,2017,28
grosjean,Romain Grosjean,0,20,2017,28
hamilton,Lewis Hamilton,18,20,2017,363
alonso,Fernando Alonso,2,20,2017,17
raikkonen,Kimi Räikkönen,12,20,2017,205
massa,Felipe Massa,1,20,2017,43
vandoorne,Stoffel Vandoorne,0,20,2017,13
ocon,Esteban Ocon,4,20,2017,87
stroll,Lance Stroll,0,20,2017,40
gasly,Pierre Gasly,0,20,2017,0
brendon_hartley,Brendon Hartley,0,20,2017,0
vettel,Sebastian Vettel,15,20,2017,317
hulkenberg,Nico Hülkenberg,8,20,2017,43
perez,Sergio Pérez,6,20,2017,100
ricciardo,Daniel Ricciardo,0,20,2017,200
bottas,Valtteri Bottas,25,20,2017,305
kevin_magnussen,Kevin Magnussen,0,20,2017,19
ericsson,Marcus Ericsson,0,20,2017,0
max_verstappen,Max Verstappen,10,20,2017,168
sainz,Carlos Sainz,0,20,2017,54
wehrlein,Pascal Wehrlein,0,20,2017,5
hulkenberg,Nico Hülkenberg,6,1,2016,6
perez,Sergio Pérez,0,1,2016,0
ricciardo,Daniel Ricciardo,12,1,2016,12
gutierrez,Esteban Gutiérrez,0,1,2016,0
bottas,Valtteri Bottas,4,1,2016,4
kevin_magnussen,Kevin Magnussen,0,1,2016,0
kvyat,Daniil Kvyat,0,1,2016,0
ericsson,Marcus Ericsson,0,1,2016,0
max_verstappen,Max Verstappen,1,1,2016,1
nasr,Felipe Nasr,0,1,2016,0
sainz,Carlos Sainz,2,1,2016,2
jolyon_palmer,Jolyon Palmer,0,1,2016,0
wehrlein,Pascal Wehrlein,0,1,2016,0
haryanto,Rio Haryanto,0,1,2016,0
button,Jenson Button,0,1,2016,0
vettel,Sebastian Vettel,15,1,2016,15
grosjean,Romain Grosjean,8,1,2016,8
hamilton,Lewis Hamilton,18,1,2016,18
rosberg,Nico Rosberg,25,1,2016,25
alonso,Fernando Alonso,0,1,2016,0
raikkonen,Kimi Räikkönen,0,1,2016,0
massa,Felipe Massa,10,1,2016,10
hamilton,Lewis Hamilton,15,2,2016,33
rosberg,Nico Rosberg,25,2,2016,50
raikkonen,Kimi Räikkönen,18,2,2016,18
massa,Felipe Massa,4,2,2016,14
grosjean,Romain Grosjean,10,2,2016,18
hulkenberg,Nico Hülkenberg,0,2,2016,6
perez,Sergio Pérez,0,2,2016,0
ricciardo,Daniel Ricciardo,12,2,2016,24
gutierrez,Esteban Gutiérrez,0,2,2016,0
bottas,Valtteri Bottas,2,2,2016,6
kevin_magnussen,Kevin Magnussen,0,2,2016,0
kvyat,Daniil Kvyat,6,2,2016,6
ericsson,Marcus Ericsson,0,2,2016,0
max_verstappen,Max Verstappen,8,2,2016,9
nasr,Felipe Nasr,0,2,2016,0
sainz,Carlos Sainz,0,2,2016,2
jolyon_palmer,Jolyon Palmer,0,2,2016,0
wehrlein,Pascal Wehrlein,0,2,2016,0
haryanto,Rio Haryanto,0,2,2016,0
button,Jenson Button,0,2,2016,0
vettel,Sebastian Vettel,0,2,2016,15
vandoorne,Stoffel Vandoorne,1,2,2016,1
button,Jenson Button,0,3,2016,0
vettel,Sebastian Vettel,18,3,2016,33
hamilton,Lewis Hamilton,6,3,2016,39
rosberg,Nico Rosberg,25,3,2016,75
alonso,Fernando Alonso,0,3,2016,0
raikkonen,Kimi Räikkönen,10,3,2016,28
massa,Felipe Massa,8,3,2016,22
hulkenberg,Nico Hülkenberg,0,3,2016,6
perez,Sergio Pérez,0,3,2016,0
ricciardo,Daniel Ricciardo,12,3,2016,36
gutierrez,Esteban Gutiérrez,0,3,2016,0
bottas,Valtteri Bottas,1,3,2016,7
kevin_magnussen,Kevin Magnussen,0,3,2016,0
kvyat,Daniil Kvyat,15,3,2016,21
ericsson,Marcus Ericsson,0,3,2016,0
max_verstappen,Max Verstappen,4,3,2016,13
nasr,Felipe Nasr,0,3,2016,0
sainz,Carlos Sainz,2,3,2016,4
jolyon_palmer,Jolyon Palmer,0,3,2016,0
wehrlein,Pascal Wehrlein,0,3,2016,0
haryanto,Rio Haryanto,0,3,2016,0
grosjean,Romain Grosjean,0,3,2016,18
grosjean,Romain Grosjean,4,4,2016,22
hulkenberg,Nico Hülkenberg,0,4,2016,6
perez,Sergio Pérez,2,4,2016,2
ricciardo,Daniel Ricciardo,0,4,2016,36
gutierrez,Esteban Gutiérrez,0,4,2016,0
bottas,Valtteri Bottas,12,4,2016,19
kevin_magnussen,Kevin Magnussen,6,4,2016,6
kvyat,Daniil Kvyat,0,4,2016,21
ericsson,Marcus Ericsson,0,4,2016,0
max_verstappen,Max Verstappen,0,4,2016,13
nasr,Felipe Nasr,0,4,2016,0
sainz,Carlos Sainz,0,4,2016,4
jolyon_palmer,Jolyon Palmer,0,4,2016,0
wehrlein,Pascal Wehrlein,0,4,2016,0
haryanto,Rio Haryanto,0,4,2016,0
hamilton,Lewis Hamilton,18,4,2016,57
rosberg,Nico Rosberg,25,4,2016,100
alonso,Fernando Alonso,8,4,2016,8
raikkonen,Kimi Räikkönen,15,4,2016,43
massa,Felipe Massa,10,4,2016,32
button,Jenson Button,1,4,2016,1
vettel,Sebastian Vettel,0,4,2016,33
button,Jenson Button,2,5,2016,3
vettel,Sebastian Vettel,15,5,2016,48
hamilton,Lewis Hamilton,0,5,2016,57
rosberg,Nico Rosberg,0,5,2016,100
alonso,Fernando Alonso,0,5,2016,8
raikkonen,Kimi Räikkönen,18,5,2016,61
massa,Felipe Massa,4,5,2016,36
hulkenberg,Nico Hülkenberg,0,5,2016,6
perez,Sergio Pérez,6,5,2016,8
ricciardo,Daniel Ricciardo,12,5,2016,48
gutierrez,Esteban Gutiérrez,0,5,2016,0
bottas,Valtteri Bottas,10,5,2016,29
kevin_magnussen,Kevin Magnussen,0,5,2016,6
kvyat,Daniil Kvyat,1,5,2016,22
ericsson,Marcus Ericsson,0,5,2016,0
max_verstappen,Max Verstappen,25,5,2016,38
nasr,Felipe Nasr,0,5,2016,0
sainz,Carlos Sainz,8,5,2016,12
jolyon_palmer,Jolyon Palmer,0,5,2016,0
wehrlein,Pascal Wehrlein,0,5,2016,0
haryanto,Rio Haryanto,0,5,2016,0
grosjean,Romain Grosjean,0,5,2016,22
grosjean,Romain Grosjean,0,6,2016,22
hulkenberg,Nico Hülkenberg,8,6,2016,14
perez,Sergio Pérez,15,6,2016,23
ricciardo,Daniel Ricciardo,18,6,2016,66
gutierrez,Esteban Gutiérrez,0,6,2016,0
bottas,Valtteri Bottas,0,6,2016,29
kevin_magnussen,Kevin Magnussen,0,6,2016,6
kvyat,Daniil Kvyat,0,6,2016,22
ericsson,Marcus Ericsson,0,6,2016,0
max_verstappen,Max Verstappen,0,6,2016,38
nasr,Felipe Nasr,0,6,2016,0
sainz,Carlos Sainz,4,6,2016,16
jolyon_palmer,Jolyon Palmer,0,6,2016,0
wehrlein,Pascal Wehrlein,0,6,2016,0
haryanto,Rio Haryanto,0,6,2016,0
hamilton,Lewis Hamilton,25,6,2016,82
rosberg,Nico Rosberg,6,6,2016,106
alonso,Fernando Alonso,10,6,2016,18
raikkonen,Kimi Räikkönen,0,6,2016,61
massa,Felipe Massa,1,6,2016,37
button,Jenson Button,2,6,2016,5
vettel,Sebastian Vettel,12,6,2016,60
button,Jenson Button,0,7,2016,5
vettel,Sebastian Vettel,18,7,2016,78
hamilton,Lewis Hamilton,25,7,2016,107
rosberg,Nico Rosberg,10,7,2016,116
alonso,Fernando Alonso,0,7,2016,18
raikkonen,Kimi Räikkönen,8,7,2016,69
massa,Felipe Massa,0,7,2016,37
hulkenberg,Nico Hülkenberg,4,7,2016,18
perez,Sergio Pérez,1,7,2016,24
ricciardo,Daniel Ricciardo,6,7,2016,72
gutierrez,Esteban Gutiérrez,0,7,2016,0
bottas,Valtteri Bottas,15,7,2016,44
kevin_magnussen,Kevin Magnussen,0,7,2016,6
kvyat,Daniil Kvyat,0,7,2016,22
ericsson,Marcus Ericsson,0,7,2016,0
max_verstappen,Max Verstappen,12,7,2016,50
nasr,Felipe Nasr,0,7,2016,0
sainz,Carlos Sainz,2,7,2016,18
jolyon_palmer,Jolyon Palmer,0,7,2016,0
wehrlein,Pascal Wehrlein,0,7,2016,0
haryanto,Rio Haryanto,0,7,2016,0
grosjean,Romain Grosjean,0,7,2016,22
grosjean,Romain Grosjean,0,8,2016,22
hulkenberg,Nico Hülkenberg,2,8,2016,20
perez,Sergio Pérez,15,8,2016,39
ricciardo,Daniel Ricciardo,6,8,2016,78
gutierrez,Esteban Gutiérrez,0,8,2016,0
bottas,Valtteri Bottas,8,8,2016,52
kevin_magnussen,Kevin Magnussen,0,8,2016,6
kvyat,Daniil Kvyat,0,8,2016,22
ericsson,Marcus Ericsson,0,8,2016,0
max_verstappen,Max Verstappen,4,8,2016,54
nasr,Felipe Nasr,0,8,2016,0
sainz,Carlos Sainz,0,8,2016,18
jolyon_palmer,Jolyon Palmer,0,8,2016,0
wehrlein,Pascal Wehrlein,0,8,2016,0
haryanto,Rio Haryanto,0,8,2016,0
hamilton,Lewis Hamilton,10,8,2016,117
rosberg,Nico Rosberg,25,8,2016,141
alonso,Fernando Alonso,0,8,2016,18
raikkonen,Kimi Räikkönen,12,8,2016,81
massa,Felipe Massa,1,8,2016,38
button,Jenson Button,0,8,2016,5
vettel,Sebastian Vettel,18,8,2016,96
button,Jenson Button,8,9,2016,13
vettel,Sebastian Vettel,0,9,2016,96
hamilton,Lewis Hamilton,25,9,2016,142
rosberg,Nico Rosberg,12,9,2016,153
alonso,Fernando Alonso,0,9,2016,18
raikkonen,Kimi Räikkönen,15,9,2016,96
massa,Felipe Massa,0,9,2016,38
haryanto,Rio Haryanto,0,9,2016,0
hulkenberg,Nico Hülkenberg,0,9,2016,20
perez,Sergio Pérez,0,9,2016,39
ricciardo,Daniel Ricciardo,10,9,2016,88
gutierrez,Esteban Gutiérrez,0,9,2016,0
bottas,Valtteri Bottas,2,9,2016,54
kevin_magnussen,Kevin Magnussen,0,9,2016,6
kvyat,Daniil Kvyat,0,9,2016,22
ericsson,Marcus Ericsson,0,9,2016,0
max_verstappen,Max Verstappen,18,9,2016,72
nasr,Felipe Nasr,0,9,2016,0
sainz,Carlos Sainz,4,9,2016,22
jolyon_palmer,Jolyon Palmer,0,9,2016,0
wehrlein,Pascal Wehrlein,1,9,2016,1
grosjean,Romain Grosjean,6,9,2016,28
grosjean,Romain Grosjean,0,10,2016,28
hulkenberg,Nico Hülkenberg,6,10,2016,26
perez,Sergio Pérez,8,10,2016,47
ricciardo,Daniel Ricciardo,12,10,2016,100
gutierrez,Esteban Gutiérrez,0,10,2016,0
bottas,Valtteri Bottas,0,10,2016,54
kevin_magnussen,Kevin Magnussen,0,10,2016,6
kvyat,Daniil Kvyat,1,10,2016,23
ericsson,Marcus Ericsson,0,10,2016,0
max_verstappen,Max Verstappen,18,10,2016,90
nasr,Felipe Nasr,0,10,2016,0
sainz,Carlos Sainz,4,10,2016,26
jolyon_palmer,Jolyon Palmer,0,10,2016,0
wehrlein,Pascal Wehrlein,0,10,2016,1
button,Jenson Button,0,10,2016,13
vettel,Sebastian Vettel,2,10,2016,98
haryanto,Rio Haryanto,0,10,2016,0
hamilton,Lewis Hamilton,25,10,2016,167
rosberg,Nico Rosberg,15,10,2016,168
alonso,Fernando Alonso,0,10,2016,18
raikkonen,Kimi Räikkönen,10,10,2016,106
massa,Felipe Massa,0,10,2016,38
hamilton,Lewis Hamilton,25,11,2016,192
rosberg,Nico Rosberg,18,11,2016,186
alonso,Fernando Alonso,6,11,2016,24
raikkonen,Kimi Räikkönen,8,11,2016,114
massa,Felipe Massa,0,11,2016,38
haryanto,Rio Haryanto,0,11,2016,0
grosjean,Romain Grosjean,0,11,2016,28
button,Jenson Button,0,11,2016,13
vettel,Sebastian Vettel,12,11,2016,110
hulkenberg,Nico Hülkenberg,1,11,2016,27
perez,Sergio Pérez,0,11,2016,47
ricciardo,Daniel Ricciardo,15,11,2016,115
gutierrez,Esteban Gutiérrez,0,11,2016,0
bottas,Valtteri Bottas,2,11,2016,56
kevin_magnussen,Kevin Magnussen,0,11,2016,6
kvyat,Daniil Kvyat,0,11,2016,23
ericsson,Marcus Ericsson,0,11,2016,0
max_verstappen,Max Verstappen,10,11,2016,100
nasr,Felipe Nasr,0,11,2016,0
sainz,Carlos Sainz,4,11,2016,30
jolyon_palmer,Jolyon Palmer,0,11,2016,0
wehrlein,Pascal Wehrlein,0,11,2016,1
hulkenberg,Nico Hülkenberg,6,12,2016,33
perez,Sergio Pérez,1,12,2016,48
ricciardo,Daniel Ricciardo,18,12,2016,133
gutierrez,Esteban Gutiérrez,0,12,2016,0
bottas,Valtteri Bottas,2,12,2016,58
kevin_magnussen,Kevin Magnussen,0,12,2016,6
kvyat,Daniil Kvyat,0,12,2016,23
ericsson,Marcus Ericsson,0,12,2016,0
max_verstappen,Max Verstappen,15,12,2016,115
nasr,Felipe Nasr,0,12,2016,0
sainz,Carlos Sainz,0,12,2016,30
jolyon_palmer,Jolyon Palmer,0,12,2016,0
wehrlein,Pascal Wehrlein,0,12,2016,1
button,Jenson Button,4,12,2016,17
vettel,Sebastian Vettel,10,12,2016,120
hamilton,Lewis Hamilton,25,12,2016,217
rosberg,Nico Rosberg,12,12,2016,198
alonso,Fernando Alonso,0,12,2016,24
raikkonen,Kimi Räikkönen,8,12,2016,122
massa,Felipe Massa,0,12,2016,38
grosjean,Romain Grosjean,0,12,2016,28
haryanto,Rio Haryanto,0,12,2016,0
ocon,Esteban Ocon,0,13,2016,0
grosjean,Romain Grosjean,0,13,2016,28
hulkenberg,Nico Hülkenberg,12,13,2016,45
perez,Sergio Pérez,10,13,2016,58
ricciardo,Daniel Ricciardo,18,13,2016,151
gutierrez,Esteban Gutiérrez,0,13,2016,0
bottas,Valtteri Bottas,4,13,2016,62
kevin_magnussen,Kevin Magnussen,0,13,2016,6
kvyat,Daniil Kvyat,0,13,2016,23
ericsson,Marcus Ericsson,0,13,2016,0
max_verstappen,Max Verstappen,0,13,2016,115
nasr,Felipe Nasr,0,13,2016,0
sainz,Carlos Sainz,0,13,2016,30
jolyon_palmer,Jolyon Palmer,0,13,2016,0
wehrlein,Pascal Wehrlein,0,13,2016,1
hamilton,Lewis Hamilton,15,13,2016,232
rosberg,Nico Rosberg,25,13,2016,223
alonso,Fernando Alonso,6,13,2016,30
raikkonen,Kimi Räikkönen,2,13,2016,124
massa,Felipe Massa,1,13,2016,39
button,Jenson Button,0,13,2016,17
vettel,Sebastian Vettel,8,13,2016,128
button,Jenson Button,0,14,2016,17
vettel,Sebastian Vettel,15,14,2016,143
hamilton,Lewis Hamilton,18,14,2016,250
rosberg,Nico Rosberg,25,14,2016,248
alonso,Fernando Alonso,0,14,2016,30
raikkonen,Kimi Räikkönen,12,14,2016,136
massa,Felipe Massa,2,14,2016,41
ocon,Esteban Ocon,0,14,2016,0
hulkenberg,Nico Hülkenberg,1,14,2016,46
perez,Sergio Pérez,4,14,2016,62
ricciardo,Daniel Ricciardo,10,14,2016,161
gutierrez,Esteban Gutiérrez,0,14,2016,0
bottas,Valtteri Bottas,8,14,2016,70
kevin_magnussen,Kevin Magnussen,0,14,2016,6
kvyat,Daniil Kvyat,0,14,2016,23
ericsson,Marcus Ericsson,0,14,2016,0
max_verstappen,Max Verstappen,6,14,2016,121
nasr,Felipe Nasr,0,14,2016,0
sainz,Carlos Sainz,0,14,2016,30
jolyon_palmer,Jolyon Palmer,0,14,2016,0
wehrlein,Pascal Wehrlein,0,14,2016,1
grosjean,Romain Grosjean,0,14,2016,28
grosjean,Romain Grosjean,0,15,2016,28
hulkenberg,Nico Hülkenberg,0,15,2016,46
perez,Sergio Pérez,4,15,2016,66
ricciardo,Daniel Ricciardo,18,15,2016,179
gutierrez,Esteban Gutiérrez,0,15,2016,0
bottas,Valtteri Bottas,0,15,2016,70
kevin_magnussen,Kevin Magnussen,1,15,2016,7
kvyat,Daniil Kvyat,2,15,2016,25
ericsson,Marcus Ericsson,0,15,2016,0
max_verstappen,Max Verstappen,8,15,2016,129
nasr,Felipe Nasr,0,15,2016,0
sainz,Carlos Sainz,0,15,2016,30
jolyon_palmer,Jolyon Palmer,0,15,2016,0
wehrlein,Pascal Wehrlein,0,15,2016,1
button,Jenson Button,0,15,2016,17
vettel,Sebastian Vettel,10,15,2016,153
ocon,Esteban Ocon,0,15,2016,0
hamilton,Lewis Hamilton,15,15,2016,265
rosberg,Nico Rosberg,25,15,2016,273
alonso,Fernando Alonso,6,15,2016,36
raikkonen,Kimi Räikkönen,12,15,2016,148
massa,Felipe Massa,0,15,2016,41
hamilton,Lewis Hamilton,0,16,2016,265
rosberg,Nico Rosberg,15,16,2016,288
alonso,Fernando Alonso,6,16,2016,42
raikkonen,Kimi Räikkönen,12,16,2016,160
massa,Felipe Massa,0,16,2016,41
ocon,Esteban Ocon,0,16,2016,0
grosjean,Romain Grosjean,0,16,2016,28
button,Jenson Button,2,16,2016,19
vettel,Sebastian Vettel,0,16,2016,153
hulkenberg,Nico Hülkenberg,4,16,2016,50
perez,Sergio Pérez,8,16,2016,74
ricciardo,Daniel Ricciardo,25,16,2016,204
gutierrez,Esteban Gutiérrez,0,16,2016,0
bottas,Valtteri Bottas,10,16,2016,80
kevin_magnussen,Kevin Magnussen,0,16,2016,7
kvyat,Daniil Kvyat,0,16,2016,25
ericsson,Marcus Ericsson,0,16,2016,0
max_verstappen,Max Verstappen,18,16,2016,147
nasr,Felipe Nasr,0,16,2016,0
sainz,Carlos Sainz,0,16,2016,30
jolyon_palmer,Jolyon Palmer,1,16,2016,1
wehrlein,Pascal Wehrlein,0,16,2016,1
hulkenberg,Nico Hülkenberg,4,17,2016,54
perez,Sergio Pérez,6,17,2016,80
ricciardo,Daniel Ricciardo,8,17,2016,212
gutierrez,Esteban Gutiérrez,0,17,2016,0
bottas,Valtteri Bottas,1,17,2016,81
kevin_magnussen,Kevin Magnussen,0,17,2016,7
kvyat,Daniil Kvyat,0,17,2016,25
ericsson,Marcus Ericsson,0,17,2016,0
max_verstappen,Max Verstappen,18,17,2016,165
nasr,Felipe Nasr,0,17,2016,0
sainz,Carlos Sainz,0,17,2016,30
jolyon_palmer,Jolyon Palmer,0,17,2016,1
wehrlein,Pascal Wehrlein,0,17,2016,1
button,Jenson Button,0,17,2016,19
vettel,Sebastian Vettel,12,17,2016,165
hamilton,Lewis Hamilton,15,17,2016,280
rosberg,Nico Rosberg,25,17,2016,313
alonso,Fernando Alonso,0,17,2016,42
raikkonen,Kimi Räikkönen,10,17,2016,170
massa,Felipe Massa,2,17,2016,43
grosjean,Romain Grosjean,0,17,2016,28
ocon,Esteban Ocon,0,17,2016,0
ocon,Esteban Ocon,0,18,2016,0
grosjean,Romain Grosjean,1,18,2016,29
hulkenberg,Nico Hülkenberg,0,18,2016,54
perez,Sergio Pérez,4,18,2016,84
ricciardo,Daniel Ricciardo,15,18,2016,227
gutierrez,Esteban Gutiérrez,0,18,2016,0
bottas,Valtteri Bottas,0,18,2016,81
kevin_magnussen,Kevin Magnussen,0,18,2016,7
kvyat,Daniil Kvyat,0,18,2016,25
ericsson,Marcus Ericsson,0,18,2016,0
max_verstappen,Max Verstappen,0,18,2016,165
nasr,Felipe Nasr,0,18,2016,0
sainz,Carlos Sainz,8,18,2016,38
jolyon_palmer,Jolyon Palmer,0,18,2016,1
wehrlein,Pascal Wehrlein,0,18,2016,1
hamilton,Lewis Hamilton,25,18,2016,305
rosberg,Nico Rosberg,18,18,2016,331
alonso,Fernando Alonso,10,18,2016,52
raikkonen,Kimi Räikkönen,0,18,2016,170
massa,Felipe Massa,6,18,2016,49
button,Jenson Button,2,18,2016,21
vettel,Sebastian Vettel,12,18,2016,177
button,Jenson Button,0,19,2016,21
vettel,Sebastian Vettel,10,19,2016,187
hamilton,Lewis Hamilton,25,19,2016,330
rosberg,Nico Rosberg,18,19,2016,349
alonso,Fernando Alonso,0,19,2016,52
raikkonen,Kimi Räikkönen,8,19,2016,178
massa,Felipe Massa,2,19,2016,51
ocon,Esteban Ocon,0,19,2016,0
hulkenberg,Nico Hülkenberg,6,19,2016,60
perez,Sergio Pérez,1,19,2016,85
ricciardo,Daniel Ricciardo,15,19,2016,242
gutierrez,Esteban Gutiérrez,0,19,2016,0
bottas,Valtteri Bottas,4,19,2016,85
kevin_magnussen,Kevin Magnussen,0,19,2016,7
kvyat,Daniil Kvyat,0,19,2016,25
ericsson,Marcus Ericsson,0,19,2016,0
max_verstappen,Max Verstappen,12,19,2016,177
nasr,Felipe Nasr,0,19,2016,0
sainz,Carlos Sainz,0,19,2016,38
jolyon_palmer,Jolyon Palmer,0,19,2016,1
wehrlein,Pascal Wehrlein,0,19,2016,1
grosjean,Romain Grosjean,0,19,2016,29
grosjean,Romain Grosjean,0,20,2016,29
hulkenberg,Nico Hülkenberg,6,20,2016,66
perez,Sergio Pérez,12,20,2016,97
ricciardo,Daniel Ricciardo,4,20,2016,246
gutierrez,Esteban Gutiérrez,0,20,2016,0
bottas,Valtteri Bottas,0,20,2016,85
kevin_magnussen,Kevin Magnussen,0,20,2016,7
kvyat,Daniil Kvyat,0,20,2016,25
ericsson,Marcus Ericsson,0,20,2016,0
max_verstappen,Max Verstappen,15,20,2016,192
nasr,Felipe Nasr,2,20,2016,2
sainz,Carlos Sainz,8,20,2016,46
jolyon_palmer,Jolyon Palmer,0,20,2016,1
wehrlein,Pascal Wehrlein,0,20,2016,1
button,Jenson Button,0,20,2016,21
vettel,Sebastian Vettel,10,20,2016,197
ocon,Esteban Ocon,0,20,2016,0
hamilton,Lewis Hamilton,25,20,2016,355
rosberg,Nico Rosberg,18,20,2016,367
alonso,Fernando Alonso,1,20,2016,53
raikkonen,Kimi Räikkönen,0,20,2016,178
massa,Felipe Massa,0,20,2016,51
hamilton,Lewis Hamilton,25,21,2016,380
rosberg,Nico Rosberg,18,21,2016,385
alonso,Fernando Alonso,1,21,2016,54
raikkonen,Kimi Räikkönen,8,21,2016,186
massa,Felipe Massa,2,21,2016,53
ocon,Esteban Ocon,0,21,2016,0
hulkenberg,Nico Hülkenberg,6,21,2016,72
perez,Sergio Pérez,4,21,2016,101
ricciardo,Daniel Ricciardo,10,21,2016,256
gutierrez,Esteban Gutiérrez,0,21,2016,0
bottas,Valtteri Bottas,0,21,2016,85
kevin_magnussen,Kevin Magnussen,0,21,2016,7
kvyat,Daniil Kvyat,0,21,2016,25
ericsson,Marcus Ericsson,0,21,2016,0
max_verstappen,Max Verstappen,12,21,2016,204
nasr,Felipe Nasr,0,21,2016,2
sainz,Carlos Sainz,0,21,2016,46
jolyon_palmer,Jolyon Palmer,0,21,2016,1
wehrlein,Pascal Wehrlein,0,21,2016,1
grosjean,Romain Grosjean,0,21,2016,29
button,Jenson Button,0,21,2016,21
vettel,Sebastian Vettel,15,21,2016,212
button,Jenson Button,0,1,2015,0
vettel,Sebastian Vettel,15,1,2015,15
grosjean,Romain Grosjean,0,1,2015,0
hamilton,Lewis Hamilton,25,1,2015,25
rosberg,Nico Rosberg,18,1,2015,18
raikkonen,Kimi Räikkönen,0,1,2015,0
massa,Felipe Massa,12,1,2015,12
hulkenberg,Nico Hülkenberg,6,1,2015,6
maldonado,Pastor Maldonado,0,1,2015,0
perez,Sergio Pérez,1,1,2015,1
ricciardo,Daniel Ricciardo,8,1,2015,8
bottas,Valtteri Bottas,0,1,2015,0
kevin_magnussen,Kevin Magnussen,0,1,2015,0
kvyat,Daniil Kvyat,0,1,2015,0
ericsson,Marcus Ericsson,4,1,2015,4
max_verstappen,Max Verstappen,0,1,2015,0
nasr,Felipe Nasr,10,1,2015,10
sainz,Carlos Sainz,2,1,2015,2
hulkenberg,Nico Hülkenberg,0,2,2015,6
maldonado,Pastor Maldonado,0,2,2015,0
perez,Sergio Pérez,0,2,2015,1
ricciardo,Daniel Ricciardo,1,2,2015,9
bottas,Valtteri Bottas,10,2,2015,10
kvyat,Daniil Kvyat,2,2,2015,2
ericsson,Marcus Ericsson,0,2,2015,4
stevens,Will Stevens,0,2,2015,0
max_verstappen,Max Verstappen,6,2,2015,6
nasr,Felipe Nasr,0,2,2015,10
sainz,Carlos Sainz,4,2,2015,6
merhi,Roberto Merhi,0,2,2015,0
hamilton,Lewis Hamilton,18,2,2015,43
rosberg,Nico Rosberg,15,2,2015,33
alonso,Fernando Alonso,0,2,2015,0
raikkonen,Kimi Räikkönen,12,2,2015,12
massa,Felipe Massa,8,2,2015,20
button,Jenson Button,0,2,2015,0
vettel,Sebastian Vettel,25,2,2015,40
grosjean,Romain Grosjean,0,2,2015,0
grosjean,Romain Grosjean,6,3,2015,6
button,Jenson Button,0,3,2015,0
vettel,Sebastian Vettel,15,3,2015,55
hulkenberg,Nico Hülkenberg,0,3,2015,6
maldonado,Pastor Maldonado,0,3,2015,0
perez,Sergio Pérez,0,3,2015,1
ricciardo,Daniel Ricciardo,2,3,2015,11
bottas,Valtteri Bottas,8,3,2015,18
kvyat,Daniil Kvyat,0,3,2015,2
ericsson,Marcus Ericsson,1,3,2015,5
stevens,Will Stevens,0,3,2015,0
max_verstappen,Max Verstappen,0,3,2015,6
nasr,Felipe Nasr,4,3,2015,14
sainz,Carlos Sainz,0,3,2015,6
merhi,Roberto Merhi,0,3,2015,0
hamilton,Lewis Hamilton,25,3,2015,68
rosberg,Nico Rosberg,18,3,2015,51
alonso,Fernando Alonso,0,3,2015,0
raikkonen,Kimi Räikkönen,12,3,2015,24
massa,Felipe Massa,10,3,2015,30
hamilton,Lewis Hamilton,25,4,2015,93
rosberg,Nico Rosberg,15,4,2015,66
alonso,Fernando Alonso,0,4,2015,0
raikkonen,Kimi Räikkönen,18,4,2015,42
massa,Felipe Massa,1,4,2015,31
hulkenberg,Nico Hülkenberg,0,4,2015,6
maldonado,Pastor Maldonado,0,4,2015,0
perez,Sergio Pérez,4,4,2015,5
ricciardo,Daniel Ricciardo,8,4,2015,19
bottas,Valtteri Bottas,12,4,2015,30
kvyat,Daniil Kvyat,2,4,2015,4
ericsson,Marcus Ericsson,0,4,2015,5
stevens,Will Stevens,0,4,2015,0
max_verstappen,Max Verstappen,0,4,2015,6
nasr,Felipe Nasr,0,4,2015,14
sainz,Carlos Sainz,0,4,2015,6
merhi,Roberto Merhi,0,4,2015,0
grosjean,Romain Grosjean,6,4,2015,12
button,Jenson Button,0,4,2015,0
vettel,Sebastian Vettel,10,4,2015,65
button,Jenson Button,0,5,2015,0
vettel,Sebastian Vettel,15,5,2015,80
grosjean,Romain Grosjean,4,5,2015,16
hamilton,Lewis Hamilton,18,5,2015,111
rosberg,Nico Rosberg,25,5,2015,91
alonso,Fernando Alonso,0,5,2015,0
raikkonen,Kimi Räikkönen,10,5,2015,52
massa,Felipe Massa,8,5,2015,39
hulkenberg,Nico Hülkenberg,0,5,2015,6
maldonado,Pastor Maldonado,0,5,2015,0
perez,Sergio Pérez,0,5,2015,5
ricciardo,Daniel Ricciardo,6,5,2015,25
bottas,Valtteri Bottas,12,5,2015,42
kvyat,Daniil Kvyat,1,5,2015,5
ericsson,Marcus Ericsson,0,5,2015,5
stevens,Will Stevens,0,5,2015,0
max_verstappen,Max Verstappen,0,5,2015,6
nasr,Felipe Nasr,0,5,2015,14
sainz,Carlos Sainz,2,5,2015,8
merhi,Roberto Merhi,0,5,2015,0
hulkenberg,Nico Hülkenberg,0,6,2015,6
maldonado,Pastor Maldonado,0,6,2015,0
perez,Sergio Pérez,6,6,2015,11
ricciardo,Daniel Ricciardo,10,6,2015,35
bottas,Valtteri Bottas,0,6,2015,42
kvyat,Daniil Kvyat,12,6,2015,17
ericsson,Marcus Ericsson,0,6,2015,5
stevens,Will Stevens,0,6,2015,0
max_verstappen,Max Verstappen,0,6,2015,6
nasr,Felipe Nasr,2,6,2015,16
sainz,Carlos Sainz,1,6,2015,9
merhi,Roberto Merhi,0,6,2015,0
hamilton,Lewis Hamilton,15,6,2015,126
rosberg,Nico Rosberg,25,6,2015,116
alonso,Fernando Alonso,0,6,2015,0
raikkonen,Kimi Räikkönen,8,6,2015,60
massa,Felipe Massa,0,6,2015,39
button,Jenson Button,4,6,2015,4
vettel,Sebastian Vettel,18,6,2015,98
grosjean,Romain Grosjean,0,6,2015,16
grosjean,Romain Grosjean,1,7,2015,17
button,Jenson Button,0,7,2015,4
vettel,Sebastian Vettel,10,7,2015,108
hulkenberg,Nico Hülkenberg,4,7,2015,10
maldonado,Pastor Maldonado,6,7,2015,6
perez,Sergio Pérez,0,7,2015,11
ricciardo,Daniel Ricciardo,0,7,2015,35
bottas,Valtteri Bottas,15,7,2015,57
kvyat,Daniil Kvyat,2,7,2015,19
ericsson,Marcus Ericsson,0,7,2015,5
stevens,Will Stevens,0,7,2015,0
max_verstappen,Max Verstappen,0,7,2015,6
nasr,Felipe Nasr,0,7,2015,16
sainz,Carlos Sainz,0,7,2015,9
merhi,Roberto Merhi,0,7,2015,0
hamilton,Lewis Hamilton,25,7,2015,151
rosberg,Nico Rosberg,18,7,2015,134
alonso,Fernando Alonso,0,7,2015,0
raikkonen,Kimi Räikkönen,12,7,2015,72
massa,Felipe Massa,8,7,2015,47
hamilton,Lewis Hamilton,18,8,2015,169
rosberg,Nico Rosberg,25,8,2015,159
alonso,Fernando Alonso,0,8,2015,0
raikkonen,Kimi Räikkönen,0,8,2015,72
massa,Felipe Massa,15,8,2015,62
hulkenberg,Nico Hülkenberg,8,8,2015,18
maldonado,Pastor Maldonado,6,8,2015,12
perez,Sergio Pérez,2,8,2015,13
ricciardo,Daniel Ricciardo,1,8,2015,36
bottas,Valtteri Bottas,10,8,2015,67
kvyat,Daniil Kvyat,0,8,2015,19
ericsson,Marcus Ericsson,0,8,2015,5
stevens,Will Stevens,0,8,2015,0
max_verstappen,Max Verstappen,4,8,2015,10
nasr,Felipe Nasr,0,8,2015,16
sainz,Carlos Sainz,0,8,2015,9
merhi,Roberto Merhi,0,8,2015,0
grosjean,Romain Grosjean,0,8,2015,17
button,Jenson Button,0,8,2015,4
vettel,Sebastian Vettel,12,8,2015,120
button,Jenson Button,0,9,2015,4
vettel,Sebastian Vettel,15,9,2015,135
grosjean,Romain Grosjean,0,9,2015,17
hamilton,Lewis Hamilton,25,9,2015,194
rosberg,Nico Rosberg,18,9,2015,177
alonso,Fernando Alonso,1,9,2015,1
raikkonen,Kimi Räikkönen,4,9,2015,76
massa,Felipe Massa,12,9,2015,74
hulkenberg,Nico Hülkenberg,6,9,2015,24
maldonado,Pastor Maldonado,0,9,2015,12
perez,Sergio Pérez,2,9,2015,15
ricciardo,Daniel Ricciardo,0,9,2015,36
bottas,Valtteri Bottas,10,9,2015,77
kvyat,Daniil Kvyat,8,9,2015,27
ericsson,Marcus Ericsson,0,9,2015,5
stevens,Will Stevens,0,9,2015,0
max_verstappen,Max Verstappen,0,9,2015,10
nasr,Felipe Nasr,0,9,2015,16
sainz,Carlos Sainz,0,9,2015,9
merhi,Roberto Merhi,0,9,2015,0
hulkenberg,Nico Hülkenberg,0,10,2015,24
maldonado,Pastor Maldonado,0,10,2015,12
perez,Sergio Pérez,0,10,2015,15
ricciardo,Daniel Ricciardo,15,10,2015,51
bottas,Valtteri Bottas,0,10,2015,77
kvyat,Daniil Kvyat,18,10,2015,45
ericsson,Marcus Ericsson,1,10,2015,6
stevens,Will Stevens,0,10,2015,0
max_verstappen,Max Verstappen,12,10,2015,22
nasr,Felipe Nasr,0,10,2015,16
sainz,Carlos Sainz,0,10,2015,9
merhi,Roberto Merhi,0,10,2015,0
hamilton,Lewis Hamilton,8,10,2015,202
rosberg,Nico Rosberg,4,10,2015,181
alonso,Fernando Alonso,10,10,2015,11
raikkonen,Kimi Räikkönen,0,10,2015,76
massa,Felipe Massa,0,10,2015,74
button,Jenson Button,2,10,2015,6
vettel,Sebastian Vettel,25,10,2015,160
grosjean,Romain Grosjean,6,10,2015,23
grosjean,Romain Grosjean,15,11,2015,38
button,Jenson Button,0,11,2015,6
vettel,Sebastian Vettel,0,11,2015,160
hulkenberg,Nico Hülkenberg,0,11,2015,24
maldonado,Pastor Maldonado,0,11,2015,12
perez,Sergio Pérez,10,11,2015,25
ricciardo,Daniel Ricciardo,0,11,2015,51
bottas,Valtteri Bottas,2,11,2015,79
kvyat,Daniil Kvyat,12,11,2015,57
ericsson,Marcus Ericsson,1,11,2015,7
stevens,Will Stevens,0,11,2015,0
max_verstappen,Max Verstappen,4,11,2015,26
nasr,Felipe Nasr,0,11,2015,16
sainz,Carlos Sainz,0,11,2015,9
merhi,Roberto Merhi,0,11,2015,0
hamilton,Lewis Hamilton,25,11,2015,227
rosberg,Nico Rosberg,18,11,2015,199
alonso,Fernando Alonso,0,11,2015,11
raikkonen,Kimi Räikkönen,6,11,2015,82
massa,Felipe Massa,8,11,2015,82
hamilton,Lewis Hamilton,25,12,2015,252
rosberg,Nico Rosberg,0,12,2015,199
alonso,Fernando Alonso,0,12,2015,11
raikkonen,Kimi Räikkönen,10,12,2015,92
massa,Felipe Massa,15,12,2015,97
hulkenberg,Nico Hülkenberg,6,12,2015,30
maldonado,Pastor Maldonado,0,12,2015,12
perez,Sergio Pérez,8,12,2015,33
ricciardo,Daniel Ricciardo,4,12,2015,55
bottas,Valtteri Bottas,12,12,2015,91
kvyat,Daniil Kvyat,1,12,2015,58
ericsson,Marcus Ericsson,2,12,2015,9
stevens,Will Stevens,0,12,2015,0
max_verstappen,Max Verstappen,0,12,2015,26
nasr,Felipe Nasr,0,12,2015,16
sainz,Carlos Sainz,0,12,2015,9
merhi,Roberto Merhi,0,12,2015,0
grosjean,Romain Grosjean,0,12,2015,38
button,Jenson Button,0,12,2015,6
vettel,Sebastian Vettel,18,12,2015,178
button,Jenson Button,0,13,2015,6
vettel,Sebastian Vettel,25,13,2015,203
grosjean,Romain Grosjean,0,13,2015,38
hamilton,Lewis Hamilton,0,13,2015,252
rosberg,Nico Rosberg,12,13,2015,211
alonso,Fernando Alonso,0,13,2015,11
raikkonen,Kimi Räikkönen,15,13,2015,107
massa,Felipe Massa,0,13,2015,97
hulkenberg,Nico Hülkenberg,0,13,2015,30
maldonado,Pastor Maldonado,0,13,2015,12
perez,Sergio Pérez,6,13,2015,39
ricciardo,Daniel Ricciardo,18,13,2015,73
bottas,Valtteri Bottas,10,13,2015,101
kvyat,Daniil Kvyat,8,13,2015,66
ericsson,Marcus Ericsson,0,13,2015,9
stevens,Will Stevens,0,13,2015,0
max_verstappen,Max Verstappen,4,13,2015,30
nasr,Felipe Nasr,1,13,2015,17
sainz,Carlos Sainz,2,13,2015,11
rossi,Alexander Rossi,0,13,2015,0
hulkenberg,Nico Hülkenberg,8,14,2015,38
maldonado,Pastor Maldonado,4,14,2015,16
perez,Sergio Pérez,0,14,2015,39
ricciardo,Daniel Ricciardo,0,14,2015,73
bottas,Valtteri Bottas,10,14,2015,111
kvyat,Daniil Kvyat,0,14,2015,66
ericsson,Marcus Ericsson,0,14,2015,9
stevens,Will Stevens,0,14,2015,0
max_verstappen,Max Verstappen,2,14,2015,32
nasr,Felipe Nasr,0,14,2015,17
sainz,Carlos Sainz,1,14,2015,12
rossi,Alexander Rossi,0,14,2015,0
hamilton,Lewis Hamilton,25,14,2015,277
rosberg,Nico Rosberg,18,14,2015,229
alonso,Fernando Alonso,0,14,2015,11
raikkonen,Kimi Räikkönen,12,14,2015,119
massa,Felipe Massa,0,14,2015,97
button,Jenson Button,0,14,2015,6
vettel,Sebastian Vettel,15,14,2015,218
grosjean,Romain Grosjean,6,14,2015,44
grosjean,Romain Grosjean,0,15,2015,44
button,Jenson Button,2,15,2015,8
vettel,Sebastian Vettel,18,15,2015,236
hulkenberg,Nico Hülkenberg,0,15,2015,38
maldonado,Pastor Maldonado,6,15,2015,22
perez,Sergio Pérez,15,15,2015,54
ricciardo,Daniel Ricciardo,0,15,2015,73
bottas,Valtteri Bottas,0,15,2015,111
kvyat,Daniil Kvyat,10,15,2015,76
ericsson,Marcus Ericsson,0,15,2015,9
stevens,Will Stevens,0,15,2015,0
max_verstappen,Max Verstappen,1,15,2015,33
nasr,Felipe Nasr,8,15,2015,25
sainz,Carlos Sainz,0,15,2015,12
merhi,Roberto Merhi,0,15,2015,0
hamilton,Lewis Hamilton,25,15,2015,302
rosberg,Nico Rosberg,0,15,2015,229
alonso,Fernando Alonso,0,15,2015,11
raikkonen,Kimi Räikkönen,4,15,2015,123
massa,Felipe Massa,12,15,2015,109
hamilton,Lewis Hamilton,25,16,2015,327
rosberg,Nico Rosberg,18,16,2015,247
alonso,Fernando Alonso,0,16,2015,11
raikkonen,Kimi Räikkönen,0,16,2015,123
massa,Felipe Massa,0,16,2015,109
hulkenberg,Nico Hülkenberg,0,16,2015,38
maldonado,Pastor Maldonado,4,16,2015,26
perez,Sergio Pérez,10,16,2015,64
ricciardo,Daniel Ricciardo,1,16,2015,74
bottas,Valtteri Bottas,0,16,2015,111
kvyat,Daniil Kvyat,0,16,2015,76
ericsson,Marcus Ericsson,0,16,2015,9
stevens,Will Stevens,0,16,2015,0
max_verstappen,Max Verstappen,12,16,2015,45
nasr,Felipe Nasr,2,16,2015,27
sainz,Carlos Sainz,6,16,2015,18
rossi,Alexander Rossi,0,16,2015,0
grosjean,Romain Grosjean,0,16,2015,44
button,Jenson Button,8,16,2015,16
vettel,Sebastian Vettel,15,16,2015,251
button,Jenson Button,0,17,2015,16
vettel,Sebastian Vettel,0,17,2015,251
grosjean,Romain Grosjean,1,17,2015,45
hamilton,Lewis Hamilton,18,17,2015,345
rosberg,Nico Rosberg,25,17,2015,272
alonso,Fernando Alonso,0,17,2015,11
raikkonen,Kimi Räikkönen,0,17,2015,123
massa,Felipe Massa,8,17,2015,117
hulkenberg,Nico Hülkenberg,6,17,2015,44
maldonado,Pastor Maldonado,0,17,2015,26
perez,Sergio Pérez,4,17,2015,68
ricciardo,Daniel Ricciardo,10,17,2015,84
bottas,Valtteri Bottas,15,17,2015,126
kvyat,Daniil Kvyat,12,17,2015,88
ericsson,Marcus Ericsson,0,17,2015,9
stevens,Will Stevens,0,17,2015,0
max_verstappen,Max Verstappen,2,17,2015,47
nasr,Felipe Nasr,0,17,2015,27
sainz,Carlos Sainz,0,17,2015,18
rossi,Alexander Rossi,0,17,2015,0
hulkenberg,Nico Hülkenberg,8,18,2015,52
maldonado,Pastor Maldonado,1,18,2015,27
perez,Sergio Pérez,0,18,2015,68
ricciardo,Daniel Ricciardo,0,18,2015,84
bottas,Valtteri Bottas,10,18,2015,136
kvyat,Daniil Kvyat,6,18,2015,94
ericsson,Marcus Ericsson,0,18,2015,9
stevens,Will Stevens,0,18,2015,0
max_verstappen,Max Verstappen,2,18,2015,49
nasr,Felipe Nasr,0,18,2015,27
sainz,Carlos Sainz,0,18,2015,18
rossi,Alexander Rossi,0,18,2015,0
hamilton,Lewis Hamilton,18,18,2015,363
rosberg,Nico Rosberg,25,18,2015,297
alonso,Fernando Alonso,0,18,2015,11
raikkonen,Kimi Räikkönen,12,18,2015,135
massa,Felipe Massa,0,18,2015,117
button,Jenson Button,0,18,2015,16
vettel,Sebastian Vettel,15,18,2015,266
grosjean,Romain Grosjean,4,18,2015,49
grosjean,Romain Grosjean,2,19,2015,51
button,Jenson Button,0,19,2015,16
vettel,Sebastian Vettel,12,19,2015,278
hulkenberg,Nico Hülkenberg,6,19,2015,58
maldonado,Pastor Maldonado,0,19,2015,27
perez,Sergio Pérez,10,19,2015,78
ricciardo,Daniel Ricciardo,8,19,2015,92
bottas,Valtteri Bottas,0,19,2015,136
kvyat,Daniil Kvyat,1,19,2015,95
ericsson,Marcus Ericsson,0,19,2015,9
stevens,Will Stevens,0,19,2015,0
max_verstappen,Max Verstappen,0,19,2015,49
nasr,Felipe Nasr,0,19,2015,27
sainz,Carlos Sainz,0,19,2015,18
merhi,Roberto Merhi,0,19,2015,0
hamilton,Lewis Hamilton,18,19,2015,381
rosberg,Nico Rosberg,25,19,2015,322
alonso,Fernando Alonso,0,19,2015,11
raikkonen,Kimi Räikkönen,15,19,2015,150
massa,Felipe Massa,4,19,2015,121
hamilton,Lewis Hamilton,0,1,2014,0
rosberg,Nico Rosberg,25,1,2014,25
alonso,Fernando Alonso,12,1,2014,12
raikkonen,Kimi Räikkönen,6,1,2014,6
massa,Felipe Massa,0,1,2014,0
sutil,Adrian Sutil,0,1,2014,0
hulkenberg,Nico Hülkenberg,8,1,2014,8
maldonado,Pastor Maldonado,0,1,2014,0
perez,Sergio Pérez,1,1,2014,1
ricciardo,Daniel Ricciardo,0,1,2014,0
vergne,Jean-Éric Vergne,4,1,2014,4
chilton,Max Chilton,0,1,2014,0
gutierrez,Esteban Gutiérrez,0,1,2014,0
bottas,Valtteri Bottas,10,1,2014,10
jules_bianchi,Jules Bianchi,0,1,2014,0
kevin_magnussen,Kevin Magnussen,18,1,2014,18
kvyat,Daniil Kvyat,2,1,2014,2
ericsson,Marcus Ericsson,0,1,2014,0
grosjean,Romain Grosjean,0,1,2014,0
kobayashi,Kamui Kobayashi,0,1,2014,0
button,Jenson Button,15,1,2014,15
vettel,Sebastian Vettel,0,1,2014,0
button,Jenson Button,8,2,2014,23
vettel,Sebastian Vettel,15,2,2014,15
grosjean,Romain Grosjean,0,2,2014,0
kobayashi,Kamui Kobayashi,0,2,2014,0
hamilton,Lewis Hamilton,25,2,2014,25
rosberg,Nico Rosberg,18,2,2014,43
alonso,Fernando Alonso,12,2,2014,24
raikkonen,Kimi Räikkönen,0,2,2014,6
massa,Felipe Massa,6,2,2014,6
sutil,Adrian Sutil,0,2,2014,0
hulkenberg,Nico Hülkenberg,10,2,2014,18
maldonado,Pastor Maldonado,0,2,2014,0
perez,Sergio Pérez,0,2,2014,1
ricciardo,Daniel Ricciardo,0,2,2014,0
vergne,Jean-Éric Vergne,0,2,2014,4
chilton,Max Chilton,0,2,2014,0
gutierrez,Esteban Gutiérrez,0,2,2014,0
bottas,Valtteri Bottas,4,2,2014,14
jules_bianchi,Jules Bianchi,0,2,2014,0
kevin_magnussen,Kevin Magnussen,2,2,2014,20
kvyat,Daniil Kvyat,1,2,2014,3
ericsson,Marcus Ericsson,0,2,2014,0
hulkenberg,Nico Hülkenberg,10,3,2014,28
maldonado,Pastor Maldonado,0,3,2014,0
perez,Sergio Pérez,15,3,2014,16
ricciardo,Daniel Ricciardo,12,3,2014,12
vergne,Jean-Éric Vergne,0,3,2014,4
chilton,Max Chilton,0,3,2014,0
gutierrez,Esteban Gutiérrez,0,3,2014,0
bottas,Valtteri Bottas,4,3,2014,18
jules_bianchi,Jules Bianchi,0,3,2014,0
kevin_magnussen,Kevin Magnussen,0,3,2014,20
kvyat,Daniil Kvyat,0,3,2014,3
ericsson,Marcus Ericsson,0,3,2014,0
hamilton,Lewis Hamilton,25,3,2014,50
rosberg,Nico Rosberg,18,3,2014,61
alonso,Fernando Alonso,2,3,2014,26
raikkonen,Kimi Räikkönen,1,3,2014,7
massa,Felipe Massa,6,3,2014,12
sutil,Adrian Sutil,0,3,2014,0
button,Jenson Button,0,3,2014,23
vettel,Sebastian Vettel,8,3,2014,23
grosjean,Romain Grosjean,0,3,2014,0
kobayashi,Kamui Kobayashi,0,3,2014,0
grosjean,Romain Grosjean,0,4,2014,0
kobayashi,Kamui Kobayashi,0,4,2014,0
button,Jenson Button,0,4,2014,23
vettel,Sebastian Vettel,10,4,2014,33
hulkenberg,Nico Hülkenberg,8,4,2014,36
maldonado,Pastor Maldonado,0,4,2014,0
perez,Sergio Pérez,2,4,2014,18
ricciardo,Daniel Ricciardo,12,4,2014,24
vergne,Jean-Éric Vergne,0,4,2014,4
chilton,Max Chilton,0,4,2014,0
gutierrez,Esteban Gutiérrez,0,4,2014,0
bottas,Valtteri Bottas,6,4,2014,24
jules_bianchi,Jules Bianchi,0,4,2014,0
kevin_magnussen,Kevin Magnussen,0,4,2014,20
kvyat,Daniil Kvyat,1,4,2014,4
ericsson,Marcus Ericsson,0,4,2014,0
hamilton,Lewis Hamilton,25,4,2014,75
rosberg,Nico Rosberg,18,4,2014,79
alonso,Fernando Alonso,15,4,2014,41
raikkonen,Kimi Räikkönen,4,4,2014,11
massa,Felipe Massa,0,4,2014,12
sutil,Adrian Sutil,0,4,2014,0
hamilton,Lewis Hamilton,25,5,2014,100
rosberg,Nico Rosberg,18,5,2014,97
alonso,Fernando Alonso,8,5,2014,49
raikkonen,Kimi Räikkönen,6,5,2014,17
massa,Felipe Massa,0,5,2014,12
sutil,Adrian Sutil,0,5,2014,0
hulkenberg,Nico Hülkenberg,1,5,2014,37
maldonado,Pastor Maldonado,0,5,2014,0
perez,Sergio Pérez,2,5,2014,20
ricciardo,Daniel Ricciardo,15,5,2014,39
vergne,Jean-Éric Vergne,0,5,2014,4
chilton,Max Chilton,0,5,2014,0
gutierrez,Esteban Gutiérrez,0,5,2014,0
bottas,Valtteri Bottas,10,5,2014,34
jules_bianchi,Jules Bianchi,0,5,2014,0
kevin_magnussen,Kevin Magnussen,0,5,2014,20
kvyat,Daniil Kvyat,0,5,2014,4
ericsson,Marcus Ericsson,0,5,2014,0
grosjean,Romain Grosjean,4,5,2014,4
kobayashi,Kamui Kobayashi,0,5,2014,0
button,Jenson Button,0,5,2014,23
vettel,Sebastian Vettel,12,5,2014,45
button,Jenson Button,8,6,2014,31
vettel,Sebastian Vettel,0,6,2014,45
grosjean,Romain Grosjean,4,6,2014,8
kobayashi,Kamui Kobayashi,0,6,2014,0
hamilton,Lewis Hamilton,18,6,2014,118
rosberg,Nico Rosberg,25,6,2014,122
alonso,Fernando Alonso,12,6,2014,61
raikkonen,Kimi Räikkönen,0,6,2014,17
massa,Felipe Massa,6,6,2014,18
sutil,Adrian Sutil,0,6,2014,0
hulkenberg,Nico Hülkenberg,10,6,2014,47
maldonado,Pastor Maldonado,0,6,2014,0
perez,Sergio Pérez,0,6,2014,20
ricciardo,Daniel Ricciardo,15,6,2014,54
vergne,Jean-Éric Vergne,0,6,2014,4
chilton,Max Chilton,0,6,2014,0
gutierrez,Esteban Gutiérrez,0,6,2014,0
bottas,Valtteri Bottas,0,6,2014,34
jules_bianchi,Jules Bianchi,2,6,2014,2
kevin_magnussen,Kevin Magnussen,1,6,2014,21
kvyat,Daniil Kvyat,0,6,2014,4
ericsson,Marcus Ericsson,0,6,2014,0
hulkenberg,Nico Hülkenberg,10,7,2014,57
maldonado,Pastor Maldonado,0,7,2014,0
perez,Sergio Pérez,0,7,2014,20
ricciardo,Daniel Ricciardo,25,7,2014,79
vergne,Jean-Éric Vergne,4,7,2014,8
chilton,Max Chilton,0,7,2014,0
gutierrez,Esteban Gutiérrez,0,7,2014,0
bottas,Valtteri Bottas,6,7,2014,40
jules_bianchi,Jules Bianchi,0,7,2014,2
kevin_magnussen,Kevin Magnussen,2,7,2014,23
kvyat,Daniil Kvyat,0,7,2014,4
ericsson,Marcus Ericsson,0,7,2014,0
hamilton,Lewis Hamilton,0,7,2014,118
rosberg,Nico Rosberg,18,7,2014,140
alonso,Fernando Alonso,8,7,2014,69
raikkonen,Kimi Räikkönen,1,7,2014,18
massa,Felipe Massa,0,7,2014,18
sutil,Adrian Sutil,0,7,2014,0
button,Jenson Button,12,7,2014,43
vettel,Sebastian Vettel,15,7,2014,60
grosjean,Romain Grosjean,0,7,2014,8
kobayashi,Kamui Kobayashi,0,7,2014,0
grosjean,Romain Grosjean,0,8,2014,8
kobayashi,Kamui Kobayashi,0,8,2014,0
button,Jenson Button,0,8,2014,43
vettel,Sebastian Vettel,0,8,2014,60
hulkenberg,Nico Hülkenberg,2,8,2014,59
maldonado,Pastor Maldonado,0,8,2014,0
perez,Sergio Pérez,8,8,2014,28
ricciardo,Daniel Ricciardo,4,8,2014,83
vergne,Jean-Éric Vergne,0,8,2014,8
chilton,Max Chilton,0,8,2014,0
gutierrez,Esteban Gutiérrez,0,8,2014,0
bottas,Valtteri Bottas,15,8,2014,55
jules_bianchi,Jules Bianchi,0,8,2014,2
kevin_magnussen,Kevin Magnussen,6,8,2014,29
kvyat,Daniil Kvyat,0,8,2014,4
ericsson,Marcus Ericsson,0,8,2014,0
hamilton,Lewis Hamilton,18,8,2014,136
rosberg,Nico Rosberg,25,8,2014,165
alonso,Fernando Alonso,10,8,2014,79
raikkonen,Kimi Räikkönen,1,8,2014,19
massa,Felipe Massa,12,8,2014,30
sutil,Adrian Sutil,0,8,2014,0
hamilton,Lewis Hamilton,25,9,2014,161
rosberg,Nico Rosberg,0,9,2014,165
alonso,Fernando Alonso,8,9,2014,87
raikkonen,Kimi Räikkönen,0,9,2014,19
massa,Felipe Massa,0,9,2014,30
sutil,Adrian Sutil,0,9,2014,0
hulkenberg,Nico Hülkenberg,4,9,2014,63
maldonado,Pastor Maldonado,0,9,2014,0
perez,Sergio Pérez,0,9,2014,28
ricciardo,Daniel Ricciardo,15,9,2014,98
vergne,Jean-Éric Vergne,1,9,2014,9
chilton,Max Chilton,0,9,2014,0
gutierrez,Esteban Gutiérrez,0,9,2014,0
bottas,Valtteri Bottas,18,9,2014,73
jules_bianchi,Jules Bianchi,0,9,2014,2
kevin_magnussen,Kevin Magnussen,6,9,2014,35
kvyat,Daniil Kvyat,2,9,2014,6
ericsson,Marcus Ericsson,0,9,2014,0
grosjean,Romain Grosjean,0,9,2014,8
kobayashi,Kamui Kobayashi,0,9,2014,0
button,Jenson Button,12,9,2014,55
vettel,Sebastian Vettel,10,9,2014,70
button,Jenson Button,4,10,2014,59
vettel,Sebastian Vettel,12,10,2014,82
grosjean,Romain Grosjean,0,10,2014,8
kobayashi,Kamui Kobayashi,0,10,2014,0
hamilton,Lewis Hamilton,15,10,2014,176
rosberg,Nico Rosberg,25,10,2014,190
alonso,Fernando Alonso,10,10,2014,97
raikkonen,Kimi Räikkönen,0,10,2014,19
massa,Felipe Massa,0,10,2014,30
sutil,Adrian Sutil,0,10,2014,0
hulkenberg,Nico Hülkenberg,6,10,2014,69
maldonado,Pastor Maldonado,0,10,2014,0
perez,Sergio Pérez,1,10,2014,29
ricciardo,Daniel Ricciardo,8,10,2014,106
vergne,Jean-Éric Vergne,0,10,2014,9
chilton,Max Chilton,0,10,2014,0
gutierrez,Esteban Gutiérrez,0,10,2014,0
bottas,Valtteri Bottas,18,10,2014,91
jules_bianchi,Jules Bianchi,0,10,2014,2
kevin_magnussen,Kevin Magnussen,2,10,2014,37
kvyat,Daniil Kvyat,0,10,2014,6
ericsson,Marcus Ericsson,0,10,2014,0
hulkenberg,Nico Hülkenberg,0,11,2014,69
maldonado,Pastor Maldonado,0,11,2014,0
perez,Sergio Pérez,0,11,2014,29
ricciardo,Daniel Ricciardo,25,11,2014,131
vergne,Jean-Éric Vergne,2,11,2014,11
chilton,Max Chilton,0,11,2014,0
gutierrez,Esteban Gutiérrez,0,11,2014,0
bottas,Valtteri Bottas,4,11,2014,95
jules_bianchi,Jules Bianchi,0,11,2014,2
kevin_magnussen,Kevin Magnussen,0,11,2014,37
kvyat,Daniil Kvyat,0,11,2014,6
ericsson,Marcus Ericsson,0,11,2014,0
hamilton,Lewis Hamilton,15,11,2014,191
rosberg,Nico Rosberg,12,11,2014,202
alonso,Fernando Alonso,18,11,2014,115
raikkonen,Kimi Räikkönen,8,11,2014,27
massa,Felipe Massa,10,11,2014,40
sutil,Adrian Sutil,0,11,2014,0
button,Jenson Button,1,11,2014,60
vettel,Sebastian Vettel,6,11,2014,88
grosjean,Romain Grosjean,0,11,2014,8
kobayashi,Kamui Kobayashi,0,11,2014,0
grosjean,Romain Grosjean,0,12,2014,8
button,Jenson Button,8,12,2014,68
vettel,Sebastian Vettel,10,12,2014,98
hulkenberg,Nico Hülkenberg,1,12,2014,70
maldonado,Pastor Maldonado,0,12,2014,0
perez,Sergio Pérez,4,12,2014,33
ricciardo,Daniel Ricciardo,25,12,2014,156
vergne,Jean-Éric Vergne,0,12,2014,11
chilton,Max Chilton,0,12,2014,0
gutierrez,Esteban Gutiérrez,0,12,2014,0
bottas,Valtteri Bottas,15,12,2014,110
jules_bianchi,Jules Bianchi,0,12,2014,2
kevin_magnussen,Kevin Magnussen,0,12,2014,37
kvyat,Daniil Kvyat,2,12,2014,8
lotterer,André Lotterer,0,12,2014,0
ericsson,Marcus Ericsson,0,12,2014,0
hamilton,Lewis Hamilton,0,12,2014,191
rosberg,Nico Rosberg,18,12,2014,220
alonso,Fernando Alonso,6,12,2014,121
raikkonen,Kimi Räikkönen,12,12,2014,39
massa,Felipe Massa,0,12,2014,40
sutil,Adrian Sutil,0,12,2014,0
hamilton,Lewis Hamilton,25,13,2014,216
rosberg,Nico Rosberg,18,13,2014,238
alonso,Fernando Alonso,0,13,2014,121
raikkonen,Kimi Räikkönen,2,13,2014,41
massa,Felipe Massa,15,13,2014,55
sutil,Adrian Sutil,0,13,2014,0
hulkenberg,Nico Hülkenberg,0,13,2014,70
maldonado,Pastor Maldonado,0,13,2014,0
perez,Sergio Pérez,6,13,2014,39
ricciardo,Daniel Ricciardo,10,13,2014,166
vergne,Jean-Éric Vergne,0,13,2014,11
chilton,Max Chilton,0,13,2014,0
gutierrez,Esteban Gutiérrez,0,13,2014,0
bottas,Valtteri Bottas,12,13,2014,122
jules_bianchi,Jules Bianchi,0,13,2014,2
kevin_magnussen,Kevin Magnussen,1,13,2014,38
kvyat,Daniil Kvyat,0,13,2014,8
ericsson,Marcus Ericsson,0,13,2014,0
grosjean,Romain Grosjean,0,13,2014,8
kobayashi,Kamui Kobayashi,0,13,2014,0
button,Jenson Button,4,13,2014,72
vettel,Sebastian Vettel,8,13,2014,106
button,Jenson Button,0,14,2014,72
vettel,Sebastian Vettel,18,14,2014,124
grosjean,Romain Grosjean,0,14,2014,8
kobayashi,Kamui Kobayashi,0,14,2014,0
hamilton,Lewis Hamilton,25,14,2014,241
rosberg,Nico Rosberg,0,14,2014,238
alonso,Fernando Alonso,12,14,2014,133
raikkonen,Kimi Räikkönen,4,14,2014,45
massa,Felipe Massa,10,14,2014,65
sutil,Adrian Sutil,0,14,2014,0
hulkenberg,Nico Hülkenberg,2,14,2014,72
maldonado,Pastor Maldonado,0,14,2014,0
perez,Sergio Pérez,6,14,2014,45
ricciardo,Daniel Ricciardo,15,14,2014,181
vergne,Jean-Éric Vergne,8,14,2014,19
chilton,Max Chilton,0,14,2014,0
gutierrez,Esteban Gutiérrez,0,14,2014,0
bottas,Valtteri Bottas,0,14,2014,122
jules_bianchi,Jules Bianchi,0,14,2014,2
kevin_magnussen,Kevin Magnussen,1,14,2014,39
kvyat,Daniil Kvyat,0,14,2014,8
ericsson,Marcus Ericsson,0,14,2014,0
hulkenberg,Nico Hülkenberg,4,15,2014,76
maldonado,Pastor Maldonado,0,15,2014,0
perez,Sergio Pérez,1,15,2014,46
ricciardo,Daniel Ricciardo,12,15,2014,193
vergne,Jean-Éric Vergne,2,15,2014,21
chilton,Max Chilton,0,15,2014,0
gutierrez,Esteban Gutiérrez,0,15,2014,0
bottas,Valtteri Bottas,8,15,2014,130
jules_bianchi,Jules Bianchi,0,15,2014,2
kevin_magnussen,Kevin Magnussen,0,15,2014,39
kvyat,Daniil Kvyat,0,15,2014,8
ericsson,Marcus Ericsson,0,15,2014,0
hamilton,Lewis Hamilton,25,15,2014,266
rosberg,Nico Rosberg,18,15,2014,256
alonso,Fernando Alonso,0,15,2014,133
raikkonen,Kimi Räikkönen,0,15,2014,45
massa,Felipe Massa,6,15,2014,71
sutil,Adrian Sutil,0,15,2014,0
button,Jenson Button,10,15,2014,82
vettel,Sebastian Vettel,15,15,2014,139
grosjean,Romain Grosjean,0,15,2014,8
kobayashi,Kamui Kobayashi,0,15,2014,0
grosjean,Romain Grosjean,0,16,2014,8
kobayashi,Kamui Kobayashi,0,16,2014,0
button,Jenson Button,12,16,2014,94
vettel,Sebastian Vettel,4,16,2014,143
hulkenberg,Nico Hülkenberg,0,16,2014,76
maldonado,Pastor Maldonado,0,16,2014,0
perez,Sergio Pérez,1,16,2014,47
ricciardo,Daniel Ricciardo,6,16,2014,199
vergne,Jean-Éric Vergne,0,16,2014,21
chilton,Max Chilton,0,16,2014,0
gutierrez,Esteban Gutiérrez,0,16,2014,0
bottas,Valtteri Bottas,15,16,2014,145
kevin_magnussen,Kevin Magnussen,10,16,2014,49
kvyat,Daniil Kvyat,0,16,2014,8
ericsson,Marcus Ericsson,0,16,2014,0
hamilton,Lewis Hamilton,25,16,2014,291
rosberg,Nico Rosberg,18,16,2014,274
alonso,Fernando Alonso,8,16,2014,141
raikkonen,Kimi Räikkönen,2,16,2014,47
massa,Felipe Massa,0,16,2014,71
sutil,Adrian Sutil,0,16,2014,0
hamilton,Lewis Hamilton,25,17,2014,316
rosberg,Nico Rosberg,18,17,2014,292
alonso,Fernando Alonso,8,17,2014,149
raikkonen,Kimi Räikkönen,0,17,2014,47
massa,Felipe Massa,12,17,2014,83
sutil,Adrian Sutil,0,17,2014,0
hulkenberg,Nico Hülkenberg,0,17,2014,76
maldonado,Pastor Maldonado,2,17,2014,2
perez,Sergio Pérez,0,17,2014,47
ricciardo,Daniel Ricciardo,15,17,2014,214
vergne,Jean-Éric Vergne,1,17,2014,22
gutierrez,Esteban Gutiérrez,0,17,2014,0
bottas,Valtteri Bottas,10,17,2014,155
kevin_magnussen,Kevin Magnussen,4,17,2014,53
kvyat,Daniil Kvyat,0,17,2014,8
grosjean,Romain Grosjean,0,17,2014,8
button,Jenson Button,0,17,2014,94
vettel,Sebastian Vettel,6,17,2014,149
button,Jenson Button,12,18,2014,106
vettel,Sebastian Vettel,10,18,2014,159
grosjean,Romain Grosjean,0,18,2014,8
hamilton,Lewis Hamilton,18,18,2014,334
rosberg,Nico Rosberg,25,18,2014,317
alonso,Fernando Alonso,8,18,2014,157
raikkonen,Kimi Räikkönen,6,18,2014,53
massa,Felipe Massa,15,18,2014,98
sutil,Adrian Sutil,0,18,2014,0
hulkenberg,Nico Hülkenberg,4,18,2014,80
maldonado,Pastor Maldonado,0,18,2014,2
perez,Sergio Pérez,0,18,2014,47
ricciardo,Daniel Ricciardo,0,18,2014,214
vergne,Jean-Éric Vergne,0,18,2014,22
gutierrez,Esteban Gutiérrez,0,18,2014,0
bottas,Valtteri Bottas,1,18,2014,156
kevin_magnussen,Kevin Magnussen,2,18,2014,55
kvyat,Daniil Kvyat,0,18,2014,8
hulkenberg,Nico Hülkenberg,16,19,2014,96
maldonado,Pastor Maldonado,0,19,2014,2
perez,Sergio Pérez,12,19,2014,59
ricciardo,Daniel Ricciardo,24,19,2014,238
vergne,Jean-Éric Vergne,0,19,2014,22
gutierrez,Esteban Gutiérrez,0,19,2014,0
bottas,Valtteri Bottas,30,19,2014,186
kevin_magnussen,Kevin Magnussen,0,19,2014,55
kvyat,Daniil Kvyat,0,19,2014,8
stevens,Will Stevens,0,19,2014,0
hamilton,Lewis Hamilton,50,19,2014,384
rosberg,Nico Rosberg,0,19,2014,317
alonso,Fernando Alonso,4,19,2014,161
raikkonen,Kimi Räikkönen,2,19,2014,55
massa,Felipe Massa,36,19,2014,134
sutil,Adrian Sutil,0,19,2014,0
button,Jenson Button,20,19,2014,126
vettel,Sebastian Vettel,8,19,2014,167
grosjean,Romain Grosjean,0,19,2014,8
kobayashi,Kamui Kobayashi,0,19,2014,0
grosjean,Romain Grosjean,1,1,2013,1
webber,Mark Webber,8,1,2013,8
button,Jenson Button,2,1,2013,2
vettel,Sebastian Vettel,15,1,2013,15
hulkenberg,Nico Hülkenberg,0,1,2013,0
maldonado,Pastor Maldonado,0,1,2013,0
resta,Paul di Resta,4,1,2013,4
perez,Sergio Pérez,0,1,2013,0
ricciardo,Daniel Ricciardo,0,1,2013,0
vergne,Jean-Éric Vergne,0,1,2013,0
pic,Charles Pic,0,1,2013,0
chilton,Max Chilton,0,1,2013,0
gutierrez,Esteban Gutiérrez,0,1,2013,0
bottas,Valtteri Bottas,0,1,2013,0
garde,Giedo van der Garde,0,1,2013,0
jules_bianchi,Jules Bianchi,0,1,2013,0
hamilton,Lewis Hamilton,10,1,2013,10
rosberg,Nico Rosberg,0,1,2013,0
alonso,Fernando Alonso,18,1,2013,18
raikkonen,Kimi Räikkönen,25,1,2013,25
massa,Felipe Massa,12,1,2013,12
sutil,Adrian Sutil,6,1,2013,6
hamilton,Lewis Hamilton,15,2,2013,25
rosberg,Nico Rosberg,12,2,2013,12
alonso,Fernando Alonso,0,2,2013,18
raikkonen,Kimi Räikkönen,6,2,2013,31
massa,Felipe Massa,10,2,2013,22
sutil,Adrian Sutil,0,2,2013,6
hulkenberg,Nico Hülkenberg,4,2,2013,4
maldonado,Pastor Maldonado,0,2,2013,0
resta,Paul di Resta,0,2,2013,4
perez,Sergio Pérez,2,2,2013,2
ricciardo,Daniel Ricciardo,0,2,2013,0
vergne,Jean-Éric Vergne,1,2,2013,1
pic,Charles Pic,0,2,2013,0
chilton,Max Chilton,0,2,2013,0
gutierrez,Esteban Gutiérrez,0,2,2013,0
bottas,Valtteri Bottas,0,2,2013,0
garde,Giedo van der Garde,0,2,2013,0
jules_bianchi,Jules Bianchi,0,2,2013,0
grosjean,Romain Grosjean,8,2,2013,9
webber,Mark Webber,18,2,2013,26
button,Jenson Button,0,2,2013,2
vettel,Sebastian Vettel,25,2,2013,40
webber,Mark Webber,0,3,2013,26
button,Jenson Button,10,3,2013,12
vettel,Sebastian Vettel,12,3,2013,52
grosjean,Romain Grosjean,2,3,2013,11
hamilton,Lewis Hamilton,15,3,2013,40
rosberg,Nico Rosberg,0,3,2013,12
alonso,Fernando Alonso,25,3,2013,43
raikkonen,Kimi Räikkönen,18,3,2013,49
massa,Felipe Massa,8,3,2013,30
sutil,Adrian Sutil,0,3,2013,6
hulkenberg,Nico Hülkenberg,1,3,2013,5
maldonado,Pastor Maldonado,0,3,2013,0
resta,Paul di Resta,4,3,2013,8
perez,Sergio Pérez,0,3,2013,2
ricciardo,Daniel Ricciardo,6,3,2013,6
vergne,Jean-Éric Vergne,0,3,2013,1
pic,Charles Pic,0,3,2013,0
chilton,Max Chilton,0,3,2013,0
gutierrez,Esteban Gutiérrez,0,3,2013,0
bottas,Valtteri Bottas,0,3,2013,0
garde,Giedo van der Garde,0,3,2013,0
jules_bianchi,Jules Bianchi,0,3,2013,0
hulkenberg,Nico Hülkenberg,0,4,2013,5
maldonado,Pastor Maldonado,0,4,2013,0
resta,Paul di Resta,12,4,2013,20
perez,Sergio Pérez,8,4,2013,10
ricciardo,Daniel Ricciardo,0,4,2013,6
vergne,Jean-Éric Vergne,0,4,2013,1
pic,Charles Pic,0,4,2013,0
chilton,Max Chilton,0,4,2013,0
gutierrez,Esteban Gutiérrez,0,4,2013,0
bottas,Valtteri Bottas,0,4,2013,0
garde,Giedo van der Garde,0,4,2013,0
jules_bianchi,Jules Bianchi,0,4,2013,0
hamilton,Lewis Hamilton,10,4,2013,50
rosberg,Nico Rosberg,2,4,2013,14
alonso,Fernando Alonso,4,4,2013,47
raikkonen,Kimi Räikkönen,18,4,2013,67
massa,Felipe Massa,0,4,2013,30
sutil,Adrian Sutil,0,4,2013,6
webber,Mark Webber,6,4,2013,32
button,Jenson Button,1,4,2013,13
vettel,Sebastian Vettel,25,4,2013,77
grosjean,Romain Grosjean,15,4,2013,26
grosjean,Romain Grosjean,0,5,2013,26
webber,Mark Webber,10,5,2013,42
button,Jenson Button,4,5,2013,17
vettel,Sebastian Vettel,12,5,2013,89
hulkenberg,Nico Hülkenberg,0,5,2013,5
maldonado,Pastor Maldonado,0,5,2013,0
resta,Paul di Resta,6,5,2013,26
perez,Sergio Pérez,2,5,2013,12
ricciardo,Daniel Ricciardo,1,5,2013,7
vergne,Jean-Éric Vergne,0,5,2013,1
pic,Charles Pic,0,5,2013,0
chilton,Max Chilton,0,5,2013,0
gutierrez,Esteban Gutiérrez,0,5,2013,0
bottas,Valtteri Bottas,0,5,2013,0
garde,Giedo van der Garde,0,5,2013,0
jules_bianchi,Jules Bianchi,0,5,2013,0
hamilton,Lewis Hamilton,0,5,2013,50
rosberg,Nico Rosberg,8,5,2013,22
alonso,Fernando Alonso,25,5,2013,72
raikkonen,Kimi Räikkönen,18,5,2013,85
massa,Felipe Massa,15,5,2013,45
sutil,Adrian Sutil,0,5,2013,6
hamilton,Lewis Hamilton,12,6,2013,62
rosberg,Nico Rosberg,25,6,2013,47
alonso,Fernando Alonso,6,6,2013,78
raikkonen,Kimi Räikkönen,1,6,2013,86
massa,Felipe Massa,0,6,2013,45
sutil,Adrian Sutil,10,6,2013,16
hulkenberg,Nico Hülkenberg,0,6,2013,5
maldonado,Pastor Maldonado,0,6,2013,0
resta,Paul di Resta,2,6,2013,28
perez,Sergio Pérez,0,6,2013,12
ricciardo,Daniel Ricciardo,0,6,2013,7
vergne,Jean-Éric Vergne,4,6,2013,5
pic,Charles Pic,0,6,2013,0
chilton,Max Chilton,0,6,2013,0
gutierrez,Esteban Gutiérrez,0,6,2013,0
bottas,Valtteri Bottas,0,6,2013,0
garde,Giedo van der Garde,0,6,2013,0
jules_bianchi,Jules Bianchi,0,6,2013,0
grosjean,Romain Grosjean,0,6,2013,26
webber,Mark Webber,15,6,2013,57
button,Jenson Button,8,6,2013,25
vettel,Sebastian Vettel,18,6,2013,107
webber,Mark Webber,12,7,2013,69
button,Jenson Button,0,7,2013,25
vettel,Sebastian Vettel,25,7,2013,132
grosjean,Romain Grosjean,0,7,2013,26
hamilton,Lewis Hamilton,15,7,2013,77
rosberg,Nico Rosberg,10,7,2013,57
alonso,Fernando Alonso,18,7,2013,96
raikkonen,Kimi Räikkönen,2,7,2013,88
massa,Felipe Massa,4,7,2013,49
sutil,Adrian Sutil,1,7,2013,17
hulkenberg,Nico Hülkenberg,0,7,2013,5
maldonado,Pastor Maldonado,0,7,2013,0
resta,Paul di Resta,6,7,2013,34
perez,Sergio Pérez,0,7,2013,12
ricciardo,Daniel Ricciardo,0,7,2013,7
vergne,Jean-Éric Vergne,8,7,2013,13
pic,Charles Pic,0,7,2013,0
chilton,Max Chilton,0,7,2013,0
gutierrez,Esteban Gutiérrez,0,7,2013,0
bottas,Valtteri Bottas,0,7,2013,0
garde,Giedo van der Garde,0,7,2013,0
jules_bianchi,Jules Bianchi,0,7,2013,0
hulkenberg,Nico Hülkenberg,1,8,2013,6
maldonado,Pastor Maldonado,0,8,2013,0
resta,Paul di Resta,2,8,2013,36
perez,Sergio Pérez,0,8,2013,12
ricciardo,Daniel Ricciardo,4,8,2013,11
vergne,Jean-Éric Vergne,0,8,2013,13
pic,Charles Pic,0,8,2013,0
chilton,Max Chilton,0,8,2013,0
gutierrez,Esteban Gutiérrez,0,8,2013,0
bottas,Valtteri Bottas,0,8,2013,0
garde,Giedo van der Garde,0,8,2013,0
jules_bianchi,Jules Bianchi,0,8,2013,0
hamilton,Lewis Hamilton,12,8,2013,89
rosberg,Nico Rosberg,25,8,2013,82
alonso,Fernando Alonso,15,8,2013,111
raikkonen,Kimi Räikkönen,10,8,2013,98
massa,Felipe Massa,8,8,2013,57
sutil,Adrian Sutil,6,8,2013,23
webber,Mark Webber,18,8,2013,87
button,Jenson Button,0,8,2013,25
vettel,Sebastian Vettel,0,8,2013,132
grosjean,Romain Grosjean,0,8,2013,26
grosjean,Romain Grosjean,15,9,2013,41
webber,Mark Webber,6,9,2013,93
button,Jenson Button,8,9,2013,33
vettel,Sebastian Vettel,25,9,2013,157
hulkenberg,Nico Hülkenberg,1,9,2013,7
maldonado,Pastor Maldonado,0,9,2013,0
resta,Paul di Resta,0,9,2013,36
perez,Sergio Pérez,4,9,2013,16
ricciardo,Daniel Ricciardo,0,9,2013,11
vergne,Jean-Éric Vergne,0,9,2013,13
pic,Charles Pic,0,9,2013,0
chilton,Max Chilton,0,9,2013,0
gutierrez,Esteban Gutiérrez,0,9,2013,0
bottas,Valtteri Bottas,0,9,2013,0
garde,Giedo van der Garde,0,9,2013,0
jules_bianchi,Jules Bianchi,0,9,2013,0
hamilton,Lewis Hamilton,10,9,2013,99
rosberg,Nico Rosberg,2,9,2013,84
alonso,Fernando Alonso,12,9,2013,123
raikkonen,Kimi Räikkönen,18,9,2013,116
massa,Felipe Massa,0,9,2013,57
sutil,Adrian Sutil,0,9,2013,23
hamilton,Lewis Hamilton,25,10,2013,124
rosberg,Nico Rosberg,0,10,2013,84
alonso,Fernando Alonso,10,10,2013,133
raikkonen,Kimi Räikkönen,18,10,2013,134
massa,Felipe Massa,4,10,2013,61
sutil,Adrian Sutil,0,10,2013,23
hulkenberg,Nico Hülkenberg,0,10,2013,7
maldonado,Pastor Maldonado,1,10,2013,1
resta,Paul di Resta,0,10,2013,36
perez,Sergio Pérez,2,10,2013,18
ricciardo,Daniel Ricciardo,0,10,2013,11
vergne,Jean-Éric Vergne,0,10,2013,13
pic,Charles Pic,0,10,2013,0
chilton,Max Chilton,0,10,2013,0
gutierrez,Esteban Gutiérrez,0,10,2013,0
bottas,Valtteri Bottas,0,10,2013,0
garde,Giedo van der Garde,0,10,2013,0
jules_bianchi,Jules Bianchi,0,10,2013,0
grosjean,Romain Grosjean,8,10,2013,49
webber,Mark Webber,12,10,2013,105
button,Jenson Button,6,10,2013,39
vettel,Sebastian Vettel,15,10,2013,172
webber,Mark Webber,10,11,2013,115
button,Jenson Button,8,11,2013,47
vettel,Sebastian Vettel,25,11,2013,197
grosjean,Romain Grosjean,4,11,2013,53
hamilton,Lewis Hamilton,15,11,2013,139
rosberg,Nico Rosberg,12,11,2013,96
alonso,Fernando Alonso,18,11,2013,151
raikkonen,Kimi Räikkönen,0,11,2013,134
massa,Felipe Massa,6,11,2013,67
sutil,Adrian Sutil,2,11,2013,25
hulkenberg,Nico Hülkenberg,0,11,2013,7
maldonado,Pastor Maldonado,0,11,2013,1
resta,Paul di Resta,0,11,2013,36
perez,Sergio Pérez,0,11,2013,18
ricciardo,Daniel Ricciardo,1,11,2013,12
vergne,Jean-Éric Vergne,0,11,2013,13
pic,Charles Pic,0,11,2013,0
chilton,Max Chilton,0,11,2013,0
gutierrez,Esteban Gutiérrez,0,11,2013,0
bottas,Valtteri Bottas,0,11,2013,0
garde,Giedo van der Garde,0,11,2013,0
jules_bianchi,Jules Bianchi,0,11,2013,0
hulkenberg,Nico Hülkenberg,10,12,2013,17
maldonado,Pastor Maldonado,0,12,2013,1
resta,Paul di Resta,0,12,2013,36
perez,Sergio Pérez,0,12,2013,18
ricciardo,Daniel Ricciardo,6,12,2013,18
vergne,Jean-Éric Vergne,0,12,2013,13
pic,Charles Pic,0,12,2013,0
chilton,Max Chilton,0,12,2013,0
gutierrez,Esteban Gutiérrez,0,12,2013,0
bottas,Valtteri Bottas,0,12,2013,0
garde,Giedo van der Garde,0,12,2013,0
jules_bianchi,Jules Bianchi,0,12,2013,0
hamilton,Lewis Hamilton,2,12,2013,141
rosberg,Nico Rosberg,8,12,2013,104
alonso,Fernando Alonso,18,12,2013,169
raikkonen,Kimi Räikkönen,0,12,2013,134
massa,Felipe Massa,12,12,2013,79
sutil,Adrian Sutil,0,12,2013,25
webber,Mark Webber,15,12,2013,130
button,Jenson Button,1,12,2013,48
vettel,Sebastian Vettel,25,12,2013,222
grosjean,Romain Grosjean,4,12,2013,57
grosjean,Romain Grosjean,0,13,2013,57
webber,Mark Webber,0,13,2013,130
button,Jenson Button,6,13,2013,54
vettel,Sebastian Vettel,25,13,2013,247
hulkenberg,Nico Hülkenberg,2,13,2013,19
maldonado,Pastor Maldonado,0,13,2013,1
resta,Paul di Resta,0,13,2013,36
perez,Sergio Pérez,4,13,2013,22
ricciardo,Daniel Ricciardo,0,13,2013,18
vergne,Jean-Éric Vergne,0,13,2013,13
pic,Charles Pic,0,13,2013,0
chilton,Max Chilton,0,13,2013,0
gutierrez,Esteban Gutiérrez,0,13,2013,0
bottas,Valtteri Bottas,0,13,2013,0
garde,Giedo van der Garde,0,13,2013,0
jules_bianchi,Jules Bianchi,0,13,2013,0
hamilton,Lewis Hamilton,10,13,2013,151
rosberg,Nico Rosberg,12,13,2013,116
alonso,Fernando Alonso,18,13,2013,187
raikkonen,Kimi Räikkönen,15,13,2013,149
massa,Felipe Massa,8,13,2013,87
sutil,Adrian Sutil,1,13,2013,26
hamilton,Lewis Hamilton,10,14,2013,161
rosberg,Nico Rosberg,6,14,2013,122
alonso,Fernando Alonso,8,14,2013,195
raikkonen,Kimi Räikkönen,18,14,2013,167
massa,Felipe Massa,2,14,2013,89
sutil,Adrian Sutil,0,14,2013,26
hulkenberg,Nico Hülkenberg,12,14,2013,31
maldonado,Pastor Maldonado,0,14,2013,1
resta,Paul di Resta,0,14,2013,36
perez,Sergio Pérez,1,14,2013,23
ricciardo,Daniel Ricciardo,0,14,2013,18
vergne,Jean-Éric Vergne,0,14,2013,13
pic,Charles Pic,0,14,2013,0
chilton,Max Chilton,0,14,2013,0
gutierrez,Esteban Gutiérrez,0,14,2013,0
bottas,Valtteri Bottas,0,14,2013,0
garde,Giedo van der Garde,0,14,2013,0
jules_bianchi,Jules Bianchi,0,14,2013,0
grosjean,Romain Grosjean,15,14,2013,72
webber,Mark Webber,0,14,2013,130
button,Jenson Button,4,14,2013,58
vettel,Sebastian Vettel,25,14,2013,272
webber,Mark Webber,18,15,2013,148
button,Jenson Button,2,15,2013,60
vettel,Sebastian Vettel,25,15,2013,297
grosjean,Romain Grosjean,15,15,2013,87
hamilton,Lewis Hamilton,0,15,2013,161
rosberg,Nico Rosberg,4,15,2013,126
alonso,Fernando Alonso,12,15,2013,207
raikkonen,Kimi Räikkönen,10,15,2013,177
massa,Felipe Massa,1,15,2013,90
sutil,Adrian Sutil,0,15,2013,26
hulkenberg,Nico Hülkenberg,8,15,2013,39
maldonado,Pastor Maldonado,0,15,2013,1
resta,Paul di Resta,0,15,2013,36
perez,Sergio Pérez,0,15,2013,23
ricciardo,Daniel Ricciardo,0,15,2013,18
vergne,Jean-Éric Vergne,0,15,2013,13
pic,Charles Pic,0,15,2013,0
chilton,Max Chilton,0,15,2013,0
gutierrez,Esteban Gutiérrez,6,15,2013,6
bottas,Valtteri Bottas,0,15,2013,0
garde,Giedo van der Garde,0,15,2013,0
jules_bianchi,Jules Bianchi,0,15,2013,0
hulkenberg,Nico Hülkenberg,0,16,2013,39
maldonado,Pastor Maldonado,0,16,2013,1
resta,Paul di Resta,4,16,2013,40
perez,Sergio Pérez,10,16,2013,33
ricciardo,Daniel Ricciardo,1,16,2013,19
vergne,Jean-Éric Vergne,0,16,2013,13
pic,Charles Pic,0,16,2013,0
chilton,Max Chilton,0,16,2013,0
gutierrez,Esteban Gutiérrez,0,16,2013,6
bottas,Valtteri Bottas,0,16,2013,0
garde,Giedo van der Garde,0,16,2013,0
jules_bianchi,Jules Bianchi,0,16,2013,0
hamilton,Lewis Hamilton,8,16,2013,169
rosberg,Nico Rosberg,18,16,2013,144
alonso,Fernando Alonso,0,16,2013,207
raikkonen,Kimi Räikkönen,6,16,2013,183
massa,Felipe Massa,12,16,2013,102
sutil,Adrian Sutil,2,16,2013,28
webber,Mark Webber,0,16,2013,148
button,Jenson Button,0,16,2013,60
vettel,Sebastian Vettel,25,16,2013,322
grosjean,Romain Grosjean,15,16,2013,102
grosjean,Romain Grosjean,12,17,2013,114
webber,Mark Webber,18,17,2013,166
button,Jenson Button,0,17,2013,60
vettel,Sebastian Vettel,25,17,2013,347
hulkenberg,Nico Hülkenberg,0,17,2013,39
maldonado,Pastor Maldonado,0,17,2013,1
resta,Paul di Resta,8,17,2013,48
perez,Sergio Pérez,2,17,2013,35
ricciardo,Daniel Ricciardo,0,17,2013,19
vergne,Jean-Éric Vergne,0,17,2013,13
pic,Charles Pic,0,17,2013,0
chilton,Max Chilton,0,17,2013,0
gutierrez,Esteban Gutiérrez,0,17,2013,6
bottas,Valtteri Bottas,0,17,2013,0
garde,Giedo van der Garde,0,17,2013,0
jules_bianchi,Jules Bianchi,0,17,2013,0
hamilton,Lewis Hamilton,6,17,2013,175
rosberg,Nico Rosberg,15,17,2013,159
alonso,Fernando Alonso,10,17,2013,217
raikkonen,Kimi Räikkönen,0,17,2013,183
massa,Felipe Massa,4,17,2013,106
sutil,Adrian Sutil,1,17,2013,29
hamilton,Lewis Hamilton,12,18,2013,187
rosberg,Nico Rosberg,2,18,2013,161
alonso,Fernando Alonso,10,18,2013,227
kovalainen,Heikki Kovalainen,0,18,2013,0
massa,Felipe Massa,0,18,2013,106
sutil,Adrian Sutil,0,18,2013,29
hulkenberg,Nico Hülkenberg,8,18,2013,47
maldonado,Pastor Maldonado,0,18,2013,1
resta,Paul di Resta,0,18,2013,48
perez,Sergio Pérez,6,18,2013,41
ricciardo,Daniel Ricciardo,0,18,2013,19
vergne,Jean-Éric Vergne,0,18,2013,13
pic,Charles Pic,0,18,2013,0
chilton,Max Chilton,0,18,2013,0
gutierrez,Esteban Gutiérrez,0,18,2013,6
bottas,Valtteri Bottas,4,18,2013,4
garde,Giedo van der Garde,0,18,2013,0
jules_bianchi,Jules Bianchi,0,18,2013,0
grosjean,Romain Grosjean,18,18,2013,132
webber,Mark Webber,15,18,2013,181
button,Jenson Button,1,18,2013,61
vettel,Sebastian Vettel,25,18,2013,372
webber,Mark Webber,18,19,2013,199
button,Jenson Button,12,19,2013,73
vettel,Sebastian Vettel,25,19,2013,397
grosjean,Romain Grosjean,0,19,2013,132
hamilton,Lewis Hamilton,2,19,2013,189
rosberg,Nico Rosberg,10,19,2013,171
alonso,Fernando Alonso,15,19,2013,242
kovalainen,Heikki Kovalainen,0,19,2013,0
massa,Felipe Massa,6,19,2013,112
sutil,Adrian Sutil,0,19,2013,29
hulkenberg,Nico Hülkenberg,4,19,2013,51
maldonado,Pastor Maldonado,0,19,2013,1
resta,Paul di Resta,0,19,2013,48
perez,Sergio Pérez,8,19,2013,49
ricciardo,Daniel Ricciardo,1,19,2013,20
vergne,Jean-Éric Vergne,0,19,2013,13
pic,Charles Pic,0,19,2013,0
chilton,Max Chilton,0,19,2013,0
gutierrez,Esteban Gutiérrez,0,19,2013,6
bottas,Valtteri Bottas,0,19,2013,4
garde,Giedo van der Garde,0,19,2013,0
jules_bianchi,Jules Bianchi,0,19,2013,0
hulkenberg,Nico Hülkenberg,0,1,2012,0
petrov,Vitaly Petrov,0,1,2012,0
bruno_senna,Bruno Senna,0,1,2012,0
maldonado,Pastor Maldonado,0,1,2012,0
resta,Paul di Resta,1,1,2012,1
perez,Sergio Pérez,4,1,2012,4
ricciardo,Daniel Ricciardo,2,1,2012,2
vergne,Jean-Éric Vergne,0,1,2012,0
pic,Charles Pic,0,1,2012,0
hamilton,Lewis Hamilton,15,1,2012,15
rosberg,Nico Rosberg,0,1,2012,0
alonso,Fernando Alonso,10,1,2012,10
kovalainen,Heikki Kovalainen,0,1,2012,0
raikkonen,Kimi Räikkönen,6,1,2012,6
glock,Timo Glock,0,1,2012,0
massa,Felipe Massa,0,1,2012,0
webber,Mark Webber,12,1,2012,12
button,Jenson Button,25,1,2012,25
vettel,Sebastian Vettel,18,1,2012,18
michael_schumacher,Michael Schumacher,0,1,2012,0
rosa,Pedro de la Rosa,0,1,2012,0
karthikeyan,Narain Karthikeyan,0,1,2012,0
grosjean,Romain Grosjean,0,1,2012,0
kobayashi,Kamui Kobayashi,8,1,2012,8
grosjean,Romain Grosjean,0,2,2012,0
kobayashi,Kamui Kobayashi,0,2,2012,8
webber,Mark Webber,12,2,2012,24
button,Jenson Button,0,2,2012,25
vettel,Sebastian Vettel,0,2,2012,18
michael_schumacher,Michael Schumacher,1,2,2012,1
rosa,Pedro de la Rosa,0,2,2012,0
karthikeyan,Narain Karthikeyan,0,2,2012,0
hulkenberg,Nico Hülkenberg,2,2,2012,2
petrov,Vitaly Petrov,0,2,2012,0
bruno_senna,Bruno Senna,8,2,2012,8
maldonado,Pastor Maldonado,0,2,2012,0
resta,Paul di Resta,6,2,2012,7
perez,Sergio Pérez,18,2,2012,22
ricciardo,Daniel Ricciardo,0,2,2012,2
vergne,Jean-Éric Vergne,4,2,2012,4
pic,Charles Pic,0,2,2012,0
hamilton,Lewis Hamilton,15,2,2012,30
rosberg,Nico Rosberg,0,2,2012,0
alonso,Fernando Alonso,25,2,2012,35
kovalainen,Heikki Kovalainen,0,2,2012,0
raikkonen,Kimi Räikkönen,10,2,2012,16
glock,Timo Glock,0,2,2012,0
massa,Felipe Massa,0,2,2012,0
hamilton,Lewis Hamilton,15,3,2012,45
rosberg,Nico Rosberg,25,3,2012,25
alonso,Fernando Alonso,2,3,2012,37
kovalainen,Heikki Kovalainen,0,3,2012,0
raikkonen,Kimi Räikkönen,0,3,2012,16
glock,Timo Glock,0,3,2012,0
massa,Felipe Massa,0,3,2012,0
hulkenberg,Nico Hülkenberg,0,3,2012,2
petrov,Vitaly Petrov,0,3,2012,0
bruno_senna,Bruno Senna,6,3,2012,14
maldonado,Pastor Maldonado,4,3,2012,4
resta,Paul di Resta,0,3,2012,7
perez,Sergio Pérez,0,3,2012,22
ricciardo,Daniel Ricciardo,0,3,2012,2
vergne,Jean-Éric Vergne,0,3,2012,4
pic,Charles Pic,0,3,2012,0
grosjean,Romain Grosjean,8,3,2012,8
kobayashi,Kamui Kobayashi,1,3,2012,9
webber,Mark Webber,12,3,2012,36
button,Jenson Button,18,3,2012,43
vettel,Sebastian Vettel,10,3,2012,28
michael_schumacher,Michael Schumacher,0,3,2012,1
rosa,Pedro de la Rosa,0,3,2012,0
karthikeyan,Narain Karthikeyan,0,3,2012,0
webber,Mark Webber,12,4,2012,48
button,Jenson Button,0,4,2012,43
vettel,Sebastian Vettel,25,4,2012,53
michael_schumacher,Michael Schumacher,1,4,2012,2
rosa,Pedro de la Rosa,0,4,2012,0
karthikeyan,Narain Karthikeyan,0,4,2012,0
grosjean,Romain Grosjean,15,4,2012,23
kobayashi,Kamui Kobayashi,0,4,2012,9
hamilton,Lewis Hamilton,4,4,2012,49
rosberg,Nico Rosberg,10,4,2012,35
alonso,Fernando Alonso,6,4,2012,43
kovalainen,Heikki Kovalainen,0,4,2012,0
raikkonen,Kimi Räikkönen,18,4,2012,34
glock,Timo Glock,0,4,2012,0
massa,Felipe Massa,2,4,2012,2
hulkenberg,Nico Hülkenberg,0,4,2012,2
petrov,Vitaly Petrov,0,4,2012,0
bruno_senna,Bruno Senna,0,4,2012,14
maldonado,Pastor Maldonado,0,4,2012,4
resta,Paul di Resta,8,4,2012,15
perez,Sergio Pérez,0,4,2012,22
ricciardo,Daniel Ricciardo,0,4,2012,2
vergne,Jean-Éric Vergne,0,4,2012,4
pic,Charles Pic,0,4,2012,0
hulkenberg,Nico Hülkenberg,1,5,2012,3
petrov,Vitaly Petrov,0,5,2012,0
bruno_senna,Bruno Senna,0,5,2012,14
maldonado,Pastor Maldonado,25,5,2012,29
resta,Paul di Resta,0,5,2012,15
perez,Sergio Pérez,0,5,2012,22
ricciardo,Daniel Ricciardo,0,5,2012,2
vergne,Jean-Éric Vergne,0,5,2012,4
pic,Charles Pic,0,5,2012,0
hamilton,Lewis Hamilton,4,5,2012,53
rosberg,Nico Rosberg,6,5,2012,41
alonso,Fernando Alonso,18,5,2012,61
kovalainen,Heikki Kovalainen,0,5,2012,0
raikkonen,Kimi Räikkönen,15,5,2012,49
glock,Timo Glock,0,5,2012,0
massa,Felipe Massa,0,5,2012,2
webber,Mark Webber,0,5,2012,48
button,Jenson Button,2,5,2012,45
vettel,Sebastian Vettel,8,5,2012,61
michael_schumacher,Michael Schumacher,0,5,2012,2
rosa,Pedro de la Rosa,0,5,2012,0
karthikeyan,Narain Karthikeyan,0,5,2012,0
grosjean,Romain Grosjean,12,5,2012,35
kobayashi,Kamui Kobayashi,10,5,2012,19
grosjean,Romain Grosjean,0,6,2012,35
kobayashi,Kamui Kobayashi,0,6,2012,19
webber,Mark Webber,25,6,2012,73
button,Jenson Button,0,6,2012,45
vettel,Sebastian Vettel,12,6,2012,73
michael_schumacher,Michael Schumacher,0,6,2012,2
rosa,Pedro de la Rosa,0,6,2012,0
karthikeyan,Narain Karthikeyan,0,6,2012,0
hulkenberg,Nico Hülkenberg,4,6,2012,7
petrov,Vitaly Petrov,0,6,2012,0
bruno_senna,Bruno Senna,1,6,2012,15
maldonado,Pastor Maldonado,0,6,2012,29
resta,Paul di Resta,6,6,2012,21
perez,Sergio Pérez,0,6,2012,22
ricciardo,Daniel Ricciardo,0,6,2012,2
vergne,Jean-Éric Vergne,0,6,2012,4
pic,Charles Pic,0,6,2012,0
hamilton,Lewis Hamilton,10,6,2012,63
rosberg,Nico Rosberg,18,6,2012,59
alonso,Fernando Alonso,15,6,2012,76
kovalainen,Heikki Kovalainen,0,6,2012,0
raikkonen,Kimi Räikkönen,2,6,2012,51
glock,Timo Glock,0,6,2012,0
massa,Felipe Massa,8,6,2012,10
hamilton,Lewis Hamilton,25,7,2012,88
rosberg,Nico Rosberg,8,7,2012,67
alonso,Fernando Alonso,10,7,2012,86
kovalainen,Heikki Kovalainen,0,7,2012,0
raikkonen,Kimi Räikkönen,4,7,2012,55
glock,Timo Glock,0,7,2012,0
massa,Felipe Massa,1,7,2012,11
hulkenberg,Nico Hülkenberg,0,7,2012,7
petrov,Vitaly Petrov,0,7,2012,0
bruno_senna,Bruno Senna,0,7,2012,15
maldonado,Pastor Maldonado,0,7,2012,29
resta,Paul di Resta,0,7,2012,21
perez,Sergio Pérez,15,7,2012,37
ricciardo,Daniel Ricciardo,0,7,2012,2
vergne,Jean-Éric Vergne,0,7,2012,4
pic,Charles Pic,0,7,2012,0
grosjean,Romain Grosjean,18,7,2012,53
kobayashi,Kamui Kobayashi,2,7,2012,21
webber,Mark Webber,6,7,2012,79
button,Jenson Button,0,7,2012,45
vettel,Sebastian Vettel,12,7,2012,85
michael_schumacher,Michael Schumacher,0,7,2012,2
rosa,Pedro de la Rosa,0,7,2012,0
karthikeyan,Narain Karthikeyan,0,7,2012,0
webber,Mark Webber,12,8,2012,91
button,Jenson Button,4,8,2012,49
vettel,Sebastian Vettel,0,8,2012,85
michael_schumacher,Michael Schumacher,15,8,2012,17
rosa,Pedro de la Rosa,0,8,2012,0
karthikeyan,Narain Karthikeyan,0,8,2012,0
grosjean,Romain Grosjean,0,8,2012,53
kobayashi,Kamui Kobayashi,0,8,2012,21
hamilton,Lewis Hamilton,0,8,2012,88
rosberg,Nico Rosberg,8,8,2012,75
alonso,Fernando Alonso,25,8,2012,111
kovalainen,Heikki Kovalainen,0,8,2012,0
raikkonen,Kimi Räikkönen,18,8,2012,73
glock,Timo Glock,0,8,2012,0
massa,Felipe Massa,0,8,2012,11
hulkenberg,Nico Hülkenberg,10,8,2012,17
petrov,Vitaly Petrov,0,8,2012,0
bruno_senna,Bruno Senna,1,8,2012,16
maldonado,Pastor Maldonado,0,8,2012,29
resta,Paul di Resta,6,8,2012,27
perez,Sergio Pérez,2,8,2012,39
ricciardo,Daniel Ricciardo,0,8,2012,2
vergne,Jean-Éric Vergne,0,8,2012,4
pic,Charles Pic,0,8,2012,0
hulkenberg,Nico Hülkenberg,0,9,2012,17
petrov,Vitaly Petrov,0,9,2012,0
bruno_senna,Bruno Senna,2,9,2012,18
maldonado,Pastor Maldonado,0,9,2012,29
resta,Paul di Resta,0,9,2012,27
perez,Sergio Pérez,0,9,2012,39
ricciardo,Daniel Ricciardo,0,9,2012,2
vergne,Jean-Éric Vergne,0,9,2012,4
pic,Charles Pic,0,9,2012,0
hamilton,Lewis Hamilton,4,9,2012,92
rosberg,Nico Rosberg,0,9,2012,75
alonso,Fernando Alonso,18,9,2012,129
kovalainen,Heikki Kovalainen,0,9,2012,0
raikkonen,Kimi Räikkönen,10,9,2012,83
glock,Timo Glock,0,9,2012,0
massa,Felipe Massa,12,9,2012,23
webber,Mark Webber,25,9,2012,116
button,Jenson Button,1,9,2012,50
vettel,Sebastian Vettel,15,9,2012,100
michael_schumacher,Michael Schumacher,6,9,2012,23
rosa,Pedro de la Rosa,0,9,2012,0
karthikeyan,Narain Karthikeyan,0,9,2012,0
grosjean,Romain Grosjean,8,9,2012,61
kobayashi,Kamui Kobayashi,0,9,2012,21
grosjean,Romain Grosjean,0,10,2012,61
kobayashi,Kamui Kobayashi,12,10,2012,33
webber,Mark Webber,4,10,2012,120
button,Jenson Button,18,10,2012,68
vettel,Sebastian Vettel,10,10,2012,110
michael_schumacher,Michael Schumacher,6,10,2012,29
rosa,Pedro de la Rosa,0,10,2012,0
karthikeyan,Narain Karthikeyan,0,10,2012,0
hulkenberg,Nico Hülkenberg,2,10,2012,19
petrov,Vitaly Petrov,0,10,2012,0
bruno_senna,Bruno Senna,0,10,2012,18
maldonado,Pastor Maldonado,0,10,2012,29
resta,Paul di Resta,0,10,2012,27
perez,Sergio Pérez,8,10,2012,47
ricciardo,Daniel Ricciardo,0,10,2012,2
vergne,Jean-Éric Vergne,0,10,2012,4
pic,Charles Pic,0,10,2012,0
hamilton,Lewis Hamilton,0,10,2012,92
rosberg,Nico Rosberg,1,10,2012,76
alonso,Fernando Alonso,25,10,2012,154
kovalainen,Heikki Kovalainen,0,10,2012,0
raikkonen,Kimi Räikkönen,15,10,2012,98
glock,Timo Glock,0,10,2012,0
massa,Felipe Massa,0,10,2012,23
hamilton,Lewis Hamilton,25,11,2012,117
rosberg,Nico Rosberg,1,11,2012,77
alonso,Fernando Alonso,10,11,2012,164
kovalainen,Heikki Kovalainen,0,11,2012,0
raikkonen,Kimi Räikkönen,18,11,2012,116
glock,Timo Glock,0,11,2012,0
massa,Felipe Massa,2,11,2012,25
hulkenberg,Nico Hülkenberg,0,11,2012,19
petrov,Vitaly Petrov,0,11,2012,0
bruno_senna,Bruno Senna,6,11,2012,24
maldonado,Pastor Maldonado,0,11,2012,29
resta,Paul di Resta,0,11,2012,27
perez,Sergio Pérez,0,11,2012,47
ricciardo,Daniel Ricciardo,0,11,2012,2
vergne,Jean-Éric Vergne,0,11,2012,4
pic,Charles Pic,0,11,2012,0
grosjean,Romain Grosjean,15,11,2012,76
kobayashi,Kamui Kobayashi,0,11,2012,33
webber,Mark Webber,4,11,2012,124
button,Jenson Button,8,11,2012,76
vettel,Sebastian Vettel,12,11,2012,122
michael_schumacher,Michael Schumacher,0,11,2012,29
rosa,Pedro de la Rosa,0,11,2012,0
karthikeyan,Narain Karthikeyan,0,11,2012,0
webber,Mark Webber,8,12,2012,132
button,Jenson Button,25,12,2012,101
vettel,Sebastian Vettel,18,12,2012,140
michael_schumacher,Michael Schumacher,6,12,2012,35
rosa,Pedro de la Rosa,0,12,2012,0
karthikeyan,Narain Karthikeyan,0,12,2012,0
grosjean,Romain Grosjean,0,12,2012,76
kobayashi,Kamui Kobayashi,0,12,2012,33
hamilton,Lewis Hamilton,0,12,2012,117
rosberg,Nico Rosberg,0,12,2012,77
alonso,Fernando Alonso,0,12,2012,164
kovalainen,Heikki Kovalainen,0,12,2012,0
raikkonen,Kimi Räikkönen,15,12,2012,131
glock,Timo Glock,0,12,2012,0
massa,Felipe Massa,10,12,2012,35
hulkenberg,Nico Hülkenberg,12,12,2012,31
petrov,Vitaly Petrov,0,12,2012,0
bruno_senna,Bruno Senna,0,12,2012,24
maldonado,Pastor Maldonado,0,12,2012,29
resta,Paul di Resta,1,12,2012,28
perez,Sergio Pérez,0,12,2012,47
ricciardo,Daniel Ricciardo,2,12,2012,4
vergne,Jean-Éric Vergne,4,12,2012,8
pic,Charles Pic,0,12,2012,0
hulkenberg,Nico Hülkenberg,0,13,2012,31
petrov,Vitaly Petrov,0,13,2012,0
bruno_senna,Bruno Senna,1,13,2012,25
maldonado,Pastor Maldonado,0,13,2012,29
resta,Paul di Resta,4,13,2012,32
perez,Sergio Pérez,18,13,2012,65
ambrosio,Jérôme d'Ambrosio,0,13,2012,0
ricciardo,Daniel Ricciardo,0,13,2012,4
vergne,Jean-Éric Vergne,0,13,2012,8
pic,Charles Pic,0,13,2012,0
hamilton,Lewis Hamilton,25,13,2012,142
rosberg,Nico Rosberg,6,13,2012,83
alonso,Fernando Alonso,15,13,2012,179
kovalainen,Heikki Kovalainen,0,13,2012,0
raikkonen,Kimi Räikkönen,10,13,2012,141
glock,Timo Glock,0,13,2012,0
massa,Felipe Massa,12,13,2012,47
webber,Mark Webber,0,13,2012,132
button,Jenson Button,0,13,2012,101
vettel,Sebastian Vettel,0,13,2012,140
michael_schumacher,Michael Schumacher,8,13,2012,43
rosa,Pedro de la Rosa,0,13,2012,0
karthikeyan,Narain Karthikeyan,0,13,2012,0
kobayashi,Kamui Kobayashi,2,13,2012,35
grosjean,Romain Grosjean,6,14,2012,82
kobayashi,Kamui Kobayashi,0,14,2012,35
webber,Mark Webber,0,14,2012,132
button,Jenson Button,18,14,2012,119
vettel,Sebastian Vettel,25,14,2012,165
michael_schumacher,Michael Schumacher,0,14,2012,43
rosa,Pedro de la Rosa,0,14,2012,0
karthikeyan,Narain Karthikeyan,0,14,2012,0
hulkenberg,Nico Hülkenberg,0,14,2012,31
petrov,Vitaly Petrov,0,14,2012,0
bruno_senna,Bruno Senna,0,14,2012,25
maldonado,Pastor Maldonado,0,14,2012,29
resta,Paul di Resta,12,14,2012,44
perez,Sergio Pérez,1,14,2012,66
ricciardo,Daniel Ricciardo,2,14,2012,6
vergne,Jean-Éric Vergne,0,14,2012,8
pic,Charles Pic,0,14,2012,0
hamilton,Lewis Hamilton,0,14,2012,142
rosberg,Nico Rosberg,10,14,2012,93
alonso,Fernando Alonso,15,14,2012,194
kovalainen,Heikki Kovalainen,0,14,2012,0
raikkonen,Kimi Räikkönen,8,14,2012,149
glock,Timo Glock,0,14,2012,0
massa,Felipe Massa,4,14,2012,51
hamilton,Lewis Hamilton,10,15,2012,152
rosberg,Nico Rosberg,0,15,2012,93
alonso,Fernando Alonso,0,15,2012,194
kovalainen,Heikki Kovalainen,0,15,2012,0
raikkonen,Kimi Räikkönen,8,15,2012,157
glock,Timo Glock,0,15,2012,0
massa,Felipe Massa,18,15,2012,69
hulkenberg,Nico Hülkenberg,6,15,2012,37
petrov,Vitaly Petrov,0,15,2012,0
bruno_senna,Bruno Senna,0,15,2012,25
maldonado,Pastor Maldonado,4,15,2012,33
resta,Paul di Resta,0,15,2012,44
perez,Sergio Pérez,0,15,2012,66
ricciardo,Daniel Ricciardo,1,15,2012,7
vergne,Jean-Éric Vergne,0,15,2012,8
pic,Charles Pic,0,15,2012,0
grosjean,Romain Grosjean,0,15,2012,82
kobayashi,Kamui Kobayashi,15,15,2012,50
webber,Mark Webber,2,15,2012,134
button,Jenson Button,12,15,2012,131
vettel,Sebastian Vettel,25,15,2012,190
michael_schumacher,Michael Schumacher,0,15,2012,43
rosa,Pedro de la Rosa,0,15,2012,0
karthikeyan,Narain Karthikeyan,0,15,2012,0
webber,Mark Webber,18,16,2012,152
button,Jenson Button,0,16,2012,131
vettel,Sebastian Vettel,25,16,2012,215
michael_schumacher,Michael Schumacher,0,16,2012,43
rosa,Pedro de la Rosa,0,16,2012,0
karthikeyan,Narain Karthikeyan,0,16,2012,0
grosjean,Romain Grosjean,6,16,2012,88
kobayashi,Kamui Kobayashi,0,16,2012,50
hamilton,Lewis Hamilton,1,16,2012,153
rosberg,Nico Rosberg,0,16,2012,93
alonso,Fernando Alonso,15,16,2012,209
kovalainen,Heikki Kovalainen,0,16,2012,0
raikkonen,Kimi Räikkönen,10,16,2012,167
glock,Timo Glock,0,16,2012,0
massa,Felipe Massa,12,16,2012,81
hulkenberg,Nico Hülkenberg,8,16,2012,45
petrov,Vitaly Petrov,0,16,2012,0
bruno_senna,Bruno Senna,0,16,2012,25
maldonado,Pastor Maldonado,0,16,2012,33
resta,Paul di Resta,0,16,2012,44
perez,Sergio Pérez,0,16,2012,66
ricciardo,Daniel Ricciardo,2,16,2012,9
vergne,Jean-Éric Vergne,4,16,2012,12
pic,Charles Pic,0,16,2012,0
hulkenberg,Nico Hülkenberg,4,17,2012,49
petrov,Vitaly Petrov,0,17,2012,0
bruno_senna,Bruno Senna,1,17,2012,26
maldonado,Pastor Maldonado,0,17,2012,33
resta,Paul di Resta,0,17,2012,44
perez,Sergio Pérez,0,17,2012,66
ricciardo,Daniel Ricciardo,0,17,2012,9
vergne,Jean-Éric Vergne,0,17,2012,12
pic,Charles Pic,0,17,2012,0
hamilton,Lewis Hamilton,12,17,2012,165
rosberg,Nico Rosberg,0,17,2012,93
alonso,Fernando Alonso,18,17,2012,227
kovalainen,Heikki Kovalainen,0,17,2012,0
raikkonen,Kimi Räikkönen,6,17,2012,173
glock,Timo Glock,0,17,2012,0
massa,Felipe Massa,8,17,2012,89
webber,Mark Webber,15,17,2012,167
button,Jenson Button,10,17,2012,141
vettel,Sebastian Vettel,25,17,2012,240
michael_schumacher,Michael Schumacher,0,17,2012,43
rosa,Pedro de la Rosa,0,17,2012,0
karthikeyan,Narain Karthikeyan,0,17,2012,0
grosjean,Romain Grosjean,2,17,2012,90
kobayashi,Kamui Kobayashi,0,17,2012,50
grosjean,Romain Grosjean,0,18,2012,90
kobayashi,Kamui Kobayashi,8,18,2012,58
webber,Mark Webber,0,18,2012,167
button,Jenson Button,12,18,2012,153
vettel,Sebastian Vettel,15,18,2012,255
michael_schumacher,Michael Schumacher,0,18,2012,43
rosa,Pedro de la Rosa,0,18,2012,0
karthikeyan,Narain Karthikeyan,0,18,2012,0
hulkenberg,Nico Hülkenberg,0,18,2012,49
petrov,Vitaly Petrov,0,18,2012,0
bruno_senna,Bruno Senna,4,18,2012,30
maldonado,Pastor Maldonado,10,18,2012,43
resta,Paul di Resta,2,18,2012,46
perez,Sergio Pérez,0,18,2012,66
ricciardo,Daniel Ricciardo,1,18,2012,10
vergne,Jean-Éric Vergne,0,18,2012,12
pic,Charles Pic,0,18,2012,0
hamilton,Lewis Hamilton,0,18,2012,165
rosberg,Nico Rosberg,0,18,2012,93
alonso,Fernando Alonso,18,18,2012,245
kovalainen,Heikki Kovalainen,0,18,2012,0
raikkonen,Kimi Räikkönen,25,18,2012,198
glock,Timo Glock,0,18,2012,0
massa,Felipe Massa,6,18,2012,95
hamilton,Lewis Hamilton,25,19,2012,190
rosberg,Nico Rosberg,0,19,2012,93
alonso,Fernando Alonso,15,19,2012,260
kovalainen,Heikki Kovalainen,0,19,2012,0
raikkonen,Kimi Räikkönen,8,19,2012,206
glock,Timo Glock,0,19,2012,0
massa,Felipe Massa,12,19,2012,107
hulkenberg,Nico Hülkenberg,4,19,2012,53
petrov,Vitaly Petrov,0,19,2012,0
bruno_senna,Bruno Senna,1,19,2012,31
maldonado,Pastor Maldonado,2,19,2012,45
resta,Paul di Resta,0,19,2012,46
perez,Sergio Pérez,0,19,2012,66
ricciardo,Daniel Ricciardo,0,19,2012,10
vergne,Jean-Éric Vergne,0,19,2012,12
pic,Charles Pic,0,19,2012,0
grosjean,Romain Grosjean,6,19,2012,96
kobayashi,Kamui Kobayashi,0,19,2012,58
webber,Mark Webber,0,19,2012,167
button,Jenson Button,10,19,2012,163
vettel,Sebastian Vettel,18,19,2012,273
michael_schumacher,Michael Schumacher,0,19,2012,43
rosa,Pedro de la Rosa,0,19,2012,0
karthikeyan,Narain Karthikeyan,0,19,2012,0
webber,Mark Webber,12,20,2012,179
button,Jenson Button,25,20,2012,188
vettel,Sebastian Vettel,8,20,2012,281
michael_schumacher,Michael Schumacher,6,20,2012,49
rosa,Pedro de la Rosa,0,20,2012,0
karthikeyan,Narain Karthikeyan,0,20,2012,0
grosjean,Romain Grosjean,0,20,2012,96
kobayashi,Kamui Kobayashi,2,20,2012,60
hamilton,Lewis Hamilton,0,20,2012,190
rosberg,Nico Rosberg,0,20,2012,93
alonso,Fernando Alonso,18,20,2012,278
kovalainen,Heikki Kovalainen,0,20,2012,0
raikkonen,Kimi Räikkönen,1,20,2012,207
glock,Timo Glock,0,20,2012,0
massa,Felipe Massa,15,20,2012,122
hulkenberg,Nico Hülkenberg,10,20,2012,63
petrov,Vitaly Petrov,0,20,2012,0
bruno_senna,Bruno Senna,0,20,2012,31
maldonado,Pastor Maldonado,0,20,2012,45
resta,Paul di Resta,0,20,2012,46
perez,Sergio Pérez,0,20,2012,66
ricciardo,Daniel Ricciardo,0,20,2012,10
vergne,Jean-Éric Vergne,4,20,2012,16
pic,Charles Pic,0,20,2012,0
petrov,Vitaly Petrov,15,1,2011,15
maldonado,Pastor Maldonado,0,1,2011,0
resta,Paul di Resta,1,1,2011,1
perez,Sergio Pérez,0,1,2011,0
ambrosio,Jérôme d'Ambrosio,0,1,2011,0
hamilton,Lewis Hamilton,18,1,2011,18
heidfeld,Nick Heidfeld,0,1,2011,0
rosberg,Nico Rosberg,0,1,2011,0
alonso,Fernando Alonso,12,1,2011,12
kovalainen,Heikki Kovalainen,0,1,2011,0
glock,Timo Glock,0,1,2011,0
massa,Felipe Massa,6,1,2011,6
trulli,Jarno Trulli,0,1,2011,0
sutil,Adrian Sutil,2,1,2011,2
webber,Mark Webber,10,1,2011,10
button,Jenson Button,8,1,2011,8
vettel,Sebastian Vettel,25,1,2011,25
barrichello,Rubens Barrichello,0,1,2011,0
liuzzi,Vitantonio Liuzzi,0,1,2011,0
michael_schumacher,Michael Schumacher,0,1,2011,0
karthikeyan,Narain Karthikeyan,0,1,2011,0
alguersuari,Jaime Alguersuari,0,1,2011,0
kobayashi,Kamui Kobayashi,0,1,2011,0
buemi,Sébastien Buemi,4,1,2011,4
buemi,Sébastien Buemi,0,2,2011,4
webber,Mark Webber,12,2,2011,22
button,Jenson Button,18,2,2011,26
vettel,Sebastian Vettel,25,2,2011,50
barrichello,Rubens Barrichello,0,2,2011,0
liuzzi,Vitantonio Liuzzi,0,2,2011,0
michael_schumacher,Michael Schumacher,2,2,2011,2
karthikeyan,Narain Karthikeyan,0,2,2011,0
petrov,Vitaly Petrov,0,2,2011,15
maldonado,Pastor Maldonado,0,2,2011,0
resta,Paul di Resta,1,2,2011,2
perez,Sergio Pérez,0,2,2011,0
ambrosio,Jérôme d'Ambrosio,0,2,2011,0
hamilton,Lewis Hamilton,4,2,2011,22
heidfeld,Nick Heidfeld,15,2,2011,15
rosberg,Nico Rosberg,0,2,2011,0
alonso,Fernando Alonso,8,2,2011,20
kovalainen,Heikki Kovalainen,0,2,2011,0
glock,Timo Glock,0,2,2011,0
massa,Felipe Massa,10,2,2011,16
trulli,Jarno Trulli,0,2,2011,0
sutil,Adrian Sutil,0,2,2011,2
alguersuari,Jaime Alguersuari,0,2,2011,0
kobayashi,Kamui Kobayashi,6,2,2011,6
alguersuari,Jaime Alguersuari,0,3,2011,0
kobayashi,Kamui Kobayashi,1,3,2011,7
petrov,Vitaly Petrov,2,3,2011,17
maldonado,Pastor Maldonado,0,3,2011,0
resta,Paul di Resta,0,3,2011,2
perez,Sergio Pérez,0,3,2011,0
ambrosio,Jérôme d'Ambrosio,0,3,2011,0
buemi,Sébastien Buemi,0,3,2011,4
webber,Mark Webber,15,3,2011,37
button,Jenson Button,12,3,2011,38
vettel,Sebastian Vettel,18,3,2011,68
barrichello,Rubens Barrichello,0,3,2011,0
liuzzi,Vitantonio Liuzzi,0,3,2011,0
michael_schumacher,Michael Schumacher,4,3,2011,6
karthikeyan,Narain Karthikeyan,0,3,2011,0
hamilton,Lewis Hamilton,25,3,2011,47
heidfeld,Nick Heidfeld,0,3,2011,15
rosberg,Nico Rosberg,10,3,2011,10
alonso,Fernando Alonso,6,3,2011,26
kovalainen,Heikki Kovalainen,0,3,2011,0
glock,Timo Glock,0,3,2011,0
massa,Felipe Massa,8,3,2011,24
trulli,Jarno Trulli,0,3,2011,0
sutil,Adrian Sutil,0,3,2011,2
hamilton,Lewis Hamilton,12,4,2011,59
heidfeld,Nick Heidfeld,6,4,2011,21
rosberg,Nico Rosberg,10,4,2011,20
alonso,Fernando Alonso,15,4,2011,41
kovalainen,Heikki Kovalainen,0,4,2011,0
glock,Timo Glock,0,4,2011,0
massa,Felipe Massa,0,4,2011,24
trulli,Jarno Trulli,0,4,2011,0
sutil,Adrian Sutil,0,4,2011,2
buemi,Sébastien Buemi,2,4,2011,6
alguersuari,Jaime Alguersuari,0,4,2011,0
kobayashi,Kamui Kobayashi,1,4,2011,8
petrov,Vitaly Petrov,4,4,2011,21
maldonado,Pastor Maldonado,0,4,2011,0
resta,Paul di Resta,0,4,2011,2
perez,Sergio Pérez,0,4,2011,0
ambrosio,Jérôme d'Ambrosio,0,4,2011,0
webber,Mark Webber,18,4,2011,55
button,Jenson Button,8,4,2011,46
vettel,Sebastian Vettel,25,4,2011,93
barrichello,Rubens Barrichello,0,4,2011,0
liuzzi,Vitantonio Liuzzi,0,4,2011,0
michael_schumacher,Michael Schumacher,0,4,2011,6
karthikeyan,Narain Karthikeyan,0,4,2011,0
webber,Mark Webber,12,5,2011,67
button,Jenson Button,15,5,2011,61
vettel,Sebastian Vettel,25,5,2011,118
barrichello,Rubens Barrichello,0,5,2011,0
liuzzi,Vitantonio Liuzzi,0,5,2011,0
michael_schumacher,Michael Schumacher,8,5,2011,14
karthikeyan,Narain Karthikeyan,0,5,2011,0
alguersuari,Jaime Alguersuari,0,5,2011,0
kobayashi,Kamui Kobayashi,1,5,2011,9
hamilton,Lewis Hamilton,18,5,2011,77
heidfeld,Nick Heidfeld,4,5,2011,25
rosberg,Nico Rosberg,6,5,2011,26
alonso,Fernando Alonso,10,5,2011,51
kovalainen,Heikki Kovalainen,0,5,2011,0
glock,Timo Glock,0,5,2011,0
massa,Felipe Massa,0,5,2011,24
trulli,Jarno Trulli,0,5,2011,0
sutil,Adrian Sutil,0,5,2011,2
buemi,Sébastien Buemi,0,5,2011,6
petrov,Vitaly Petrov,0,5,2011,21
maldonado,Pastor Maldonado,0,5,2011,0
resta,Paul di Resta,0,5,2011,2
perez,Sergio Pérez,2,5,2011,2
ambrosio,Jérôme d'Ambrosio,0,5,2011,0
petrov,Vitaly Petrov,0,6,2011,21
maldonado,Pastor Maldonado,0,6,2011,0
resta,Paul di Resta,0,6,2011,2
perez,Sergio Pérez,0,6,2011,2
ambrosio,Jérôme d'Ambrosio,0,6,2011,0
hamilton,Lewis Hamilton,8,6,2011,85
heidfeld,Nick Heidfeld,4,6,2011,29
rosberg,Nico Rosberg,0,6,2011,26
alonso,Fernando Alonso,18,6,2011,69
kovalainen,Heikki Kovalainen,0,6,2011,0
glock,Timo Glock,0,6,2011,0
massa,Felipe Massa,0,6,2011,24
trulli,Jarno Trulli,0,6,2011,0
sutil,Adrian Sutil,6,6,2011,8
webber,Mark Webber,12,6,2011,79
button,Jenson Button,15,6,2011,76
vettel,Sebastian Vettel,25,6,2011,143
barrichello,Rubens Barrichello,2,6,2011,2
liuzzi,Vitantonio Liuzzi,0,6,2011,0
michael_schumacher,Michael Schumacher,0,6,2011,14
karthikeyan,Narain Karthikeyan,0,6,2011,0
alguersuari,Jaime Alguersuari,0,6,2011,0
kobayashi,Kamui Kobayashi,10,6,2011,19
buemi,Sébastien Buemi,1,6,2011,7
buemi,Sébastien Buemi,1,7,2011,8
webber,Mark Webber,15,7,2011,94
button,Jenson Button,25,7,2011,101
vettel,Sebastian Vettel,18,7,2011,161
barrichello,Rubens Barrichello,2,7,2011,4
liuzzi,Vitantonio Liuzzi,0,7,2011,0
michael_schumacher,Michael Schumacher,12,7,2011,26
rosa,Pedro de la Rosa,0,7,2011,0
karthikeyan,Narain Karthikeyan,0,7,2011,0
petrov,Vitaly Petrov,10,7,2011,31
maldonado,Pastor Maldonado,0,7,2011,0
resta,Paul di Resta,0,7,2011,2
ambrosio,Jérôme d'Ambrosio,0,7,2011,0
hamilton,Lewis Hamilton,0,7,2011,85
heidfeld,Nick Heidfeld,0,7,2011,29
rosberg,Nico Rosberg,0,7,2011,26
alonso,Fernando Alonso,0,7,2011,69
kovalainen,Heikki Kovalainen,0,7,2011,0
glock,Timo Glock,0,7,2011,0
massa,Felipe Massa,8,7,2011,32
trulli,Jarno Trulli,0,7,2011,0
sutil,Adrian Sutil,0,7,2011,8
alguersuari,Jaime Alguersuari,4,7,2011,4
kobayashi,Kamui Kobayashi,6,7,2011,25
alguersuari,Jaime Alguersuari,4,8,2011,8
kobayashi,Kamui Kobayashi,0,8,2011,25
petrov,Vitaly Petrov,0,8,2011,31
maldonado,Pastor Maldonado,0,8,2011,0
resta,Paul di Resta,0,8,2011,2
perez,Sergio Pérez,0,8,2011,2
ambrosio,Jérôme d'Ambrosio,0,8,2011,0
buemi,Sébastien Buemi,0,8,2011,8
webber,Mark Webber,15,8,2011,109
button,Jenson Button,8,8,2011,109
vettel,Sebastian Vettel,25,8,2011,186
barrichello,Rubens Barrichello,0,8,2011,4
liuzzi,Vitantonio Liuzzi,0,8,2011,0
michael_schumacher,Michael Schumacher,0,8,2011,26
karthikeyan,Narain Karthikeyan,0,8,2011,0
hamilton,Lewis Hamilton,12,8,2011,97
heidfeld,Nick Heidfeld,1,8,2011,30
rosberg,Nico Rosberg,6,8,2011,32
alonso,Fernando Alonso,18,8,2011,87
kovalainen,Heikki Kovalainen,0,8,2011,0
glock,Timo Glock,0,8,2011,0
massa,Felipe Massa,10,8,2011,42
trulli,Jarno Trulli,0,8,2011,0
sutil,Adrian Sutil,2,8,2011,10
hamilton,Lewis Hamilton,12,9,2011,109
heidfeld,Nick Heidfeld,4,9,2011,34
rosberg,Nico Rosberg,8,9,2011,40
alonso,Fernando Alonso,25,9,2011,112
kovalainen,Heikki Kovalainen,0,9,2011,0
glock,Timo Glock,0,9,2011,0
massa,Felipe Massa,10,9,2011,52
trulli,Jarno Trulli,0,9,2011,0
sutil,Adrian Sutil,0,9,2011,10
buemi,Sébastien Buemi,0,9,2011,8
alguersuari,Jaime Alguersuari,1,9,2011,9
kobayashi,Kamui Kobayashi,0,9,2011,25
petrov,Vitaly Petrov,0,9,2011,31
maldonado,Pastor Maldonado,0,9,2011,0
resta,Paul di Resta,0,9,2011,2
perez,Sergio Pérez,6,9,2011,8
ambrosio,Jérôme d'Ambrosio,0,9,2011,0
ricciardo,Daniel Ricciardo,0,9,2011,0
webber,Mark Webber,15,9,2011,124
button,Jenson Button,0,9,2011,109
vettel,Sebastian Vettel,18,9,2011,204
barrichello,Rubens Barrichello,0,9,2011,4
liuzzi,Vitantonio Liuzzi,0,9,2011,0
michael_schumacher,Michael Schumacher,2,9,2011,28
webber,Mark Webber,15,10,2011,139
button,Jenson Button,0,10,2011,109
vettel,Sebastian Vettel,12,10,2011,216
barrichello,Rubens Barrichello,0,10,2011,4
liuzzi,Vitantonio Liuzzi,0,10,2011,0
michael_schumacher,Michael Schumacher,4,10,2011,32
alguersuari,Jaime Alguersuari,0,10,2011,9
kobayashi,Kamui Kobayashi,2,10,2011,27
hamilton,Lewis Hamilton,25,10,2011,134
heidfeld,Nick Heidfeld,0,10,2011,34
rosberg,Nico Rosberg,6,10,2011,46
alonso,Fernando Alonso,18,10,2011,130
kovalainen,Heikki Kovalainen,0,10,2011,0
glock,Timo Glock,0,10,2011,0
massa,Felipe Massa,10,10,2011,62
sutil,Adrian Sutil,8,10,2011,18
buemi,Sébastien Buemi,0,10,2011,8
petrov,Vitaly Petrov,1,10,2011,32
chandhok,Karun Chandhok,0,10,2011,0
maldonado,Pastor Maldonado,0,10,2011,0
resta,Paul di Resta,0,10,2011,2
perez,Sergio Pérez,0,10,2011,8
ambrosio,Jérôme d'Ambrosio,0,10,2011,0
ricciardo,Daniel Ricciardo,0,10,2011,0
petrov,Vitaly Petrov,0,11,2011,32
maldonado,Pastor Maldonado,0,11,2011,0
resta,Paul di Resta,6,11,2011,8
perez,Sergio Pérez,0,11,2011,8
ambrosio,Jérôme d'Ambrosio,0,11,2011,0
ricciardo,Daniel Ricciardo,0,11,2011,0
hamilton,Lewis Hamilton,12,11,2011,146
heidfeld,Nick Heidfeld,0,11,2011,34
rosberg,Nico Rosberg,2,11,2011,48
alonso,Fernando Alonso,15,11,2011,145
kovalainen,Heikki Kovalainen,0,11,2011,0
glock,Timo Glock,0,11,2011,0
massa,Felipe Massa,8,11,2011,70
trulli,Jarno Trulli,0,11,2011,0
sutil,Adrian Sutil,0,11,2011,18
webber,Mark Webber,10,11,2011,149
button,Jenson Button,25,11,2011,134
vettel,Sebastian Vettel,18,11,2011,234
barrichello,Rubens Barrichello,0,11,2011,4
liuzzi,Vitantonio Liuzzi,0,11,2011,0
michael_schumacher,Michael Schumacher,0,11,2011,32
alguersuari,Jaime Alguersuari,1,11,2011,10
kobayashi,Kamui Kobayashi,0,11,2011,27
buemi,Sébastien Buemi,4,11,2011,12
buemi,Sébastien Buemi,0,12,2011,12
webber,Mark Webber,18,12,2011,167
button,Jenson Button,15,12,2011,149
vettel,Sebastian Vettel,25,12,2011,259
barrichello,Rubens Barrichello,0,12,2011,4
liuzzi,Vitantonio Liuzzi,0,12,2011,0
michael_schumacher,Michael Schumacher,10,12,2011,42
petrov,Vitaly Petrov,2,12,2011,34
bruno_senna,Bruno Senna,0,12,2011,0
maldonado,Pastor Maldonado,1,12,2011,1
resta,Paul di Resta,0,12,2011,8
perez,Sergio Pérez,0,12,2011,8
ambrosio,Jérôme d'Ambrosio,0,12,2011,0
ricciardo,Daniel Ricciardo,0,12,2011,0
hamilton,Lewis Hamilton,0,12,2011,146
rosberg,Nico Rosberg,8,12,2011,56
alonso,Fernando Alonso,12,12,2011,157
kovalainen,Heikki Kovalainen,0,12,2011,0
glock,Timo Glock,0,12,2011,0
massa,Felipe Massa,4,12,2011,74
trulli,Jarno Trulli,0,12,2011,0
sutil,Adrian Sutil,6,12,2011,24
alguersuari,Jaime Alguersuari,0,12,2011,10
kobayashi,Kamui Kobayashi,0,12,2011,27
alguersuari,Jaime Alguersuari,6,13,2011,16
kobayashi,Kamui Kobayashi,0,13,2011,27
petrov,Vitaly Petrov,0,13,2011,34
bruno_senna,Bruno Senna,2,13,2011,2
maldonado,Pastor Maldonado,0,13,2011,1
resta,Paul di Resta,4,13,2011,12
perez,Sergio Pérez,0,13,2011,8
ambrosio,Jérôme d'Ambrosio,0,13,2011,0
ricciardo,Daniel Ricciardo,0,13,2011,0
buemi,Sébastien Buemi,1,13,2011,13
webber,Mark Webber,0,13,2011,167
button,Jenson Button,18,13,2011,167
vettel,Sebastian Vettel,25,13,2011,284
barrichello,Rubens Barrichello,0,13,2011,4
liuzzi,Vitantonio Liuzzi,0,13,2011,0
michael_schumacher,Michael Schumacher,10,13,2011,52
hamilton,Lewis Hamilton,12,13,2011,158
rosberg,Nico Rosberg,0,13,2011,56
alonso,Fernando Alonso,15,13,2011,172
kovalainen,Heikki Kovalainen,0,13,2011,0
glock,Timo Glock,0,13,2011,0
massa,Felipe Massa,8,13,2011,82
trulli,Jarno Trulli,0,13,2011,0
sutil,Adrian Sutil,0,13,2011,24
hamilton,Lewis Hamilton,10,14,2011,168
rosberg,Nico Rosberg,6,14,2011,62
alonso,Fernando Alonso,12,14,2011,184
kovalainen,Heikki Kovalainen,0,14,2011,0
glock,Timo Glock,0,14,2011,0
massa,Felipe Massa,2,14,2011,84
trulli,Jarno Trulli,0,14,2011,0
sutil,Adrian Sutil,4,14,2011,28
buemi,Sébastien Buemi,0,14,2011,13
alguersuari,Jaime Alguersuari,0,14,2011,16
kobayashi,Kamui Kobayashi,0,14,2011,27
petrov,Vitaly Petrov,0,14,2011,34
bruno_senna,Bruno Senna,0,14,2011,2
maldonado,Pastor Maldonado,0,14,2011,1
resta,Paul di Resta,8,14,2011,20
perez,Sergio Pérez,1,14,2011,9
ambrosio,Jérôme d'Ambrosio,0,14,2011,0
ricciardo,Daniel Ricciardo,0,14,2011,0
webber,Mark Webber,15,14,2011,182
button,Jenson Button,18,14,2011,185
vettel,Sebastian Vettel,25,14,2011,309
barrichello,Rubens Barrichello,0,14,2011,4
liuzzi,Vitantonio Liuzzi,0,14,2011,0
michael_schumacher,Michael Schumacher,0,14,2011,52
webber,Mark Webber,12,15,2011,194
button,Jenson Button,25,15,2011,210
vettel,Sebastian Vettel,15,15,2011,324
barrichello,Rubens Barrichello,0,15,2011,4
liuzzi,Vitantonio Liuzzi,0,15,2011,0
michael_schumacher,Michael Schumacher,8,15,2011,60
alguersuari,Jaime Alguersuari,0,15,2011,16
kobayashi,Kamui Kobayashi,0,15,2011,27
hamilton,Lewis Hamilton,10,15,2011,178
rosberg,Nico Rosberg,1,15,2011,63
alonso,Fernando Alonso,18,15,2011,202
kovalainen,Heikki Kovalainen,0,15,2011,0
glock,Timo Glock,0,15,2011,0
massa,Felipe Massa,6,15,2011,90
trulli,Jarno Trulli,0,15,2011,0
sutil,Adrian Sutil,0,15,2011,28
buemi,Sébastien Buemi,0,15,2011,13
petrov,Vitaly Petrov,2,15,2011,36
bruno_senna,Bruno Senna,0,15,2011,2
maldonado,Pastor Maldonado,0,15,2011,1
resta,Paul di Resta,0,15,2011,20
perez,Sergio Pérez,4,15,2011,13
ambrosio,Jérôme d'Ambrosio,0,15,2011,0
ricciardo,Daniel Ricciardo,0,15,2011,0
petrov,Vitaly Petrov,0,16,2011,36
bruno_senna,Bruno Senna,0,16,2011,2
maldonado,Pastor Maldonado,0,16,2011,1
resta,Paul di Resta,1,16,2011,21
perez,Sergio Pérez,0,16,2011,13
ambrosio,Jérôme d'Ambrosio,0,16,2011,0
ricciardo,Daniel Ricciardo,0,16,2011,0
hamilton,Lewis Hamilton,18,16,2011,196
rosberg,Nico Rosberg,4,16,2011,67
alonso,Fernando Alonso,10,16,2011,212
kovalainen,Heikki Kovalainen,0,16,2011,0
glock,Timo Glock,0,16,2011,0
massa,Felipe Massa,8,16,2011,98
trulli,Jarno Trulli,0,16,2011,0
sutil,Adrian Sutil,0,16,2011,28
webber,Mark Webber,15,16,2011,209
button,Jenson Button,12,16,2011,222
vettel,Sebastian Vettel,25,16,2011,349
barrichello,Rubens Barrichello,0,16,2011,4
liuzzi,Vitantonio Liuzzi,0,16,2011,0
michael_schumacher,Michael Schumacher,0,16,2011,60
alguersuari,Jaime Alguersuari,6,16,2011,22
kobayashi,Kamui Kobayashi,0,16,2011,27
buemi,Sébastien Buemi,2,16,2011,15
buemi,Sébastien Buemi,0,17,2011,15
webber,Mark Webber,12,17,2011,221
button,Jenson Button,18,17,2011,240
vettel,Sebastian Vettel,25,17,2011,374
barrichello,Rubens Barrichello,0,17,2011,4
michael_schumacher,Michael Schumacher,10,17,2011,70
karthikeyan,Narain Karthikeyan,0,17,2011,0
petrov,Vitaly Petrov,0,17,2011,36
bruno_senna,Bruno Senna,0,17,2011,2
maldonado,Pastor Maldonado,0,17,2011,1
resta,Paul di Resta,0,17,2011,21
perez,Sergio Pérez,1,17,2011,14
ambrosio,Jérôme d'Ambrosio,0,17,2011,0
ricciardo,Daniel Ricciardo,0,17,2011,0
hamilton,Lewis Hamilton,6,17,2011,202
rosberg,Nico Rosberg,8,17,2011,75
alonso,Fernando Alonso,15,17,2011,227
kovalainen,Heikki Kovalainen,0,17,2011,0
glock,Timo Glock,0,17,2011,0
massa,Felipe Massa,0,17,2011,98
trulli,Jarno Trulli,0,17,2011,0
sutil,Adrian Sutil,2,17,2011,30
alguersuari,Jaime Alguersuari,4,17,2011,26
kobayashi,Kamui Kobayashi,0,17,2011,27
alguersuari,Jaime Alguersuari,0,18,2011,26
kobayashi,Kamui Kobayashi,1,18,2011,28
petrov,Vitaly Petrov,0,18,2011,36
bruno_senna,Bruno Senna,0,18,2011,2
maldonado,Pastor Maldonado,0,18,2011,1
resta,Paul di Resta,2,18,2011,23
perez,Sergio Pérez,0,18,2011,14
ambrosio,Jérôme d'Ambrosio,0,18,2011,0
ricciardo,Daniel Ricciardo,0,18,2011,0
buemi,Sébastien Buemi,0,18,2011,15
webber,Mark Webber,12,18,2011,233
button,Jenson Button,15,18,2011,255
vettel,Sebastian Vettel,0,18,2011,374
barrichello,Rubens Barrichello,0,18,2011,4
liuzzi,Vitantonio Liuzzi,0,18,2011,0
michael_schumacher,Michael Schumacher,6,18,2011,76
hamilton,Lewis Hamilton,25,18,2011,227
rosberg,Nico Rosberg,8,18,2011,83
alonso,Fernando Alonso,18,18,2011,245
kovalainen,Heikki Kovalainen,0,18,2011,0
glock,Timo Glock,0,18,2011,0
massa,Felipe Massa,10,18,2011,108
trulli,Jarno Trulli,0,18,2011,0
sutil,Adrian Sutil,4,18,2011,34
hamilton,Lewis Hamilton,0,19,2011,227
rosberg,Nico Rosberg,6,19,2011,89
alonso,Fernando Alonso,12,19,2011,257
kovalainen,Heikki Kovalainen,0,19,2011,0
glock,Timo Glock,0,19,2011,0
massa,Felipe Massa,10,19,2011,118
trulli,Jarno Trulli,0,19,2011,0
sutil,Adrian Sutil,8,19,2011,42
buemi,Sébastien Buemi,0,19,2011,15
alguersuari,Jaime Alguersuari,0,19,2011,26
kobayashi,Kamui Kobayashi,2,19,2011,30
petrov,Vitaly Petrov,1,19,2011,37
bruno_senna,Bruno Senna,0,19,2011,2
maldonado,Pastor Maldonado,0,19,2011,1
resta,Paul di Resta,4,19,2011,27
perez,Sergio Pérez,0,19,2011,14
ambrosio,Jérôme d'Ambrosio,0,19,2011,0
ricciardo,Daniel Ricciardo,0,19,2011,0
webber,Mark Webber,25,19,2011,258
button,Jenson Button,15,19,2011,270
vettel,Sebastian Vettel,18,19,2011,392
barrichello,Rubens Barrichello,0,19,2011,4
liuzzi,Vitantonio Liuzzi,0,19,2011,0
michael_schumacher,Michael Schumacher,0,19,2011,76
webber,Mark Webber,4,1,2010,4
button,Jenson Button,6,1,2010,6
vettel,Sebastian Vettel,12,1,2010,12
barrichello,Rubens Barrichello,1,1,2010,1
liuzzi,Vitantonio Liuzzi,2,1,2010,2
michael_schumacher,Michael Schumacher,8,1,2010,8
rosa,Pedro de la Rosa,0,1,2010,0
alguersuari,Jaime Alguersuari,0,1,2010,0
kobayashi,Kamui Kobayashi,0,1,2010,0
hamilton,Lewis Hamilton,15,1,2010,15
rosberg,Nico Rosberg,10,1,2010,10
alonso,Fernando Alonso,25,1,2010,25
kovalainen,Heikki Kovalainen,0,1,2010,0
kubica,Robert Kubica,0,1,2010,0
glock,Timo Glock,0,1,2010,0
massa,Felipe Massa,18,1,2010,18
trulli,Jarno Trulli,0,1,2010,0
sutil,Adrian Sutil,0,1,2010,0
buemi,Sébastien Buemi,0,1,2010,0
hulkenberg,Nico Hülkenberg,0,1,2010,0
petrov,Vitaly Petrov,0,1,2010,0
grassi,Lucas di Grassi,0,1,2010,0
bruno_senna,Bruno Senna,0,1,2010,0
chandhok,Karun Chandhok,0,1,2010,0
hulkenberg,Nico Hülkenberg,0,2,2010,0
petrov,Vitaly Petrov,0,2,2010,0
grassi,Lucas di Grassi,0,2,2010,0
bruno_senna,Bruno Senna,0,2,2010,0
chandhok,Karun Chandhok,0,2,2010,0
hamilton,Lewis Hamilton,8,2,2010,23
rosberg,Nico Rosberg,10,2,2010,20
alonso,Fernando Alonso,12,2,2010,37
kovalainen,Heikki Kovalainen,0,2,2010,0
kubica,Robert Kubica,18,2,2010,18
glock,Timo Glock,0,2,2010,0
massa,Felipe Massa,15,2,2010,33
trulli,Jarno Trulli,0,2,2010,0
sutil,Adrian Sutil,0,2,2010,0
webber,Mark Webber,2,2,2010,6
button,Jenson Button,25,2,2010,31
vettel,Sebastian Vettel,0,2,2010,12
barrichello,Rubens Barrichello,4,2,2010,5
liuzzi,Vitantonio Liuzzi,6,2,2010,8
michael_schumacher,Michael Schumacher,1,2,2010,9
rosa,Pedro de la Rosa,0,2,2010,0
alguersuari,Jaime Alguersuari,0,2,2010,0
kobayashi,Kamui Kobayashi,0,2,2010,0
buemi,Sébastien Buemi,0,2,2010,0
buemi,Sébastien Buemi,0,3,2010,0
webber,Mark Webber,18,3,2010,24
button,Jenson Button,4,3,2010,35
vettel,Sebastian Vettel,25,3,2010,37
barrichello,Rubens Barrichello,0,3,2010,5
liuzzi,Vitantonio Liuzzi,0,3,2010,8
michael_schumacher,Michael Schumacher,0,3,2010,9
rosa,Pedro de la Rosa,0,3,2010,0
hulkenberg,Nico Hülkenberg,1,3,2010,1
petrov,Vitaly Petrov,0,3,2010,0
grassi,Lucas di Grassi,0,3,2010,0
bruno_senna,Bruno Senna,0,3,2010,0
chandhok,Karun Chandhok,0,3,2010,0
hamilton,Lewis Hamilton,8,3,2010,31
rosberg,Nico Rosberg,15,3,2010,35
alonso,Fernando Alonso,0,3,2010,37
kovalainen,Heikki Kovalainen,0,3,2010,0
kubica,Robert Kubica,12,3,2010,30
glock,Timo Glock,0,3,2010,0
massa,Felipe Massa,6,3,2010,39
trulli,Jarno Trulli,0,3,2010,0
sutil,Adrian Sutil,10,3,2010,10
alguersuari,Jaime Alguersuari,2,3,2010,2
kobayashi,Kamui Kobayashi,0,3,2010,0
alguersuari,Jaime Alguersuari,0,4,2010,2
kobayashi,Kamui Kobayashi,0,4,2010,0
hulkenberg,Nico Hülkenberg,0,4,2010,1
petrov,Vitaly Petrov,6,4,2010,6
grassi,Lucas di Grassi,0,4,2010,0
bruno_senna,Bruno Senna,0,4,2010,0
chandhok,Karun Chandhok,0,4,2010,0
buemi,Sébastien Buemi,0,4,2010,0
webber,Mark Webber,4,4,2010,28
button,Jenson Button,25,4,2010,60
vettel,Sebastian Vettel,8,4,2010,45
barrichello,Rubens Barrichello,0,4,2010,5
liuzzi,Vitantonio Liuzzi,0,4,2010,8
michael_schumacher,Michael Schumacher,1,4,2010,10
rosa,Pedro de la Rosa,0,4,2010,0
hamilton,Lewis Hamilton,18,4,2010,49
rosberg,Nico Rosberg,15,4,2010,50
alonso,Fernando Alonso,12,4,2010,49
kovalainen,Heikki Kovalainen,0,4,2010,0
kubica,Robert Kubica,10,4,2010,40
glock,Timo Glock,0,4,2010,0
massa,Felipe Massa,2,4,2010,41
trulli,Jarno Trulli,0,4,2010,0
sutil,Adrian Sutil,0,4,2010,10
hamilton,Lewis Hamilton,0,5,2010,49
rosberg,Nico Rosberg,0,5,2010,50
alonso,Fernando Alonso,18,5,2010,67
kovalainen,Heikki Kovalainen,0,5,2010,0
kubica,Robert Kubica,4,5,2010,44
glock,Timo Glock,0,5,2010,0
massa,Felipe Massa,8,5,2010,49
trulli,Jarno Trulli,0,5,2010,0
sutil,Adrian Sutil,6,5,2010,16
buemi,Sébastien Buemi,0,5,2010,0
alguersuari,Jaime Alguersuari,1,5,2010,3
kobayashi,Kamui Kobayashi,0,5,2010,0
hulkenberg,Nico Hülkenberg,0,5,2010,1
petrov,Vitaly Petrov,0,5,2010,6
grassi,Lucas di Grassi,0,5,2010,0
bruno_senna,Bruno Senna,0,5,2010,0
chandhok,Karun Chandhok,0,5,2010,0
webber,Mark Webber,25,5,2010,53
button,Jenson Button,10,5,2010,70
vettel,Sebastian Vettel,15,5,2010,60
barrichello,Rubens Barrichello,2,5,2010,7
liuzzi,Vitantonio Liuzzi,0,5,2010,8
michael_schumacher,Michael Schumacher,12,5,2010,22
rosa,Pedro de la Rosa,0,5,2010,0
webber,Mark Webber,25,6,2010,78
button,Jenson Button,0,6,2010,70
vettel,Sebastian Vettel,18,6,2010,78
barrichello,Rubens Barrichello,0,6,2010,7
liuzzi,Vitantonio Liuzzi,2,6,2010,10
michael_schumacher,Michael Schumacher,0,6,2010,22
rosa,Pedro de la Rosa,0,6,2010,0
alguersuari,Jaime Alguersuari,0,6,2010,3
kobayashi,Kamui Kobayashi,0,6,2010,0
hamilton,Lewis Hamilton,10,6,2010,59
rosberg,Nico Rosberg,6,6,2010,56
alonso,Fernando Alonso,8,6,2010,75
kovalainen,Heikki Kovalainen,0,6,2010,0
kubica,Robert Kubica,15,6,2010,59
glock,Timo Glock,0,6,2010,0
massa,Felipe Massa,12,6,2010,61
trulli,Jarno Trulli,0,6,2010,0
sutil,Adrian Sutil,4,6,2010,20
buemi,Sébastien Buemi,1,6,2010,1
hulkenberg,Nico Hülkenberg,0,6,2010,1
petrov,Vitaly Petrov,0,6,2010,6
grassi,Lucas di Grassi,0,6,2010,0
bruno_senna,Bruno Senna,0,6,2010,0
chandhok,Karun Chandhok,0,6,2010,0
hulkenberg,Nico Hülkenberg,0,7,2010,1
petrov,Vitaly Petrov,0,7,2010,6
grassi,Lucas di Grassi,0,7,2010,0
bruno_senna,Bruno Senna,0,7,2010,0
chandhok,Karun Chandhok,0,7,2010,0
hamilton,Lewis Hamilton,25,7,2010,84
rosberg,Nico Rosberg,10,7,2010,66
alonso,Fernando Alonso,4,7,2010,79
kovalainen,Heikki Kovalainen,0,7,2010,0
kubica,Robert Kubica,8,7,2010,67
glock,Timo Glock,0,7,2010,0
massa,Felipe Massa,6,7,2010,67
trulli,Jarno Trulli,0,7,2010,0
sutil,Adrian Sutil,2,7,2010,22
webber,Mark Webber,15,7,2010,93
button,Jenson Button,18,7,2010,88
vettel,Sebastian Vettel,0,7,2010,78
barrichello,Rubens Barrichello,0,7,2010,7
liuzzi,Vitantonio Liuzzi,0,7,2010,10
michael_schumacher,Michael Schumacher,12,7,2010,34
rosa,Pedro de la Rosa,0,7,2010,0
alguersuari,Jaime Alguersuari,0,7,2010,3
kobayashi,Kamui Kobayashi,1,7,2010,1
buemi,Sébastien Buemi,0,7,2010,1
buemi,Sébastien Buemi,4,8,2010,5
webber,Mark Webber,10,8,2010,103
button,Jenson Button,18,8,2010,106
vettel,Sebastian Vettel,12,8,2010,90
barrichello,Rubens Barrichello,0,8,2010,7
liuzzi,Vitantonio Liuzzi,2,8,2010,12
michael_schumacher,Michael Schumacher,0,8,2010,34
rosa,Pedro de la Rosa,0,8,2010,0
hulkenberg,Nico Hülkenberg,0,8,2010,1
petrov,Vitaly Petrov,0,8,2010,6
grassi,Lucas di Grassi,0,8,2010,0
bruno_senna,Bruno Senna,0,8,2010,0
chandhok,Karun Chandhok,0,8,2010,0
hamilton,Lewis Hamilton,25,8,2010,109
rosberg,Nico Rosberg,8,8,2010,74
alonso,Fernando Alonso,15,8,2010,94
kovalainen,Heikki Kovalainen,0,8,2010,0
kubica,Robert Kubica,6,8,2010,73
glock,Timo Glock,0,8,2010,0
massa,Felipe Massa,0,8,2010,67
trulli,Jarno Trulli,0,8,2010,0
sutil,Adrian Sutil,1,8,2010,23
alguersuari,Jaime Alguersuari,0,8,2010,3
kobayashi,Kamui Kobayashi,0,8,2010,1
alguersuari,Jaime Alguersuari,0,9,2010,3
kobayashi,Kamui Kobayashi,6,9,2010,7
hulkenberg,Nico Hülkenberg,0,9,2010,1
petrov,Vitaly Petrov,0,9,2010,6
grassi,Lucas di Grassi,0,9,2010,0
bruno_senna,Bruno Senna,0,9,2010,0
chandhok,Karun Chandhok,0,9,2010,0
buemi,Sébastien Buemi,2,9,2010,7
webber,Mark Webber,0,9,2010,103
button,Jenson Button,15,9,2010,121
vettel,Sebastian Vettel,25,9,2010,115
barrichello,Rubens Barrichello,12,9,2010,19
liuzzi,Vitantonio Liuzzi,0,9,2010,12
michael_schumacher,Michael Schumacher,0,9,2010,34
rosa,Pedro de la Rosa,0,9,2010,0
hamilton,Lewis Hamilton,18,9,2010,127
rosberg,Nico Rosberg,1,9,2010,75
alonso,Fernando Alonso,4,9,2010,98
kovalainen,Heikki Kovalainen,0,9,2010,0
kubica,Robert Kubica,10,9,2010,83
glock,Timo Glock,0,9,2010,0
massa,Felipe Massa,0,9,2010,67
trulli,Jarno Trulli,0,9,2010,0
sutil,Adrian Sutil,8,9,2010,31
hamilton,Lewis Hamilton,18,10,2010,145
rosberg,Nico Rosberg,15,10,2010,90
alonso,Fernando Alonso,0,10,2010,98
kovalainen,Heikki Kovalainen,0,10,2010,0
kubica,Robert Kubica,0,10,2010,83
glock,Timo Glock,0,10,2010,0
massa,Felipe Massa,0,10,2010,67
trulli,Jarno Trulli,0,10,2010,0
sutil,Adrian Sutil,4,10,2010,35
buemi,Sébastien Buemi,0,10,2010,7
alguersuari,Jaime Alguersuari,0,10,2010,3
kobayashi,Kamui Kobayashi,8,10,2010,15
hulkenberg,Nico Hülkenberg,1,10,2010,2
petrov,Vitaly Petrov,0,10,2010,6
grassi,Lucas di Grassi,0,10,2010,0
chandhok,Karun Chandhok,0,10,2010,0
webber,Mark Webber,25,10,2010,128
button,Jenson Button,12,10,2010,133
vettel,Sebastian Vettel,6,10,2010,121
barrichello,Rubens Barrichello,10,10,2010,29
liuzzi,Vitantonio Liuzzi,0,10,2010,12
yamamoto,Sakon Yamamoto,0,10,2010,0
michael_schumacher,Michael Schumacher,2,10,2010,36
rosa,Pedro de la Rosa,0,10,2010,0
webber,Mark Webber,8,11,2010,136
button,Jenson Button,10,11,2010,143
vettel,Sebastian Vettel,15,11,2010,136
barrichello,Rubens Barrichello,0,11,2010,29
liuzzi,Vitantonio Liuzzi,0,11,2010,12
yamamoto,Sakon Yamamoto,0,11,2010,0
michael_schumacher,Michael Schumacher,2,11,2010,38
rosa,Pedro de la Rosa,0,11,2010,0
alguersuari,Jaime Alguersuari,0,11,2010,3
kobayashi,Kamui Kobayashi,0,11,2010,15
hamilton,Lewis Hamilton,12,11,2010,157
rosberg,Nico Rosberg,4,11,2010,94
alonso,Fernando Alonso,25,11,2010,123
kovalainen,Heikki Kovalainen,0,11,2010,0
kubica,Robert Kubica,6,11,2010,89
glock,Timo Glock,0,11,2010,0
massa,Felipe Massa,18,11,2010,85
trulli,Jarno Trulli,0,11,2010,0
sutil,Adrian Sutil,0,11,2010,35
buemi,Sébastien Buemi,0,11,2010,7
hulkenberg,Nico Hülkenberg,0,11,2010,2
petrov,Vitaly Petrov,1,11,2010,7
grassi,Lucas di Grassi,0,11,2010,0
bruno_senna,Bruno Senna,0,11,2010,0
hulkenberg,Nico Hülkenberg,8,12,2010,10
petrov,Vitaly Petrov,10,12,2010,17
grassi,Lucas di Grassi,0,12,2010,0
bruno_senna,Bruno Senna,0,12,2010,0
hamilton,Lewis Hamilton,0,12,2010,157
rosberg,Nico Rosberg,0,12,2010,94
alonso,Fernando Alonso,18,12,2010,141
kovalainen,Heikki Kovalainen,0,12,2010,0
kubica,Robert Kubica,0,12,2010,89
glock,Timo Glock,0,12,2010,0
massa,Felipe Massa,12,12,2010,97
trulli,Jarno Trulli,0,12,2010,0
sutil,Adrian Sutil,0,12,2010,35
webber,Mark Webber,25,12,2010,161
button,Jenson Button,4,12,2010,147
vettel,Sebastian Vettel,15,12,2010,151
barrichello,Rubens Barrichello,1,12,2010,30
liuzzi,Vitantonio Liuzzi,0,12,2010,12
yamamoto,Sakon Yamamoto,0,12,2010,0
michael_schumacher,Michael Schumacher,0,12,2010,38
rosa,Pedro de la Rosa,6,12,2010,6
alguersuari,Jaime Alguersuari,0,12,2010,3
kobayashi,Kamui Kobayashi,2,12,2010,17
buemi,Sébastien Buemi,0,12,2010,7
buemi,Sébastien Buemi,0,13,2010,7
webber,Mark Webber,18,13,2010,179
button,Jenson Button,0,13,2010,147
vettel,Sebastian Vettel,0,13,2010,151
barrichello,Rubens Barrichello,0,13,2010,30
liuzzi,Vitantonio Liuzzi,1,13,2010,13
yamamoto,Sakon Yamamoto,0,13,2010,0
michael_schumacher,Michael Schumacher,6,13,2010,44
rosa,Pedro de la Rosa,0,13,2010,6
hulkenberg,Nico Hülkenberg,0,13,2010,10
petrov,Vitaly Petrov,2,13,2010,19
grassi,Lucas di Grassi,0,13,2010,0
bruno_senna,Bruno Senna,0,13,2010,0
hamilton,Lewis Hamilton,25,13,2010,182
rosberg,Nico Rosberg,8,13,2010,102
alonso,Fernando Alonso,0,13,2010,141
kovalainen,Heikki Kovalainen,0,13,2010,0
kubica,Robert Kubica,15,13,2010,104
glock,Timo Glock,0,13,2010,0
massa,Felipe Massa,12,13,2010,109
trulli,Jarno Trulli,0,13,2010,0
sutil,Adrian Sutil,10,13,2010,45
alguersuari,Jaime Alguersuari,0,13,2010,3
kobayashi,Kamui Kobayashi,4,13,2010,21
alguersuari,Jaime Alguersuari,0,14,2010,3
kobayashi,Kamui Kobayashi,0,14,2010,21
hulkenberg,Nico Hülkenberg,6,14,2010,16
petrov,Vitaly Petrov,0,14,2010,19
grassi,Lucas di Grassi,0,14,2010,0
bruno_senna,Bruno Senna,0,14,2010,0
buemi,Sébastien Buemi,0,14,2010,7
webber,Mark Webber,8,14,2010,187
button,Jenson Button,18,14,2010,165
vettel,Sebastian Vettel,12,14,2010,163
barrichello,Rubens Barrichello,1,14,2010,31
liuzzi,Vitantonio Liuzzi,0,14,2010,13
yamamoto,Sakon Yamamoto,0,14,2010,0
michael_schumacher,Michael Schumacher,2,14,2010,46
rosa,Pedro de la Rosa,0,14,2010,6
hamilton,Lewis Hamilton,0,14,2010,182
rosberg,Nico Rosberg,10,14,2010,112
alonso,Fernando Alonso,25,14,2010,166
kovalainen,Heikki Kovalainen,0,14,2010,0
kubica,Robert Kubica,4,14,2010,108
glock,Timo Glock,0,14,2010,0
massa,Felipe Massa,15,14,2010,124
trulli,Jarno Trulli,0,14,2010,0
sutil,Adrian Sutil,0,14,2010,45
hamilton,Lewis Hamilton,0,15,2010,182
heidfeld,Nick Heidfeld,0,15,2010,0
rosberg,Nico Rosberg,10,15,2010,122
alonso,Fernando Alonso,25,15,2010,191
kovalainen,Heikki Kovalainen,0,15,2010,0
kubica,Robert Kubica,6,15,2010,114
glock,Timo Glock,0,15,2010,0
massa,Felipe Massa,4,15,2010,128
trulli,Jarno Trulli,0,15,2010,0
sutil,Adrian Sutil,2,15,2010,47
buemi,Sébastien Buemi,0,15,2010,7
alguersuari,Jaime Alguersuari,0,15,2010,3
kobayashi,Kamui Kobayashi,0,15,2010,21
hulkenberg,Nico Hülkenberg,1,15,2010,17
petrov,Vitaly Petrov,0,15,2010,19
grassi,Lucas di Grassi,0,15,2010,0
bruno_senna,Bruno Senna,0,15,2010,0
webber,Mark Webber,15,15,2010,202
button,Jenson Button,12,15,2010,177
vettel,Sebastian Vettel,18,15,2010,181
barrichello,Rubens Barrichello,8,15,2010,39
liuzzi,Vitantonio Liuzzi,0,15,2010,13
michael_schumacher,Michael Schumacher,0,15,2010,46
klien,Christian Klien,0,15,2010,0
webber,Mark Webber,18,16,2010,220
button,Jenson Button,12,16,2010,189
vettel,Sebastian Vettel,25,16,2010,206
barrichello,Rubens Barrichello,2,16,2010,41
liuzzi,Vitantonio Liuzzi,0,16,2010,13
yamamoto,Sakon Yamamoto,0,16,2010,0
michael_schumacher,Michael Schumacher,8,16,2010,54
alguersuari,Jaime Alguersuari,0,16,2010,3
kobayashi,Kamui Kobayashi,6,16,2010,27
hamilton,Lewis Hamilton,10,16,2010,192
heidfeld,Nick Heidfeld,4,16,2010,4
rosberg,Nico Rosberg,0,16,2010,122
alonso,Fernando Alonso,15,16,2010,206
kovalainen,Heikki Kovalainen,0,16,2010,0
kubica,Robert Kubica,0,16,2010,114
glock,Timo Glock,0,16,2010,0
massa,Felipe Massa,0,16,2010,128
trulli,Jarno Trulli,0,16,2010,0
sutil,Adrian Sutil,0,16,2010,47
buemi,Sébastien Buemi,1,16,2010,8
hulkenberg,Nico Hülkenberg,0,16,2010,17
petrov,Vitaly Petrov,0,16,2010,19
grassi,Lucas di Grassi,0,16,2010,0
bruno_senna,Bruno Senna,0,16,2010,0
hulkenberg,Nico Hülkenberg,1,17,2010,18
petrov,Vitaly Petrov,0,17,2010,19
grassi,Lucas di Grassi,0,17,2010,0
bruno_senna,Bruno Senna,0,17,2010,0
hamilton,Lewis Hamilton,18,17,2010,210
heidfeld,Nick Heidfeld,2,17,2010,6
rosberg,Nico Rosberg,0,17,2010,122
alonso,Fernando Alonso,25,17,2010,231
kovalainen,Heikki Kovalainen,0,17,2010,0
kubica,Robert Kubica,10,17,2010,124
glock,Timo Glock,0,17,2010,0
massa,Felipe Massa,15,17,2010,143
trulli,Jarno Trulli,0,17,2010,0
sutil,Adrian Sutil,0,17,2010,47
webber,Mark Webber,0,17,2010,220
button,Jenson Button,0,17,2010,189
vettel,Sebastian Vettel,0,17,2010,206
barrichello,Rubens Barrichello,6,17,2010,47
liuzzi,Vitantonio Liuzzi,8,17,2010,21
yamamoto,Sakon Yamamoto,0,17,2010,0
michael_schumacher,Michael Schumacher,12,17,2010,66
alguersuari,Jaime Alguersuari,0,17,2010,3
kobayashi,Kamui Kobayashi,4,17,2010,31
buemi,Sébastien Buemi,0,17,2010,8
buemi,Sébastien Buemi,0,18,2010,8
webber,Mark Webber,18,18,2010,238
button,Jenson Button,10,18,2010,199
vettel,Sebastian Vettel,25,18,2010,231
barrichello,Rubens Barrichello,0,18,2010,47
liuzzi,Vitantonio Liuzzi,0,18,2010,21
michael_schumacher,Michael Schumacher,6,18,2010,72
klien,Christian Klien,0,18,2010,0
hulkenberg,Nico Hülkenberg,4,18,2010,22
petrov,Vitaly Petrov,0,18,2010,19
grassi,Lucas di Grassi,0,18,2010,0
bruno_senna,Bruno Senna,0,18,2010,0
hamilton,Lewis Hamilton,12,18,2010,222
heidfeld,Nick Heidfeld,0,18,2010,6
rosberg,Nico Rosberg,8,18,2010,130
alonso,Fernando Alonso,15,18,2010,246
kovalainen,Heikki Kovalainen,0,18,2010,0
kubica,Robert Kubica,2,18,2010,126
glock,Timo Glock,0,18,2010,0
massa,Felipe Massa,0,18,2010,143
trulli,Jarno Trulli,0,18,2010,0
sutil,Adrian Sutil,0,18,2010,47
alguersuari,Jaime Alguersuari,0,18,2010,3
kobayashi,Kamui Kobayashi,1,18,2010,32
alguersuari,Jaime Alguersuari,2,19,2010,5
kobayashi,Kamui Kobayashi,0,19,2010,32
hulkenberg,Nico Hülkenberg,0,19,2010,22
petrov,Vitaly Petrov,8,19,2010,27
grassi,Lucas di Grassi,0,19,2010,0
bruno_senna,Bruno Senna,0,19,2010,0
buemi,Sébastien Buemi,0,19,2010,8
webber,Mark Webber,4,19,2010,242
button,Jenson Button,15,19,2010,214
vettel,Sebastian Vettel,25,19,2010,256
barrichello,Rubens Barrichello,0,19,2010,47
liuzzi,Vitantonio Liuzzi,0,19,2010,21
michael_schumacher,Michael Schumacher,0,19,2010,72
klien,Christian Klien,0,19,2010,0
hamilton,Lewis Hamilton,18,19,2010,240
heidfeld,Nick Heidfeld,0,19,2010,6
rosberg,Nico Rosberg,12,19,2010,142
alonso,Fernando Alonso,6,19,2010,252
kovalainen,Heikki Kovalainen,0,19,2010,0
kubica,Robert Kubica,10,19,2010,136
glock,Timo Glock,0,19,2010,0
massa,Felipe Massa,1,19,2010,144
trulli,Jarno Trulli,0,19,2010,0
sutil,Adrian Sutil,0,19,2010,47
hamilton,Lewis Hamilton,0,1,2009,0
heidfeld,Nick Heidfeld,0,1,2009,0
rosberg,Nico Rosberg,3,1,2009,3
alonso,Fernando Alonso,4,1,2009,4
kovalainen,Heikki Kovalainen,0,1,2009,0
nakajima,Kazuki Nakajima,0,1,2009,0
bourdais,Sébastien Bourdais,1,1,2009,1
raikkonen,Kimi Räikkönen,0,1,2009,0
kubica,Robert Kubica,0,1,2009,0
glock,Timo Glock,5,1,2009,5
piquet_jr,Nelson Piquet Jr.,0,1,2009,0
massa,Felipe Massa,0,1,2009,0
trulli,Jarno Trulli,6,1,2009,6
sutil,Adrian Sutil,0,1,2009,0
buemi,Sébastien Buemi,2,1,2009,2
webber,Mark Webber,0,1,2009,0
button,Jenson Button,10,1,2009,10
vettel,Sebastian Vettel,0,1,2009,0
fisichella,Giancarlo Fisichella,0,1,2009,0
barrichello,Rubens Barrichello,8,1,2009,8
webber,Mark Webber,1,2,2009,1
button,Jenson Button,5,2,2009,15
vettel,Sebastian Vettel,0,2,2009,0
fisichella,Giancarlo Fisichella,0,2,2009,0
barrichello,Rubens Barrichello,2,2,2009,10
hamilton,Lewis Hamilton,1,2,2009,1
heidfeld,Nick Heidfeld,4,2,2009,4
rosberg,Nico Rosberg,0,2,2009,3
alonso,Fernando Alonso,0,2,2009,4
kovalainen,Heikki Kovalainen,0,2,2009,0
nakajima,Kazuki Nakajima,0,2,2009,0
bourdais,Sébastien Bourdais,0,2,2009,1
raikkonen,Kimi Räikkönen,0,2,2009,0
kubica,Robert Kubica,0,2,2009,0
glock,Timo Glock,3,2,2009,8
piquet_jr,Nelson Piquet Jr.,0,2,2009,0
massa,Felipe Massa,0,2,2009,0
trulli,Jarno Trulli,2,2,2009,8
sutil,Adrian Sutil,0,2,2009,0
buemi,Sébastien Buemi,0,2,2009,2
buemi,Sébastien Buemi,1,3,2009,3
webber,Mark Webber,8,3,2009,9
button,Jenson Button,6,3,2009,21
vettel,Sebastian Vettel,10,3,2009,10
fisichella,Giancarlo Fisichella,0,3,2009,0
barrichello,Rubens Barrichello,5,3,2009,15
hamilton,Lewis Hamilton,3,3,2009,4
heidfeld,Nick Heidfeld,0,3,2009,4
rosberg,Nico Rosberg,0,3,2009,3
alonso,Fernando Alonso,0,3,2009,4
kovalainen,Heikki Kovalainen,4,3,2009,4
nakajima,Kazuki Nakajima,0,3,2009,0
bourdais,Sébastien Bourdais,0,3,2009,1
raikkonen,Kimi Räikkönen,0,3,2009,0
kubica,Robert Kubica,0,3,2009,0
glock,Timo Glock,2,3,2009,10
piquet_jr,Nelson Piquet Jr.,0,3,2009,0
massa,Felipe Massa,0,3,2009,0
trulli,Jarno Trulli,0,3,2009,8
sutil,Adrian Sutil,0,3,2009,0
hamilton,Lewis Hamilton,5,4,2009,9
heidfeld,Nick Heidfeld,0,4,2009,4
rosberg,Nico Rosberg,0,4,2009,3
alonso,Fernando Alonso,1,4,2009,5
kovalainen,Heikki Kovalainen,0,4,2009,4
nakajima,Kazuki Nakajima,0,4,2009,0
bourdais,Sébastien Bourdais,0,4,2009,1
raikkonen,Kimi Räikkönen,3,4,2009,3
kubica,Robert Kubica,0,4,2009,0
glock,Timo Glock,2,4,2009,12
piquet_jr,Nelson Piquet Jr.,0,4,2009,0
massa,Felipe Massa,0,4,2009,0
trulli,Jarno Trulli,6,4,2009,14
sutil,Adrian Sutil,0,4,2009,0
buemi,Sébastien Buemi,0,4,2009,3
webber,Mark Webber,0,4,2009,9
button,Jenson Button,10,4,2009,31
vettel,Sebastian Vettel,8,4,2009,18
fisichella,Giancarlo Fisichella,0,4,2009,0
barrichello,Rubens Barrichello,4,4,2009,19
webber,Mark Webber,6,5,2009,15
button,Jenson Button,10,5,2009,41
vettel,Sebastian Vettel,5,5,2009,23
fisichella,Giancarlo Fisichella,0,5,2009,0
barrichello,Rubens Barrichello,8,5,2009,27
hamilton,Lewis Hamilton,0,5,2009,9
heidfeld,Nick Heidfeld,2,5,2009,6
rosberg,Nico Rosberg,1,5,2009,4
alonso,Fernando Alonso,4,5,2009,9
kovalainen,Heikki Kovalainen,0,5,2009,4
nakajima,Kazuki Nakajima,0,5,2009,0
bourdais,Sébastien Bourdais,0,5,2009,1
raikkonen,Kimi Räikkönen,0,5,2009,3
kubica,Robert Kubica,0,5,2009,0
glock,Timo Glock,0,5,2009,12
piquet_jr,Nelson Piquet Jr.,0,5,2009,0
massa,Felipe Massa,3,5,2009,3
trulli,Jarno Trulli,0,5,2009,14
sutil,Adrian Sutil,0,5,2009,0
buemi,Sébastien Buemi,0,5,2009,3
buemi,Sébastien Buemi,0,6,2009,3
webber,Mark Webber,4,6,2009,19
button,Jenson Button,10,6,2009,51
vettel,Sebastian Vettel,0,6,2009,23
fisichella,Giancarlo Fisichella,0,6,2009,0
barrichello,Rubens Barrichello,8,6,2009,35
hamilton,Lewis Hamilton,0,6,2009,9
heidfeld,Nick Heidfeld,0,6,2009,6
rosberg,Nico Rosberg,3,6,2009,7
alonso,Fernando Alonso,2,6,2009,11
kovalainen,Heikki Kovalainen,0,6,2009,4
nakajima,Kazuki Nakajima,0,6,2009,0
bourdais,Sébastien Bourdais,1,6,2009,2
raikkonen,Kimi Räikkönen,6,6,2009,9
kubica,Robert Kubica,0,6,2009,0
glock,Timo Glock,0,6,2009,12
piquet_jr,Nelson Piquet Jr.,0,6,2009,0
massa,Felipe Massa,5,6,2009,8
trulli,Jarno Trulli,0,6,2009,14
sutil,Adrian Sutil,0,6,2009,0
hamilton,Lewis Hamilton,0,7,2009,9
heidfeld,Nick Heidfeld,0,7,2009,6
rosberg,Nico Rosberg,4,7,2009,11
alonso,Fernando Alonso,0,7,2009,11
kovalainen,Heikki Kovalainen,0,7,2009,4
nakajima,Kazuki Nakajima,0,7,2009,0
bourdais,Sébastien Bourdais,0,7,2009,2
raikkonen,Kimi Räikkönen,0,7,2009,9
kubica,Robert Kubica,2,7,2009,2
glock,Timo Glock,1,7,2009,13
piquet_jr,Nelson Piquet Jr.,0,7,2009,0
massa,Felipe Massa,3,7,2009,11
trulli,Jarno Trulli,5,7,2009,19
sutil,Adrian Sutil,0,7,2009,0
buemi,Sébastien Buemi,0,7,2009,3
webber,Mark Webber,8,7,2009,27
button,Jenson Button,10,7,2009,61
vettel,Sebastian Vettel,6,7,2009,29
fisichella,Giancarlo Fisichella,0,7,2009,0
barrichello,Rubens Barrichello,0,7,2009,35
webber,Mark Webber,8,8,2009,35
button,Jenson Button,3,8,2009,64
vettel,Sebastian Vettel,10,8,2009,39
fisichella,Giancarlo Fisichella,0,8,2009,0
barrichello,Rubens Barrichello,6,8,2009,41
hamilton,Lewis Hamilton,0,8,2009,9
heidfeld,Nick Heidfeld,0,8,2009,6
rosberg,Nico Rosberg,4,8,2009,15
alonso,Fernando Alonso,0,8,2009,11
kovalainen,Heikki Kovalainen,0,8,2009,4
nakajima,Kazuki Nakajima,0,8,2009,0
bourdais,Sébastien Bourdais,0,8,2009,2
raikkonen,Kimi Räikkönen,1,8,2009,10
kubica,Robert Kubica,0,8,2009,2
glock,Timo Glock,0,8,2009,13
piquet_jr,Nelson Piquet Jr.,0,8,2009,0
massa,Felipe Massa,5,8,2009,16
trulli,Jarno Trulli,2,8,2009,21
sutil,Adrian Sutil,0,8,2009,0
buemi,Sébastien Buemi,0,8,2009,3
buemi,Sébastien Buemi,0,9,2009,3
webber,Mark Webber,10,9,2009,45
button,Jenson Button,4,9,2009,68
vettel,Sebastian Vettel,8,9,2009,47
fisichella,Giancarlo Fisichella,0,9,2009,0
barrichello,Rubens Barrichello,3,9,2009,44
hamilton,Lewis Hamilton,0,9,2009,9
heidfeld,Nick Heidfeld,0,9,2009,6
rosberg,Nico Rosberg,5,9,2009,20
alonso,Fernando Alonso,2,9,2009,13
kovalainen,Heikki Kovalainen,1,9,2009,5
nakajima,Kazuki Nakajima,0,9,2009,0
bourdais,Sébastien Bourdais,0,9,2009,2
raikkonen,Kimi Räikkönen,0,9,2009,10
kubica,Robert Kubica,0,9,2009,2
glock,Timo Glock,0,9,2009,13
piquet_jr,Nelson Piquet Jr.,0,9,2009,0
massa,Felipe Massa,6,9,2009,22
trulli,Jarno Trulli,0,9,2009,21
sutil,Adrian Sutil,0,9,2009,0
hamilton,Lewis Hamilton,10,10,2009,19
heidfeld,Nick Heidfeld,0,10,2009,6
rosberg,Nico Rosberg,5,10,2009,25
alonso,Fernando Alonso,0,10,2009,13
kovalainen,Heikki Kovalainen,4,10,2009,9
nakajima,Kazuki Nakajima,0,10,2009,0
raikkonen,Kimi Räikkönen,8,10,2009,18
kubica,Robert Kubica,0,10,2009,2
glock,Timo Glock,3,10,2009,16
piquet_jr,Nelson Piquet Jr.,0,10,2009,0
massa,Felipe Massa,0,10,2009,22
trulli,Jarno Trulli,1,10,2009,22
sutil,Adrian Sutil,0,10,2009,0
buemi,Sébastien Buemi,0,10,2009,3
alguersuari,Jaime Alguersuari,0,10,2009,0
webber,Mark Webber,6,10,2009,51
button,Jenson Button,2,10,2009,70
vettel,Sebastian Vettel,0,10,2009,47
fisichella,Giancarlo Fisichella,0,10,2009,0
barrichello,Rubens Barrichello,0,10,2009,44
webber,Mark Webber,0,11,2009,51
button,Jenson Button,2,11,2009,72
vettel,Sebastian Vettel,0,11,2009,47
fisichella,Giancarlo Fisichella,0,11,2009,0
barrichello,Rubens Barrichello,10,11,2009,54
buemi,Sébastien Buemi,0,11,2009,3
badoer,Luca Badoer,0,11,2009,0
hamilton,Lewis Hamilton,8,11,2009,27
heidfeld,Nick Heidfeld,0,11,2009,6
rosberg,Nico Rosberg,4,11,2009,29
alonso,Fernando Alonso,3,11,2009,16
kovalainen,Heikki Kovalainen,5,11,2009,14
nakajima,Kazuki Nakajima,0,11,2009,0
raikkonen,Kimi Räikkönen,6,11,2009,24
kubica,Robert Kubica,1,11,2009,3
glock,Timo Glock,0,11,2009,16
trulli,Jarno Trulli,0,11,2009,22
sutil,Adrian Sutil,0,11,2009,0
alguersuari,Jaime Alguersuari,0,11,2009,0
grosjean,Romain Grosjean,0,11,2009,0
alguersuari,Jaime Alguersuari,0,12,2009,0
grosjean,Romain Grosjean,0,12,2009,0
buemi,Sébastien Buemi,0,12,2009,3
badoer,Luca Badoer,0,12,2009,0
webber,Mark Webber,0,12,2009,51
button,Jenson Button,0,12,2009,72
vettel,Sebastian Vettel,6,12,2009,53
fisichella,Giancarlo Fisichella,8,12,2009,8
barrichello,Rubens Barrichello,2,12,2009,56
hamilton,Lewis Hamilton,0,12,2009,27
heidfeld,Nick Heidfeld,4,12,2009,10
rosberg,Nico Rosberg,1,12,2009,30
alonso,Fernando Alonso,0,12,2009,16
kovalainen,Heikki Kovalainen,3,12,2009,17
nakajima,Kazuki Nakajima,0,12,2009,0
raikkonen,Kimi Räikkönen,10,12,2009,34
kubica,Robert Kubica,5,12,2009,8
glock,Timo Glock,0,12,2009,16
trulli,Jarno Trulli,0,12,2009,22
sutil,Adrian Sutil,0,12,2009,0
hamilton,Lewis Hamilton,0,13,2009,27
heidfeld,Nick Heidfeld,2,13,2009,12
rosberg,Nico Rosberg,0,13,2009,30
alonso,Fernando Alonso,4,13,2009,20
kovalainen,Heikki Kovalainen,3,13,2009,20
nakajima,Kazuki Nakajima,0,13,2009,0
raikkonen,Kimi Räikkönen,6,13,2009,40
kubica,Robert Kubica,0,13,2009,8
glock,Timo Glock,0,13,2009,16
trulli,Jarno Trulli,0,13,2009,22
sutil,Adrian Sutil,5,13,2009,5
buemi,Sébastien Buemi,0,13,2009,3
alguersuari,Jaime Alguersuari,0,13,2009,0
grosjean,Romain Grosjean,0,13,2009,0
webber,Mark Webber,0,13,2009,51
button,Jenson Button,8,13,2009,80
vettel,Sebastian Vettel,1,13,2009,54
fisichella,Giancarlo Fisichella,0,13,2009,8
barrichello,Rubens Barrichello,10,13,2009,66
liuzzi,Vitantonio Liuzzi,0,13,2009,0
webber,Mark Webber,0,14,2009,51
button,Jenson Button,4,14,2009,84
vettel,Sebastian Vettel,5,14,2009,59
fisichella,Giancarlo Fisichella,0,14,2009,8
barrichello,Rubens Barrichello,3,14,2009,69
liuzzi,Vitantonio Liuzzi,0,14,2009,0
buemi,Sébastien Buemi,0,14,2009,3
hamilton,Lewis Hamilton,10,14,2009,37
heidfeld,Nick Heidfeld,0,14,2009,12
rosberg,Nico Rosberg,0,14,2009,30
alonso,Fernando Alonso,6,14,2009,26
kovalainen,Heikki Kovalainen,2,14,2009,22
nakajima,Kazuki Nakajima,0,14,2009,0
raikkonen,Kimi Räikkönen,0,14,2009,40
kubica,Robert Kubica,1,14,2009,9
glock,Timo Glock,8,14,2009,24
trulli,Jarno Trulli,0,14,2009,22
sutil,Adrian Sutil,0,14,2009,5
alguersuari,Jaime Alguersuari,0,14,2009,0
grosjean,Romain Grosjean,0,14,2009,0
alguersuari,Jaime Alguersuari,0,15,2009,0
grosjean,Romain Grosjean,0,15,2009,0
buemi,Sébastien Buemi,0,15,2009,3
webber,Mark Webber,0,15,2009,51
button,Jenson Button,1,15,2009,85
vettel,Sebastian Vettel,10,15,2009,69
fisichella,Giancarlo Fisichella,0,15,2009,8
barrichello,Rubens Barrichello,2,15,2009,71
liuzzi,Vitantonio Liuzzi,0,15,2009,0
hamilton,Lewis Hamilton,6,15,2009,43
heidfeld,Nick Heidfeld,3,15,2009,15
rosberg,Nico Rosberg,4,15,2009,34
alonso,Fernando Alonso,0,15,2009,26
kovalainen,Heikki Kovalainen,0,15,2009,22
nakajima,Kazuki Nakajima,0,15,2009,0
raikkonen,Kimi Räikkönen,5,15,2009,45
kubica,Robert Kubica,0,15,2009,9
glock,Timo Glock,0,15,2009,24
trulli,Jarno Trulli,8,15,2009,30
sutil,Adrian Sutil,0,15,2009,5
hamilton,Lewis Hamilton,6,16,2009,49
heidfeld,Nick Heidfeld,0,16,2009,15
rosberg,Nico Rosberg,0,16,2009,34
alonso,Fernando Alonso,0,16,2009,26
kovalainen,Heikki Kovalainen,0,16,2009,22
nakajima,Kazuki Nakajima,0,16,2009,0
raikkonen,Kimi Räikkönen,3,16,2009,48
kubica,Robert Kubica,8,16,2009,17
trulli,Jarno Trulli,0,16,2009,30
sutil,Adrian Sutil,0,16,2009,5
buemi,Sébastien Buemi,2,16,2009,5
alguersuari,Jaime Alguersuari,0,16,2009,0
grosjean,Romain Grosjean,0,16,2009,0
kobayashi,Kamui Kobayashi,0,16,2009,0
webber,Mark Webber,10,16,2009,61
button,Jenson Button,4,16,2009,89
vettel,Sebastian Vettel,5,16,2009,74
fisichella,Giancarlo Fisichella,0,16,2009,8
barrichello,Rubens Barrichello,1,16,2009,72
liuzzi,Vitantonio Liuzzi,0,16,2009,0
webber,Mark Webber,8,17,2009,69
button,Jenson Button,6,17,2009,95
vettel,Sebastian Vettel,10,17,2009,84
fisichella,Giancarlo Fisichella,0,17,2009,8
barrichello,Rubens Barrichello,5,17,2009,77
liuzzi,Vitantonio Liuzzi,0,17,2009,0
buemi,Sébastien Buemi,1,17,2009,6
hamilton,Lewis Hamilton,0,17,2009,49
heidfeld,Nick Heidfeld,4,17,2009,19
rosberg,Nico Rosberg,0,17,2009,34
alonso,Fernando Alonso,0,17,2009,26
kovalainen,Heikki Kovalainen,0,17,2009,22
nakajima,Kazuki Nakajima,0,17,2009,0
raikkonen,Kimi Räikkönen,0,17,2009,48
kubica,Robert Kubica,0,17,2009,17
trulli,Jarno Trulli,2,17,2009,32
sutil,Adrian Sutil,0,17,2009,5
alguersuari,Jaime Alguersuari,0,17,2009,0
grosjean,Romain Grosjean,0,17,2009,0
kobayashi,Kamui Kobayashi,3,17,2009,3
button,Jenson Button,0,1,2008,0
davidson,Anthony Davidson,0,1,2008,0
vettel,Sebastian Vettel,0,1,2008,0
fisichella,Giancarlo Fisichella,0,1,2008,0
barrichello,Rubens Barrichello,0,1,2008,0
hamilton,Lewis Hamilton,10,1,2008,10
heidfeld,Nick Heidfeld,8,1,2008,8
rosberg,Nico Rosberg,6,1,2008,6
alonso,Fernando Alonso,5,1,2008,5
kovalainen,Heikki Kovalainen,4,1,2008,4
nakajima,Kazuki Nakajima,3,1,2008,3
bourdais,Sébastien Bourdais,2,1,2008,2
raikkonen,Kimi Räikkönen,1,1,2008,1
kubica,Robert Kubica,0,1,2008,0
glock,Timo Glock,0,1,2008,0
sato,Takuma Sato,0,1,2008,0
piquet_jr,Nelson Piquet Jr.,0,1,2008,0
massa,Felipe Massa,0,1,2008,0
coulthard,David Coulthard,0,1,2008,0
trulli,Jarno Trulli,0,1,2008,0
sutil,Adrian Sutil,0,1,2008,0
webber,Mark Webber,0,1,2008,0
hamilton,Lewis Hamilton,4,2,2008,14
heidfeld,Nick Heidfeld,3,2,2008,11
rosberg,Nico Rosberg,0,2,2008,6
alonso,Fernando Alonso,1,2,2008,6
kovalainen,Heikki Kovalainen,6,2,2008,10
nakajima,Kazuki Nakajima,0,2,2008,3
bourdais,Sébastien Bourdais,0,2,2008,2
raikkonen,Kimi Räikkönen,10,2,2008,11
kubica,Robert Kubica,8,2,2008,8
glock,Timo Glock,0,2,2008,0
sato,Takuma Sato,0,2,2008,0
piquet_jr,Nelson Piquet Jr.,0,2,2008,0
massa,Felipe Massa,0,2,2008,0
coulthard,David Coulthard,0,2,2008,0
trulli,Jarno Trulli,5,2,2008,5
sutil,Adrian Sutil,0,2,2008,0
webber,Mark Webber,2,2,2008,2
button,Jenson Button,0,2,2008,0
davidson,Anthony Davidson,0,2,2008,0
vettel,Sebastian Vettel,0,2,2008,0
fisichella,Giancarlo Fisichella,0,2,2008,0
barrichello,Rubens Barrichello,0,2,2008,0
button,Jenson Button,0,3,2008,0
davidson,Anthony Davidson,0,3,2008,0
vettel,Sebastian Vettel,0,3,2008,0
fisichella,Giancarlo Fisichella,0,3,2008,0
barrichello,Rubens Barrichello,0,3,2008,0
hamilton,Lewis Hamilton,0,3,2008,14
heidfeld,Nick Heidfeld,5,3,2008,16
rosberg,Nico Rosberg,1,3,2008,7
alonso,Fernando Alonso,0,3,2008,6
kovalainen,Heikki Kovalainen,4,3,2008,14
nakajima,Kazuki Nakajima,0,3,2008,3
bourdais,Sébastien Bourdais,0,3,2008,2
raikkonen,Kimi Räikkönen,8,3,2008,19
kubica,Robert Kubica,6,3,2008,14
glock,Timo Glock,0,3,2008,0
sato,Takuma Sato,0,3,2008,0
piquet_jr,Nelson Piquet Jr.,0,3,2008,0
massa,Felipe Massa,10,3,2008,10
coulthard,David Coulthard,0,3,2008,0
trulli,Jarno Trulli,3,3,2008,8
sutil,Adrian Sutil,0,3,2008,0
webber,Mark Webber,2,3,2008,4
hamilton,Lewis Hamilton,6,4,2008,20
heidfeld,Nick Heidfeld,0,4,2008,16
rosberg,Nico Rosberg,0,4,2008,7
alonso,Fernando Alonso,0,4,2008,6
kovalainen,Heikki Kovalainen,0,4,2008,14
nakajima,Kazuki Nakajima,2,4,2008,5
bourdais,Sébastien Bourdais,0,4,2008,2
raikkonen,Kimi Räikkönen,10,4,2008,29
kubica,Robert Kubica,5,4,2008,19
glock,Timo Glock,0,4,2008,0
sato,Takuma Sato,0,4,2008,0
piquet_jr,Nelson Piquet Jr.,0,4,2008,0
massa,Felipe Massa,8,4,2008,18
coulthard,David Coulthard,0,4,2008,0
trulli,Jarno Trulli,1,4,2008,9
sutil,Adrian Sutil,0,4,2008,0
webber,Mark Webber,4,4,2008,8
button,Jenson Button,3,4,2008,3
davidson,Anthony Davidson,0,4,2008,0
vettel,Sebastian Vettel,0,4,2008,0
fisichella,Giancarlo Fisichella,0,4,2008,0
barrichello,Rubens Barrichello,0,4,2008,0
button,Jenson Button,0,5,2008,3
vettel,Sebastian Vettel,0,5,2008,0
fisichella,Giancarlo Fisichella,0,5,2008,0
barrichello,Rubens Barrichello,0,5,2008,0
hamilton,Lewis Hamilton,8,5,2008,28
heidfeld,Nick Heidfeld,4,5,2008,20
rosberg,Nico Rosberg,1,5,2008,8
alonso,Fernando Alonso,3,5,2008,9
kovalainen,Heikki Kovalainen,0,5,2008,14
nakajima,Kazuki Nakajima,0,5,2008,5
bourdais,Sébastien Bourdais,0,5,2008,2
raikkonen,Kimi Räikkönen,6,5,2008,35
kubica,Robert Kubica,5,5,2008,24
glock,Timo Glock,0,5,2008,0
piquet_jr,Nelson Piquet Jr.,0,5,2008,0
massa,Felipe Massa,10,5,2008,28
coulthard,David Coulthard,0,5,2008,0
trulli,Jarno Trulli,0,5,2008,9
sutil,Adrian Sutil,0,5,2008,0
webber,Mark Webber,2,5,2008,10
hamilton,Lewis Hamilton,10,6,2008,38
heidfeld,Nick Heidfeld,0,6,2008,20
rosberg,Nico Rosberg,0,6,2008,8
alonso,Fernando Alonso,0,6,2008,9
kovalainen,Heikki Kovalainen,1,6,2008,15
nakajima,Kazuki Nakajima,2,6,2008,7
bourdais,Sébastien Bourdais,0,6,2008,2
raikkonen,Kimi Räikkönen,0,6,2008,35
kubica,Robert Kubica,8,6,2008,32
glock,Timo Glock,0,6,2008,0
piquet_jr,Nelson Piquet Jr.,0,6,2008,0
massa,Felipe Massa,6,6,2008,34
coulthard,David Coulthard,0,6,2008,0
trulli,Jarno Trulli,0,6,2008,9
sutil,Adrian Sutil,0,6,2008,0
webber,Mark Webber,5,6,2008,15
button,Jenson Button,0,6,2008,3
vettel,Sebastian Vettel,4,6,2008,4
fisichella,Giancarlo Fisichella,0,6,2008,0
barrichello,Rubens Barrichello,3,6,2008,3
button,Jenson Button,0,7,2008,3
vettel,Sebastian Vettel,1,7,2008,5
fisichella,Giancarlo Fisichella,0,7,2008,0
barrichello,Rubens Barrichello,2,7,2008,5
hamilton,Lewis Hamilton,0,7,2008,38
heidfeld,Nick Heidfeld,8,7,2008,28
rosberg,Nico Rosberg,0,7,2008,8
alonso,Fernando Alonso,0,7,2008,9
kovalainen,Heikki Kovalainen,0,7,2008,15
nakajima,Kazuki Nakajima,0,7,2008,7
bourdais,Sébastien Bourdais,0,7,2008,2
raikkonen,Kimi Räikkönen,0,7,2008,35
kubica,Robert Kubica,10,7,2008,42
glock,Timo Glock,5,7,2008,5
piquet_jr,Nelson Piquet Jr.,0,7,2008,0
massa,Felipe Massa,4,7,2008,38
coulthard,David Coulthard,6,7,2008,6
trulli,Jarno Trulli,3,7,2008,12
sutil,Adrian Sutil,0,7,2008,0
webber,Mark Webber,0,7,2008,15
hamilton,Lewis Hamilton,0,8,2008,38
heidfeld,Nick Heidfeld,0,8,2008,28
rosberg,Nico Rosberg,0,8,2008,8
alonso,Fernando Alonso,1,8,2008,10
kovalainen,Heikki Kovalainen,5,8,2008,20
nakajima,Kazuki Nakajima,0,8,2008,7
bourdais,Sébastien Bourdais,0,8,2008,2
raikkonen,Kimi Räikkönen,8,8,2008,43
kubica,Robert Kubica,4,8,2008,46
glock,Timo Glock,0,8,2008,5
piquet_jr,Nelson Piquet Jr.,2,8,2008,2
massa,Felipe Massa,10,8,2008,48
coulthard,David Coulthard,0,8,2008,6
trulli,Jarno Trulli,6,8,2008,18
sutil,Adrian Sutil,0,8,2008,0
webber,Mark Webber,3,8,2008,18
button,Jenson Button,0,8,2008,3
vettel,Sebastian Vettel,0,8,2008,5
fisichella,Giancarlo Fisichella,0,8,2008,0
barrichello,Rubens Barrichello,0,8,2008,5
button,Jenson Button,0,9,2008,3
vettel,Sebastian Vettel,0,9,2008,5
fisichella,Giancarlo Fisichella,0,9,2008,0
barrichello,Rubens Barrichello,6,9,2008,11
hamilton,Lewis Hamilton,10,9,2008,48
heidfeld,Nick Heidfeld,8,9,2008,36
rosberg,Nico Rosberg,0,9,2008,8
alonso,Fernando Alonso,3,9,2008,13
kovalainen,Heikki Kovalainen,4,9,2008,24
nakajima,Kazuki Nakajima,1,9,2008,8
bourdais,Sébastien Bourdais,0,9,2008,2
raikkonen,Kimi Räikkönen,5,9,2008,48
kubica,Robert Kubica,0,9,2008,46
glock,Timo Glock,0,9,2008,5
piquet_jr,Nelson Piquet Jr.,0,9,2008,2
massa,Felipe Massa,0,9,2008,48
coulthard,David Coulthard,0,9,2008,6
trulli,Jarno Trulli,2,9,2008,20
sutil,Adrian Sutil,0,9,2008,0
webber,Mark Webber,0,9,2008,18
hamilton,Lewis Hamilton,10,10,2008,58
heidfeld,Nick Heidfeld,5,10,2008,41
rosberg,Nico Rosberg,0,10,2008,8
alonso,Fernando Alonso,0,10,2008,13
kovalainen,Heikki Kovalainen,4,10,2008,28
nakajima,Kazuki Nakajima,0,10,2008,8
bourdais,Sébastien Bourdais,0,10,2008,2
raikkonen,Kimi Räikkönen,3,10,2008,51
kubica,Robert Kubica,2,10,2008,48
glock,Timo Glock,0,10,2008,5
piquet_jr,Nelson Piquet Jr.,8,10,2008,10
massa,Felipe Massa,6,10,2008,54
coulthard,David Coulthard,0,10,2008,6
trulli,Jarno Trulli,0,10,2008,20
sutil,Adrian Sutil,0,10,2008,0
webber,Mark Webber,0,10,2008,18
button,Jenson Button,0,10,2008,3
vettel,Sebastian Vettel,1,10,2008,6
fisichella,Giancarlo Fisichella,0,10,2008,0
barrichello,Rubens Barrichello,0,10,2008,11
webber,Mark Webber,0,11,2008,18
button,Jenson Button,0,11,2008,3
vettel,Sebastian Vettel,0,11,2008,6
fisichella,Giancarlo Fisichella,0,11,2008,0
barrichello,Rubens Barrichello,0,11,2008,11
hamilton,Lewis Hamilton,4,11,2008,62
heidfeld,Nick Heidfeld,0,11,2008,41
rosberg,Nico Rosberg,0,11,2008,8
alonso,Fernando Alonso,5,11,2008,18
kovalainen,Heikki Kovalainen,10,11,2008,38
nakajima,Kazuki Nakajima,0,11,2008,8
bourdais,Sébastien Bourdais,0,11,2008,2
raikkonen,Kimi Räikkönen,6,11,2008,57
kubica,Robert Kubica,1,11,2008,49
glock,Timo Glock,8,11,2008,13
piquet_jr,Nelson Piquet Jr.,3,11,2008,13
massa,Felipe Massa,0,11,2008,54
coulthard,David Coulthard,0,11,2008,6
trulli,Jarno Trulli,2,11,2008,22
sutil,Adrian Sutil,0,11,2008,0
hamilton,Lewis Hamilton,8,12,2008,70
heidfeld,Nick Heidfeld,0,12,2008,41
rosberg,Nico Rosberg,1,12,2008,9
alonso,Fernando Alonso,0,12,2008,18
kovalainen,Heikki Kovalainen,5,12,2008,43
nakajima,Kazuki Nakajima,0,12,2008,8
bourdais,Sébastien Bourdais,0,12,2008,2
raikkonen,Kimi Räikkönen,0,12,2008,57
kubica,Robert Kubica,6,12,2008,55
glock,Timo Glock,2,12,2008,15
piquet_jr,Nelson Piquet Jr.,0,12,2008,13
massa,Felipe Massa,10,12,2008,64
coulthard,David Coulthard,0,12,2008,6
trulli,Jarno Trulli,4,12,2008,26
sutil,Adrian Sutil,0,12,2008,0
webber,Mark Webber,0,12,2008,18
button,Jenson Button,0,12,2008,3
vettel,Sebastian Vettel,3,12,2008,9
fisichella,Giancarlo Fisichella,0,12,2008,0
barrichello,Rubens Barrichello,0,12,2008,11
webber,Mark Webber,1,13,2008,19
button,Jenson Button,0,13,2008,3
vettel,Sebastian Vettel,4,13,2008,13
fisichella,Giancarlo Fisichella,0,13,2008,0
barrichello,Rubens Barrichello,0,13,2008,11
hamilton,Lewis Hamilton,6,13,2008,76
heidfeld,Nick Heidfeld,8,13,2008,49
rosberg,Nico Rosberg,0,13,2008,9
alonso,Fernando Alonso,5,13,2008,23
kovalainen,Heikki Kovalainen,0,13,2008,43
nakajima,Kazuki Nakajima,0,13,2008,8
bourdais,Sébastien Bourdais,2,13,2008,4
raikkonen,Kimi Räikkönen,0,13,2008,57
kubica,Robert Kubica,3,13,2008,58
glock,Timo Glock,0,13,2008,15
piquet_jr,Nelson Piquet Jr.,0,13,2008,13
massa,Felipe Massa,10,13,2008,74
coulthard,David Coulthard,0,13,2008,6
trulli,Jarno Trulli,0,13,2008,26
sutil,Adrian Sutil,0,13,2008,0
hamilton,Lewis Hamilton,2,14,2008,78
heidfeld,Nick Heidfeld,4,14,2008,53
rosberg,Nico Rosberg,0,14,2008,9
alonso,Fernando Alonso,5,14,2008,28
kovalainen,Heikki Kovalainen,8,14,2008,51
nakajima,Kazuki Nakajima,0,14,2008,8
bourdais,Sébastien Bourdais,0,14,2008,4
raikkonen,Kimi Räikkönen,0,14,2008,57
kubica,Robert Kubica,6,14,2008,64
glock,Timo Glock,0,14,2008,15
piquet_jr,Nelson Piquet Jr.,0,14,2008,13
massa,Felipe Massa,3,14,2008,77
coulthard,David Coulthard,0,14,2008,6
trulli,Jarno Trulli,0,14,2008,26
sutil,Adrian Sutil,0,14,2008,0
webber,Mark Webber,1,14,2008,20
button,Jenson Button,0,14,2008,3
vettel,Sebastian Vettel,10,14,2008,23
fisichella,Giancarlo Fisichella,0,14,2008,0
barrichello,Rubens Barrichello,0,14,2008,11
webber,Mark Webber,0,15,2008,20
button,Jenson Button,0,15,2008,3
vettel,Sebastian Vettel,4,15,2008,27
fisichella,Giancarlo Fisichella,0,15,2008,0
barrichello,Rubens Barrichello,0,15,2008,11
hamilton,Lewis Hamilton,6,15,2008,84
heidfeld,Nick Heidfeld,3,15,2008,56
rosberg,Nico Rosberg,8,15,2008,17
alonso,Fernando Alonso,10,15,2008,38
kovalainen,Heikki Kovalainen,0,15,2008,51
nakajima,Kazuki Nakajima,1,15,2008,9
bourdais,Sébastien Bourdais,0,15,2008,4
raikkonen,Kimi Räikkönen,0,15,2008,57
kubica,Robert Kubica,0,15,2008,64
glock,Timo Glock,5,15,2008,20
piquet_jr,Nelson Piquet Jr.,0,15,2008,13
massa,Felipe Massa,0,15,2008,77
coulthard,David Coulthard,2,15,2008,8
trulli,Jarno Trulli,0,15,2008,26
sutil,Adrian Sutil,0,15,2008,0
hamilton,Lewis Hamilton,0,16,2008,84
heidfeld,Nick Heidfeld,0,16,2008,56
rosberg,Nico Rosberg,0,16,2008,17
alonso,Fernando Alonso,10,16,2008,48
kovalainen,Heikki Kovalainen,0,16,2008,51
nakajima,Kazuki Nakajima,0,16,2008,9
bourdais,Sébastien Bourdais,0,16,2008,4
raikkonen,Kimi Räikkönen,6,16,2008,63
kubica,Robert Kubica,8,16,2008,72
glock,Timo Glock,0,16,2008,20
piquet_jr,Nelson Piquet Jr.,5,16,2008,18
massa,Felipe Massa,2,16,2008,79
coulthard,David Coulthard,0,16,2008,8
trulli,Jarno Trulli,4,16,2008,30
sutil,Adrian Sutil,0,16,2008,0
webber,Mark Webber,1,16,2008,21
button,Jenson Button,0,16,2008,3
vettel,Sebastian Vettel,3,16,2008,30
fisichella,Giancarlo Fisichella,0,16,2008,0
barrichello,Rubens Barrichello,0,16,2008,11
webber,Mark Webber,0,17,2008,21
button,Jenson Button,0,17,2008,3
vettel,Sebastian Vettel,0,17,2008,30
fisichella,Giancarlo Fisichella,0,17,2008,0
barrichello,Rubens Barrichello,0,17,2008,11
hamilton,Lewis Hamilton,10,17,2008,94
heidfeld,Nick Heidfeld,4,17,2008,60
rosberg,Nico Rosberg,0,17,2008,17
alonso,Fernando Alonso,5,17,2008,53
kovalainen,Heikki Kovalainen,0,17,2008,51
nakajima,Kazuki Nakajima,0,17,2008,9
bourdais,Sébastien Bourdais,0,17,2008,4
raikkonen,Kimi Räikkönen,6,17,2008,69
kubica,Robert Kubica,3,17,2008,75
glock,Timo Glock,2,17,2008,22
piquet_jr,Nelson Piquet Jr.,1,17,2008,19
massa,Felipe Massa,8,17,2008,87
coulthard,David Coulthard,0,17,2008,8
trulli,Jarno Trulli,0,17,2008,30
sutil,Adrian Sutil,0,17,2008,0
hamilton,Lewis Hamilton,4,18,2008,98
heidfeld,Nick Heidfeld,0,18,2008,60
rosberg,Nico Rosberg,0,18,2008,17
alonso,Fernando Alonso,8,18,2008,61
kovalainen,Heikki Kovalainen,2,18,2008,53
nakajima,Kazuki Nakajima,0,18,2008,9
bourdais,Sébastien Bourdais,0,18,2008,4
raikkonen,Kimi Räikkönen,6,18,2008,75
kubica,Robert Kubica,0,18,2008,75
glock,Timo Glock,3,18,2008,25
piquet_jr,Nelson Piquet Jr.,0,18,2008,19
massa,Felipe Massa,10,18,2008,97
coulthard,David Coulthard,0,18,2008,8
trulli,Jarno Trulli,1,18,2008,31
sutil,Adrian Sutil,0,18,2008,0
webber,Mark Webber,0,18,2008,21
button,Jenson Button,0,18,2008,3
vettel,Sebastian Vettel,5,18,2008,35
fisichella,Giancarlo Fisichella,0,18,2008,0
barrichello,Rubens Barrichello,0,18,2008,11
button,Jenson Button,0,1,2007,0
davidson,Anthony Davidson,0,1,2007,0
fisichella,Giancarlo Fisichella,4,1,2007,4
barrichello,Rubens Barrichello,0,1,2007,0
ralf_schumacher,Ralf Schumacher,1,1,2007,1
liuzzi,Vitantonio Liuzzi,0,1,2007,0
wurz,Alexander Wurz,0,1,2007,0
speed,Scott Speed,0,1,2007,0
albers,Christijan Albers,0,1,2007,0
hamilton,Lewis Hamilton,6,1,2007,6
heidfeld,Nick Heidfeld,5,1,2007,5
rosberg,Nico Rosberg,2,1,2007,2
alonso,Fernando Alonso,8,1,2007,8
kovalainen,Heikki Kovalainen,0,1,2007,0
raikkonen,Kimi Räikkönen,10,1,2007,10
kubica,Robert Kubica,0,1,2007,0
sato,Takuma Sato,0,1,2007,0
massa,Felipe Massa,3,1,2007,3
coulthard,David Coulthard,0,1,2007,0
trulli,Jarno Trulli,0,1,2007,0
sutil,Adrian Sutil,0,1,2007,0
webber,Mark Webber,0,1,2007,0
hamilton,Lewis Hamilton,8,2,2007,14
heidfeld,Nick Heidfeld,5,2,2007,10
rosberg,Nico Rosberg,0,2,2007,2
alonso,Fernando Alonso,10,2,2007,18
kovalainen,Heikki Kovalainen,1,2,2007,1
raikkonen,Kimi Räikkönen,6,2,2007,16
kubica,Robert Kubica,0,2,2007,0
sato,Takuma Sato,0,2,2007,0
massa,Felipe Massa,4,2,2007,7
coulthard,David Coulthard,0,2,2007,0
trulli,Jarno Trulli,2,2,2007,2
sutil,Adrian Sutil,0,2,2007,0
webber,Mark Webber,0,2,2007,0
button,Jenson Button,0,2,2007,0
davidson,Anthony Davidson,0,2,2007,0
fisichella,Giancarlo Fisichella,3,2,2007,7
barrichello,Rubens Barrichello,0,2,2007,0
ralf_schumacher,Ralf Schumacher,0,2,2007,1
liuzzi,Vitantonio Liuzzi,0,2,2007,0
wurz,Alexander Wurz,0,2,2007,0
speed,Scott Speed,0,2,2007,0
albers,Christijan Albers,0,2,2007,0
button,Jenson Button,0,3,2007,0
davidson,Anthony Davidson,0,3,2007,0
fisichella,Giancarlo Fisichella,1,3,2007,8
barrichello,Rubens Barrichello,0,3,2007,0
ralf_schumacher,Ralf Schumacher,0,3,2007,1
liuzzi,Vitantonio Liuzzi,0,3,2007,0
wurz,Alexander Wurz,0,3,2007,0
speed,Scott Speed,0,3,2007,0
albers,Christijan Albers,0,3,2007,0
hamilton,Lewis Hamilton,8,3,2007,22
heidfeld,Nick Heidfeld,5,3,2007,15
rosberg,Nico Rosberg,0,3,2007,2
alonso,Fernando Alonso,4,3,2007,22
kovalainen,Heikki Kovalainen,0,3,2007,1
raikkonen,Kimi Räikkönen,6,3,2007,22
kubica,Robert Kubica,3,3,2007,3
sato,Takuma Sato,0,3,2007,0
massa,Felipe Massa,10,3,2007,17
coulthard,David Coulthard,0,3,2007,0
trulli,Jarno Trulli,2,3,2007,4
sutil,Adrian Sutil,0,3,2007,0
webber,Mark Webber,0,3,2007,0
hamilton,Lewis Hamilton,8,4,2007,30
heidfeld,Nick Heidfeld,0,4,2007,15
rosberg,Nico Rosberg,3,4,2007,5
alonso,Fernando Alonso,6,4,2007,28
kovalainen,Heikki Kovalainen,2,4,2007,3
raikkonen,Kimi Räikkönen,0,4,2007,22
kubica,Robert Kubica,5,4,2007,8
sato,Takuma Sato,1,4,2007,1
massa,Felipe Massa,10,4,2007,27
coulthard,David Coulthard,4,4,2007,4
trulli,Jarno Trulli,0,4,2007,4
sutil,Adrian Sutil,0,4,2007,0
webber,Mark Webber,0,4,2007,0
button,Jenson Button,0,4,2007,0
davidson,Anthony Davidson,0,4,2007,0
fisichella,Giancarlo Fisichella,0,4,2007,8
barrichello,Rubens Barrichello,0,4,2007,0
ralf_schumacher,Ralf Schumacher,0,4,2007,1
liuzzi,Vitantonio Liuzzi,0,4,2007,0
wurz,Alexander Wurz,0,4,2007,0
speed,Scott Speed,0,4,2007,0
albers,Christijan Albers,0,4,2007,0
button,Jenson Button,0,5,2007,0
davidson,Anthony Davidson,0,5,2007,0
fisichella,Giancarlo Fisichella,5,5,2007,13
barrichello,Rubens Barrichello,0,5,2007,0
ralf_schumacher,Ralf Schumacher,0,5,2007,1
liuzzi,Vitantonio Liuzzi,0,5,2007,0
wurz,Alexander Wurz,2,5,2007,2
speed,Scott Speed,0,5,2007,0
albers,Christijan Albers,0,5,2007,0
hamilton,Lewis Hamilton,8,5,2007,38
heidfeld,Nick Heidfeld,3,5,2007,18
rosberg,Nico Rosberg,0,5,2007,5
alonso,Fernando Alonso,10,5,2007,38
kovalainen,Heikki Kovalainen,0,5,2007,3
raikkonen,Kimi Räikkönen,1,5,2007,23
kubica,Robert Kubica,4,5,2007,12
sato,Takuma Sato,0,5,2007,1
massa,Felipe Massa,6,5,2007,33
coulthard,David Coulthard,0,5,2007,4
trulli,Jarno Trulli,0,5,2007,4
sutil,Adrian Sutil,0,5,2007,0
webber,Mark Webber,0,5,2007,0
hamilton,Lewis Hamilton,10,6,2007,48
heidfeld,Nick Heidfeld,8,6,2007,26
rosberg,Nico Rosberg,0,6,2007,5
alonso,Fernando Alonso,2,6,2007,40
kovalainen,Heikki Kovalainen,5,6,2007,8
raikkonen,Kimi Räikkönen,4,6,2007,27
kubica,Robert Kubica,0,6,2007,12
sato,Takuma Sato,3,6,2007,4
massa,Felipe Massa,0,6,2007,33
coulthard,David Coulthard,0,6,2007,4
trulli,Jarno Trulli,0,6,2007,4
sutil,Adrian Sutil,0,6,2007,0
webber,Mark Webber,0,6,2007,0
button,Jenson Button,0,6,2007,0
davidson,Anthony Davidson,0,6,2007,0
fisichella,Giancarlo Fisichella,0,6,2007,13
barrichello,Rubens Barrichello,0,6,2007,0
ralf_schumacher,Ralf Schumacher,1,6,2007,2
liuzzi,Vitantonio Liuzzi,0,6,2007,0
wurz,Alexander Wurz,6,6,2007,8
speed,Scott Speed,0,6,2007,0
albers,Christijan Albers,0,6,2007,0
button,Jenson Button,0,7,2007,0
davidson,Anthony Davidson,0,7,2007,0
vettel,Sebastian Vettel,1,7,2007,1
fisichella,Giancarlo Fisichella,0,7,2007,13
barrichello,Rubens Barrichello,0,7,2007,0
ralf_schumacher,Ralf Schumacher,0,7,2007,2
liuzzi,Vitantonio Liuzzi,0,7,2007,0
wurz,Alexander Wurz,0,7,2007,8
speed,Scott Speed,0,7,2007,0
albers,Christijan Albers,0,7,2007,0
hamilton,Lewis Hamilton,10,7,2007,58
heidfeld,Nick Heidfeld,0,7,2007,26
rosberg,Nico Rosberg,0,7,2007,5
alonso,Fernando Alonso,8,7,2007,48
kovalainen,Heikki Kovalainen,4,7,2007,12
raikkonen,Kimi Räikkönen,5,7,2007,32
sato,Takuma Sato,0,7,2007,4
massa,Felipe Massa,6,7,2007,39
coulthard,David Coulthard,0,7,2007,4
trulli,Jarno Trulli,3,7,2007,7
sutil,Adrian Sutil,0,7,2007,0
webber,Mark Webber,2,7,2007,2
hamilton,Lewis Hamilton,6,8,2007,64
heidfeld,Nick Heidfeld,4,8,2007,30
rosberg,Nico Rosberg,0,8,2007,5
alonso,Fernando Alonso,2,8,2007,50
kovalainen,Heikki Kovalainen,0,8,2007,12
raikkonen,Kimi Räikkönen,10,8,2007,42
kubica,Robert Kubica,5,8,2007,17
sato,Takuma Sato,0,8,2007,4
massa,Felipe Massa,8,8,2007,47
coulthard,David Coulthard,0,8,2007,4
trulli,Jarno Trulli,0,8,2007,7
sutil,Adrian Sutil,0,8,2007,0
webber,Mark Webber,0,8,2007,2
button,Jenson Button,1,8,2007,1
davidson,Anthony Davidson,0,8,2007,0
fisichella,Giancarlo Fisichella,3,8,2007,16
barrichello,Rubens Barrichello,0,8,2007,0
ralf_schumacher,Ralf Schumacher,0,8,2007,2
liuzzi,Vitantonio Liuzzi,0,8,2007,0
wurz,Alexander Wurz,0,8,2007,8
speed,Scott Speed,0,8,2007,0
albers,Christijan Albers,0,8,2007,0
button,Jenson Button,0,9,2007,1
davidson,Anthony Davidson,0,9,2007,0
fisichella,Giancarlo Fisichella,1,9,2007,17
barrichello,Rubens Barrichello,0,9,2007,0
ralf_schumacher,Ralf Schumacher,0,9,2007,2
liuzzi,Vitantonio Liuzzi,0,9,2007,0
wurz,Alexander Wurz,0,9,2007,8
speed,Scott Speed,0,9,2007,0
albers,Christijan Albers,0,9,2007,0
hamilton,Lewis Hamilton,6,9,2007,70
heidfeld,Nick Heidfeld,3,9,2007,33
rosberg,Nico Rosberg,0,9,2007,5
alonso,Fernando Alonso,8,9,2007,58
kovalainen,Heikki Kovalainen,2,9,2007,14
raikkonen,Kimi Räikkönen,10,9,2007,52
kubica,Robert Kubica,5,9,2007,22
sato,Takuma Sato,0,9,2007,4
massa,Felipe Massa,4,9,2007,51
coulthard,David Coulthard,0,9,2007,4
trulli,Jarno Trulli,0,9,2007,7
sutil,Adrian Sutil,0,9,2007,0
webber,Mark Webber,0,9,2007,2
hamilton,Lewis Hamilton,0,10,2007,70
heidfeld,Nick Heidfeld,3,10,2007,36
rosberg,Nico Rosberg,0,10,2007,5
alonso,Fernando Alonso,10,10,2007,68
kovalainen,Heikki Kovalainen,1,10,2007,15
raikkonen,Kimi Räikkönen,0,10,2007,52
kubica,Robert Kubica,2,10,2007,24
sato,Takuma Sato,0,10,2007,4
massa,Felipe Massa,8,10,2007,59
coulthard,David Coulthard,4,10,2007,8
trulli,Jarno Trulli,0,10,2007,7
sutil,Adrian Sutil,0,10,2007,0
webber,Mark Webber,6,10,2007,8
button,Jenson Button,0,10,2007,1
davidson,Anthony Davidson,0,10,2007,0
fisichella,Giancarlo Fisichella,0,10,2007,17
barrichello,Rubens Barrichello,0,10,2007,0
ralf_schumacher,Ralf Schumacher,0,10,2007,2
liuzzi,Vitantonio Liuzzi,0,10,2007,0
wurz,Alexander Wurz,5,10,2007,13
speed,Scott Speed,0,10,2007,0
markus_winkelhock,Markus Winkelhock,0,10,2007,0
button,Jenson Button,0,11,2007,1
davidson,Anthony Davidson,0,11,2007,0
vettel,Sebastian Vettel,0,11,2007,1
fisichella,Giancarlo Fisichella,0,11,2007,17
barrichello,Rubens Barrichello,0,11,2007,0
ralf_schumacher,Ralf Schumacher,3,11,2007,5
liuzzi,Vitantonio Liuzzi,0,11,2007,0
wurz,Alexander Wurz,0,11,2007,13
yamamoto,Sakon Yamamoto,0,11,2007,0
hamilton,Lewis Hamilton,10,11,2007,80
heidfeld,Nick Heidfeld,6,11,2007,42
rosberg,Nico Rosberg,2,11,2007,7
alonso,Fernando Alonso,5,11,2007,73
kovalainen,Heikki Kovalainen,1,11,2007,16
raikkonen,Kimi Räikkönen,8,11,2007,60
kubica,Robert Kubica,4,11,2007,28
sato,Takuma Sato,0,11,2007,4
massa,Felipe Massa,0,11,2007,59
coulthard,David Coulthard,0,11,2007,8
trulli,Jarno Trulli,0,11,2007,7
sutil,Adrian Sutil,0,11,2007,0
webber,Mark Webber,0,11,2007,8
hamilton,Lewis Hamilton,4,12,2007,84
heidfeld,Nick Heidfeld,5,12,2007,47
rosberg,Nico Rosberg,2,12,2007,9
alonso,Fernando Alonso,6,12,2007,79
kovalainen,Heikki Kovalainen,3,12,2007,19
raikkonen,Kimi Räikkönen,8,12,2007,68
kubica,Robert Kubica,1,12,2007,29
sato,Takuma Sato,0,12,2007,4
massa,Felipe Massa,10,12,2007,69
coulthard,David Coulthard,0,12,2007,8
trulli,Jarno Trulli,0,12,2007,7
sutil,Adrian Sutil,0,12,2007,0
webber,Mark Webber,0,12,2007,8
button,Jenson Button,0,12,2007,1
davidson,Anthony Davidson,0,12,2007,0
vettel,Sebastian Vettel,0,12,2007,1
fisichella,Giancarlo Fisichella,0,12,2007,17
barrichello,Rubens Barrichello,0,12,2007,0
ralf_schumacher,Ralf Schumacher,0,12,2007,5
liuzzi,Vitantonio Liuzzi,0,12,2007,0
wurz,Alexander Wurz,0,12,2007,13
yamamoto,Sakon Yamamoto,0,12,2007,0
button,Jenson Button,1,13,2007,2
davidson,Anthony Davidson,0,13,2007,0
vettel,Sebastian Vettel,0,13,2007,1
fisichella,Giancarlo Fisichella,0,13,2007,17
barrichello,Rubens Barrichello,0,13,2007,0
ralf_schumacher,Ralf Schumacher,0,13,2007,5
liuzzi,Vitantonio Liuzzi,0,13,2007,0
wurz,Alexander Wurz,0,13,2007,13
yamamoto,Sakon Yamamoto,0,13,2007,0
hamilton,Lewis Hamilton,8,13,2007,92
heidfeld,Nick Heidfeld,5,13,2007,52
rosberg,Nico Rosberg,3,13,2007,12
alonso,Fernando Alonso,10,13,2007,89
kovalainen,Heikki Kovalainen,2,13,2007,21
raikkonen,Kimi Räikkönen,6,13,2007,74
kubica,Robert Kubica,4,13,2007,33
sato,Takuma Sato,0,13,2007,4
massa,Felipe Massa,0,13,2007,69
coulthard,David Coulthard,0,13,2007,8
trulli,Jarno Trulli,0,13,2007,7
sutil,Adrian Sutil,0,13,2007,0
webber,Mark Webber,0,13,2007,8
hamilton,Lewis Hamilton,5,14,2007,97
heidfeld,Nick Heidfeld,4,14,2007,56
rosberg,Nico Rosberg,3,14,2007,15
alonso,Fernando Alonso,6,14,2007,95
kovalainen,Heikki Kovalainen,1,14,2007,22
raikkonen,Kimi Räikkönen,10,14,2007,84
kubica,Robert Kubica,0,14,2007,33
sato,Takuma Sato,0,14,2007,4
massa,Felipe Massa,8,14,2007,77
coulthard,David Coulthard,0,14,2007,8
trulli,Jarno Trulli,0,14,2007,7
sutil,Adrian Sutil,0,14,2007,0
webber,Mark Webber,2,14,2007,10
button,Jenson Button,0,14,2007,2
davidson,Anthony Davidson,0,14,2007,0
vettel,Sebastian Vettel,0,14,2007,1
fisichella,Giancarlo Fisichella,0,14,2007,17
barrichello,Rubens Barrichello,0,14,2007,0
ralf_schumacher,Ralf Schumacher,0,14,2007,5
liuzzi,Vitantonio Liuzzi,0,14,2007,0
wurz,Alexander Wurz,0,14,2007,13
yamamoto,Sakon Yamamoto,0,14,2007,0
button,Jenson Button,0,15,2007,2
davidson,Anthony Davidson,0,15,2007,0
vettel,Sebastian Vettel,0,15,2007,1
fisichella,Giancarlo Fisichella,4,15,2007,21
barrichello,Rubens Barrichello,0,15,2007,0
ralf_schumacher,Ralf Schumacher,0,15,2007,5
liuzzi,Vitantonio Liuzzi,0,15,2007,0
wurz,Alexander Wurz,0,15,2007,13
yamamoto,Sakon Yamamoto,0,15,2007,0
hamilton,Lewis Hamilton,10,15,2007,107
heidfeld,Nick Heidfeld,0,15,2007,56
rosberg,Nico Rosberg,0,15,2007,15
alonso,Fernando Alonso,0,15,2007,95
kovalainen,Heikki Kovalainen,8,15,2007,30
raikkonen,Kimi Räikkönen,6,15,2007,90
kubica,Robert Kubica,2,15,2007,35
sato,Takuma Sato,0,15,2007,4
massa,Felipe Massa,3,15,2007,80
coulthard,David Coulthard,5,15,2007,13
trulli,Jarno Trulli,0,15,2007,7
sutil,Adrian Sutil,1,15,2007,1
webber,Mark Webber,0,15,2007,10
hamilton,Lewis Hamilton,0,16,2007,107
heidfeld,Nick Heidfeld,2,16,2007,58
rosberg,Nico Rosberg,0,16,2007,15
alonso,Fernando Alonso,8,16,2007,103
kovalainen,Heikki Kovalainen,0,16,2007,30
raikkonen,Kimi Räikkönen,10,16,2007,100
kubica,Robert Kubica,0,16,2007,35
sato,Takuma Sato,0,16,2007,4
massa,Felipe Massa,6,16,2007,86
coulthard,David Coulthard,1,16,2007,14
trulli,Jarno Trulli,0,16,2007,7
sutil,Adrian Sutil,0,16,2007,1
webber,Mark Webber,0,16,2007,10
button,Jenson Button,4,16,2007,6
davidson,Anthony Davidson,0,16,2007,0
vettel,Sebastian Vettel,5,16,2007,6
fisichella,Giancarlo Fisichella,0,16,2007,21
barrichello,Rubens Barrichello,0,16,2007,0
ralf_schumacher,Ralf Schumacher,0,16,2007,5
liuzzi,Vitantonio Liuzzi,3,16,2007,3
wurz,Alexander Wurz,0,16,2007,13
yamamoto,Sakon Yamamoto,0,16,2007,0
button,Jenson Button,0,17,2007,6
davidson,Anthony Davidson,0,17,2007,0
vettel,Sebastian Vettel,0,17,2007,6
fisichella,Giancarlo Fisichella,0,17,2007,21
barrichello,Rubens Barrichello,0,17,2007,0
ralf_schumacher,Ralf Schumacher,0,17,2007,5
liuzzi,Vitantonio Liuzzi,0,17,2007,3
yamamoto,Sakon Yamamoto,0,17,2007,0
hamilton,Lewis Hamilton,2,17,2007,109
heidfeld,Nick Heidfeld,3,17,2007,61
rosberg,Nico Rosberg,5,17,2007,20
alonso,Fernando Alonso,6,17,2007,109
kovalainen,Heikki Kovalainen,0,17,2007,30
nakajima,Kazuki Nakajima,0,17,2007,0
raikkonen,Kimi Räikkönen,10,17,2007,110
kubica,Robert Kubica,4,17,2007,39
sato,Takuma Sato,0,17,2007,4
massa,Felipe Massa,8,17,2007,94
coulthard,David Coulthard,0,17,2007,14
trulli,Jarno Trulli,1,17,2007,8
sutil,Adrian Sutil,0,17,2007,1
webber,Mark Webber,0,17,2007,10
heidfeld,Nick Heidfeld,0,1,2006,0
rosberg,Nico Rosberg,2,1,2006,2
alonso,Fernando Alonso,10,1,2006,10
raikkonen,Kimi Räikkönen,6,1,2006,6
sato,Takuma Sato,0,1,2006,0
massa,Felipe Massa,0,1,2006,0
coulthard,David Coulthard,0,1,2006,0
trulli,Jarno Trulli,0,1,2006,0
webber,Mark Webber,3,1,2006,3
button,Jenson Button,5,1,2006,5
fisichella,Giancarlo Fisichella,0,1,2006,0
barrichello,Rubens Barrichello,0,1,2006,0
ralf_schumacher,Ralf Schumacher,0,1,2006,0
liuzzi,Vitantonio Liuzzi,0,1,2006,0
speed,Scott Speed,0,1,2006,0
albers,Christijan Albers,0,1,2006,0
michael_schumacher,Michael Schumacher,8,1,2006,8
montoya,Juan Pablo Montoya,4,1,2006,4
klien,Christian Klien,1,1,2006,1
monteiro,Tiago Monteiro,0,1,2006,0
ide,Yuji Ide,0,1,2006,0
villeneuve,Jacques Villeneuve,0,1,2006,0
button,Jenson Button,6,2,2006,11
fisichella,Giancarlo Fisichella,10,2,2006,10
barrichello,Rubens Barrichello,0,2,2006,0
ralf_schumacher,Ralf Schumacher,1,2,2006,1
liuzzi,Vitantonio Liuzzi,0,2,2006,0
speed,Scott Speed,0,2,2006,0
albers,Christijan Albers,0,2,2006,0
michael_schumacher,Michael Schumacher,3,2,2006,11
montoya,Juan Pablo Montoya,5,2,2006,9
klien,Christian Klien,0,2,2006,1
monteiro,Tiago Monteiro,0,2,2006,0
ide,Yuji Ide,0,2,2006,0
villeneuve,Jacques Villeneuve,2,2,2006,2
heidfeld,Nick Heidfeld,0,2,2006,0
rosberg,Nico Rosberg,0,2,2006,2
alonso,Fernando Alonso,8,2,2006,18
raikkonen,Kimi Räikkönen,0,2,2006,6
sato,Takuma Sato,0,2,2006,0
massa,Felipe Massa,4,2,2006,4
coulthard,David Coulthard,0,2,2006,0
trulli,Jarno Trulli,0,2,2006,0
webber,Mark Webber,0,2,2006,3
heidfeld,Nick Heidfeld,5,3,2006,5
rosberg,Nico Rosberg,0,3,2006,2
alonso,Fernando Alonso,10,3,2006,28
raikkonen,Kimi Räikkönen,8,3,2006,14
sato,Takuma Sato,0,3,2006,0
massa,Felipe Massa,0,3,2006,4
coulthard,David Coulthard,1,3,2006,1
trulli,Jarno Trulli,0,3,2006,0
webber,Mark Webber,0,3,2006,3
button,Jenson Button,0,3,2006,11
fisichella,Giancarlo Fisichella,4,3,2006,14
barrichello,Rubens Barrichello,2,3,2006,2
ralf_schumacher,Ralf Schumacher,6,3,2006,7
liuzzi,Vitantonio Liuzzi,0,3,2006,0
speed,Scott Speed,0,3,2006,0
albers,Christijan Albers,0,3,2006,0
michael_schumacher,Michael Schumacher,0,3,2006,11
montoya,Juan Pablo Montoya,0,3,2006,9
klien,Christian Klien,0,3,2006,1
monteiro,Tiago Monteiro,0,3,2006,0
ide,Yuji Ide,0,3,2006,0
villeneuve,Jacques Villeneuve,3,3,2006,5
button,Jenson Button,2,4,2006,13
fisichella,Giancarlo Fisichella,1,4,2006,15
barrichello,Rubens Barrichello,0,4,2006,2
ralf_schumacher,Ralf Schumacher,0,4,2006,7
liuzzi,Vitantonio Liuzzi,0,4,2006,0
speed,Scott Speed,0,4,2006,0
albers,Christijan Albers,0,4,2006,0
michael_schumacher,Michael Schumacher,10,4,2006,21
montoya,Juan Pablo Montoya,6,4,2006,15
klien,Christian Klien,0,4,2006,1
monteiro,Tiago Monteiro,0,4,2006,0
ide,Yuji Ide,0,4,2006,0
villeneuve,Jacques Villeneuve,0,4,2006,5
heidfeld,Nick Heidfeld,0,4,2006,5
rosberg,Nico Rosberg,0,4,2006,2
alonso,Fernando Alonso,8,4,2006,36
raikkonen,Kimi Räikkönen,4,4,2006,18
sato,Takuma Sato,0,4,2006,0
massa,Felipe Massa,5,4,2006,9
coulthard,David Coulthard,0,4,2006,1
trulli,Jarno Trulli,0,4,2006,0
webber,Mark Webber,3,4,2006,6
heidfeld,Nick Heidfeld,0,5,2006,5
rosberg,Nico Rosberg,2,5,2006,4
alonso,Fernando Alonso,8,5,2006,44
raikkonen,Kimi Räikkönen,5,5,2006,23
sato,Takuma Sato,0,5,2006,0
massa,Felipe Massa,6,5,2006,15
coulthard,David Coulthard,0,5,2006,1
trulli,Jarno Trulli,0,5,2006,0
webber,Mark Webber,0,5,2006,6
button,Jenson Button,0,5,2006,13
fisichella,Giancarlo Fisichella,3,5,2006,18
barrichello,Rubens Barrichello,4,5,2006,6
ralf_schumacher,Ralf Schumacher,0,5,2006,7
liuzzi,Vitantonio Liuzzi,0,5,2006,0
speed,Scott Speed,0,5,2006,0
albers,Christijan Albers,0,5,2006,0
michael_schumacher,Michael Schumacher,10,5,2006,31
montoya,Juan Pablo Montoya,0,5,2006,15
klien,Christian Klien,0,5,2006,1
monteiro,Tiago Monteiro,0,5,2006,0
villeneuve,Jacques Villeneuve,1,5,2006,6
montagny,Franck Montagny,0,5,2006,0
button,Jenson Button,3,6,2006,16
fisichella,Giancarlo Fisichella,6,6,2006,24
barrichello,Rubens Barrichello,2,6,2006,8
ralf_schumacher,Ralf Schumacher,0,6,2006,7
liuzzi,Vitantonio Liuzzi,0,6,2006,0
speed,Scott Speed,0,6,2006,0
albers,Christijan Albers,0,6,2006,0
michael_schumacher,Michael Schumacher,8,6,2006,39
montoya,Juan Pablo Montoya,0,6,2006,15
klien,Christian Klien,0,6,2006,1
monteiro,Tiago Monteiro,0,6,2006,0
villeneuve,Jacques Villeneuve,0,6,2006,6
montagny,Franck Montagny,0,6,2006,0
heidfeld,Nick Heidfeld,1,6,2006,6
rosberg,Nico Rosberg,0,6,2006,4
alonso,Fernando Alonso,10,6,2006,54
raikkonen,Kimi Räikkönen,4,6,2006,27
sato,Takuma Sato,0,6,2006,0
massa,Felipe Massa,5,6,2006,20
coulthard,David Coulthard,0,6,2006,1
trulli,Jarno Trulli,0,6,2006,0
webber,Mark Webber,0,6,2006,6
heidfeld,Nick Heidfeld,2,7,2006,8
rosberg,Nico Rosberg,0,7,2006,4
alonso,Fernando Alonso,10,7,2006,64
raikkonen,Kimi Räikkönen,0,7,2006,27
sato,Takuma Sato,0,7,2006,0
massa,Felipe Massa,0,7,2006,20
coulthard,David Coulthard,6,7,2006,7
trulli,Jarno Trulli,0,7,2006,0
webber,Mark Webber,0,7,2006,6
button,Jenson Button,0,7,2006,16
fisichella,Giancarlo Fisichella,3,7,2006,27
barrichello,Rubens Barrichello,5,7,2006,13
ralf_schumacher,Ralf Schumacher,1,7,2006,8
liuzzi,Vitantonio Liuzzi,0,7,2006,0
speed,Scott Speed,0,7,2006,0
albers,Christijan Albers,0,7,2006,0
michael_schumacher,Michael Schumacher,4,7,2006,43
montoya,Juan Pablo Montoya,8,7,2006,23
klien,Christian Klien,0,7,2006,1
monteiro,Tiago Monteiro,0,7,2006,0
villeneuve,Jacques Villeneuve,0,7,2006,6
montagny,Franck Montagny,0,7,2006,0
button,Jenson Button,0,8,2006,16
fisichella,Giancarlo Fisichella,5,8,2006,32
barrichello,Rubens Barrichello,0,8,2006,13
ralf_schumacher,Ralf Schumacher,0,8,2006,8
liuzzi,Vitantonio Liuzzi,0,8,2006,0
speed,Scott Speed,0,8,2006,0
albers,Christijan Albers,0,8,2006,0
michael_schumacher,Michael Schumacher,8,8,2006,51
montoya,Juan Pablo Montoya,3,8,2006,26
klien,Christian Klien,0,8,2006,1
monteiro,Tiago Monteiro,0,8,2006,0
villeneuve,Jacques Villeneuve,1,8,2006,7
montagny,Franck Montagny,0,8,2006,0
heidfeld,Nick Heidfeld,2,8,2006,10
rosberg,Nico Rosberg,0,8,2006,4
alonso,Fernando Alonso,10,8,2006,74
raikkonen,Kimi Räikkönen,6,8,2006,33
sato,Takuma Sato,0,8,2006,0
massa,Felipe Massa,4,8,2006,24
coulthard,David Coulthard,0,8,2006,7
trulli,Jarno Trulli,0,8,2006,0
webber,Mark Webber,0,8,2006,6
heidfeld,Nick Heidfeld,2,9,2006,12
rosberg,Nico Rosberg,0,9,2006,4
alonso,Fernando Alonso,10,9,2006,84
raikkonen,Kimi Räikkönen,6,9,2006,39
sato,Takuma Sato,0,9,2006,0
massa,Felipe Massa,4,9,2006,28
coulthard,David Coulthard,1,9,2006,8
trulli,Jarno Trulli,3,9,2006,3
webber,Mark Webber,0,9,2006,6
button,Jenson Button,0,9,2006,16
fisichella,Giancarlo Fisichella,5,9,2006,37
barrichello,Rubens Barrichello,0,9,2006,13
ralf_schumacher,Ralf Schumacher,0,9,2006,8
liuzzi,Vitantonio Liuzzi,0,9,2006,0
speed,Scott Speed,0,9,2006,0
albers,Christijan Albers,0,9,2006,0
michael_schumacher,Michael Schumacher,8,9,2006,59
montoya,Juan Pablo Montoya,0,9,2006,26
klien,Christian Klien,0,9,2006,1
monteiro,Tiago Monteiro,0,9,2006,0
villeneuve,Jacques Villeneuve,0,9,2006,7
montagny,Franck Montagny,0,9,2006,0
button,Jenson Button,0,10,2006,16
fisichella,Giancarlo Fisichella,6,10,2006,43
barrichello,Rubens Barrichello,3,10,2006,16
ralf_schumacher,Ralf Schumacher,0,10,2006,8
liuzzi,Vitantonio Liuzzi,1,10,2006,1
speed,Scott Speed,0,10,2006,0
albers,Christijan Albers,0,10,2006,0
michael_schumacher,Michael Schumacher,10,10,2006,69
montoya,Juan Pablo Montoya,0,10,2006,26
klien,Christian Klien,0,10,2006,1
monteiro,Tiago Monteiro,0,10,2006,0
villeneuve,Jacques Villeneuve,0,10,2006,7
montagny,Franck Montagny,0,10,2006,0
heidfeld,Nick Heidfeld,0,10,2006,12
rosberg,Nico Rosberg,0,10,2006,4
alonso,Fernando Alonso,4,10,2006,88
raikkonen,Kimi Räikkönen,0,10,2006,39
sato,Takuma Sato,0,10,2006,0
massa,Felipe Massa,8,10,2006,36
coulthard,David Coulthard,2,10,2006,10
trulli,Jarno Trulli,5,10,2006,8
webber,Mark Webber,0,10,2006,6
heidfeld,Nick Heidfeld,1,11,2006,13
rosberg,Nico Rosberg,0,11,2006,4
alonso,Fernando Alonso,8,11,2006,96
raikkonen,Kimi Räikkönen,4,11,2006,43
sato,Takuma Sato,0,11,2006,0
massa,Felipe Massa,6,11,2006,42
coulthard,David Coulthard,0,11,2006,10
trulli,Jarno Trulli,0,11,2006,8
webber,Mark Webber,0,11,2006,6
button,Jenson Button,0,11,2006,16
fisichella,Giancarlo Fisichella,3,11,2006,46
barrichello,Rubens Barrichello,0,11,2006,16
ralf_schumacher,Ralf Schumacher,5,11,2006,13
liuzzi,Vitantonio Liuzzi,0,11,2006,1
speed,Scott Speed,0,11,2006,0
albers,Christijan Albers,0,11,2006,0
michael_schumacher,Michael Schumacher,10,11,2006,79
klien,Christian Klien,0,11,2006,1
monteiro,Tiago Monteiro,0,11,2006,0
villeneuve,Jacques Villeneuve,0,11,2006,7
montagny,Franck Montagny,0,11,2006,0
rosa,Pedro de la Rosa,2,11,2006,2
button,Jenson Button,5,12,2006,21
fisichella,Giancarlo Fisichella,3,12,2006,49
barrichello,Rubens Barrichello,0,12,2006,16
ralf_schumacher,Ralf Schumacher,0,12,2006,13
liuzzi,Vitantonio Liuzzi,0,12,2006,1
speed,Scott Speed,0,12,2006,0
albers,Christijan Albers,0,12,2006,0
yamamoto,Sakon Yamamoto,0,12,2006,0
michael_schumacher,Michael Schumacher,10,12,2006,89
klien,Christian Klien,1,12,2006,2
monteiro,Tiago Monteiro,0,12,2006,0
villeneuve,Jacques Villeneuve,0,12,2006,7
rosa,Pedro de la Rosa,0,12,2006,2
heidfeld,Nick Heidfeld,0,12,2006,13
rosberg,Nico Rosberg,0,12,2006,4
alonso,Fernando Alonso,4,12,2006,100
raikkonen,Kimi Räikkönen,6,12,2006,49
sato,Takuma Sato,0,12,2006,0
massa,Felipe Massa,8,12,2006,50
coulthard,David Coulthard,0,12,2006,10
trulli,Jarno Trulli,2,12,2006,10
webber,Mark Webber,0,12,2006,6
heidfeld,Nick Heidfeld,6,13,2006,19
rosberg,Nico Rosberg,0,13,2006,4
alonso,Fernando Alonso,0,13,2006,100
raikkonen,Kimi Räikkönen,0,13,2006,49
kubica,Robert Kubica,0,13,2006,0
sato,Takuma Sato,0,13,2006,0
massa,Felipe Massa,2,13,2006,52
coulthard,David Coulthard,4,13,2006,14
trulli,Jarno Trulli,0,13,2006,10
webber,Mark Webber,0,13,2006,6
button,Jenson Button,10,13,2006,31
fisichella,Giancarlo Fisichella,0,13,2006,49
barrichello,Rubens Barrichello,5,13,2006,21
ralf_schumacher,Ralf Schumacher,3,13,2006,16
liuzzi,Vitantonio Liuzzi,0,13,2006,1
speed,Scott Speed,0,13,2006,0
albers,Christijan Albers,0,13,2006,0
yamamoto,Sakon Yamamoto,0,13,2006,0
michael_schumacher,Michael Schumacher,1,13,2006,90
klien,Christian Klien,0,13,2006,2
monteiro,Tiago Monteiro,0,13,2006,0
rosa,Pedro de la Rosa,8,13,2006,10
button,Jenson Button,5,14,2006,36
fisichella,Giancarlo Fisichella,3,14,2006,52
barrichello,Rubens Barrichello,1,14,2006,22
ralf_schumacher,Ralf Schumacher,2,14,2006,18
liuzzi,Vitantonio Liuzzi,0,14,2006,1
speed,Scott Speed,0,14,2006,0
albers,Christijan Albers,0,14,2006,0
yamamoto,Sakon Yamamoto,0,14,2006,0
michael_schumacher,Michael Schumacher,6,14,2006,96
klien,Christian Klien,0,14,2006,2
monteiro,Tiago Monteiro,0,14,2006,0
rosa,Pedro de la Rosa,4,14,2006,14
heidfeld,Nick Heidfeld,0,14,2006,19
rosberg,Nico Rosberg,0,14,2006,4
alonso,Fernando Alonso,8,14,2006,108
raikkonen,Kimi Räikkönen,0,14,2006,49
kubica,Robert Kubica,0,14,2006,0
sato,Takuma Sato,0,14,2006,0
massa,Felipe Massa,10,14,2006,62
coulthard,David Coulthard,0,14,2006,14
trulli,Jarno Trulli,0,14,2006,10
webber,Mark Webber,0,14,2006,6
heidfeld,Nick Heidfeld,1,15,2006,20
rosberg,Nico Rosberg,0,15,2006,4
alonso,Fernando Alonso,0,15,2006,108
raikkonen,Kimi Räikkönen,8,15,2006,57
kubica,Robert Kubica,6,15,2006,6
sato,Takuma Sato,0,15,2006,0
massa,Felipe Massa,0,15,2006,62
coulthard,David Coulthard,0,15,2006,14
trulli,Jarno Trulli,2,15,2006,12
webber,Mark Webber,0,15,2006,6
button,Jenson Button,4,15,2006,40
fisichella,Giancarlo Fisichella,5,15,2006,57
barrichello,Rubens Barrichello,3,15,2006,25
ralf_schumacher,Ralf Schumacher,0,15,2006,18
liuzzi,Vitantonio Liuzzi,0,15,2006,1
speed,Scott Speed,0,15,2006,0
albers,Christijan Albers,0,15,2006,0
yamamoto,Sakon Yamamoto,0,15,2006,0
michael_schumacher,Michael Schumacher,10,15,2006,106
klien,Christian Klien,0,15,2006,2
monteiro,Tiago Monteiro,0,15,2006,0
rosa,Pedro de la Rosa,0,15,2006,14
button,Jenson Button,5,16,2006,45
fisichella,Giancarlo Fisichella,6,16,2006,63
barrichello,Rubens Barrichello,3,16,2006,28
ralf_schumacher,Ralf Schumacher,0,16,2006,18
liuzzi,Vitantonio Liuzzi,0,16,2006,1
speed,Scott Speed,0,16,2006,0
albers,Christijan Albers,0,16,2006,0
yamamoto,Sakon Yamamoto,0,16,2006,0
michael_schumacher,Michael Schumacher,10,16,2006,116
monteiro,Tiago Monteiro,0,16,2006,0
rosa,Pedro de la Rosa,4,16,2006,18
doornbos,Robert Doornbos,0,16,2006,0
heidfeld,Nick Heidfeld,2,16,2006,22
rosberg,Nico Rosberg,0,16,2006,4
alonso,Fernando Alonso,8,16,2006,116
raikkonen,Kimi Räikkönen,0,16,2006,57
kubica,Robert Kubica,0,16,2006,6
sato,Takuma Sato,0,16,2006,0
massa,Felipe Massa,0,16,2006,62
coulthard,David Coulthard,0,16,2006,14
trulli,Jarno Trulli,0,16,2006,12
webber,Mark Webber,1,16,2006,7
heidfeld,Nick Heidfeld,1,17,2006,23
rosberg,Nico Rosberg,0,17,2006,4
alonso,Fernando Alonso,10,17,2006,126
raikkonen,Kimi Räikkönen,4,17,2006,61
kubica,Robert Kubica,0,17,2006,6
sato,Takuma Sato,0,17,2006,0
massa,Felipe Massa,8,17,2006,70
coulthard,David Coulthard,0,17,2006,14
trulli,Jarno Trulli,3,17,2006,15
webber,Mark Webber,0,17,2006,7
button,Jenson Button,5,17,2006,50
fisichella,Giancarlo Fisichella,6,17,2006,69
barrichello,Rubens Barrichello,0,17,2006,28
ralf_schumacher,Ralf Schumacher,2,17,2006,20
liuzzi,Vitantonio Liuzzi,0,17,2006,1
speed,Scott Speed,0,17,2006,0
albers,Christijan Albers,0,17,2006,0
yamamoto,Sakon Yamamoto,0,17,2006,0
michael_schumacher,Michael Schumacher,0,17,2006,116
monteiro,Tiago Monteiro,0,17,2006,0
rosa,Pedro de la Rosa,0,17,2006,18
doornbos,Robert Doornbos,0,17,2006,0
button,Jenson Button,6,18,2006,56
fisichella,Giancarlo Fisichella,3,18,2006,72
barrichello,Rubens Barrichello,2,18,2006,30
ralf_schumacher,Ralf Schumacher,0,18,2006,20
liuzzi,Vitantonio Liuzzi,0,18,2006,1
speed,Scott Speed,0,18,2006,0
albers,Christijan Albers,0,18,2006,0
yamamoto,Sakon Yamamoto,0,18,2006,0
michael_schumacher,Michael Schumacher,5,18,2006,121
monteiro,Tiago Monteiro,0,18,2006,0
rosa,Pedro de la Rosa,1,18,2006,19
doornbos,Robert Doornbos,0,18,2006,0
heidfeld,Nick Heidfeld,0,18,2006,23
rosberg,Nico Rosberg,0,18,2006,4
alonso,Fernando Alonso,8,18,2006,134
raikkonen,Kimi Räikkönen,4,18,2006,65
kubica,Robert Kubica,0,18,2006,6
sato,Takuma Sato,0,18,2006,0
massa,Felipe Massa,10,18,2006,80
coulthard,David Coulthard,0,18,2006,14
trulli,Jarno Trulli,0,18,2006,15
webber,Mark Webber,0,18,2006,7
heidfeld,Nick Heidfeld,0,1,2005,0
alonso,Fernando Alonso,6,1,2005,6
raikkonen,Kimi Räikkönen,1,1,2005,1
sato,Takuma Sato,0,1,2005,0
massa,Felipe Massa,0,1,2005,0
coulthard,David Coulthard,5,1,2005,5
trulli,Jarno Trulli,0,1,2005,0
webber,Mark Webber,4,1,2005,4
button,Jenson Button,0,1,2005,0
fisichella,Giancarlo Fisichella,10,1,2005,10
barrichello,Rubens Barrichello,8,1,2005,8
ralf_schumacher,Ralf Schumacher,0,1,2005,0
albers,Christijan Albers,0,1,2005,0
michael_schumacher,Michael Schumacher,0,1,2005,0
montoya,Juan Pablo Montoya,3,1,2005,3
klien,Christian Klien,2,1,2005,2
monteiro,Tiago Monteiro,0,1,2005,0
villeneuve,Jacques Villeneuve,0,1,2005,0
karthikeyan,Narain Karthikeyan,0,1,2005,0
friesacher,Patrick Friesacher,0,1,2005,0
button,Jenson Button,0,2,2005,0
davidson,Anthony Davidson,0,2,2005,0
fisichella,Giancarlo Fisichella,0,2,2005,10
barrichello,Rubens Barrichello,0,2,2005,8
ralf_schumacher,Ralf Schumacher,4,2,2005,4
albers,Christijan Albers,0,2,2005,0
michael_schumacher,Michael Schumacher,2,2,2005,2
montoya,Juan Pablo Montoya,5,2,2005,8
klien,Christian Klien,1,2,2005,3
monteiro,Tiago Monteiro,0,2,2005,0
villeneuve,Jacques Villeneuve,0,2,2005,0
karthikeyan,Narain Karthikeyan,0,2,2005,0
friesacher,Patrick Friesacher,0,2,2005,0
heidfeld,Nick Heidfeld,6,2,2005,6
alonso,Fernando Alonso,10,2,2005,16
raikkonen,Kimi Räikkönen,0,2,2005,1
massa,Felipe Massa,0,2,2005,0
coulthard,David Coulthard,3,2,2005,8
trulli,Jarno Trulli,8,2,2005,8
webber,Mark Webber,0,2,2005,4
heidfeld,Nick Heidfeld,0,3,2005,6
alonso,Fernando Alonso,10,3,2005,26
raikkonen,Kimi Räikkönen,6,3,2005,7
sato,Takuma Sato,0,3,2005,0
massa,Felipe Massa,2,3,2005,2
coulthard,David Coulthard,1,3,2005,9
trulli,Jarno Trulli,8,3,2005,16
webber,Mark Webber,3,3,2005,7
button,Jenson Button,0,3,2005,0
fisichella,Giancarlo Fisichella,0,3,2005,10
barrichello,Rubens Barrichello,0,3,2005,8
ralf_schumacher,Ralf Schumacher,5,3,2005,9
albers,Christijan Albers,0,3,2005,0
michael_schumacher,Michael Schumacher,0,3,2005,2
klien,Christian Klien,0,3,2005,3
monteiro,Tiago Monteiro,0,3,2005,0
villeneuve,Jacques Villeneuve,0,3,2005,0
rosa,Pedro de la Rosa,4,3,2005,4
karthikeyan,Narain Karthikeyan,0,3,2005,0
friesacher,Patrick Friesacher,0,3,2005,0
button,Jenson Button,0,4,2005,0
fisichella,Giancarlo Fisichella,0,4,2005,10
barrichello,Rubens Barrichello,0,4,2005,8
ralf_schumacher,Ralf Schumacher,0,4,2005,9
liuzzi,Vitantonio Liuzzi,1,4,2005,1
wurz,Alexander Wurz,6,4,2005,6
albers,Christijan Albers,0,4,2005,0
michael_schumacher,Michael Schumacher,8,4,2005,10
monteiro,Tiago Monteiro,0,4,2005,0
villeneuve,Jacques Villeneuve,5,4,2005,5
karthikeyan,Narain Karthikeyan,0,4,2005,0
friesacher,Patrick Friesacher,0,4,2005,0
heidfeld,Nick Heidfeld,3,4,2005,9
alonso,Fernando Alonso,10,4,2005,36
raikkonen,Kimi Räikkönen,0,4,2005,7
sato,Takuma Sato,0,4,2005,0
massa,Felipe Massa,0,4,2005,2
coulthard,David Coulthard,0,4,2005,9
trulli,Jarno Trulli,4,4,2005,20
webber,Mark Webber,2,4,2005,9
heidfeld,Nick Heidfeld,0,5,2005,9
alonso,Fernando Alonso,8,5,2005,44
raikkonen,Kimi Räikkönen,10,5,2005,17
massa,Felipe Massa,0,5,2005,2
coulthard,David Coulthard,1,5,2005,10
trulli,Jarno Trulli,6,5,2005,26
webber,Mark Webber,3,5,2005,12
fisichella,Giancarlo Fisichella,4,5,2005,14
barrichello,Rubens Barrichello,0,5,2005,8
ralf_schumacher,Ralf Schumacher,5,5,2005,14
liuzzi,Vitantonio Liuzzi,0,5,2005,1
albers,Christijan Albers,0,5,2005,0
michael_schumacher,Michael Schumacher,0,5,2005,10
montoya,Juan Pablo Montoya,2,5,2005,10
monteiro,Tiago Monteiro,0,5,2005,0
villeneuve,Jacques Villeneuve,0,5,2005,5
karthikeyan,Narain Karthikeyan,0,5,2005,0
friesacher,Patrick Friesacher,0,5,2005,0
fisichella,Giancarlo Fisichella,0,6,2005,14
barrichello,Rubens Barrichello,1,6,2005,9
ralf_schumacher,Ralf Schumacher,3,6,2005,17
liuzzi,Vitantonio Liuzzi,0,6,2005,1
albers,Christijan Albers,0,6,2005,0
michael_schumacher,Michael Schumacher,2,6,2005,12
montoya,Juan Pablo Montoya,4,6,2005,14
monteiro,Tiago Monteiro,0,6,2005,0
villeneuve,Jacques Villeneuve,0,6,2005,5
karthikeyan,Narain Karthikeyan,0,6,2005,0
friesacher,Patrick Friesacher,0,6,2005,0
heidfeld,Nick Heidfeld,8,6,2005,17
alonso,Fernando Alonso,5,6,2005,49
raikkonen,Kimi Räikkönen,10,6,2005,27
massa,Felipe Massa,0,6,2005,2
coulthard,David Coulthard,0,6,2005,10
trulli,Jarno Trulli,0,6,2005,26
webber,Mark Webber,6,6,2005,18
heidfeld,Nick Heidfeld,8,7,2005,25
alonso,Fernando Alonso,10,7,2005,59
raikkonen,Kimi Räikkönen,0,7,2005,27
sato,Takuma Sato,0,7,2005,0
massa,Felipe Massa,0,7,2005,2
coulthard,David Coulthard,5,7,2005,15
trulli,Jarno Trulli,1,7,2005,27
webber,Mark Webber,0,7,2005,18
button,Jenson Button,0,7,2005,0
fisichella,Giancarlo Fisichella,3,7,2005,17
barrichello,Rubens Barrichello,6,7,2005,15
ralf_schumacher,Ralf Schumacher,0,7,2005,17
liuzzi,Vitantonio Liuzzi,0,7,2005,1
albers,Christijan Albers,0,7,2005,0
michael_schumacher,Michael Schumacher,4,7,2005,16
montoya,Juan Pablo Montoya,2,7,2005,16
monteiro,Tiago Monteiro,0,7,2005,0
villeneuve,Jacques Villeneuve,0,7,2005,5
karthikeyan,Narain Karthikeyan,0,7,2005,0
friesacher,Patrick Friesacher,0,7,2005,0
button,Jenson Button,0,8,2005,0
fisichella,Giancarlo Fisichella,0,8,2005,17
barrichello,Rubens Barrichello,6,8,2005,21
ralf_schumacher,Ralf Schumacher,3,8,2005,20
albers,Christijan Albers,0,8,2005,0
michael_schumacher,Michael Schumacher,8,8,2005,24
montoya,Juan Pablo Montoya,0,8,2005,16
klien,Christian Klien,1,8,2005,4
monteiro,Tiago Monteiro,0,8,2005,0
villeneuve,Jacques Villeneuve,0,8,2005,5
karthikeyan,Narain Karthikeyan,0,8,2005,0
friesacher,Patrick Friesacher,0,8,2005,0
heidfeld,Nick Heidfeld,0,8,2005,25
alonso,Fernando Alonso,0,8,2005,59
raikkonen,Kimi Räikkönen,10,8,2005,37
sato,Takuma Sato,0,8,2005,0
massa,Felipe Massa,5,8,2005,7
coulthard,David Coulthard,2,8,2005,17
trulli,Jarno Trulli,0,8,2005,27
webber,Mark Webber,4,8,2005,22
heidfeld,Nick Heidfeld,0,9,2005,25
alonso,Fernando Alonso,0,9,2005,59
raikkonen,Kimi Räikkönen,0,9,2005,37
sato,Takuma Sato,0,9,2005,0
massa,Felipe Massa,0,9,2005,7
coulthard,David Coulthard,0,9,2005,17
trulli,Jarno Trulli,0,9,2005,27
webber,Mark Webber,0,9,2005,22
button,Jenson Button,0,9,2005,0
fisichella,Giancarlo Fisichella,0,9,2005,17
barrichello,Rubens Barrichello,8,9,2005,29
albers,Christijan Albers,4,9,2005,4
michael_schumacher,Michael Schumacher,10,9,2005,34
montoya,Juan Pablo Montoya,0,9,2005,16
klien,Christian Klien,0,9,2005,4
monteiro,Tiago Monteiro,6,9,2005,6
villeneuve,Jacques Villeneuve,0,9,2005,5
karthikeyan,Narain Karthikeyan,5,9,2005,5
friesacher,Patrick Friesacher,3,9,2005,3
zonta,Ricardo Zonta,0,9,2005,0
button,Jenson Button,5,10,2005,5
fisichella,Giancarlo Fisichella,3,10,2005,20
barrichello,Rubens Barrichello,0,10,2005,29
ralf_schumacher,Ralf Schumacher,2,10,2005,22
albers,Christijan Albers,0,10,2005,4
michael_schumacher,Michael Schumacher,6,10,2005,40
montoya,Juan Pablo Montoya,0,10,2005,16
klien,Christian Klien,0,10,2005,4
monteiro,Tiago Monteiro,0,10,2005,6
villeneuve,Jacques Villeneuve,1,10,2005,6
karthikeyan,Narain Karthikeyan,0,10,2005,5
friesacher,Patrick Friesacher,0,10,2005,3
heidfeld,Nick Heidfeld,0,10,2005,25
alonso,Fernando Alonso,10,10,2005,69
raikkonen,Kimi Räikkönen,8,10,2005,45
sato,Takuma Sato,0,10,2005,0
massa,Felipe Massa,0,10,2005,7
coulthard,David Coulthard,0,10,2005,17
trulli,Jarno Trulli,4,10,2005,31
webber,Mark Webber,0,10,2005,22
heidfeld,Nick Heidfeld,0,11,2005,25
alonso,Fernando Alonso,8,11,2005,77
raikkonen,Kimi Räikkönen,6,11,2005,51
sato,Takuma Sato,0,11,2005,0
massa,Felipe Massa,0,11,2005,7
coulthard,David Coulthard,0,11,2005,17
trulli,Jarno Trulli,0,11,2005,31
webber,Mark Webber,0,11,2005,22
button,Jenson Button,4,11,2005,9
fisichella,Giancarlo Fisichella,5,11,2005,25
barrichello,Rubens Barrichello,2,11,2005,31
ralf_schumacher,Ralf Schumacher,1,11,2005,23
albers,Christijan Albers,0,11,2005,4
michael_schumacher,Michael Schumacher,3,11,2005,43
montoya,Juan Pablo Montoya,10,11,2005,26
klien,Christian Klien,0,11,2005,4
monteiro,Tiago Monteiro,0,11,2005,6
villeneuve,Jacques Villeneuve,0,11,2005,6
karthikeyan,Narain Karthikeyan,0,11,2005,5
friesacher,Patrick Friesacher,0,11,2005,3
button,Jenson Button,6,12,2005,15
fisichella,Giancarlo Fisichella,5,12,2005,30
barrichello,Rubens Barrichello,0,12,2005,31
ralf_schumacher,Ralf Schumacher,3,12,2005,26
albers,Christijan Albers,0,12,2005,4
michael_schumacher,Michael Schumacher,4,12,2005,47
montoya,Juan Pablo Montoya,8,12,2005,34
klien,Christian Klien,0,12,2005,4
monteiro,Tiago Monteiro,0,12,2005,6
villeneuve,Jacques Villeneuve,0,12,2005,6
doornbos,Robert Doornbos,0,12,2005,0
karthikeyan,Narain Karthikeyan,0,12,2005,5
heidfeld,Nick Heidfeld,0,12,2005,25
alonso,Fernando Alonso,10,12,2005,87
raikkonen,Kimi Räikkönen,0,12,2005,51
sato,Takuma Sato,0,12,2005,0
massa,Felipe Massa,1,12,2005,8
coulthard,David Coulthard,2,12,2005,19
trulli,Jarno Trulli,0,12,2005,31
webber,Mark Webber,0,12,2005,22
heidfeld,Nick Heidfeld,3,13,2005,28
alonso,Fernando Alonso,0,13,2005,87
raikkonen,Kimi Räikkönen,10,13,2005,61
sato,Takuma Sato,1,13,2005,1
massa,Felipe Massa,0,13,2005,8
coulthard,David Coulthard,0,13,2005,19
trulli,Jarno Trulli,5,13,2005,36
webber,Mark Webber,2,13,2005,24
button,Jenson Button,4,13,2005,19
fisichella,Giancarlo Fisichella,0,13,2005,30
barrichello,Rubens Barrichello,0,13,2005,31
ralf_schumacher,Ralf Schumacher,6,13,2005,32
albers,Christijan Albers,0,13,2005,4
michael_schumacher,Michael Schumacher,8,13,2005,55
montoya,Juan Pablo Montoya,0,13,2005,34
klien,Christian Klien,0,13,2005,4
monteiro,Tiago Monteiro,0,13,2005,6
villeneuve,Jacques Villeneuve,0,13,2005,6
doornbos,Robert Doornbos,0,13,2005,0
karthikeyan,Narain Karthikeyan,0,13,2005,5
button,Jenson Button,4,14,2005,23
fisichella,Giancarlo Fisichella,5,14,2005,35
barrichello,Rubens Barrichello,0,14,2005,31
ralf_schumacher,Ralf Schumacher,0,14,2005,32
albers,Christijan Albers,0,14,2005,4
michael_schumacher,Michael Schumacher,0,14,2005,55
montoya,Juan Pablo Montoya,6,14,2005,40
klien,Christian Klien,1,14,2005,5
monteiro,Tiago Monteiro,0,14,2005,6
villeneuve,Jacques Villeneuve,0,14,2005,6
doornbos,Robert Doornbos,0,14,2005,0
karthikeyan,Narain Karthikeyan,0,14,2005,5
heidfeld,Nick Heidfeld,0,14,2005,28
alonso,Fernando Alonso,8,14,2005,95
raikkonen,Kimi Räikkönen,10,14,2005,71
sato,Takuma Sato,0,14,2005,1
massa,Felipe Massa,0,14,2005,8
coulthard,David Coulthard,2,14,2005,21
trulli,Jarno Trulli,3,14,2005,39
webber,Mark Webber,0,14,2005,24
alonso,Fernando Alonso,8,15,2005,103
raikkonen,Kimi Räikkönen,5,15,2005,76
sato,Takuma Sato,0,15,2005,1
massa,Felipe Massa,0,15,2005,8
coulthard,David Coulthard,0,15,2005,21
trulli,Jarno Trulli,4,15,2005,43
webber,Mark Webber,0,15,2005,24
button,Jenson Button,1,15,2005,24
fisichella,Giancarlo Fisichella,6,15,2005,41
barrichello,Rubens Barrichello,0,15,2005,31
ralf_schumacher,Ralf Schumacher,3,15,2005,35
albers,Christijan Albers,0,15,2005,4
michael_schumacher,Michael Schumacher,0,15,2005,55
montoya,Juan Pablo Montoya,10,15,2005,50
klien,Christian Klien,0,15,2005,5
monteiro,Tiago Monteiro,0,15,2005,6
villeneuve,Jacques Villeneuve,0,15,2005,6
doornbos,Robert Doornbos,0,15,2005,0
karthikeyan,Narain Karthikeyan,0,15,2005,5
pizzonia,Antônio Pizzonia,2,15,2005,2
button,Jenson Button,6,16,2005,30
fisichella,Giancarlo Fisichella,0,16,2005,41
barrichello,Rubens Barrichello,4,16,2005,35
ralf_schumacher,Ralf Schumacher,2,16,2005,37
albers,Christijan Albers,0,16,2005,4
michael_schumacher,Michael Schumacher,0,16,2005,55
montoya,Juan Pablo Montoya,0,16,2005,50
klien,Christian Klien,0,16,2005,5
monteiro,Tiago Monteiro,1,16,2005,7
villeneuve,Jacques Villeneuve,3,16,2005,9
doornbos,Robert Doornbos,0,16,2005,0
karthikeyan,Narain Karthikeyan,0,16,2005,5
pizzonia,Antônio Pizzonia,0,16,2005,2
alonso,Fernando Alonso,8,16,2005,111
raikkonen,Kimi Räikkönen,10,16,2005,86
sato,Takuma Sato,0,16,2005,1
massa,Felipe Massa,0,16,2005,8
coulthard,David Coulthard,0,16,2005,21
trulli,Jarno Trulli,0,16,2005,43
webber,Mark Webber,5,16,2005,29
alonso,Fernando Alonso,6,17,2005,117
raikkonen,Kimi Räikkönen,8,17,2005,94
sato,Takuma Sato,0,17,2005,1
massa,Felipe Massa,0,17,2005,8
coulthard,David Coulthard,0,17,2005,21
trulli,Jarno Trulli,0,17,2005,43
webber,Mark Webber,0,17,2005,29
button,Jenson Button,2,17,2005,32
fisichella,Giancarlo Fisichella,4,17,2005,45
barrichello,Rubens Barrichello,3,17,2005,38
ralf_schumacher,Ralf Schumacher,1,17,2005,38
albers,Christijan Albers,0,17,2005,4
michael_schumacher,Michael Schumacher,5,17,2005,60
montoya,Juan Pablo Montoya,10,17,2005,60
klien,Christian Klien,0,17,2005,5
monteiro,Tiago Monteiro,0,17,2005,7
villeneuve,Jacques Villeneuve,0,17,2005,9
doornbos,Robert Doornbos,0,17,2005,0
karthikeyan,Narain Karthikeyan,0,17,2005,5
pizzonia,Antônio Pizzonia,0,17,2005,2
button,Jenson Button,4,18,2005,36
fisichella,Giancarlo Fisichella,8,18,2005,53
barrichello,Rubens Barrichello,0,18,2005,38
ralf_schumacher,Ralf Schumacher,1,18,2005,39
albers,Christijan Albers,0,18,2005,4
michael_schumacher,Michael Schumacher,2,18,2005,62
montoya,Juan Pablo Montoya,0,18,2005,60
klien,Christian Klien,0,18,2005,5
monteiro,Tiago Monteiro,0,18,2005,7
villeneuve,Jacques Villeneuve,0,18,2005,9
doornbos,Robert Doornbos,0,18,2005,0
karthikeyan,Narain Karthikeyan,0,18,2005,5
pizzonia,Antônio Pizzonia,0,18,2005,2
alonso,Fernando Alonso,6,18,2005,123
raikkonen,Kimi Räikkönen,10,18,2005,104
sato,Takuma Sato,0,18,2005,1
massa,Felipe Massa,0,18,2005,8
coulthard,David Coulthard,3,18,2005,24
trulli,Jarno Trulli,0,18,2005,43
webber,Mark Webber,5,18,2005,34
alonso,Fernando Alonso,10,19,2005,133
raikkonen,Kimi Räikkönen,8,19,2005,112
sato,Takuma Sato,0,19,2005,1
massa,Felipe Massa,3,19,2005,11
coulthard,David Coulthard,0,19,2005,24
trulli,Jarno Trulli,0,19,2005,43
webber,Mark Webber,2,19,2005,36
button,Jenson Button,1,19,2005,37
fisichella,Giancarlo Fisichella,5,19,2005,58
barrichello,Rubens Barrichello,0,19,2005,38
ralf_schumacher,Ralf Schumacher,6,19,2005,45
albers,Christijan Albers,0,19,2005,4
michael_schumacher,Michael Schumacher,0,19,2005,62
montoya,Juan Pablo Montoya,0,19,2005,60
klien,Christian Klien,4,19,2005,9
monteiro,Tiago Monteiro,0,19,2005,7
villeneuve,Jacques Villeneuve,0,19,2005,9
doornbos,Robert Doornbos,0,19,2005,0
karthikeyan,Narain Karthikeyan,0,19,2005,5
pizzonia,Antônio Pizzonia,0,19,2005,2
button,Jenson Button,3,1,2004,3
fisichella,Giancarlo Fisichella,0,1,2004,0
barrichello,Rubens Barrichello,8,1,2004,8
ralf_schumacher,Ralf Schumacher,5,1,2004,5
michael_schumacher,Michael Schumacher,10,1,2004,10
montoya,Juan Pablo Montoya,4,1,2004,4
klien,Christian Klien,0,1,2004,0
matta,Cristiano da Matta,0,1,2004,0
panis,Olivier Panis,0,1,2004,0
pantano,Giorgio Pantano,0,1,2004,0
bruni,Gianmaria Bruni,0,1,2004,0
baumgartner,Zsolt Baumgartner,0,1,2004,0
heidfeld,Nick Heidfeld,0,1,2004,0
alonso,Fernando Alonso,6,1,2004,6
raikkonen,Kimi Räikkönen,0,1,2004,0
sato,Takuma Sato,0,1,2004,0
massa,Felipe Massa,0,1,2004,0
coulthard,David Coulthard,1,1,2004,1
trulli,Jarno Trulli,2,1,2004,2
webber,Mark Webber,0,1,2004,0
heidfeld,Nick Heidfeld,0,2,2004,0
alonso,Fernando Alonso,2,2,2004,8
raikkonen,Kimi Räikkönen,0,2,2004,0
sato,Takuma Sato,0,2,2004,0
massa,Felipe Massa,1,2,2004,1
coulthard,David Coulthard,3,2,2004,4
trulli,Jarno Trulli,4,2,2004,6
webber,Mark Webber,0,2,2004,0
button,Jenson Button,6,2,2004,9
fisichella,Giancarlo Fisichella,0,2,2004,0
barrichello,Rubens Barrichello,5,2,2004,13
ralf_schumacher,Ralf Schumacher,0,2,2004,5
michael_schumacher,Michael Schumacher,10,2,2004,20
montoya,Juan Pablo Montoya,8,2,2004,12
klien,Christian Klien,0,2,2004,0
matta,Cristiano da Matta,0,2,2004,0
panis,Olivier Panis,0,2,2004,0
pantano,Giorgio Pantano,0,2,2004,0
bruni,Gianmaria Bruni,0,2,2004,0
baumgartner,Zsolt Baumgartner,0,2,2004,0
panis,Olivier Panis,0,3,2004,0
pantano,Giorgio Pantano,0,3,2004,0
bruni,Gianmaria Bruni,0,3,2004,0
baumgartner,Zsolt Baumgartner,0,3,2004,0
heidfeld,Nick Heidfeld,0,3,2004,0
alonso,Fernando Alonso,3,3,2004,11
raikkonen,Kimi Räikkönen,0,3,2004,0
sato,Takuma Sato,4,3,2004,4
massa,Felipe Massa,0,3,2004,1
coulthard,David Coulthard,0,3,2004,4
trulli,Jarno Trulli,5,3,2004,11
webber,Mark Webber,1,3,2004,1
button,Jenson Button,6,3,2004,15
fisichella,Giancarlo Fisichella,0,3,2004,0
barrichello,Rubens Barrichello,8,3,2004,21
ralf_schumacher,Ralf Schumacher,2,3,2004,7
michael_schumacher,Michael Schumacher,10,3,2004,30
montoya,Juan Pablo Montoya,0,3,2004,12
klien,Christian Klien,0,3,2004,0
matta,Cristiano da Matta,0,3,2004,0
button,Jenson Button,8,4,2004,23
fisichella,Giancarlo Fisichella,0,4,2004,0
barrichello,Rubens Barrichello,3,4,2004,24
ralf_schumacher,Ralf Schumacher,2,4,2004,9
michael_schumacher,Michael Schumacher,10,4,2004,40
montoya,Juan Pablo Montoya,6,4,2004,18
klien,Christian Klien,0,4,2004,0
matta,Cristiano da Matta,0,4,2004,0
panis,Olivier Panis,0,4,2004,0
pantano,Giorgio Pantano,0,4,2004,0
bruni,Gianmaria Bruni,0,4,2004,0
baumgartner,Zsolt Baumgartner,0,4,2004,0
heidfeld,Nick Heidfeld,0,4,2004,0
alonso,Fernando Alonso,5,4,2004,16
raikkonen,Kimi Räikkönen,1,4,2004,1
sato,Takuma Sato,0,4,2004,4
massa,Felipe Massa,0,4,2004,1
coulthard,David Coulthard,0,4,2004,4
trulli,Jarno Trulli,4,4,2004,15
webber,Mark Webber,0,4,2004,1
heidfeld,Nick Heidfeld,0,5,2004,0
alonso,Fernando Alonso,5,5,2004,21
raikkonen,Kimi Räikkönen,0,5,2004,1
sato,Takuma Sato,4,5,2004,8
massa,Felipe Massa,0,5,2004,1
coulthard,David Coulthard,0,5,2004,4
trulli,Jarno Trulli,6,5,2004,21
webber,Mark Webber,0,5,2004,1
button,Jenson Button,1,5,2004,24
fisichella,Giancarlo Fisichella,2,5,2004,2
barrichello,Rubens Barrichello,8,5,2004,32
ralf_schumacher,Ralf Schumacher,3,5,2004,12
michael_schumacher,Michael Schumacher,10,5,2004,50
montoya,Juan Pablo Montoya,0,5,2004,18
klien,Christian Klien,0,5,2004,0
matta,Cristiano da Matta,0,5,2004,0
panis,Olivier Panis,0,5,2004,0
pantano,Giorgio Pantano,0,5,2004,0
bruni,Gianmaria Bruni,0,5,2004,0
baumgartner,Zsolt Baumgartner,0,5,2004,0
panis,Olivier Panis,1,6,2004,1
pantano,Giorgio Pantano,0,6,2004,0
bruni,Gianmaria Bruni,0,6,2004,0
baumgartner,Zsolt Baumgartner,0,6,2004,0
heidfeld,Nick Heidfeld,2,6,2004,2
alonso,Fernando Alonso,0,6,2004,21
raikkonen,Kimi Räikkönen,0,6,2004,1
sato,Takuma Sato,0,6,2004,8
massa,Felipe Massa,4,6,2004,5
coulthard,David Coulthard,0,6,2004,4
trulli,Jarno Trulli,10,6,2004,31
webber,Mark Webber,0,6,2004,1
button,Jenson Button,8,6,2004,32
fisichella,Giancarlo Fisichella,0,6,2004,2
barrichello,Rubens Barrichello,6,6,2004,38
ralf_schumacher,Ralf Schumacher,0,6,2004,12
michael_schumacher,Michael Schumacher,0,6,2004,50
montoya,Juan Pablo Montoya,5,6,2004,23
klien,Christian Klien,0,6,2004,0
matta,Cristiano da Matta,3,6,2004,3
button,Jenson Button,6,7,2004,38
fisichella,Giancarlo Fisichella,3,7,2004,5
barrichello,Rubens Barrichello,8,7,2004,46
ralf_schumacher,Ralf Schumacher,0,7,2004,12
michael_schumacher,Michael Schumacher,10,7,2004,60
montoya,Juan Pablo Montoya,1,7,2004,24
klien,Christian Klien,0,7,2004,0
matta,Cristiano da Matta,0,7,2004,3
panis,Olivier Panis,0,7,2004,1
pantano,Giorgio Pantano,0,7,2004,0
bruni,Gianmaria Bruni,0,7,2004,0
baumgartner,Zsolt Baumgartner,0,7,2004,0
heidfeld,Nick Heidfeld,0,7,2004,2
alonso,Fernando Alonso,4,7,2004,25
raikkonen,Kimi Räikkönen,0,7,2004,1
sato,Takuma Sato,0,7,2004,8
massa,Felipe Massa,0,7,2004,5
coulthard,David Coulthard,0,7,2004,4
trulli,Jarno Trulli,5,7,2004,36
webber,Mark Webber,2,7,2004,3
heidfeld,Nick Heidfeld,1,8,2004,3
alonso,Fernando Alonso,0,8,2004,25
raikkonen,Kimi Räikkönen,4,8,2004,5
glock,Timo Glock,2,8,2004,2
sato,Takuma Sato,0,8,2004,8
massa,Felipe Massa,0,8,2004,5
coulthard,David Coulthard,3,8,2004,7
trulli,Jarno Trulli,0,8,2004,36
webber,Mark Webber,0,8,2004,3
button,Jenson Button,6,8,2004,44
fisichella,Giancarlo Fisichella,5,8,2004,10
barrichello,Rubens Barrichello,8,8,2004,54
ralf_schumacher,Ralf Schumacher,0,8,2004,12
michael_schumacher,Michael Schumacher,10,8,2004,70
montoya,Juan Pablo Montoya,0,8,2004,24
klien,Christian Klien,0,8,2004,0
matta,Cristiano da Matta,0,8,2004,3
panis,Olivier Panis,0,8,2004,1
bruni,Gianmaria Bruni,0,8,2004,0
baumgartner,Zsolt Baumgartner,0,8,2004,0
panis,Olivier Panis,4,9,2004,5
pantano,Giorgio Pantano,0,9,2004,0
bruni,Gianmaria Bruni,0,9,2004,0
baumgartner,Zsolt Baumgartner,1,9,2004,1
heidfeld,Nick Heidfeld,0,9,2004,3
alonso,Fernando Alonso,0,9,2004,25
raikkonen,Kimi Räikkönen,3,9,2004,8
sato,Takuma Sato,6,9,2004,14
massa,Felipe Massa,0,9,2004,5
coulthard,David Coulthard,2,9,2004,9
trulli,Jarno Trulli,5,9,2004,41
webber,Mark Webber,0,9,2004,3
button,Jenson Button,0,9,2004,44
fisichella,Giancarlo Fisichella,0,9,2004,10
barrichello,Rubens Barrichello,8,9,2004,62
ralf_schumacher,Ralf Schumacher,0,9,2004,12
michael_schumacher,Michael Schumacher,10,9,2004,80
montoya,Juan Pablo Montoya,0,9,2004,24
klien,Christian Klien,0,9,2004,0
matta,Cristiano da Matta,0,9,2004,3
button,Jenson Button,4,10,2004,48
fisichella,Giancarlo Fisichella,0,10,2004,10
barrichello,Rubens Barrichello,6,10,2004,68
michael_schumacher,Michael Schumacher,10,10,2004,90
montoya,Juan Pablo Montoya,1,10,2004,25
klien,Christian Klien,0,10,2004,0
matta,Cristiano da Matta,0,10,2004,3
panis,Olivier Panis,0,10,2004,5
pantano,Giorgio Pantano,0,10,2004,0
bruni,Gianmaria Bruni,0,10,2004,0
baumgartner,Zsolt Baumgartner,0,10,2004,1
gene,Marc Gené,0,10,2004,0
heidfeld,Nick Heidfeld,0,10,2004,3
alonso,Fernando Alonso,8,10,2004,33
raikkonen,Kimi Räikkönen,2,10,2004,10
sato,Takuma Sato,0,10,2004,14
massa,Felipe Massa,0,10,2004,5
coulthard,David Coulthard,3,10,2004,12
trulli,Jarno Trulli,5,10,2004,46
webber,Mark Webber,0,10,2004,3
heidfeld,Nick Heidfeld,0,11,2004,3
alonso,Fernando Alonso,0,11,2004,33
raikkonen,Kimi Räikkönen,8,11,2004,18
sato,Takuma Sato,0,11,2004,14
massa,Felipe Massa,0,11,2004,5
coulthard,David Coulthard,2,11,2004,14
trulli,Jarno Trulli,0,11,2004,46
webber,Mark Webber,1,11,2004,4
button,Jenson Button,5,11,2004,53
fisichella,Giancarlo Fisichella,3,11,2004,13
barrichello,Rubens Barrichello,6,11,2004,74
michael_schumacher,Michael Schumacher,10,11,2004,100
montoya,Juan Pablo Montoya,4,11,2004,29
klien,Christian Klien,0,11,2004,0
matta,Cristiano da Matta,0,11,2004,3
panis,Olivier Panis,0,11,2004,5
pantano,Giorgio Pantano,0,11,2004,0
bruni,Gianmaria Bruni,0,11,2004,0
baumgartner,Zsolt Baumgartner,0,11,2004,1
gene,Marc Gené,0,11,2004,0
panis,Olivier Panis,0,12,2004,5
pantano,Giorgio Pantano,0,12,2004,0
bruni,Gianmaria Bruni,0,12,2004,0
baumgartner,Zsolt Baumgartner,0,12,2004,1
heidfeld,Nick Heidfeld,0,12,2004,3
alonso,Fernando Alonso,6,12,2004,39
raikkonen,Kimi Räikkönen,0,12,2004,18
sato,Takuma Sato,1,12,2004,15
massa,Felipe Massa,0,12,2004,5
coulthard,David Coulthard,5,12,2004,19
trulli,Jarno Trulli,0,12,2004,46
webber,Mark Webber,3,12,2004,7
button,Jenson Button,8,12,2004,61
fisichella,Giancarlo Fisichella,0,12,2004,13
barrichello,Rubens Barrichello,0,12,2004,74
michael_schumacher,Michael Schumacher,10,12,2004,110
montoya,Juan Pablo Montoya,4,12,2004,33
klien,Christian Klien,0,12,2004,0
pizzonia,Antônio Pizzonia,2,12,2004,2
matta,Cristiano da Matta,0,12,2004,3
button,Jenson Button,4,13,2004,65
fisichella,Giancarlo Fisichella,1,13,2004,14
barrichello,Rubens Barrichello,8,13,2004,82
michael_schumacher,Michael Schumacher,10,13,2004,120
montoya,Juan Pablo Montoya,5,13,2004,38
klien,Christian Klien,0,13,2004,0
zonta,Ricardo Zonta,0,13,2004,0
pizzonia,Antônio Pizzonia,2,13,2004,4
panis,Olivier Panis,0,13,2004,5
pantano,Giorgio Pantano,0,13,2004,0
bruni,Gianmaria Bruni,0,13,2004,0
baumgartner,Zsolt Baumgartner,0,13,2004,1
heidfeld,Nick Heidfeld,0,13,2004,3
alonso,Fernando Alonso,6,13,2004,45
raikkonen,Kimi Räikkönen,0,13,2004,18
sato,Takuma Sato,3,13,2004,18
massa,Felipe Massa,0,13,2004,5
coulthard,David Coulthard,0,13,2004,19
trulli,Jarno Trulli,0,13,2004,46
webber,Mark Webber,0,13,2004,7
heidfeld,Nick Heidfeld,0,14,2004,3
alonso,Fernando Alonso,0,14,2004,45
raikkonen,Kimi Räikkönen,10,14,2004,28
sato,Takuma Sato,0,14,2004,18
massa,Felipe Massa,5,14,2004,10
coulthard,David Coulthard,2,14,2004,21
trulli,Jarno Trulli,0,14,2004,46
webber,Mark Webber,0,14,2004,7
button,Jenson Button,0,14,2004,65
fisichella,Giancarlo Fisichella,4,14,2004,18
barrichello,Rubens Barrichello,6,14,2004,88
michael_schumacher,Michael Schumacher,8,14,2004,128
montoya,Juan Pablo Montoya,0,14,2004,38
klien,Christian Klien,3,14,2004,3
zonta,Ricardo Zonta,0,14,2004,0
pizzonia,Antônio Pizzonia,0,14,2004,4
panis,Olivier Panis,1,14,2004,6
pantano,Giorgio Pantano,0,14,2004,0
bruni,Gianmaria Bruni,0,14,2004,0
baumgartner,Zsolt Baumgartner,0,14,2004,1
panis,Olivier Panis,0,15,2004,6
pantano,Giorgio Pantano,0,15,2004,0
bruni,Gianmaria Bruni,0,15,2004,0
baumgartner,Zsolt Baumgartner,0,15,2004,1
heidfeld,Nick Heidfeld,0,15,2004,3
alonso,Fernando Alonso,0,15,2004,45
raikkonen,Kimi Räikkönen,0,15,2004,28
sato,Takuma Sato,5,15,2004,23
massa,Felipe Massa,0,15,2004,10
coulthard,David Coulthard,3,15,2004,24
trulli,Jarno Trulli,0,15,2004,46
webber,Mark Webber,0,15,2004,7
button,Jenson Button,6,15,2004,71
fisichella,Giancarlo Fisichella,1,15,2004,19
barrichello,Rubens Barrichello,10,15,2004,98
michael_schumacher,Michael Schumacher,8,15,2004,136
montoya,Juan Pablo Montoya,4,15,2004,42
klien,Christian Klien,0,15,2004,3
zonta,Ricardo Zonta,0,15,2004,0
pizzonia,Antônio Pizzonia,2,15,2004,6
button,Jenson Button,8,16,2004,79
fisichella,Giancarlo Fisichella,2,16,2004,21
barrichello,Rubens Barrichello,10,16,2004,108
ralf_schumacher,Ralf Schumacher,0,16,2004,12
michael_schumacher,Michael Schumacher,0,16,2004,136
montoya,Juan Pablo Montoya,4,16,2004,46
klien,Christian Klien,0,16,2004,3
villeneuve,Jacques Villeneuve,0,16,2004,0
zonta,Ricardo Zonta,0,16,2004,0
panis,Olivier Panis,0,16,2004,6
bruni,Gianmaria Bruni,0,16,2004,0
baumgartner,Zsolt Baumgartner,0,16,2004,1
heidfeld,Nick Heidfeld,0,16,2004,3
alonso,Fernando Alonso,5,16,2004,50
raikkonen,Kimi Räikkönen,6,16,2004,34
glock,Timo Glock,0,16,2004,2
sato,Takuma Sato,3,16,2004,26
massa,Felipe Massa,1,16,2004,11
coulthard,David Coulthard,0,16,2004,24
webber,Mark Webber,0,16,2004,7
heidfeld,Nick Heidfeld,0,17,2004,3
alonso,Fernando Alonso,4,17,2004,54
raikkonen,Kimi Räikkönen,3,17,2004,37
glock,Timo Glock,0,17,2004,2
sato,Takuma Sato,5,17,2004,31
massa,Felipe Massa,0,17,2004,11
coulthard,David Coulthard,0,17,2004,24
trulli,Jarno Trulli,0,17,2004,46
webber,Mark Webber,0,17,2004,7
button,Jenson Button,6,17,2004,85
fisichella,Giancarlo Fisichella,1,17,2004,22
barrichello,Rubens Barrichello,0,17,2004,108
ralf_schumacher,Ralf Schumacher,8,17,2004,20
michael_schumacher,Michael Schumacher,10,17,2004,146
montoya,Juan Pablo Montoya,2,17,2004,48
klien,Christian Klien,0,17,2004,3
villeneuve,Jacques Villeneuve,0,17,2004,0
panis,Olivier Panis,0,17,2004,6
bruni,Gianmaria Bruni,0,17,2004,0
baumgartner,Zsolt Baumgartner,0,17,2004,1
bruni,Gianmaria Bruni,0,18,2004,0
baumgartner,Zsolt Baumgartner,0,18,2004,1
heidfeld,Nick Heidfeld,0,18,2004,3
alonso,Fernando Alonso,5,18,2004,59
raikkonen,Kimi Räikkönen,8,18,2004,45
glock,Timo Glock,0,18,2004,2
sato,Takuma Sato,3,18,2004,34
massa,Felipe Massa,1,18,2004,12
coulthard,David Coulthard,0,18,2004,24
trulli,Jarno Trulli,0,18,2004,46
webber,Mark Webber,0,18,2004,7
button,Jenson Button,0,18,2004,85
fisichella,Giancarlo Fisichella,0,18,2004,22
barrichello,Rubens Barrichello,6,18,2004,114
ralf_schumacher,Ralf Schumacher,4,18,2004,24
michael_schumacher,Michael Schumacher,2,18,2004,148
montoya,Juan Pablo Montoya,10,18,2004,58
klien,Christian Klien,0,18,2004,3
villeneuve,Jacques Villeneuve,0,18,2004,0
zonta,Ricardo Zonta,0,18,2004,0
button,Jenson Button,0,1,2003,0
fisichella,Giancarlo Fisichella,0,1,2003,0
barrichello,Rubens Barrichello,0,1,2003,0
ralf_schumacher,Ralf Schumacher,1,1,2003,1
michael_schumacher,Michael Schumacher,5,1,2003,5
montoya,Juan Pablo Montoya,8,1,2003,8
villeneuve,Jacques Villeneuve,0,1,2003,0
pizzonia,Antônio Pizzonia,0,1,2003,0
matta,Cristiano da Matta,0,1,2003,0
panis,Olivier Panis,0,1,2003,0
frentzen,Heinz-Harald Frentzen,3,1,2003,3
verstappen,Jos Verstappen,0,1,2003,0
wilson,Justin Wilson,0,1,2003,0
firman,Ralph Firman,0,1,2003,0
heidfeld,Nick Heidfeld,0,1,2003,0
alonso,Fernando Alonso,2,1,2003,2
raikkonen,Kimi Räikkönen,6,1,2003,6
coulthard,David Coulthard,10,1,2003,10
trulli,Jarno Trulli,4,1,2003,4
webber,Mark Webber,0,1,2003,0
heidfeld,Nick Heidfeld,1,2,2003,1
alonso,Fernando Alonso,6,2,2003,8
raikkonen,Kimi Räikkönen,10,2,2003,16
coulthard,David Coulthard,0,2,2003,10
trulli,Jarno Trulli,4,2,2003,8
webber,Mark Webber,0,2,2003,0
button,Jenson Button,2,2,2003,2
fisichella,Giancarlo Fisichella,0,2,2003,0
barrichello,Rubens Barrichello,8,2,2003,8
ralf_schumacher,Ralf Schumacher,5,2,2003,6
michael_schumacher,Michael Schumacher,3,2,2003,8
montoya,Juan Pablo Montoya,0,2,2003,8
villeneuve,Jacques Villeneuve,0,2,2003,0
pizzonia,Antônio Pizzonia,0,2,2003,0
matta,Cristiano da Matta,0,2,2003,0
panis,Olivier Panis,0,2,2003,0
frentzen,Heinz-Harald Frentzen,0,2,2003,3
verstappen,Jos Verstappen,0,2,2003,0
wilson,Justin Wilson,0,2,2003,0
firman,Ralph Firman,0,2,2003,0
panis,Olivier Panis,0,3,2003,0
frentzen,Heinz-Harald Frentzen,4,3,2003,7
verstappen,Jos Verstappen,0,3,2003,0
wilson,Justin Wilson,0,3,2003,0
firman,Ralph Firman,0,3,2003,0
heidfeld,Nick Heidfeld,0,3,2003,1
alonso,Fernando Alonso,6,3,2003,14
raikkonen,Kimi Räikkönen,8,3,2003,24
coulthard,David Coulthard,5,3,2003,15
trulli,Jarno Trulli,1,3,2003,9
webber,Mark Webber,0,3,2003,0
button,Jenson Button,0,3,2003,2
fisichella,Giancarlo Fisichella,10,3,2003,10
barrichello,Rubens Barrichello,0,3,2003,8
ralf_schumacher,Ralf Schumacher,2,3,2003,8
michael_schumacher,Michael Schumacher,0,3,2003,8
montoya,Juan Pablo Montoya,0,3,2003,8
villeneuve,Jacques Villeneuve,3,3,2003,3
pizzonia,Antônio Pizzonia,0,3,2003,0
matta,Cristiano da Matta,0,3,2003,0
button,Jenson Button,1,4,2003,3
fisichella,Giancarlo Fisichella,0,4,2003,10
barrichello,Rubens Barrichello,6,4,2003,14
ralf_schumacher,Ralf Schumacher,5,4,2003,13
michael_schumacher,Michael Schumacher,10,4,2003,18
montoya,Juan Pablo Montoya,2,4,2003,10
villeneuve,Jacques Villeneuve,0,4,2003,3
pizzonia,Antônio Pizzonia,0,4,2003,0
matta,Cristiano da Matta,0,4,2003,0
panis,Olivier Panis,0,4,2003,0
frentzen,Heinz-Harald Frentzen,0,4,2003,7
verstappen,Jos Verstappen,0,4,2003,0
wilson,Justin Wilson,0,4,2003,0
firman,Ralph Firman,0,4,2003,0
heidfeld,Nick Heidfeld,0,4,2003,1
alonso,Fernando Alonso,3,4,2003,17
raikkonen,Kimi Räikkönen,8,4,2003,32
coulthard,David Coulthard,4,4,2003,19
trulli,Jarno Trulli,0,4,2003,9
webber,Mark Webber,0,4,2003,0
heidfeld,Nick Heidfeld,0,5,2003,1
alonso,Fernando Alonso,8,5,2003,25
raikkonen,Kimi Räikkönen,0,5,2003,32
coulthard,David Coulthard,0,5,2003,19
trulli,Jarno Trulli,0,5,2003,9
webber,Mark Webber,2,5,2003,2
button,Jenson Button,0,5,2003,3
fisichella,Giancarlo Fisichella,0,5,2003,10
barrichello,Rubens Barrichello,6,5,2003,20
ralf_schumacher,Ralf Schumacher,4,5,2003,17
michael_schumacher,Michael Schumacher,10,5,2003,28
montoya,Juan Pablo Montoya,5,5,2003,15
villeneuve,Jacques Villeneuve,0,5,2003,3
pizzonia,Antônio Pizzonia,0,5,2003,0
matta,Cristiano da Matta,3,5,2003,3
panis,Olivier Panis,0,5,2003,0
frentzen,Heinz-Harald Frentzen,0,5,2003,7
verstappen,Jos Verstappen,0,5,2003,0
wilson,Justin Wilson,0,5,2003,0
firman,Ralph Firman,1,5,2003,1
panis,Olivier Panis,0,6,2003,0
frentzen,Heinz-Harald Frentzen,0,6,2003,7
verstappen,Jos Verstappen,0,6,2003,0
wilson,Justin Wilson,0,6,2003,0
firman,Ralph Firman,0,6,2003,1
heidfeld,Nick Heidfeld,0,6,2003,1
alonso,Fernando Alonso,0,6,2003,25
raikkonen,Kimi Räikkönen,8,6,2003,40
coulthard,David Coulthard,4,6,2003,23
trulli,Jarno Trulli,1,6,2003,10
webber,Mark Webber,2,6,2003,4
button,Jenson Button,5,6,2003,8
fisichella,Giancarlo Fisichella,0,6,2003,10
barrichello,Rubens Barrichello,6,6,2003,26
ralf_schumacher,Ralf Schumacher,3,6,2003,20
michael_schumacher,Michael Schumacher,10,6,2003,38
montoya,Juan Pablo Montoya,0,6,2003,15
villeneuve,Jacques Villeneuve,0,6,2003,3
pizzonia,Antônio Pizzonia,0,6,2003,0
matta,Cristiano da Matta,0,6,2003,3
button,Jenson Button,0,7,2003,8
fisichella,Giancarlo Fisichella,0,7,2003,10
barrichello,Rubens Barrichello,1,7,2003,27
ralf_schumacher,Ralf Schumacher,5,7,2003,25
michael_schumacher,Michael Schumacher,6,7,2003,44
montoya,Juan Pablo Montoya,10,7,2003,25
villeneuve,Jacques Villeneuve,0,7,2003,3
pizzonia,Antônio Pizzonia,0,7,2003,0
matta,Cristiano da Matta,0,7,2003,3
panis,Olivier Panis,0,7,2003,0
frentzen,Heinz-Harald Frentzen,0,7,2003,7
verstappen,Jos Verstappen,0,7,2003,0
wilson,Justin Wilson,0,7,2003,0
firman,Ralph Firman,0,7,2003,1
heidfeld,Nick Heidfeld,0,7,2003,1
alonso,Fernando Alonso,4,7,2003,29
raikkonen,Kimi Räikkönen,8,7,2003,48
coulthard,David Coulthard,2,7,2003,25
trulli,Jarno Trulli,3,7,2003,13
webber,Mark Webber,0,7,2003,4
heidfeld,Nick Heidfeld,0,8,2003,1
alonso,Fernando Alonso,5,8,2003,34
raikkonen,Kimi Räikkönen,3,8,2003,51
coulthard,David Coulthard,0,8,2003,25
trulli,Jarno Trulli,0,8,2003,13
webber,Mark Webber,2,8,2003,6
button,Jenson Button,0,8,2003,8
fisichella,Giancarlo Fisichella,0,8,2003,10
barrichello,Rubens Barrichello,4,8,2003,31
ralf_schumacher,Ralf Schumacher,8,8,2003,33
michael_schumacher,Michael Schumacher,10,8,2003,54
montoya,Juan Pablo Montoya,6,8,2003,31
villeneuve,Jacques Villeneuve,0,8,2003,3
pizzonia,Antônio Pizzonia,0,8,2003,0
matta,Cristiano da Matta,0,8,2003,3
panis,Olivier Panis,1,8,2003,1
frentzen,Heinz-Harald Frentzen,0,8,2003,7
verstappen,Jos Verstappen,0,8,2003,0
wilson,Justin Wilson,0,8,2003,0
firman,Ralph Firman,0,8,2003,1
panis,Olivier Panis,0,9,2003,1
frentzen,Heinz-Harald Frentzen,0,9,2003,7
verstappen,Jos Verstappen,0,9,2003,0
wilson,Justin Wilson,0,9,2003,0
firman,Ralph Firman,0,9,2003,1
heidfeld,Nick Heidfeld,1,9,2003,2
alonso,Fernando Alonso,5,9,2003,39
raikkonen,Kimi Räikkönen,0,9,2003,51
coulthard,David Coulthard,0,9,2003,25
trulli,Jarno Trulli,0,9,2003,13
webber,Mark Webber,3,9,2003,9
button,Jenson Button,2,9,2003,10
fisichella,Giancarlo Fisichella,0,9,2003,10
barrichello,Rubens Barrichello,6,9,2003,37
ralf_schumacher,Ralf Schumacher,10,9,2003,43
michael_schumacher,Michael Schumacher,4,9,2003,58
montoya,Juan Pablo Montoya,8,9,2003,39
villeneuve,Jacques Villeneuve,0,9,2003,3
pizzonia,Antônio Pizzonia,0,9,2003,0
matta,Cristiano da Matta,0,9,2003,3
button,Jenson Button,0,10,2003,10
fisichella,Giancarlo Fisichella,0,10,2003,10
barrichello,Rubens Barrichello,2,10,2003,39
ralf_schumacher,Ralf Schumacher,10,10,2003,53
michael_schumacher,Michael Schumacher,6,10,2003,64
montoya,Juan Pablo Montoya,8,10,2003,47
villeneuve,Jacques Villeneuve,0,10,2003,3
pizzonia,Antônio Pizzonia,0,10,2003,0
matta,Cristiano da Matta,0,10,2003,3
panis,Olivier Panis,1,10,2003,2
frentzen,Heinz-Harald Frentzen,0,10,2003,7
verstappen,Jos Verstappen,0,10,2003,0
wilson,Justin Wilson,0,10,2003,0
firman,Ralph Firman,0,10,2003,1
heidfeld,Nick Heidfeld,0,10,2003,2
alonso,Fernando Alonso,0,10,2003,39
raikkonen,Kimi Räikkönen,5,10,2003,56
coulthard,David Coulthard,4,10,2003,29
trulli,Jarno Trulli,0,10,2003,13
webber,Mark Webber,3,10,2003,12
heidfeld,Nick Heidfeld,0,11,2003,2
alonso,Fernando Alonso,0,11,2003,39
raikkonen,Kimi Räikkönen,6,11,2003,62
coulthard,David Coulthard,4,11,2003,33
trulli,Jarno Trulli,3,11,2003,16
webber,Mark Webber,0,11,2003,12
button,Jenson Button,1,11,2003,11
fisichella,Giancarlo Fisichella,0,11,2003,10
barrichello,Rubens Barrichello,10,11,2003,49
ralf_schumacher,Ralf Schumacher,0,11,2003,53
michael_schumacher,Michael Schumacher,5,11,2003,69
montoya,Juan Pablo Montoya,8,11,2003,55
villeneuve,Jacques Villeneuve,0,11,2003,3
pizzonia,Antônio Pizzonia,0,11,2003,0
matta,Cristiano da Matta,2,11,2003,5
panis,Olivier Panis,0,11,2003,2
frentzen,Heinz-Harald Frentzen,0,11,2003,7
verstappen,Jos Verstappen,0,11,2003,0
wilson,Justin Wilson,0,11,2003,0
firman,Ralph Firman,0,11,2003,1
panis,Olivier Panis,4,12,2003,6
frentzen,Heinz-Harald Frentzen,0,12,2003,7
verstappen,Jos Verstappen,0,12,2003,0
wilson,Justin Wilson,0,12,2003,0
firman,Ralph Firman,0,12,2003,1
kiesa,Nicolas Kiesa,0,12,2003,0
heidfeld,Nick Heidfeld,0,12,2003,2
alonso,Fernando Alonso,5,12,2003,44
raikkonen,Kimi Räikkönen,0,12,2003,62
coulthard,David Coulthard,8,12,2003,41
trulli,Jarno Trulli,6,12,2003,22
webber,Mark Webber,0,12,2003,12
button,Jenson Button,1,12,2003,12
fisichella,Giancarlo Fisichella,0,12,2003,10
barrichello,Rubens Barrichello,0,12,2003,49
ralf_schumacher,Ralf Schumacher,0,12,2003,53
michael_schumacher,Michael Schumacher,2,12,2003,71
montoya,Juan Pablo Montoya,10,12,2003,65
villeneuve,Jacques Villeneuve,0,12,2003,3
matta,Cristiano da Matta,3,12,2003,8
button,Jenson Button,0,13,2003,12
fisichella,Giancarlo Fisichella,0,13,2003,10
barrichello,Rubens Barrichello,0,13,2003,49
ralf_schumacher,Ralf Schumacher,5,13,2003,58
michael_schumacher,Michael Schumacher,1,13,2003,72
montoya,Juan Pablo Montoya,6,13,2003,71
villeneuve,Jacques Villeneuve,0,13,2003,3
matta,Cristiano da Matta,0,13,2003,8
panis,Olivier Panis,0,13,2003,6
baumgartner,Zsolt Baumgartner,0,13,2003,0
frentzen,Heinz-Harald Frentzen,0,13,2003,7
verstappen,Jos Verstappen,0,13,2003,0
wilson,Justin Wilson,0,13,2003,0
kiesa,Nicolas Kiesa,0,13,2003,0
heidfeld,Nick Heidfeld,0,13,2003,2
alonso,Fernando Alonso,10,13,2003,54
raikkonen,Kimi Räikkönen,8,13,2003,70
coulthard,David Coulthard,4,13,2003,45
trulli,Jarno Trulli,2,13,2003,24
webber,Mark Webber,3,13,2003,15
heidfeld,Nick Heidfeld,0,14,2003,2
alonso,Fernando Alonso,1,14,2003,55
raikkonen,Kimi Räikkönen,5,14,2003,75
coulthard,David Coulthard,0,14,2003,45
trulli,Jarno Trulli,0,14,2003,24
webber,Mark Webber,2,14,2003,17
button,Jenson Button,0,14,2003,12
fisichella,Giancarlo Fisichella,0,14,2003,10
barrichello,Rubens Barrichello,6,14,2003,55
michael_schumacher,Michael Schumacher,10,14,2003,82
montoya,Juan Pablo Montoya,8,14,2003,79
villeneuve,Jacques Villeneuve,3,14,2003,6
matta,Cristiano da Matta,0,14,2003,8
panis,Olivier Panis,0,14,2003,6
baumgartner,Zsolt Baumgartner,0,14,2003,0
gene,Marc Gené,4,14,2003,4
frentzen,Heinz-Harald Frentzen,0,14,2003,7
verstappen,Jos Verstappen,0,14,2003,0
wilson,Justin Wilson,0,14,2003,0
kiesa,Nicolas Kiesa,0,14,2003,0
panis,Olivier Panis,0,15,2003,6
frentzen,Heinz-Harald Frentzen,6,15,2003,13
verstappen,Jos Verstappen,0,15,2003,0
wilson,Justin Wilson,1,15,2003,1
firman,Ralph Firman,0,15,2003,1
kiesa,Nicolas Kiesa,0,15,2003,0
heidfeld,Nick Heidfeld,4,15,2003,6
alonso,Fernando Alonso,0,15,2003,55
raikkonen,Kimi Räikkönen,8,15,2003,83
coulthard,David Coulthard,0,15,2003,45
trulli,Jarno Trulli,5,15,2003,29
webber,Mark Webber,0,15,2003,17
button,Jenson Button,0,15,2003,12
fisichella,Giancarlo Fisichella,2,15,2003,12
barrichello,Rubens Barrichello,0,15,2003,55
ralf_schumacher,Ralf Schumacher,0,15,2003,58
michael_schumacher,Michael Schumacher,10,15,2003,92
montoya,Juan Pablo Montoya,3,15,2003,82
villeneuve,Jacques Villeneuve,0,15,2003,6
matta,Cristiano da Matta,0,15,2003,8
button,Jenson Button,5,16,2003,17
fisichella,Giancarlo Fisichella,0,16,2003,12
barrichello,Rubens Barrichello,10,16,2003,65
ralf_schumacher,Ralf Schumacher,0,16,2003,58
michael_schumacher,Michael Schumacher,1,16,2003,93
montoya,Juan Pablo Montoya,0,16,2003,82
matta,Cristiano da Matta,2,16,2003,10
panis,Olivier Panis,0,16,2003,6
frentzen,Heinz-Harald Frentzen,0,16,2003,13
verstappen,Jos Verstappen,0,16,2003,0
wilson,Justin Wilson,0,16,2003,1
firman,Ralph Firman,0,16,2003,1
kiesa,Nicolas Kiesa,0,16,2003,0
heidfeld,Nick Heidfeld,0,16,2003,6
alonso,Fernando Alonso,0,16,2003,55
raikkonen,Kimi Räikkönen,8,16,2003,91
sato,Takuma Sato,3,16,2003,3
coulthard,David Coulthard,6,16,2003,51
trulli,Jarno Trulli,4,16,2003,33
webber,Mark Webber,0,16,2003,17
heidfeld,Nick Heidfeld,0,1,2002,0
raikkonen,Kimi Räikkönen,4,1,2002,4
sato,Takuma Sato,0,1,2002,0
massa,Felipe Massa,0,1,2002,0
coulthard,David Coulthard,0,1,2002,0
trulli,Jarno Trulli,0,1,2002,0
webber,Mark Webber,2,1,2002,2
button,Jenson Button,0,1,2002,0
fisichella,Giancarlo Fisichella,0,1,2002,0
barrichello,Rubens Barrichello,0,1,2002,0
ralf_schumacher,Ralf Schumacher,0,1,2002,0
michael_schumacher,Michael Schumacher,10,1,2002,10
montoya,Juan Pablo Montoya,6,1,2002,6
villeneuve,Jacques Villeneuve,0,1,2002,0
rosa,Pedro de la Rosa,0,1,2002,0
panis,Olivier Panis,0,1,2002,0
frentzen,Heinz-Harald Frentzen,0,1,2002,0
irvine,Eddie Irvine,3,1,2002,3
bernoldi,Enrique Bernoldi,0,1,2002,0
yoong,Alex Yoong,0,1,2002,0
salo,Mika Salo,1,1,2002,1
mcnish,Allan McNish,0,1,2002,0
panis,Olivier Panis,0,2,2002,0
frentzen,Heinz-Harald Frentzen,0,2,2002,0
irvine,Eddie Irvine,0,2,2002,3
bernoldi,Enrique Bernoldi,0,2,2002,0
yoong,Alex Yoong,0,2,2002,0
salo,Mika Salo,0,2,2002,1
mcnish,Allan McNish,0,2,2002,0
heidfeld,Nick Heidfeld,2,2,2002,2
raikkonen,Kimi Räikkönen,0,2,2002,4
sato,Takuma Sato,0,2,2002,0
massa,Felipe Massa,1,2,2002,1
coulthard,David Coulthard,0,2,2002,0
trulli,Jarno Trulli,0,2,2002,0
webber,Mark Webber,0,2,2002,2
button,Jenson Button,3,2,2002,3
fisichella,Giancarlo Fisichella,0,2,2002,0
barrichello,Rubens Barrichello,0,2,2002,0
ralf_schumacher,Ralf Schumacher,10,2,2002,10
michael_schumacher,Michael Schumacher,4,2,2002,14
montoya,Juan Pablo Montoya,6,2,2002,12
villeneuve,Jacques Villeneuve,0,2,2002,0
rosa,Pedro de la Rosa,0,2,2002,0
button,Jenson Button,3,3,2002,6
fisichella,Giancarlo Fisichella,0,3,2002,0
barrichello,Rubens Barrichello,0,3,2002,0
ralf_schumacher,Ralf Schumacher,6,3,2002,16
michael_schumacher,Michael Schumacher,10,3,2002,24
montoya,Juan Pablo Montoya,2,3,2002,14
villeneuve,Jacques Villeneuve,0,3,2002,0
rosa,Pedro de la Rosa,0,3,2002,0
panis,Olivier Panis,0,3,2002,0
frentzen,Heinz-Harald Frentzen,0,3,2002,0
irvine,Eddie Irvine,0,3,2002,3
bernoldi,Enrique Bernoldi,0,3,2002,0
yoong,Alex Yoong,0,3,2002,0
salo,Mika Salo,1,3,2002,2
mcnish,Allan McNish,0,3,2002,0
heidfeld,Nick Heidfeld,0,3,2002,2
raikkonen,Kimi Räikkönen,0,3,2002,4
sato,Takuma Sato,0,3,2002,0
massa,Felipe Massa,0,3,2002,1
coulthard,David Coulthard,4,3,2002,4
trulli,Jarno Trulli,0,3,2002,0
webber,Mark Webber,0,3,2002,2
heidfeld,Nick Heidfeld,0,4,2002,2
raikkonen,Kimi Räikkönen,0,4,2002,4
sato,Takuma Sato,0,4,2002,0
massa,Felipe Massa,0,4,2002,1
coulthard,David Coulthard,1,4,2002,5
trulli,Jarno Trulli,0,4,2002,0
webber,Mark Webber,0,4,2002,2
button,Jenson Button,2,4,2002,8
fisichella,Giancarlo Fisichella,0,4,2002,0
barrichello,Rubens Barrichello,6,4,2002,6
ralf_schumacher,Ralf Schumacher,4,4,2002,20
michael_schumacher,Michael Schumacher,10,4,2002,34
montoya,Juan Pablo Montoya,3,4,2002,17
villeneuve,Jacques Villeneuve,0,4,2002,0
rosa,Pedro de la Rosa,0,4,2002,0
panis,Olivier Panis,0,4,2002,0
frentzen,Heinz-Harald Frentzen,0,4,2002,0
irvine,Eddie Irvine,0,4,2002,3
bernoldi,Enrique Bernoldi,0,4,2002,0
yoong,Alex Yoong,0,4,2002,0
salo,Mika Salo,0,4,2002,2
mcnish,Allan McNish,0,4,2002,0
panis,Olivier Panis,0,5,2002,0
frentzen,Heinz-Harald Frentzen,1,5,2002,1
irvine,Eddie Irvine,0,5,2002,3
bernoldi,Enrique Bernoldi,0,5,2002,0
yoong,Alex Yoong,0,5,2002,0
salo,Mika Salo,0,5,2002,2
mcnish,Allan McNish,0,5,2002,0
heidfeld,Nick Heidfeld,3,5,2002,5
raikkonen,Kimi Räikkönen,0,5,2002,4
sato,Takuma Sato,0,5,2002,0
massa,Felipe Massa,2,5,2002,3
coulthard,David Coulthard,4,5,2002,9
trulli,Jarno Trulli,0,5,2002,0
webber,Mark Webber,0,5,2002,2
button,Jenson Button,0,5,2002,8
fisichella,Giancarlo Fisichella,0,5,2002,0
barrichello,Rubens Barrichello,0,5,2002,6
ralf_schumacher,Ralf Schumacher,0,5,2002,20
michael_schumacher,Michael Schumacher,10,5,2002,44
montoya,Juan Pablo Montoya,6,5,2002,23
villeneuve,Jacques Villeneuve,0,5,2002,0
rosa,Pedro de la Rosa,0,5,2002,0
button,Jenson Button,0,6,2002,8
fisichella,Giancarlo Fisichella,2,6,2002,2
barrichello,Rubens Barrichello,6,6,2002,12
ralf_schumacher,Ralf Schumacher,3,6,2002,23
michael_schumacher,Michael Schumacher,10,6,2002,54
montoya,Juan Pablo Montoya,4,6,2002,27
villeneuve,Jacques Villeneuve,0,6,2002,0
rosa,Pedro de la Rosa,0,6,2002,0
panis,Olivier Panis,0,6,2002,0
frentzen,Heinz-Harald Frentzen,0,6,2002,1
irvine,Eddie Irvine,0,6,2002,3
bernoldi,Enrique Bernoldi,0,6,2002,0
yoong,Alex Yoong,0,6,2002,0
salo,Mika Salo,0,6,2002,2
mcnish,Allan McNish,0,6,2002,0
heidfeld,Nick Heidfeld,0,6,2002,5
raikkonen,Kimi Räikkönen,0,6,2002,4
sato,Takuma Sato,0,6,2002,0
massa,Felipe Massa,0,6,2002,3
coulthard,David Coulthard,1,6,2002,10
trulli,Jarno Trulli,0,6,2002,0
webber,Mark Webber,0,6,2002,2
heidfeld,Nick Heidfeld,0,7,2002,5
raikkonen,Kimi Räikkönen,0,7,2002,4
sato,Takuma Sato,0,7,2002,0
massa,Felipe Massa,0,7,2002,3
coulthard,David Coulthard,10,7,2002,20
trulli,Jarno Trulli,3,7,2002,3
webber,Mark Webber,0,7,2002,2
button,Jenson Button,0,7,2002,8
fisichella,Giancarlo Fisichella,2,7,2002,4
barrichello,Rubens Barrichello,0,7,2002,12
ralf_schumacher,Ralf Schumacher,4,7,2002,27
michael_schumacher,Michael Schumacher,6,7,2002,60
montoya,Juan Pablo Montoya,0,7,2002,27
villeneuve,Jacques Villeneuve,0,7,2002,0
rosa,Pedro de la Rosa,0,7,2002,0
panis,Olivier Panis,0,7,2002,0
frentzen,Heinz-Harald Frentzen,1,7,2002,2
irvine,Eddie Irvine,0,7,2002,3
bernoldi,Enrique Bernoldi,0,7,2002,0
yoong,Alex Yoong,0,7,2002,0
salo,Mika Salo,0,7,2002,2
mcnish,Allan McNish,0,7,2002,0
panis,Olivier Panis,0,8,2002,0
frentzen,Heinz-Harald Frentzen,0,8,2002,2
irvine,Eddie Irvine,0,8,2002,3
bernoldi,Enrique Bernoldi,0,8,2002,0
yoong,Alex Yoong,0,8,2002,0
salo,Mika Salo,0,8,2002,2
mcnish,Allan McNish,0,8,2002,0
heidfeld,Nick Heidfeld,0,8,2002,5
raikkonen,Kimi Räikkönen,3,8,2002,7
sato,Takuma Sato,0,8,2002,0
massa,Felipe Massa,0,8,2002,3
coulthard,David Coulthard,6,8,2002,26
trulli,Jarno Trulli,1,8,2002,4
webber,Mark Webber,0,8,2002,2
button,Jenson Button,0,8,2002,8
fisichella,Giancarlo Fisichella,2,8,2002,6
barrichello,Rubens Barrichello,4,8,2002,16
ralf_schumacher,Ralf Schumacher,0,8,2002,27
michael_schumacher,Michael Schumacher,10,8,2002,70
montoya,Juan Pablo Montoya,0,8,2002,27
villeneuve,Jacques Villeneuve,0,8,2002,0
rosa,Pedro de la Rosa,0,8,2002,0
button,Jenson Button,2,9,2002,10
fisichella,Giancarlo Fisichella,0,9,2002,6
barrichello,Rubens Barrichello,10,9,2002,26
ralf_schumacher,Ralf Schumacher,3,9,2002,30
michael_schumacher,Michael Schumacher,6,9,2002,76
montoya,Juan Pablo Montoya,0,9,2002,27
villeneuve,Jacques Villeneuve,0,9,2002,0
rosa,Pedro de la Rosa,0,9,2002,0
panis,Olivier Panis,0,9,2002,0
frentzen,Heinz-Harald Frentzen,0,9,2002,2
irvine,Eddie Irvine,0,9,2002,3
bernoldi,Enrique Bernoldi,0,9,2002,0
yoong,Alex Yoong,0,9,2002,0
salo,Mika Salo,0,9,2002,2
mcnish,Allan McNish,0,9,2002,0
heidfeld,Nick Heidfeld,0,9,2002,5
raikkonen,Kimi Räikkönen,4,9,2002,11
sato,Takuma Sato,0,9,2002,0
massa,Felipe Massa,1,9,2002,4
coulthard,David Coulthard,0,9,2002,26
trulli,Jarno Trulli,0,9,2002,4
webber,Mark Webber,0,9,2002,2
heidfeld,Nick Heidfeld,1,10,2002,6
raikkonen,Kimi Räikkönen,0,10,2002,11
sato,Takuma Sato,0,10,2002,0
massa,Felipe Massa,0,10,2002,4
coulthard,David Coulthard,0,10,2002,26
trulli,Jarno Trulli,0,10,2002,4
webber,Mark Webber,0,10,2002,2
button,Jenson Button,0,10,2002,10
fisichella,Giancarlo Fisichella,0,10,2002,6
barrichello,Rubens Barrichello,6,10,2002,32
ralf_schumacher,Ralf Schumacher,0,10,2002,30
michael_schumacher,Michael Schumacher,10,10,2002,86
montoya,Juan Pablo Montoya,4,10,2002,31
villeneuve,Jacques Villeneuve,3,10,2002,3
rosa,Pedro de la Rosa,0,10,2002,0
panis,Olivier Panis,2,10,2002,2
frentzen,Heinz-Harald Frentzen,0,10,2002,2
irvine,Eddie Irvine,0,10,2002,3
bernoldi,Enrique Bernoldi,0,10,2002,0
salo,Mika Salo,0,10,2002,2
mcnish,Allan McNish,0,10,2002,0
panis,Olivier Panis,0,11,2002,2
frentzen,Heinz-Harald Frentzen,0,11,2002,2
irvine,Eddie Irvine,0,11,2002,3
bernoldi,Enrique Bernoldi,0,11,2002,0
yoong,Alex Yoong,0,11,2002,0
salo,Mika Salo,0,11,2002,2
mcnish,Allan McNish,0,11,2002,0
heidfeld,Nick Heidfeld,0,11,2002,6
raikkonen,Kimi Räikkönen,6,11,2002,17
sato,Takuma Sato,0,11,2002,0
massa,Felipe Massa,0,11,2002,4
coulthard,David Coulthard,4,11,2002,30
trulli,Jarno Trulli,0,11,2002,4
webber,Mark Webber,0,11,2002,2
button,Jenson Button,1,11,2002,11
fisichella,Giancarlo Fisichella,0,11,2002,6
barrichello,Rubens Barrichello,0,11,2002,32
ralf_schumacher,Ralf Schumacher,2,11,2002,32
michael_schumacher,Michael Schumacher,10,11,2002,96
montoya,Juan Pablo Montoya,3,11,2002,34
villeneuve,Jacques Villeneuve,0,11,2002,3
rosa,Pedro de la Rosa,0,11,2002,0
button,Jenson Button,0,12,2002,11
fisichella,Giancarlo Fisichella,0,12,2002,6
barrichello,Rubens Barrichello,3,12,2002,35
ralf_schumacher,Ralf Schumacher,4,12,2002,36
michael_schumacher,Michael Schumacher,10,12,2002,106
montoya,Juan Pablo Montoya,6,12,2002,40
villeneuve,Jacques Villeneuve,0,12,2002,3
rosa,Pedro de la Rosa,0,12,2002,0
panis,Olivier Panis,0,12,2002,2
frentzen,Heinz-Harald Frentzen,0,12,2002,2
irvine,Eddie Irvine,0,12,2002,3
bernoldi,Enrique Bernoldi,0,12,2002,0
salo,Mika Salo,0,12,2002,2
mcnish,Allan McNish,0,12,2002,0
heidfeld,Nick Heidfeld,1,12,2002,7
raikkonen,Kimi Räikkönen,0,12,2002,17
sato,Takuma Sato,0,12,2002,0
massa,Felipe Massa,0,12,2002,4
coulthard,David Coulthard,2,12,2002,32
trulli,Jarno Trulli,0,12,2002,4
webber,Mark Webber,0,12,2002,2
heidfeld,Nick Heidfeld,0,13,2002,7
raikkonen,Kimi Räikkönen,3,13,2002,20
sato,Takuma Sato,0,13,2002,0
massa,Felipe Massa,0,13,2002,4
coulthard,David Coulthard,2,13,2002,34
trulli,Jarno Trulli,0,13,2002,4
webber,Mark Webber,0,13,2002,2
button,Jenson Button,0,13,2002,11
davidson,Anthony Davidson,0,13,2002,0
fisichella,Giancarlo Fisichella,1,13,2002,7
barrichello,Rubens Barrichello,10,13,2002,45
ralf_schumacher,Ralf Schumacher,4,13,2002,40
michael_schumacher,Michael Schumacher,6,13,2002,112
montoya,Juan Pablo Montoya,0,13,2002,40
villeneuve,Jacques Villeneuve,0,13,2002,3
rosa,Pedro de la Rosa,0,13,2002,0
panis,Olivier Panis,0,13,2002,2
irvine,Eddie Irvine,0,13,2002,3
salo,Mika Salo,0,13,2002,2
mcnish,Allan McNish,0,13,2002,0
panis,Olivier Panis,0,14,2002,2
irvine,Eddie Irvine,1,14,2002,4
salo,Mika Salo,0,14,2002,2
mcnish,Allan McNish,0,14,2002,0
heidfeld,Nick Heidfeld,0,14,2002,7
raikkonen,Kimi Räikkönen,0,14,2002,20
sato,Takuma Sato,0,14,2002,0
massa,Felipe Massa,0,14,2002,4
coulthard,David Coulthard,3,14,2002,37
trulli,Jarno Trulli,0,14,2002,4
webber,Mark Webber,0,14,2002,2
button,Jenson Button,0,14,2002,11
davidson,Anthony Davidson,0,14,2002,0
fisichella,Giancarlo Fisichella,0,14,2002,7
barrichello,Rubens Barrichello,6,14,2002,51
ralf_schumacher,Ralf Schumacher,2,14,2002,42
michael_schumacher,Michael Schumacher,10,14,2002,122
montoya,Juan Pablo Montoya,4,14,2002,44
villeneuve,Jacques Villeneuve,0,14,2002,3
rosa,Pedro de la Rosa,0,14,2002,0
button,Jenson Button,2,15,2002,13
fisichella,Giancarlo Fisichella,0,15,2002,7
barrichello,Rubens Barrichello,10,15,2002,61
ralf_schumacher,Ralf Schumacher,0,15,2002,42
michael_schumacher,Michael Schumacher,6,15,2002,128
montoya,Juan Pablo Montoya,0,15,2002,44
villeneuve,Jacques Villeneuve,0,15,2002,3
rosa,Pedro de la Rosa,0,15,2002,0
panis,Olivier Panis,1,15,2002,3
irvine,Eddie Irvine,4,15,2002,8
yoong,Alex Yoong,0,15,2002,0
salo,Mika Salo,0,15,2002,2
mcnish,Allan McNish,0,15,2002,0
heidfeld,Nick Heidfeld,0,15,2002,7
raikkonen,Kimi Räikkönen,0,15,2002,20
sato,Takuma Sato,0,15,2002,0
massa,Felipe Massa,0,15,2002,4
coulthard,David Coulthard,0,15,2002,37
trulli,Jarno Trulli,3,15,2002,7
webber,Mark Webber,0,15,2002,2
heidfeld,Nick Heidfeld,0,16,2002,7
raikkonen,Kimi Räikkönen,0,16,2002,20
sato,Takuma Sato,0,16,2002,0
coulthard,David Coulthard,4,16,2002,41
trulli,Jarno Trulli,2,16,2002,9
webber,Mark Webber,0,16,2002,2
button,Jenson Button,0,16,2002,13
fisichella,Giancarlo Fisichella,0,16,2002,7
barrichello,Rubens Barrichello,10,16,2002,71
ralf_schumacher,Ralf Schumacher,0,16,2002,42
michael_schumacher,Michael Schumacher,6,16,2002,134
montoya,Juan Pablo Montoya,3,16,2002,47
villeneuve,Jacques Villeneuve,1,16,2002,4
rosa,Pedro de la Rosa,0,16,2002,0
panis,Olivier Panis,0,16,2002,3
frentzen,Heinz-Harald Frentzen,0,16,2002,2
irvine,Eddie Irvine,0,16,2002,8
yoong,Alex Yoong,0,16,2002,0
salo,Mika Salo,0,16,2002,2
mcnish,Allan McNish,0,16,2002,0
panis,Olivier Panis,0,17,2002,3
irvine,Eddie Irvine,0,17,2002,8
yoong,Alex Yoong,0,17,2002,0
salo,Mika Salo,0,17,2002,2
mcnish,Allan McNish,0,17,2002,0
heidfeld,Nick Heidfeld,0,17,2002,7
raikkonen,Kimi Räikkönen,4,17,2002,24
sato,Takuma Sato,2,17,2002,2
massa,Felipe Massa,0,17,2002,4
coulthard,David Coulthard,0,17,2002,41
trulli,Jarno Trulli,0,17,2002,9
webber,Mark Webber,0,17,2002,2
button,Jenson Button,1,17,2002,14
fisichella,Giancarlo Fisichella,0,17,2002,7
barrichello,Rubens Barrichello,6,17,2002,77
ralf_schumacher,Ralf Schumacher,0,17,2002,42
michael_schumacher,Michael Schumacher,10,17,2002,144
montoya,Juan Pablo Montoya,3,17,2002,50
villeneuve,Jacques Villeneuve,0,17,2002,4
rosa,Pedro de la Rosa,0,17,2002,0
button,Jenson Button,0,1,2001,0
fisichella,Giancarlo Fisichella,0,1,2001,0
barrichello,Rubens Barrichello,4,1,2001,4
ralf_schumacher,Ralf Schumacher,0,1,2001,0
michael_schumacher,Michael Schumacher,10,1,2001,10
montoya,Juan Pablo Montoya,0,1,2001,0
villeneuve,Jacques Villeneuve,0,1,2001,0
panis,Olivier Panis,0,1,2001,0
frentzen,Heinz-Harald Frentzen,2,1,2001,2
verstappen,Jos Verstappen,0,1,2001,0
burti,Luciano Burti,0,1,2001,0
alesi,Jean Alesi,0,1,2001,0
irvine,Eddie Irvine,0,1,2001,0
hakkinen,Mika Häkkinen,0,1,2001,0
marques,Tarso Marques,0,1,2001,0
bernoldi,Enrique Bernoldi,0,1,2001,0
mazzacane,Gastón Mazzacane,0,1,2001,0
heidfeld,Nick Heidfeld,3,1,2001,3
alonso,Fernando Alonso,0,1,2001,0
raikkonen,Kimi Räikkönen,1,1,2001,1
coulthard,David Coulthard,6,1,2001,6
trulli,Jarno Trulli,0,1,2001,0
heidfeld,Nick Heidfeld,0,2,2001,3
alonso,Fernando Alonso,0,2,2001,0
raikkonen,Kimi Räikkönen,0,2,2001,1
coulthard,David Coulthard,4,2,2001,10
trulli,Jarno Trulli,0,2,2001,0
button,Jenson Button,0,2,2001,0
fisichella,Giancarlo Fisichella,0,2,2001,0
barrichello,Rubens Barrichello,6,2,2001,10
ralf_schumacher,Ralf Schumacher,2,2,2001,2
michael_schumacher,Michael Schumacher,10,2,2001,20
montoya,Juan Pablo Montoya,0,2,2001,0
villeneuve,Jacques Villeneuve,0,2,2001,0
panis,Olivier Panis,0,2,2001,0
frentzen,Heinz-Harald Frentzen,3,2,2001,5
verstappen,Jos Verstappen,0,2,2001,0
burti,Luciano Burti,0,2,2001,0
alesi,Jean Alesi,0,2,2001,0
irvine,Eddie Irvine,0,2,2001,0
hakkinen,Mika Häkkinen,1,2,2001,1
marques,Tarso Marques,0,2,2001,0
bernoldi,Enrique Bernoldi,0,2,2001,0
mazzacane,Gastón Mazzacane,0,2,2001,0
panis,Olivier Panis,3,3,2001,3
frentzen,Heinz-Harald Frentzen,0,3,2001,5
verstappen,Jos Verstappen,0,3,2001,0
burti,Luciano Burti,0,3,2001,0
alesi,Jean Alesi,0,3,2001,0
irvine,Eddie Irvine,0,3,2001,0
hakkinen,Mika Häkkinen,0,3,2001,1
marques,Tarso Marques,0,3,2001,0
bernoldi,Enrique Bernoldi,0,3,2001,0
mazzacane,Gastón Mazzacane,0,3,2001,0
heidfeld,Nick Heidfeld,4,3,2001,7
alonso,Fernando Alonso,0,3,2001,0
raikkonen,Kimi Räikkönen,0,3,2001,1
coulthard,David Coulthard,10,3,2001,20
trulli,Jarno Trulli,2,3,2001,2
button,Jenson Button,0,3,2001,0
fisichella,Giancarlo Fisichella,1,3,2001,1
barrichello,Rubens Barrichello,0,3,2001,10
ralf_schumacher,Ralf Schumacher,0,3,2001,2
michael_schumacher,Michael Schumacher,6,3,2001,26
montoya,Juan Pablo Montoya,0,3,2001,0
villeneuve,Jacques Villeneuve,0,3,2001,0
button,Jenson Button,0,4,2001,0
fisichella,Giancarlo Fisichella,0,4,2001,1
barrichello,Rubens Barrichello,4,4,2001,14
ralf_schumacher,Ralf Schumacher,10,4,2001,12
michael_schumacher,Michael Schumacher,0,4,2001,26
montoya,Juan Pablo Montoya,0,4,2001,0
villeneuve,Jacques Villeneuve,0,4,2001,0
panis,Olivier Panis,0,4,2001,3
frentzen,Heinz-Harald Frentzen,1,4,2001,6
verstappen,Jos Verstappen,0,4,2001,0
burti,Luciano Burti,0,4,2001,0
alesi,Jean Alesi,0,4,2001,0
irvine,Eddie Irvine,0,4,2001,0
hakkinen,Mika Häkkinen,3,4,2001,4
marques,Tarso Marques,0,4,2001,0
bernoldi,Enrique Bernoldi,0,4,2001,0
mazzacane,Gastón Mazzacane,0,4,2001,0
heidfeld,Nick Heidfeld,0,4,2001,7
alonso,Fernando Alonso,0,4,2001,0
raikkonen,Kimi Räikkönen,0,4,2001,1
coulthard,David Coulthard,6,4,2001,26
trulli,Jarno Trulli,2,4,2001,4
heidfeld,Nick Heidfeld,1,5,2001,8
alonso,Fernando Alonso,0,5,2001,0
raikkonen,Kimi Räikkönen,0,5,2001,1
coulthard,David Coulthard,2,5,2001,28
trulli,Jarno Trulli,3,5,2001,7
button,Jenson Button,0,5,2001,0
fisichella,Giancarlo Fisichella,0,5,2001,1
barrichello,Rubens Barrichello,0,5,2001,14
ralf_schumacher,Ralf Schumacher,0,5,2001,12
michael_schumacher,Michael Schumacher,10,5,2001,36
montoya,Juan Pablo Montoya,6,5,2001,6
villeneuve,Jacques Villeneuve,4,5,2001,4
rosa,Pedro de la Rosa,0,5,2001,0
panis,Olivier Panis,0,5,2001,3
frentzen,Heinz-Harald Frentzen,0,5,2001,6
verstappen,Jos Verstappen,0,5,2001,0
burti,Luciano Burti,0,5,2001,0
alesi,Jean Alesi,0,5,2001,0
irvine,Eddie Irvine,0,5,2001,0
hakkinen,Mika Häkkinen,0,5,2001,4
marques,Tarso Marques,0,5,2001,0
bernoldi,Enrique Bernoldi,0,5,2001,0
panis,Olivier Panis,2,6,2001,5
frentzen,Heinz-Harald Frentzen,0,6,2001,6
verstappen,Jos Verstappen,1,6,2001,1
burti,Luciano Burti,0,6,2001,0
alesi,Jean Alesi,0,6,2001,0
irvine,Eddie Irvine,0,6,2001,0
hakkinen,Mika Häkkinen,0,6,2001,4
marques,Tarso Marques,0,6,2001,0
bernoldi,Enrique Bernoldi,0,6,2001,0
heidfeld,Nick Heidfeld,0,6,2001,8
alonso,Fernando Alonso,0,6,2001,0
raikkonen,Kimi Räikkönen,3,6,2001,4
coulthard,David Coulthard,10,6,2001,38
trulli,Jarno Trulli,0,6,2001,7
button,Jenson Button,0,6,2001,0
fisichella,Giancarlo Fisichella,0,6,2001,1
barrichello,Rubens Barrichello,4,6,2001,18
ralf_schumacher,Ralf Schumacher,0,6,2001,12
michael_schumacher,Michael Schumacher,6,6,2001,42
montoya,Juan Pablo Montoya,0,6,2001,6
villeneuve,Jacques Villeneuve,0,6,2001,4
rosa,Pedro de la Rosa,0,6,2001,0
button,Jenson Button,0,7,2001,0
fisichella,Giancarlo Fisichella,0,7,2001,1
barrichello,Rubens Barrichello,6,7,2001,24
ralf_schumacher,Ralf Schumacher,0,7,2001,12
michael_schumacher,Michael Schumacher,10,7,2001,52
montoya,Juan Pablo Montoya,0,7,2001,6
villeneuve,Jacques Villeneuve,3,7,2001,7
rosa,Pedro de la Rosa,0,7,2001,0
panis,Olivier Panis,0,7,2001,5
frentzen,Heinz-Harald Frentzen,0,7,2001,6
verstappen,Jos Verstappen,0,7,2001,1
burti,Luciano Burti,0,7,2001,0
alesi,Jean Alesi,1,7,2001,1
irvine,Eddie Irvine,4,7,2001,4
hakkinen,Mika Häkkinen,0,7,2001,4
marques,Tarso Marques,0,7,2001,0
bernoldi,Enrique Bernoldi,0,7,2001,0
heidfeld,Nick Heidfeld,0,7,2001,8
alonso,Fernando Alonso,0,7,2001,0
raikkonen,Kimi Räikkönen,0,7,2001,4
coulthard,David Coulthard,2,7,2001,40
trulli,Jarno Trulli,0,7,2001,7
heidfeld,Nick Heidfeld,0,8,2001,8
alonso,Fernando Alonso,0,8,2001,0
raikkonen,Kimi Räikkönen,3,8,2001,7
coulthard,David Coulthard,0,8,2001,40
trulli,Jarno Trulli,0,8,2001,7
button,Jenson Button,0,8,2001,0
fisichella,Giancarlo Fisichella,0,8,2001,1
barrichello,Rubens Barrichello,0,8,2001,24
ralf_schumacher,Ralf Schumacher,10,8,2001,22
michael_schumacher,Michael Schumacher,6,8,2001,58
montoya,Juan Pablo Montoya,0,8,2001,6
villeneuve,Jacques Villeneuve,0,8,2001,7
rosa,Pedro de la Rosa,1,8,2001,1
zonta,Ricardo Zonta,0,8,2001,0
panis,Olivier Panis,0,8,2001,5
verstappen,Jos Verstappen,0,8,2001,1
burti,Luciano Burti,0,8,2001,0
alesi,Jean Alesi,2,8,2001,3
irvine,Eddie Irvine,0,8,2001,4
hakkinen,Mika Häkkinen,4,8,2001,8
marques,Tarso Marques,0,8,2001,0
bernoldi,Enrique Bernoldi,0,8,2001,0
panis,Olivier Panis,0,9,2001,5
frentzen,Heinz-Harald Frentzen,0,9,2001,6
verstappen,Jos Verstappen,0,9,2001,1
burti,Luciano Burti,0,9,2001,0
alesi,Jean Alesi,0,9,2001,3
irvine,Eddie Irvine,0,9,2001,4
hakkinen,Mika Häkkinen,1,9,2001,9
marques,Tarso Marques,0,9,2001,0
bernoldi,Enrique Bernoldi,0,9,2001,0
heidfeld,Nick Heidfeld,0,9,2001,8
alonso,Fernando Alonso,0,9,2001,0
raikkonen,Kimi Räikkönen,0,9,2001,7
coulthard,David Coulthard,4,9,2001,44
trulli,Jarno Trulli,0,9,2001,7
button,Jenson Button,0,9,2001,0
fisichella,Giancarlo Fisichella,0,9,2001,1
barrichello,Rubens Barrichello,2,9,2001,26
ralf_schumacher,Ralf Schumacher,3,9,2001,25
michael_schumacher,Michael Schumacher,10,9,2001,68
montoya,Juan Pablo Montoya,6,9,2001,12
villeneuve,Jacques Villeneuve,0,9,2001,7
rosa,Pedro de la Rosa,0,9,2001,1
button,Jenson Button,0,10,2001,0
fisichella,Giancarlo Fisichella,0,10,2001,1
barrichello,Rubens Barrichello,4,10,2001,30
ralf_schumacher,Ralf Schumacher,6,10,2001,31
michael_schumacher,Michael Schumacher,10,10,2001,78
montoya,Juan Pablo Montoya,0,10,2001,12
villeneuve,Jacques Villeneuve,0,10,2001,7
rosa,Pedro de la Rosa,0,10,2001,1
panis,Olivier Panis,0,10,2001,5
frentzen,Heinz-Harald Frentzen,0,10,2001,6
verstappen,Jos Verstappen,0,10,2001,1
burti,Luciano Burti,0,10,2001,0
alesi,Jean Alesi,0,10,2001,3
irvine,Eddie Irvine,0,10,2001,4
hakkinen,Mika Häkkinen,0,10,2001,9
marques,Tarso Marques,0,10,2001,0
bernoldi,Enrique Bernoldi,0,10,2001,0
heidfeld,Nick Heidfeld,1,10,2001,9
alonso,Fernando Alonso,0,10,2001,0
raikkonen,Kimi Räikkönen,0,10,2001,7
coulthard,David Coulthard,3,10,2001,47
trulli,Jarno Trulli,2,10,2001,9
heidfeld,Nick Heidfeld,1,11,2001,10
alonso,Fernando Alonso,0,11,2001,0
raikkonen,Kimi Räikkönen,2,11,2001,9
coulthard,David Coulthard,0,11,2001,47
trulli,Jarno Trulli,0,11,2001,9
button,Jenson Button,0,11,2001,0
fisichella,Giancarlo Fisichella,0,11,2001,1
barrichello,Rubens Barrichello,4,11,2001,34
ralf_schumacher,Ralf Schumacher,0,11,2001,31
michael_schumacher,Michael Schumacher,6,11,2001,84
montoya,Juan Pablo Montoya,3,11,2001,15
villeneuve,Jacques Villeneuve,0,11,2001,7
rosa,Pedro de la Rosa,0,11,2001,1
panis,Olivier Panis,0,11,2001,5
frentzen,Heinz-Harald Frentzen,0,11,2001,6
verstappen,Jos Verstappen,0,11,2001,1
burti,Luciano Burti,0,11,2001,0
alesi,Jean Alesi,0,11,2001,3
irvine,Eddie Irvine,0,11,2001,4
hakkinen,Mika Häkkinen,10,11,2001,19
marques,Tarso Marques,0,11,2001,0
bernoldi,Enrique Bernoldi,0,11,2001,0
panis,Olivier Panis,0,12,2001,5
verstappen,Jos Verstappen,0,12,2001,1
burti,Luciano Burti,0,12,2001,0
alesi,Jean Alesi,1,12,2001,4
irvine,Eddie Irvine,0,12,2001,4
hakkinen,Mika Häkkinen,0,12,2001,19
marques,Tarso Marques,0,12,2001,0
bernoldi,Enrique Bernoldi,0,12,2001,0
heidfeld,Nick Heidfeld,0,12,2001,10
alonso,Fernando Alonso,0,12,2001,0
raikkonen,Kimi Räikkönen,0,12,2001,9
coulthard,David Coulthard,0,12,2001,47
trulli,Jarno Trulli,0,12,2001,9
button,Jenson Button,2,12,2001,2
fisichella,Giancarlo Fisichella,3,12,2001,4
barrichello,Rubens Barrichello,6,12,2001,40
ralf_schumacher,Ralf Schumacher,10,12,2001,41
michael_schumacher,Michael Schumacher,0,12,2001,84
montoya,Juan Pablo Montoya,0,12,2001,15
villeneuve,Jacques Villeneuve,4,12,2001,11
rosa,Pedro de la Rosa,0,12,2001,1
zonta,Ricardo Zonta,0,12,2001,0
button,Jenson Button,0,13,2001,2
fisichella,Giancarlo Fisichella,0,13,2001,4
barrichello,Rubens Barrichello,6,13,2001,46
ralf_schumacher,Ralf Schumacher,3,13,2001,44
michael_schumacher,Michael Schumacher,10,13,2001,94
montoya,Juan Pablo Montoya,0,13,2001,15
villeneuve,Jacques Villeneuve,0,13,2001,11
rosa,Pedro de la Rosa,0,13,2001,1
panis,Olivier Panis,0,13,2001,5
frentzen,Heinz-Harald Frentzen,0,13,2001,6
verstappen,Jos Verstappen,0,13,2001,1
burti,Luciano Burti,0,13,2001,0
alesi,Jean Alesi,0,13,2001,4
irvine,Eddie Irvine,0,13,2001,4
hakkinen,Mika Häkkinen,2,13,2001,21
marques,Tarso Marques,0,13,2001,0
bernoldi,Enrique Bernoldi,0,13,2001,0
heidfeld,Nick Heidfeld,1,13,2001,11
alonso,Fernando Alonso,0,13,2001,0
raikkonen,Kimi Räikkönen,0,13,2001,9
coulthard,David Coulthard,4,13,2001,51
trulli,Jarno Trulli,0,13,2001,9
heidfeld,Nick Heidfeld,0,14,2001,11
alonso,Fernando Alonso,0,14,2001,0
raikkonen,Kimi Räikkönen,0,14,2001,9
coulthard,David Coulthard,6,14,2001,57
trulli,Jarno Trulli,0,14,2001,9
button,Jenson Button,0,14,2001,2
fisichella,Giancarlo Fisichella,4,14,2001,8
barrichello,Rubens Barrichello,2,14,2001,48
ralf_schumacher,Ralf Schumacher,0,14,2001,44
michael_schumacher,Michael Schumacher,10,14,2001,104
montoya,Juan Pablo Montoya,0,14,2001,15
villeneuve,Jacques Villeneuve,0,14,2001,11
rosa,Pedro de la Rosa,0,14,2001,1
panis,Olivier Panis,0,14,2001,5
frentzen,Heinz-Harald Frentzen,0,14,2001,6
verstappen,Jos Verstappen,0,14,2001,1
burti,Luciano Burti,0,14,2001,0
alesi,Jean Alesi,1,14,2001,5
irvine,Eddie Irvine,0,14,2001,4
hakkinen,Mika Häkkinen,3,14,2001,24
marques,Tarso Marques,0,14,2001,0
bernoldi,Enrique Bernoldi,0,14,2001,0
panis,Olivier Panis,0,15,2001,5
frentzen,Heinz-Harald Frentzen,0,15,2001,6
verstappen,Jos Verstappen,0,15,2001,1
alesi,Jean Alesi,0,15,2001,5
irvine,Eddie Irvine,0,15,2001,4
hakkinen,Mika Häkkinen,0,15,2001,24
bernoldi,Enrique Bernoldi,0,15,2001,0
enge,Tomáš Enge,0,15,2001,0
yoong,Alex Yoong,0,15,2001,0
heidfeld,Nick Heidfeld,0,15,2001,11
alonso,Fernando Alonso,0,15,2001,0
raikkonen,Kimi Räikkönen,0,15,2001,9
coulthard,David Coulthard,0,15,2001,57
trulli,Jarno Trulli,0,15,2001,9
button,Jenson Button,0,15,2001,2
fisichella,Giancarlo Fisichella,0,15,2001,8
barrichello,Rubens Barrichello,6,15,2001,54
ralf_schumacher,Ralf Schumacher,4,15,2001,48
michael_schumacher,Michael Schumacher,3,15,2001,107
montoya,Juan Pablo Montoya,10,15,2001,25
villeneuve,Jacques Villeneuve,1,15,2001,12
rosa,Pedro de la Rosa,2,15,2001,3
button,Jenson Button,0,16,2001,2
fisichella,Giancarlo Fisichella,0,16,2001,8
barrichello,Rubens Barrichello,0,16,2001,54
ralf_schumacher,Ralf Schumacher,0,16,2001,48
michael_schumacher,Michael Schumacher,6,16,2001,113
montoya,Juan Pablo Montoya,0,16,2001,25
villeneuve,Jacques Villeneuve,0,16,2001,12
rosa,Pedro de la Rosa,0,16,2001,3
panis,Olivier Panis,0,16,2001,5
frentzen,Heinz-Harald Frentzen,0,16,2001,6
verstappen,Jos Verstappen,0,16,2001,1
alesi,Jean Alesi,0,16,2001,5
irvine,Eddie Irvine,2,16,2001,6
hakkinen,Mika Häkkinen,10,16,2001,34
bernoldi,Enrique Bernoldi,0,16,2001,0
enge,Tomáš Enge,0,16,2001,0
yoong,Alex Yoong,0,16,2001,0
heidfeld,Nick Heidfeld,1,16,2001,12
alonso,Fernando Alonso,0,16,2001,0
raikkonen,Kimi Räikkönen,0,16,2001,9
coulthard,David Coulthard,4,16,2001,61
trulli,Jarno Trulli,3,16,2001,12
heidfeld,Nick Heidfeld,0,17,2001,12
alonso,Fernando Alonso,0,17,2001,0
raikkonen,Kimi Räikkönen,0,17,2001,9
coulthard,David Coulthard,4,17,2001,65
trulli,Jarno Trulli,0,17,2001,12
button,Jenson Button,0,17,2001,2
fisichella,Giancarlo Fisichella,0,17,2001,8
barrichello,Rubens Barrichello,2,17,2001,56
ralf_schumacher,Ralf Schumacher,1,17,2001,49
michael_schumacher,Michael Schumacher,10,17,2001,123
montoya,Juan Pablo Montoya,6,17,2001,31
villeneuve,Jacques Villeneuve,0,17,2001,12
rosa,Pedro de la Rosa,0,17,2001,3
panis,Olivier Panis,0,17,2001,5
frentzen,Heinz-Harald Frentzen,0,17,2001,6
verstappen,Jos Verstappen,0,17,2001,1
alesi,Jean Alesi,0,17,2001,5
irvine,Eddie Irvine,0,17,2001,6
hakkinen,Mika Häkkinen,3,17,2001,37
bernoldi,Enrique Bernoldi,0,17,2001,0
enge,Tomáš Enge,0,17,2001,0
yoong,Alex Yoong,0,17,2001,0
gene,Marc Gené,0,1,2000,0
frentzen,Heinz-Harald Frentzen,0,1,2000,0
verstappen,Jos Verstappen,0,1,2000,0
alesi,Jean Alesi,0,1,2000,0
irvine,Eddie Irvine,0,1,2000,0
hakkinen,Mika Häkkinen,0,1,2000,0
mazzacane,Gastón Mazzacane,0,1,2000,0
salo,Mika Salo,0,1,2000,0
diniz,Pedro Diniz,0,1,2000,0
herbert,Johnny Herbert,0,1,2000,0
heidfeld,Nick Heidfeld,0,1,2000,0
coulthard,David Coulthard,0,1,2000,0
trulli,Jarno Trulli,0,1,2000,0
button,Jenson Button,0,1,2000,0
fisichella,Giancarlo Fisichella,2,1,2000,2
barrichello,Rubens Barrichello,6,1,2000,6
ralf_schumacher,Ralf Schumacher,4,1,2000,4
wurz,Alexander Wurz,0,1,2000,0
michael_schumacher,Michael Schumacher,10,1,2000,10
villeneuve,Jacques Villeneuve,3,1,2000,3
rosa,Pedro de la Rosa,0,1,2000,0
zonta,Ricardo Zonta,1,1,2000,1
button,Jenson Button,1,2,2000,1
fisichella,Giancarlo Fisichella,6,2,2000,8
barrichello,Rubens Barrichello,0,2,2000,6
ralf_schumacher,Ralf Schumacher,2,2,2000,6
wurz,Alexander Wurz,0,2,2000,0
michael_schumacher,Michael Schumacher,10,2,2000,20
villeneuve,Jacques Villeneuve,0,2,2000,3
rosa,Pedro de la Rosa,0,2,2000,0
zonta,Ricardo Zonta,0,2,2000,1
gene,Marc Gené,0,2,2000,0
frentzen,Heinz-Harald Frentzen,4,2,2000,4
verstappen,Jos Verstappen,0,2,2000,0
alesi,Jean Alesi,0,2,2000,0
irvine,Eddie Irvine,0,2,2000,0
hakkinen,Mika Häkkinen,0,2,2000,0
mazzacane,Gastón Mazzacane,0,2,2000,0
salo,Mika Salo,0,2,2000,0
diniz,Pedro Diniz,0,2,2000,0
herbert,Johnny Herbert,0,2,2000,0
heidfeld,Nick Heidfeld,0,2,2000,0
coulthard,David Coulthard,0,2,2000,0
trulli,Jarno Trulli,3,2,2000,3
heidfeld,Nick Heidfeld,0,3,2000,0
coulthard,David Coulthard,4,3,2000,4
trulli,Jarno Trulli,0,3,2000,3
button,Jenson Button,0,3,2000,1
fisichella,Giancarlo Fisichella,0,3,2000,8
barrichello,Rubens Barrichello,3,3,2000,9
ralf_schumacher,Ralf Schumacher,0,3,2000,6
wurz,Alexander Wurz,0,3,2000,0
michael_schumacher,Michael Schumacher,10,3,2000,30
villeneuve,Jacques Villeneuve,2,3,2000,5
rosa,Pedro de la Rosa,0,3,2000,0
zonta,Ricardo Zonta,0,3,2000,1
gene,Marc Gené,0,3,2000,0
frentzen,Heinz-Harald Frentzen,0,3,2000,4
verstappen,Jos Verstappen,0,3,2000,0
alesi,Jean Alesi,0,3,2000,0
irvine,Eddie Irvine,0,3,2000,0
hakkinen,Mika Häkkinen,6,3,2000,6
mazzacane,Gastón Mazzacane,0,3,2000,0
salo,Mika Salo,1,3,2000,1
diniz,Pedro Diniz,0,3,2000,0
herbert,Johnny Herbert,0,3,2000,0
gene,Marc Gené,0,4,2000,0
frentzen,Heinz-Harald Frentzen,0,4,2000,4
verstappen,Jos Verstappen,0,4,2000,0
alesi,Jean Alesi,0,4,2000,0
irvine,Eddie Irvine,0,4,2000,0
hakkinen,Mika Häkkinen,6,4,2000,12
mazzacane,Gastón Mazzacane,0,4,2000,0
salo,Mika Salo,0,4,2000,1
diniz,Pedro Diniz,0,4,2000,0
herbert,Johnny Herbert,0,4,2000,0
heidfeld,Nick Heidfeld,0,4,2000,0
coulthard,David Coulthard,10,4,2000,14
trulli,Jarno Trulli,1,4,2000,4
button,Jenson Button,2,4,2000,3
fisichella,Giancarlo Fisichella,0,4,2000,8
barrichello,Rubens Barrichello,0,4,2000,9
ralf_schumacher,Ralf Schumacher,3,4,2000,9
wurz,Alexander Wurz,0,4,2000,0
michael_schumacher,Michael Schumacher,4,4,2000,34
villeneuve,Jacques Villeneuve,0,4,2000,5
rosa,Pedro de la Rosa,0,4,2000,0
zonta,Ricardo Zonta,0,4,2000,1
button,Jenson Button,0,5,2000,3
fisichella,Giancarlo Fisichella,0,5,2000,8
barrichello,Rubens Barrichello,4,5,2000,13
ralf_schumacher,Ralf Schumacher,3,5,2000,12
wurz,Alexander Wurz,0,5,2000,0
michael_schumacher,Michael Schumacher,2,5,2000,36
villeneuve,Jacques Villeneuve,0,5,2000,5
rosa,Pedro de la Rosa,0,5,2000,0
zonta,Ricardo Zonta,0,5,2000,1
gene,Marc Gené,0,5,2000,0
frentzen,Heinz-Harald Frentzen,1,5,2000,5
verstappen,Jos Verstappen,0,5,2000,0
alesi,Jean Alesi,0,5,2000,0
irvine,Eddie Irvine,0,5,2000,0
hakkinen,Mika Häkkinen,10,5,2000,22
mazzacane,Gastón Mazzacane,0,5,2000,0
salo,Mika Salo,0,5,2000,1
diniz,Pedro Diniz,0,5,2000,0
herbert,Johnny Herbert,0,5,2000,0
heidfeld,Nick Heidfeld,0,5,2000,0
coulthard,David Coulthard,6,5,2000,20
trulli,Jarno Trulli,0,5,2000,4
coulthard,David Coulthard,4,6,2000,24
trulli,Jarno Trulli,0,6,2000,4
button,Jenson Button,0,6,2000,3
fisichella,Giancarlo Fisichella,2,6,2000,10
barrichello,Rubens Barrichello,3,6,2000,16
ralf_schumacher,Ralf Schumacher,0,6,2000,12
wurz,Alexander Wurz,0,6,2000,0
michael_schumacher,Michael Schumacher,10,6,2000,46
villeneuve,Jacques Villeneuve,0,6,2000,5
rosa,Pedro de la Rosa,1,6,2000,1
zonta,Ricardo Zonta,0,6,2000,1
gene,Marc Gené,0,6,2000,0
frentzen,Heinz-Harald Frentzen,0,6,2000,5
verstappen,Jos Verstappen,0,6,2000,0
alesi,Jean Alesi,0,6,2000,0
irvine,Eddie Irvine,0,6,2000,0
hakkinen,Mika Häkkinen,6,6,2000,28
mazzacane,Gastón Mazzacane,0,6,2000,0
salo,Mika Salo,0,6,2000,1
diniz,Pedro Diniz,0,6,2000,0
herbert,Johnny Herbert,0,6,2000,0
gene,Marc Gené,0,7,2000,0
frentzen,Heinz-Harald Frentzen,0,7,2000,5
verstappen,Jos Verstappen,0,7,2000,0
alesi,Jean Alesi,0,7,2000,0
irvine,Eddie Irvine,3,7,2000,3
hakkinen,Mika Häkkinen,1,7,2000,29
mazzacane,Gastón Mazzacane,0,7,2000,0
salo,Mika Salo,2,7,2000,3
diniz,Pedro Diniz,0,7,2000,0
herbert,Johnny Herbert,0,7,2000,0
heidfeld,Nick Heidfeld,0,7,2000,0
coulthard,David Coulthard,10,7,2000,34
trulli,Jarno Trulli,0,7,2000,4
button,Jenson Button,0,7,2000,3
fisichella,Giancarlo Fisichella,4,7,2000,14
barrichello,Rubens Barrichello,6,7,2000,22
ralf_schumacher,Ralf Schumacher,0,7,2000,12
wurz,Alexander Wurz,0,7,2000,0
michael_schumacher,Michael Schumacher,0,7,2000,46
villeneuve,Jacques Villeneuve,0,7,2000,5
rosa,Pedro de la Rosa,0,7,2000,1
zonta,Ricardo Zonta,0,7,2000,1
button,Jenson Button,0,8,2000,3
fisichella,Giancarlo Fisichella,4,8,2000,18
barrichello,Rubens Barrichello,6,8,2000,28
ralf_schumacher,Ralf Schumacher,0,8,2000,12
wurz,Alexander Wurz,0,8,2000,0
michael_schumacher,Michael Schumacher,10,8,2000,56
villeneuve,Jacques Villeneuve,0,8,2000,5
rosa,Pedro de la Rosa,0,8,2000,1
zonta,Ricardo Zonta,0,8,2000,1
gene,Marc Gené,0,8,2000,0
frentzen,Heinz-Harald Frentzen,0,8,2000,5
verstappen,Jos Verstappen,2,8,2000,2
alesi,Jean Alesi,0,8,2000,0
irvine,Eddie Irvine,0,8,2000,3
hakkinen,Mika Häkkinen,3,8,2000,32
mazzacane,Gastón Mazzacane,0,8,2000,0
salo,Mika Salo,0,8,2000,3
diniz,Pedro Diniz,0,8,2000,0
herbert,Johnny Herbert,0,8,2000,0
heidfeld,Nick Heidfeld,0,8,2000,0
coulthard,David Coulthard,0,8,2000,34
trulli,Jarno Trulli,1,8,2000,5
heidfeld,Nick Heidfeld,0,9,2000,0
coulthard,David Coulthard,10,9,2000,44
trulli,Jarno Trulli,1,9,2000,6
button,Jenson Button,0,9,2000,3
fisichella,Giancarlo Fisichella,0,9,2000,18
barrichello,Rubens Barrichello,4,9,2000,32
ralf_schumacher,Ralf Schumacher,2,9,2000,14
wurz,Alexander Wurz,0,9,2000,0
michael_schumacher,Michael Schumacher,0,9,2000,56
villeneuve,Jacques Villeneuve,3,9,2000,8
rosa,Pedro de la Rosa,0,9,2000,1
zonta,Ricardo Zonta,0,9,2000,1
gene,Marc Gené,0,9,2000,0
frentzen,Heinz-Harald Frentzen,0,9,2000,5
verstappen,Jos Verstappen,0,9,2000,2
alesi,Jean Alesi,0,9,2000,0
irvine,Eddie Irvine,0,9,2000,3
hakkinen,Mika Häkkinen,6,9,2000,38
mazzacane,Gastón Mazzacane,0,9,2000,0
salo,Mika Salo,0,9,2000,3
diniz,Pedro Diniz,0,9,2000,0
herbert,Johnny Herbert,0,9,2000,0
gene,Marc Gené,0,10,2000,0
frentzen,Heinz-Harald Frentzen,0,10,2000,5
verstappen,Jos Verstappen,0,10,2000,2
burti,Luciano Burti,0,10,2000,0
alesi,Jean Alesi,0,10,2000,0
hakkinen,Mika Häkkinen,10,10,2000,48
mazzacane,Gastón Mazzacane,0,10,2000,0
salo,Mika Salo,1,10,2000,4
diniz,Pedro Diniz,0,10,2000,0
herbert,Johnny Herbert,0,10,2000,0
heidfeld,Nick Heidfeld,0,10,2000,0
coulthard,David Coulthard,6,10,2000,50
trulli,Jarno Trulli,0,10,2000,6
button,Jenson Button,2,10,2000,5
fisichella,Giancarlo Fisichella,0,10,2000,18
barrichello,Rubens Barrichello,4,10,2000,36
ralf_schumacher,Ralf Schumacher,0,10,2000,14
wurz,Alexander Wurz,0,10,2000,0
michael_schumacher,Michael Schumacher,0,10,2000,56
villeneuve,Jacques Villeneuve,3,10,2000,11
rosa,Pedro de la Rosa,0,10,2000,1
zonta,Ricardo Zonta,0,10,2000,1
button,Jenson Button,3,11,2000,8
fisichella,Giancarlo Fisichella,0,11,2000,18
barrichello,Rubens Barrichello,10,11,2000,46
ralf_schumacher,Ralf Schumacher,0,11,2000,14
wurz,Alexander Wurz,0,11,2000,0
michael_schumacher,Michael Schumacher,0,11,2000,56
villeneuve,Jacques Villeneuve,0,11,2000,11
rosa,Pedro de la Rosa,1,11,2000,2
zonta,Ricardo Zonta,0,11,2000,1
gene,Marc Gené,0,11,2000,0
frentzen,Heinz-Harald Frentzen,0,11,2000,5
verstappen,Jos Verstappen,0,11,2000,2
alesi,Jean Alesi,0,11,2000,0
irvine,Eddie Irvine,0,11,2000,3
hakkinen,Mika Häkkinen,6,11,2000,54
mazzacane,Gastón Mazzacane,0,11,2000,0
salo,Mika Salo,2,11,2000,6
diniz,Pedro Diniz,0,11,2000,0
herbert,Johnny Herbert,0,11,2000,0
heidfeld,Nick Heidfeld,0,11,2000,0
coulthard,David Coulthard,4,11,2000,54
trulli,Jarno Trulli,0,11,2000,6
heidfeld,Nick Heidfeld,0,12,2000,0
coulthard,David Coulthard,4,12,2000,58
trulli,Jarno Trulli,0,12,2000,6
button,Jenson Button,0,12,2000,8
fisichella,Giancarlo Fisichella,0,12,2000,18
barrichello,Rubens Barrichello,3,12,2000,49
ralf_schumacher,Ralf Schumacher,2,12,2000,16
wurz,Alexander Wurz,0,12,2000,0
michael_schumacher,Michael Schumacher,6,12,2000,62
villeneuve,Jacques Villeneuve,0,12,2000,11
rosa,Pedro de la Rosa,0,12,2000,2
zonta,Ricardo Zonta,0,12,2000,1
gene,Marc Gené,0,12,2000,0
frentzen,Heinz-Harald Frentzen,1,12,2000,6
verstappen,Jos Verstappen,0,12,2000,2
alesi,Jean Alesi,0,12,2000,0
irvine,Eddie Irvine,0,12,2000,3
hakkinen,Mika Häkkinen,10,12,2000,64
mazzacane,Gastón Mazzacane,0,12,2000,0
salo,Mika Salo,0,12,2000,6
diniz,Pedro Diniz,0,12,2000,0
herbert,Johnny Herbert,0,12,2000,0
gene,Marc Gené,0,13,2000,0
frentzen,Heinz-Harald Frentzen,1,13,2000,7
verstappen,Jos Verstappen,0,13,2000,2
alesi,Jean Alesi,0,13,2000,0
irvine,Eddie Irvine,0,13,2000,3
hakkinen,Mika Häkkinen,10,13,2000,74
mazzacane,Gastón Mazzacane,0,13,2000,0
salo,Mika Salo,0,13,2000,6
diniz,Pedro Diniz,0,13,2000,0
herbert,Johnny Herbert,0,13,2000,0
heidfeld,Nick Heidfeld,0,13,2000,0
coulthard,David Coulthard,3,13,2000,61
trulli,Jarno Trulli,0,13,2000,6
button,Jenson Button,2,13,2000,10
fisichella,Giancarlo Fisichella,0,13,2000,18
barrichello,Rubens Barrichello,0,13,2000,49
ralf_schumacher,Ralf Schumacher,4,13,2000,20
wurz,Alexander Wurz,0,13,2000,0
michael_schumacher,Michael Schumacher,6,13,2000,68
villeneuve,Jacques Villeneuve,0,13,2000,11
rosa,Pedro de la Rosa,0,13,2000,2
zonta,Ricardo Zonta,0,13,2000,1
button,Jenson Button,0,14,2000,10
fisichella,Giancarlo Fisichella,0,14,2000,18
barrichello,Rubens Barrichello,0,14,2000,49
ralf_schumacher,Ralf Schumacher,4,14,2000,24
wurz,Alexander Wurz,2,14,2000,2
michael_schumacher,Michael Schumacher,10,14,2000,78
villeneuve,Jacques Villeneuve,0,14,2000,11
rosa,Pedro de la Rosa,0,14,2000,2
zonta,Ricardo Zonta,1,14,2000,2
gene,Marc Gené,0,14,2000,0
frentzen,Heinz-Harald Frentzen,0,14,2000,7
verstappen,Jos Verstappen,3,14,2000,5
alesi,Jean Alesi,0,14,2000,0
irvine,Eddie Irvine,0,14,2000,3
hakkinen,Mika Häkkinen,6,14,2000,80
mazzacane,Gastón Mazzacane,0,14,2000,0
salo,Mika Salo,0,14,2000,6
diniz,Pedro Diniz,0,14,2000,0
herbert,Johnny Herbert,0,14,2000,0
heidfeld,Nick Heidfeld,0,14,2000,0
coulthard,David Coulthard,0,14,2000,61
trulli,Jarno Trulli,0,14,2000,6
heidfeld,Nick Heidfeld,0,15,2000,0
coulthard,David Coulthard,2,15,2000,63
trulli,Jarno Trulli,0,15,2000,6
button,Jenson Button,0,15,2000,10
fisichella,Giancarlo Fisichella,0,15,2000,18
barrichello,Rubens Barrichello,6,15,2000,55
ralf_schumacher,Ralf Schumacher,0,15,2000,24
wurz,Alexander Wurz,0,15,2000,2
michael_schumacher,Michael Schumacher,10,15,2000,88
villeneuve,Jacques Villeneuve,3,15,2000,14
rosa,Pedro de la Rosa,0,15,2000,2
zonta,Ricardo Zonta,1,15,2000,3
gene,Marc Gené,0,15,2000,0
frentzen,Heinz-Harald Frentzen,4,15,2000,11
verstappen,Jos Verstappen,0,15,2000,5
alesi,Jean Alesi,0,15,2000,0
irvine,Eddie Irvine,0,15,2000,3
hakkinen,Mika Häkkinen,0,15,2000,80
mazzacane,Gastón Mazzacane,0,15,2000,0
salo,Mika Salo,0,15,2000,6
diniz,Pedro Diniz,0,15,2000,0
herbert,Johnny Herbert,0,15,2000,0
gene,Marc Gené,0,16,2000,0
frentzen,Heinz-Harald Frentzen,0,16,2000,11
verstappen,Jos Verstappen,0,16,2000,5
alesi,Jean Alesi,0,16,2000,0
irvine,Eddie Irvine,0,16,2000,3
hakkinen,Mika Häkkinen,6,16,2000,86
mazzacane,Gastón Mazzacane,0,16,2000,0
salo,Mika Salo,0,16,2000,6
diniz,Pedro Diniz,0,16,2000,0
herbert,Johnny Herbert,0,16,2000,0
heidfeld,Nick Heidfeld,0,16,2000,0
coulthard,David Coulthard,4,16,2000,67
trulli,Jarno Trulli,0,16,2000,6
button,Jenson Button,2,16,2000,12
fisichella,Giancarlo Fisichella,0,16,2000,18
barrichello,Rubens Barrichello,3,16,2000,58
ralf_schumacher,Ralf Schumacher,0,16,2000,24
wurz,Alexander Wurz,0,16,2000,2
michael_schumacher,Michael Schumacher,10,16,2000,98
villeneuve,Jacques Villeneuve,1,16,2000,15
rosa,Pedro de la Rosa,0,16,2000,2
zonta,Ricardo Zonta,0,16,2000,3
button,Jenson Button,0,17,2000,12
fisichella,Giancarlo Fisichella,0,17,2000,18
barrichello,Rubens Barrichello,4,17,2000,62
ralf_schumacher,Ralf Schumacher,0,17,2000,24
wurz,Alexander Wurz,0,17,2000,2
michael_schumacher,Michael Schumacher,10,17,2000,108
villeneuve,Jacques Villeneuve,2,17,2000,17
rosa,Pedro de la Rosa,0,17,2000,2
zonta,Ricardo Zonta,0,17,2000,3
gene,Marc Gené,0,17,2000,0
frentzen,Heinz-Harald Frentzen,0,17,2000,11
verstappen,Jos Verstappen,0,17,2000,5
alesi,Jean Alesi,0,17,2000,0
irvine,Eddie Irvine,1,17,2000,4
hakkinen,Mika Häkkinen,3,17,2000,89
mazzacane,Gastón Mazzacane,0,17,2000,0
salo,Mika Salo,0,17,2000,6
diniz,Pedro Diniz,0,17,2000,0
herbert,Johnny Herbert,0,17,2000,0
heidfeld,Nick Heidfeld,0,17,2000,0
coulthard,David Coulthard,6,17,2000,73
trulli,Jarno Trulli,0,17,2000,6
coulthard,David Coulthard,0,1,1999,0
trulli,Jarno Trulli,0,1,1999,0
fisichella,Giancarlo Fisichella,3,1,1999,3
barrichello,Rubens Barrichello,2,1,1999,2
ralf_schumacher,Ralf Schumacher,4,1,1999,4
wurz,Alexander Wurz,0,1,1999,0
michael_schumacher,Michael Schumacher,0,1,1999,0
villeneuve,Jacques Villeneuve,0,1,1999,0
rosa,Pedro de la Rosa,1,1,1999,1
zonta,Ricardo Zonta,0,1,1999,0
panis,Olivier Panis,0,1,1999,0
gene,Marc Gené,0,1,1999,0
frentzen,Heinz-Harald Frentzen,6,1,1999,6
alesi,Jean Alesi,0,1,1999,0
irvine,Eddie Irvine,10,1,1999,10
hakkinen,Mika Häkkinen,0,1,1999,0
diniz,Pedro Diniz,0,1,1999,0
herbert,Johnny Herbert,0,1,1999,0
takagi,Toranosuke Takagi,0,1,1999,0
badoer,Luca Badoer,0,1,1999,0
zanardi,Alessandro Zanardi,0,1,1999,0
damon_hill,Damon Hill,0,1,1999,0
panis,Olivier Panis,1,2,1999,1
gene,Marc Gené,0,2,1999,0
frentzen,Heinz-Harald Frentzen,4,2,1999,10
alesi,Jean Alesi,0,2,1999,0
irvine,Eddie Irvine,2,2,1999,12
hakkinen,Mika Häkkinen,10,2,1999,10
diniz,Pedro Diniz,0,2,1999,0
herbert,Johnny Herbert,0,2,1999,0
takagi,Toranosuke Takagi,0,2,1999,0
zanardi,Alessandro Zanardi,0,2,1999,0
damon_hill,Damon Hill,0,2,1999,0
sarrazin,Stéphane Sarrazin,0,2,1999,0
coulthard,David Coulthard,0,2,1999,0
trulli,Jarno Trulli,0,2,1999,0
fisichella,Giancarlo Fisichella,0,2,1999,3
barrichello,Rubens Barrichello,0,2,1999,2
ralf_schumacher,Ralf Schumacher,3,2,1999,7
wurz,Alexander Wurz,0,2,1999,0
michael_schumacher,Michael Schumacher,6,2,1999,6
villeneuve,Jacques Villeneuve,0,2,1999,0
rosa,Pedro de la Rosa,0,2,1999,1
zonta,Ricardo Zonta,0,2,1999,0
fisichella,Giancarlo Fisichella,2,3,1999,5
barrichello,Rubens Barrichello,4,3,1999,6
ralf_schumacher,Ralf Schumacher,0,3,1999,7
wurz,Alexander Wurz,0,3,1999,0
michael_schumacher,Michael Schumacher,10,3,1999,16
villeneuve,Jacques Villeneuve,0,3,1999,0
rosa,Pedro de la Rosa,0,3,1999,1
panis,Olivier Panis,0,3,1999,1
gene,Marc Gené,0,3,1999,0
frentzen,Heinz-Harald Frentzen,0,3,1999,10
alesi,Jean Alesi,1,3,1999,1
irvine,Eddie Irvine,0,3,1999,12
hakkinen,Mika Häkkinen,0,3,1999,10
salo,Mika Salo,0,3,1999,0
diniz,Pedro Diniz,0,3,1999,0
herbert,Johnny Herbert,0,3,1999,0
takagi,Toranosuke Takagi,0,3,1999,0
badoer,Luca Badoer,0,3,1999,0
zanardi,Alessandro Zanardi,0,3,1999,0
damon_hill,Damon Hill,3,3,1999,3
coulthard,David Coulthard,6,3,1999,6
trulli,Jarno Trulli,0,3,1999,0
coulthard,David Coulthard,0,4,1999,6
trulli,Jarno Trulli,0,4,1999,0
fisichella,Giancarlo Fisichella,2,4,1999,7
barrichello,Rubens Barrichello,0,4,1999,6
ralf_schumacher,Ralf Schumacher,0,4,1999,7
wurz,Alexander Wurz,1,4,1999,1
michael_schumacher,Michael Schumacher,10,4,1999,26
villeneuve,Jacques Villeneuve,0,4,1999,0
rosa,Pedro de la Rosa,0,4,1999,1
panis,Olivier Panis,0,4,1999,1
gene,Marc Gené,0,4,1999,0
frentzen,Heinz-Harald Frentzen,3,4,1999,13
alesi,Jean Alesi,0,4,1999,1
irvine,Eddie Irvine,6,4,1999,18
hakkinen,Mika Häkkinen,4,4,1999,14
salo,Mika Salo,0,4,1999,0
diniz,Pedro Diniz,0,4,1999,0
herbert,Johnny Herbert,0,4,1999,0
takagi,Toranosuke Takagi,0,4,1999,0
badoer,Luca Badoer,0,4,1999,0
zanardi,Alessandro Zanardi,0,4,1999,0
damon_hill,Damon Hill,0,4,1999,3
panis,Olivier Panis,0,5,1999,1
gene,Marc Gené,0,5,1999,0
frentzen,Heinz-Harald Frentzen,0,5,1999,13
alesi,Jean Alesi,0,5,1999,1
irvine,Eddie Irvine,3,5,1999,21
hakkinen,Mika Häkkinen,10,5,1999,24
salo,Mika Salo,0,5,1999,0
diniz,Pedro Diniz,0,5,1999,0
herbert,Johnny Herbert,0,5,1999,0
takagi,Toranosuke Takagi,0,5,1999,0
badoer,Luca Badoer,0,5,1999,0
zanardi,Alessandro Zanardi,0,5,1999,0
damon_hill,Damon Hill,0,5,1999,3
coulthard,David Coulthard,6,5,1999,12
trulli,Jarno Trulli,1,5,1999,1
fisichella,Giancarlo Fisichella,0,5,1999,7
barrichello,Rubens Barrichello,0,5,1999,6
ralf_schumacher,Ralf Schumacher,2,5,1999,9
wurz,Alexander Wurz,0,5,1999,1
michael_schumacher,Michael Schumacher,4,5,1999,30
villeneuve,Jacques Villeneuve,0,5,1999,0
rosa,Pedro de la Rosa,0,5,1999,1
fisichella,Giancarlo Fisichella,6,6,1999,13
barrichello,Rubens Barrichello,0,6,1999,6
ralf_schumacher,Ralf Schumacher,3,6,1999,12
wurz,Alexander Wurz,0,6,1999,1
michael_schumacher,Michael Schumacher,0,6,1999,30
villeneuve,Jacques Villeneuve,0,6,1999,0
rosa,Pedro de la Rosa,0,6,1999,1
zonta,Ricardo Zonta,0,6,1999,0
panis,Olivier Panis,0,6,1999,1
gene,Marc Gené,0,6,1999,0
frentzen,Heinz-Harald Frentzen,0,6,1999,13
alesi,Jean Alesi,0,6,1999,1
irvine,Eddie Irvine,4,6,1999,25
hakkinen,Mika Häkkinen,10,6,1999,34
diniz,Pedro Diniz,1,6,1999,1
herbert,Johnny Herbert,2,6,1999,2
takagi,Toranosuke Takagi,0,6,1999,0
badoer,Luca Badoer,0,6,1999,0
zanardi,Alessandro Zanardi,0,6,1999,0
damon_hill,Damon Hill,0,6,1999,3
coulthard,David Coulthard,0,6,1999,12
trulli,Jarno Trulli,0,6,1999,1
coulthard,David Coulthard,0,7,1999,12
trulli,Jarno Trulli,0,7,1999,1
fisichella,Giancarlo Fisichella,0,7,1999,13
barrichello,Rubens Barrichello,4,7,1999,10
ralf_schumacher,Ralf Schumacher,3,7,1999,15
wurz,Alexander Wurz,0,7,1999,1
michael_schumacher,Michael Schumacher,2,7,1999,32
villeneuve,Jacques Villeneuve,0,7,1999,0
rosa,Pedro de la Rosa,0,7,1999,1
zonta,Ricardo Zonta,0,7,1999,0
panis,Olivier Panis,0,7,1999,1
gene,Marc Gené,0,7,1999,0
frentzen,Heinz-Harald Frentzen,10,7,1999,23
alesi,Jean Alesi,0,7,1999,1
irvine,Eddie Irvine,1,7,1999,26
hakkinen,Mika Häkkinen,6,7,1999,40
diniz,Pedro Diniz,0,7,1999,1
herbert,Johnny Herbert,0,7,1999,2
takagi,Toranosuke Takagi,0,7,1999,0
badoer,Luca Badoer,0,7,1999,0
zanardi,Alessandro Zanardi,0,7,1999,0
damon_hill,Damon Hill,0,7,1999,3
panis,Olivier Panis,0,8,1999,1
gene,Marc Gené,0,8,1999,0
frentzen,Heinz-Harald Frentzen,3,8,1999,26
alesi,Jean Alesi,0,8,1999,1
irvine,Eddie Irvine,6,8,1999,32
hakkinen,Mika Häkkinen,0,8,1999,40
diniz,Pedro Diniz,1,8,1999,2
herbert,Johnny Herbert,0,8,1999,2
takagi,Toranosuke Takagi,0,8,1999,0
badoer,Luca Badoer,0,8,1999,0
zanardi,Alessandro Zanardi,0,8,1999,0
damon_hill,Damon Hill,2,8,1999,5
coulthard,David Coulthard,10,8,1999,22
trulli,Jarno Trulli,0,8,1999,1
fisichella,Giancarlo Fisichella,0,8,1999,13
barrichello,Rubens Barrichello,0,8,1999,10
ralf_schumacher,Ralf Schumacher,4,8,1999,19
wurz,Alexander Wurz,0,8,1999,1
michael_schumacher,Michael Schumacher,0,8,1999,32
villeneuve,Jacques Villeneuve,0,8,1999,0
rosa,Pedro de la Rosa,0,8,1999,1
zonta,Ricardo Zonta,0,8,1999,0
fisichella,Giancarlo Fisichella,0,9,1999,13
barrichello,Rubens Barrichello,0,9,1999,10
ralf_schumacher,Ralf Schumacher,0,9,1999,19
wurz,Alexander Wurz,2,9,1999,3
villeneuve,Jacques Villeneuve,0,9,1999,0
rosa,Pedro de la Rosa,0,9,1999,1
zonta,Ricardo Zonta,0,9,1999,0
panis,Olivier Panis,0,9,1999,1
gene,Marc Gené,0,9,1999,0
frentzen,Heinz-Harald Frentzen,3,9,1999,29
alesi,Jean Alesi,0,9,1999,1
irvine,Eddie Irvine,10,9,1999,42
hakkinen,Mika Häkkinen,4,9,1999,44
salo,Mika Salo,0,9,1999,0
diniz,Pedro Diniz,1,9,1999,3
herbert,Johnny Herbert,0,9,1999,2
takagi,Toranosuke Takagi,0,9,1999,0
badoer,Luca Badoer,0,9,1999,0
zanardi,Alessandro Zanardi,0,9,1999,0
damon_hill,Damon Hill,0,9,1999,5
coulthard,David Coulthard,6,9,1999,28
trulli,Jarno Trulli,0,9,1999,1
coulthard,David Coulthard,2,10,1999,30
trulli,Jarno Trulli,0,10,1999,1
fisichella,Giancarlo Fisichella,0,10,1999,13
barrichello,Rubens Barrichello,0,10,1999,10
ralf_schumacher,Ralf Schumacher,3,10,1999,22
wurz,Alexander Wurz,0,10,1999,3
villeneuve,Jacques Villeneuve,0,10,1999,0
rosa,Pedro de la Rosa,0,10,1999,1
zonta,Ricardo Zonta,0,10,1999,0
panis,Olivier Panis,1,10,1999,2
gene,Marc Gené,0,10,1999,0
frentzen,Heinz-Harald Frentzen,4,10,1999,33
alesi,Jean Alesi,0,10,1999,1
irvine,Eddie Irvine,10,10,1999,52
hakkinen,Mika Häkkinen,0,10,1999,44
salo,Mika Salo,6,10,1999,6
diniz,Pedro Diniz,0,10,1999,3
herbert,Johnny Herbert,0,10,1999,2
takagi,Toranosuke Takagi,0,10,1999,0
badoer,Luca Badoer,0,10,1999,0
zanardi,Alessandro Zanardi,0,10,1999,0
damon_hill,Damon Hill,0,10,1999,5
panis,Olivier Panis,0,11,1999,2
gene,Marc Gené,0,11,1999,0
frentzen,Heinz-Harald Frentzen,3,11,1999,36
alesi,Jean Alesi,0,11,1999,1
irvine,Eddie Irvine,4,11,1999,56
hakkinen,Mika Häkkinen,10,11,1999,54
salo,Mika Salo,0,11,1999,6
diniz,Pedro Diniz,0,11,1999,3
herbert,Johnny Herbert,0,11,1999,2
takagi,Toranosuke Takagi,0,11,1999,0
badoer,Luca Badoer,0,11,1999,0
zanardi,Alessandro Zanardi,0,11,1999,0
damon_hill,Damon Hill,1,11,1999,6
coulthard,David Coulthard,6,11,1999,36
trulli,Jarno Trulli,0,11,1999,1
fisichella,Giancarlo Fisichella,0,11,1999,13
barrichello,Rubens Barrichello,2,11,1999,12
ralf_schumacher,Ralf Schumacher,0,11,1999,22
wurz,Alexander Wurz,0,11,1999,3
villeneuve,Jacques Villeneuve,0,11,1999,0
rosa,Pedro de la Rosa,0,11,1999,1
zonta,Ricardo Zonta,0,11,1999,0
fisichella,Giancarlo Fisichella,0,12,1999,13
barrichello,Rubens Barrichello,0,12,1999,12
ralf_schumacher,Ralf Schumacher,2,12,1999,24
wurz,Alexander Wurz,0,12,1999,3
villeneuve,Jacques Villeneuve,0,12,1999,0
rosa,Pedro de la Rosa,0,12,1999,1
zonta,Ricardo Zonta,0,12,1999,0
panis,Olivier Panis,0,12,1999,2
gene,Marc Gené,0,12,1999,0
frentzen,Heinz-Harald Frentzen,4,12,1999,40
alesi,Jean Alesi,0,12,1999,1
irvine,Eddie Irvine,3,12,1999,59
hakkinen,Mika Häkkinen,6,12,1999,60
salo,Mika Salo,0,12,1999,6
diniz,Pedro Diniz,0,12,1999,3
herbert,Johnny Herbert,0,12,1999,2
takagi,Toranosuke Takagi,0,12,1999,0
badoer,Luca Badoer,0,12,1999,0
zanardi,Alessandro Zanardi,0,12,1999,0
damon_hill,Damon Hill,1,12,1999,7
coulthard,David Coulthard,10,12,1999,46
trulli,Jarno Trulli,0,12,1999,1
coulthard,David Coulthard,2,13,1999,48
trulli,Jarno Trulli,0,13,1999,1
fisichella,Giancarlo Fisichella,0,13,1999,13
barrichello,Rubens Barrichello,3,13,1999,15
ralf_schumacher,Ralf Schumacher,6,13,1999,30
wurz,Alexander Wurz,0,13,1999,3
villeneuve,Jacques Villeneuve,0,13,1999,0
rosa,Pedro de la Rosa,0,13,1999,1
zonta,Ricardo Zonta,0,13,1999,0
panis,Olivier Panis,0,13,1999,2
gene,Marc Gené,0,13,1999,0
frentzen,Heinz-Harald Frentzen,10,13,1999,50
alesi,Jean Alesi,0,13,1999,1
irvine,Eddie Irvine,1,13,1999,60
hakkinen,Mika Häkkinen,0,13,1999,60
salo,Mika Salo,4,13,1999,10
diniz,Pedro Diniz,0,13,1999,3
herbert,Johnny Herbert,0,13,1999,2
takagi,Toranosuke Takagi,0,13,1999,0
badoer,Luca Badoer,0,13,1999,0
zanardi,Alessandro Zanardi,0,13,1999,0
damon_hill,Damon Hill,0,13,1999,7
panis,Olivier Panis,0,14,1999,2
gene,Marc Gené,1,14,1999,1
frentzen,Heinz-Harald Frentzen,0,14,1999,50
alesi,Jean Alesi,0,14,1999,1
irvine,Eddie Irvine,0,14,1999,60
hakkinen,Mika Häkkinen,2,14,1999,62
salo,Mika Salo,0,14,1999,10
diniz,Pedro Diniz,0,14,1999,3
herbert,Johnny Herbert,10,14,1999,12
takagi,Toranosuke Takagi,0,14,1999,0
badoer,Luca Badoer,0,14,1999,0
zanardi,Alessandro Zanardi,0,14,1999,0
damon_hill,Damon Hill,0,14,1999,7
coulthard,David Coulthard,0,14,1999,48
trulli,Jarno Trulli,6,14,1999,7
fisichella,Giancarlo Fisichella,0,14,1999,13
barrichello,Rubens Barrichello,4,14,1999,19
ralf_schumacher,Ralf Schumacher,3,14,1999,33
wurz,Alexander Wurz,0,14,1999,3
villeneuve,Jacques Villeneuve,0,14,1999,0
rosa,Pedro de la Rosa,0,14,1999,1
zonta,Ricardo Zonta,0,14,1999,0
fisichella,Giancarlo Fisichella,0,15,1999,13
barrichello,Rubens Barrichello,2,15,1999,21
ralf_schumacher,Ralf Schumacher,0,15,1999,33
wurz,Alexander Wurz,0,15,1999,3
michael_schumacher,Michael Schumacher,6,15,1999,38
villeneuve,Jacques Villeneuve,0,15,1999,0
rosa,Pedro de la Rosa,0,15,1999,1
zonta,Ricardo Zonta,0,15,1999,0
panis,Olivier Panis,0,15,1999,2
gene,Marc Gené,0,15,1999,1
frentzen,Heinz-Harald Frentzen,1,15,1999,51
alesi,Jean Alesi,0,15,1999,1
irvine,Eddie Irvine,10,15,1999,70
hakkinen,Mika Häkkinen,4,15,1999,66
diniz,Pedro Diniz,0,15,1999,3
herbert,Johnny Herbert,3,15,1999,15
takagi,Toranosuke Takagi,0,15,1999,0
badoer,Luca Badoer,0,15,1999,0
zanardi,Alessandro Zanardi,0,15,1999,0
damon_hill,Damon Hill,0,15,1999,7
coulthard,David Coulthard,0,15,1999,48
trulli,Jarno Trulli,0,15,1999,7
coulthard,David Coulthard,0,16,1999,48
trulli,Jarno Trulli,0,16,1999,7
fisichella,Giancarlo Fisichella,0,16,1999,13
barrichello,Rubens Barrichello,0,16,1999,21
ralf_schumacher,Ralf Schumacher,2,16,1999,35
wurz,Alexander Wurz,0,16,1999,3
michael_schumacher,Michael Schumacher,6,16,1999,44
villeneuve,Jacques Villeneuve,0,16,1999,0
rosa,Pedro de la Rosa,0,16,1999,1
zonta,Ricardo Zonta,0,16,1999,0
panis,Olivier Panis,0,16,1999,2
gene,Marc Gené,0,16,1999,1
frentzen,Heinz-Harald Frentzen,3,16,1999,54
alesi,Jean Alesi,1,16,1999,2
irvine,Eddie Irvine,4,16,1999,74
hakkinen,Mika Häkkinen,10,16,1999,76
diniz,Pedro Diniz,0,16,1999,3
herbert,Johnny Herbert,0,16,1999,15
takagi,Toranosuke Takagi,0,16,1999,0
badoer,Luca Badoer,0,16,1999,0
zanardi,Alessandro Zanardi,0,16,1999,0
damon_hill,Damon Hill,0,16,1999,7
panis,Olivier Panis,0,1,1998,0
frentzen,Heinz-Harald Frentzen,4,1,1998,4
alesi,Jean Alesi,0,1,1998,0
irvine,Eddie Irvine,3,1,1998,3
hakkinen,Mika Häkkinen,10,1,1998,10
salo,Mika Salo,0,1,1998,0
diniz,Pedro Diniz,0,1,1998,0
herbert,Johnny Herbert,1,1,1998,1
takagi,Toranosuke Takagi,0,1,1998,0
damon_hill,Damon Hill,0,1,1998,0
rosset,Ricardo Rosset,0,1,1998,0
tuero,Esteban Tuero,0,1,1998,0
nakano,Shinji Nakano,0,1,1998,0
magnussen,Jan Magnussen,0,1,1998,0
coulthard,David Coulthard,6,1,1998,6
trulli,Jarno Trulli,0,1,1998,0
fisichella,Giancarlo Fisichella,0,1,1998,0
barrichello,Rubens Barrichello,0,1,1998,0
ralf_schumacher,Ralf Schumacher,0,1,1998,0
wurz,Alexander Wurz,0,1,1998,0
michael_schumacher,Michael Schumacher,0,1,1998,0
villeneuve,Jacques Villeneuve,2,1,1998,2
fisichella,Giancarlo Fisichella,1,2,1998,1
barrichello,Rubens Barrichello,0,2,1998,0
ralf_schumacher,Ralf Schumacher,0,2,1998,0
wurz,Alexander Wurz,3,2,1998,3
michael_schumacher,Michael Schumacher,4,2,1998,4
villeneuve,Jacques Villeneuve,0,2,1998,2
panis,Olivier Panis,0,2,1998,0
frentzen,Heinz-Harald Frentzen,2,2,1998,6
alesi,Jean Alesi,0,2,1998,0
irvine,Eddie Irvine,0,2,1998,3
hakkinen,Mika Häkkinen,10,2,1998,20
salo,Mika Salo,0,2,1998,0
diniz,Pedro Diniz,0,2,1998,0
herbert,Johnny Herbert,0,2,1998,1
takagi,Toranosuke Takagi,0,2,1998,0
damon_hill,Damon Hill,0,2,1998,0
rosset,Ricardo Rosset,0,2,1998,0
tuero,Esteban Tuero,0,2,1998,0
nakano,Shinji Nakano,0,2,1998,0
magnussen,Jan Magnussen,0,2,1998,0
coulthard,David Coulthard,6,2,1998,12
trulli,Jarno Trulli,0,2,1998,0
coulthard,David Coulthard,1,3,1998,13
trulli,Jarno Trulli,0,3,1998,0
fisichella,Giancarlo Fisichella,0,3,1998,1
barrichello,Rubens Barrichello,0,3,1998,0
ralf_schumacher,Ralf Schumacher,0,3,1998,0
wurz,Alexander Wurz,3,3,1998,6
michael_schumacher,Michael Schumacher,10,3,1998,14
villeneuve,Jacques Villeneuve,0,3,1998,2
panis,Olivier Panis,0,3,1998,0
frentzen,Heinz-Harald Frentzen,0,3,1998,6
alesi,Jean Alesi,2,3,1998,2
irvine,Eddie Irvine,4,3,1998,7
hakkinen,Mika Häkkinen,6,3,1998,26
salo,Mika Salo,0,3,1998,0
diniz,Pedro Diniz,0,3,1998,0
herbert,Johnny Herbert,0,3,1998,1
takagi,Toranosuke Takagi,0,3,1998,0
damon_hill,Damon Hill,0,3,1998,0
rosset,Ricardo Rosset,0,3,1998,0
tuero,Esteban Tuero,0,3,1998,0
nakano,Shinji Nakano,0,3,1998,0
magnussen,Jan Magnussen,0,3,1998,0
panis,Olivier Panis,0,4,1998,0
frentzen,Heinz-Harald Frentzen,2,4,1998,8
alesi,Jean Alesi,1,4,1998,3
irvine,Eddie Irvine,4,4,1998,11
hakkinen,Mika Häkkinen,0,4,1998,26
salo,Mika Salo,0,4,1998,0
diniz,Pedro Diniz,0,4,1998,0
herbert,Johnny Herbert,0,4,1998,1
takagi,Toranosuke Takagi,0,4,1998,0
damon_hill,Damon Hill,0,4,1998,0
rosset,Ricardo Rosset,0,4,1998,0
tuero,Esteban Tuero,0,4,1998,0
nakano,Shinji Nakano,0,4,1998,0
magnussen,Jan Magnussen,0,4,1998,0
coulthard,David Coulthard,10,4,1998,23
trulli,Jarno Trulli,0,4,1998,0
fisichella,Giancarlo Fisichella,0,4,1998,1
barrichello,Rubens Barrichello,0,4,1998,0
ralf_schumacher,Ralf Schumacher,0,4,1998,0
wurz,Alexander Wurz,0,4,1998,6
michael_schumacher,Michael Schumacher,6,4,1998,20
villeneuve,Jacques Villeneuve,3,4,1998,5
fisichella,Giancarlo Fisichella,0,5,1998,1
barrichello,Rubens Barrichello,2,5,1998,2
ralf_schumacher,Ralf Schumacher,0,5,1998,0
wurz,Alexander Wurz,3,5,1998,9
michael_schumacher,Michael Schumacher,4,5,1998,24
villeneuve,Jacques Villeneuve,1,5,1998,6
panis,Olivier Panis,0,5,1998,0
frentzen,Heinz-Harald Frentzen,0,5,1998,8
alesi,Jean Alesi,0,5,1998,3
irvine,Eddie Irvine,0,5,1998,11
hakkinen,Mika Häkkinen,10,5,1998,36
salo,Mika Salo,0,5,1998,0
diniz,Pedro Diniz,0,5,1998,0
herbert,Johnny Herbert,0,5,1998,1
takagi,Toranosuke Takagi,0,5,1998,0
damon_hill,Damon Hill,0,5,1998,0
tuero,Esteban Tuero,0,5,1998,0
nakano,Shinji Nakano,0,5,1998,0
magnussen,Jan Magnussen,0,5,1998,0
coulthard,David Coulthard,6,5,1998,29
trulli,Jarno Trulli,0,5,1998,0
coulthard,David Coulthard,0,6,1998,29
trulli,Jarno Trulli,0,6,1998,0
fisichella,Giancarlo Fisichella,6,6,1998,7
barrichello,Rubens Barrichello,0,6,1998,2
ralf_schumacher,Ralf Schumacher,0,6,1998,0
wurz,Alexander Wurz,0,6,1998,9
michael_schumacher,Michael Schumacher,0,6,1998,24
villeneuve,Jacques Villeneuve,2,6,1998,8
panis,Olivier Panis,0,6,1998,0
frentzen,Heinz-Harald Frentzen,0,6,1998,8
alesi,Jean Alesi,0,6,1998,3
irvine,Eddie Irvine,4,6,1998,15
hakkinen,Mika Häkkinen,10,6,1998,46
salo,Mika Salo,3,6,1998,3
diniz,Pedro Diniz,1,6,1998,1
herbert,Johnny Herbert,0,6,1998,1
takagi,Toranosuke Takagi,0,6,1998,0
damon_hill,Damon Hill,0,6,1998,0
rosset,Ricardo Rosset,0,6,1998,0
tuero,Esteban Tuero,0,6,1998,0
nakano,Shinji Nakano,0,6,1998,0
magnussen,Jan Magnussen,0,6,1998,0
panis,Olivier Panis,0,7,1998,0
frentzen,Heinz-Harald Frentzen,0,7,1998,8
alesi,Jean Alesi,0,7,1998,3
irvine,Eddie Irvine,4,7,1998,19
hakkinen,Mika Häkkinen,0,7,1998,46
salo,Mika Salo,0,7,1998,3
diniz,Pedro Diniz,0,7,1998,1
herbert,Johnny Herbert,0,7,1998,1
takagi,Toranosuke Takagi,0,7,1998,0
damon_hill,Damon Hill,0,7,1998,0
rosset,Ricardo Rosset,0,7,1998,0
tuero,Esteban Tuero,0,7,1998,0
nakano,Shinji Nakano,0,7,1998,0
magnussen,Jan Magnussen,1,7,1998,1
coulthard,David Coulthard,0,7,1998,29
trulli,Jarno Trulli,0,7,1998,0
fisichella,Giancarlo Fisichella,6,7,1998,13
barrichello,Rubens Barrichello,2,7,1998,4
ralf_schumacher,Ralf Schumacher,0,7,1998,0
wurz,Alexander Wurz,3,7,1998,12
michael_schumacher,Michael Schumacher,10,7,1998,34
villeneuve,Jacques Villeneuve,0,7,1998,8
fisichella,Giancarlo Fisichella,0,8,1998,13
barrichello,Rubens Barrichello,0,8,1998,4
ralf_schumacher,Ralf Schumacher,0,8,1998,0
wurz,Alexander Wurz,2,8,1998,14
michael_schumacher,Michael Schumacher,10,8,1998,44
villeneuve,Jacques Villeneuve,3,8,1998,11
panis,Olivier Panis,0,8,1998,0
frentzen,Heinz-Harald Frentzen,0,8,1998,8
verstappen,Jos Verstappen,0,8,1998,0
alesi,Jean Alesi,0,8,1998,3
irvine,Eddie Irvine,6,8,1998,25
hakkinen,Mika Häkkinen,4,8,1998,50
salo,Mika Salo,0,8,1998,3
diniz,Pedro Diniz,0,8,1998,1
herbert,Johnny Herbert,0,8,1998,1
takagi,Toranosuke Takagi,0,8,1998,0
damon_hill,Damon Hill,0,8,1998,0
rosset,Ricardo Rosset,0,8,1998,0
tuero,Esteban Tuero,0,8,1998,0
nakano,Shinji Nakano,0,8,1998,0
coulthard,David Coulthard,1,8,1998,30
trulli,Jarno Trulli,0,8,1998,0
coulthard,David Coulthard,0,9,1998,30
trulli,Jarno Trulli,0,9,1998,0
fisichella,Giancarlo Fisichella,2,9,1998,15
barrichello,Rubens Barrichello,0,9,1998,4
ralf_schumacher,Ralf Schumacher,1,9,1998,1
wurz,Alexander Wurz,3,9,1998,17
michael_schumacher,Michael Schumacher,10,9,1998,54
villeneuve,Jacques Villeneuve,0,9,1998,11
panis,Olivier Panis,0,9,1998,0
frentzen,Heinz-Harald Frentzen,0,9,1998,8
verstappen,Jos Verstappen,0,9,1998,0
alesi,Jean Alesi,0,9,1998,3
irvine,Eddie Irvine,4,9,1998,29
hakkinen,Mika Häkkinen,6,9,1998,56
salo,Mika Salo,0,9,1998,3
diniz,Pedro Diniz,0,9,1998,1
herbert,Johnny Herbert,0,9,1998,1
takagi,Toranosuke Takagi,0,9,1998,0
damon_hill,Damon Hill,0,9,1998,0
rosset,Ricardo Rosset,0,9,1998,0
tuero,Esteban Tuero,0,9,1998,0
nakano,Shinji Nakano,0,9,1998,0
panis,Olivier Panis,0,10,1998,0
frentzen,Heinz-Harald Frentzen,0,10,1998,8
verstappen,Jos Verstappen,0,10,1998,0
alesi,Jean Alesi,0,10,1998,3
irvine,Eddie Irvine,3,10,1998,32
hakkinen,Mika Häkkinen,10,10,1998,66
salo,Mika Salo,0,10,1998,3
diniz,Pedro Diniz,0,10,1998,1
herbert,Johnny Herbert,0,10,1998,1
takagi,Toranosuke Takagi,0,10,1998,0
damon_hill,Damon Hill,0,10,1998,0
rosset,Ricardo Rosset,0,10,1998,0
tuero,Esteban Tuero,0,10,1998,0
nakano,Shinji Nakano,0,10,1998,0
coulthard,David Coulthard,6,10,1998,36
trulli,Jarno Trulli,0,10,1998,0
fisichella,Giancarlo Fisichella,0,10,1998,15
barrichello,Rubens Barrichello,0,10,1998,4
ralf_schumacher,Ralf Schumacher,2,10,1998,3
wurz,Alexander Wurz,0,10,1998,17
michael_schumacher,Michael Schumacher,4,10,1998,58
villeneuve,Jacques Villeneuve,1,10,1998,12
fisichella,Giancarlo Fisichella,0,11,1998,15
barrichello,Rubens Barrichello,0,11,1998,4
ralf_schumacher,Ralf Schumacher,1,11,1998,4
wurz,Alexander Wurz,0,11,1998,17
michael_schumacher,Michael Schumacher,2,11,1998,60
villeneuve,Jacques Villeneuve,4,11,1998,16
panis,Olivier Panis,0,11,1998,0
frentzen,Heinz-Harald Frentzen,0,11,1998,8
verstappen,Jos Verstappen,0,11,1998,0
alesi,Jean Alesi,0,11,1998,3
irvine,Eddie Irvine,0,11,1998,32
hakkinen,Mika Häkkinen,10,11,1998,76
salo,Mika Salo,0,11,1998,3
diniz,Pedro Diniz,0,11,1998,1
herbert,Johnny Herbert,0,11,1998,1
takagi,Toranosuke Takagi,0,11,1998,0
damon_hill,Damon Hill,3,11,1998,3
tuero,Esteban Tuero,0,11,1998,0
nakano,Shinji Nakano,0,11,1998,0
coulthard,David Coulthard,6,11,1998,42
trulli,Jarno Trulli,0,11,1998,0
coulthard,David Coulthard,6,12,1998,48
trulli,Jarno Trulli,0,12,1998,0
fisichella,Giancarlo Fisichella,0,12,1998,15
barrichello,Rubens Barrichello,0,12,1998,4
ralf_schumacher,Ralf Schumacher,0,12,1998,4
wurz,Alexander Wurz,0,12,1998,17
michael_schumacher,Michael Schumacher,10,12,1998,70
villeneuve,Jacques Villeneuve,4,12,1998,20
panis,Olivier Panis,0,12,1998,0
frentzen,Heinz-Harald Frentzen,2,12,1998,10
verstappen,Jos Verstappen,0,12,1998,0
alesi,Jean Alesi,0,12,1998,3
irvine,Eddie Irvine,0,12,1998,32
hakkinen,Mika Häkkinen,1,12,1998,77
salo,Mika Salo,0,12,1998,3
diniz,Pedro Diniz,0,12,1998,1
herbert,Johnny Herbert,0,12,1998,1
takagi,Toranosuke Takagi,0,12,1998,0
damon_hill,Damon Hill,3,12,1998,6
tuero,Esteban Tuero,0,12,1998,0
nakano,Shinji Nakano,0,12,1998,0
panis,Olivier Panis,0,13,1998,0
frentzen,Heinz-Harald Frentzen,3,13,1998,13
verstappen,Jos Verstappen,0,13,1998,0
alesi,Jean Alesi,4,13,1998,7
irvine,Eddie Irvine,0,13,1998,32
hakkinen,Mika Häkkinen,0,13,1998,77
salo,Mika Salo,0,13,1998,3
diniz,Pedro Diniz,2,13,1998,3
herbert,Johnny Herbert,0,13,1998,1
takagi,Toranosuke Takagi,0,13,1998,0
damon_hill,Damon Hill,10,13,1998,16
rosset,Ricardo Rosset,0,13,1998,0
tuero,Esteban Tuero,0,13,1998,0
nakano,Shinji Nakano,0,13,1998,0
coulthard,David Coulthard,0,13,1998,48
trulli,Jarno Trulli,1,13,1998,1
fisichella,Giancarlo Fisichella,0,13,1998,15
barrichello,Rubens Barrichello,0,13,1998,4
ralf_schumacher,Ralf Schumacher,6,13,1998,10
wurz,Alexander Wurz,0,13,1998,17
michael_schumacher,Michael Schumacher,0,13,1998,70
villeneuve,Jacques Villeneuve,0,13,1998,20
fisichella,Giancarlo Fisichella,0,14,1998,15
barrichello,Rubens Barrichello,0,14,1998,4
ralf_schumacher,Ralf Schumacher,4,14,1998,14
wurz,Alexander Wurz,0,14,1998,17
michael_schumacher,Michael Schumacher,10,14,1998,80
villeneuve,Jacques Villeneuve,0,14,1998,20
panis,Olivier Panis,0,14,1998,0
frentzen,Heinz-Harald Frentzen,0,14,1998,13
verstappen,Jos Verstappen,0,14,1998,0
alesi,Jean Alesi,2,14,1998,9
irvine,Eddie Irvine,6,14,1998,38
hakkinen,Mika Häkkinen,3,14,1998,80
salo,Mika Salo,0,14,1998,3
diniz,Pedro Diniz,0,14,1998,3
herbert,Johnny Herbert,0,14,1998,1
takagi,Toranosuke Takagi,0,14,1998,0
damon_hill,Damon Hill,1,14,1998,17
rosset,Ricardo Rosset,0,14,1998,0
tuero,Esteban Tuero,0,14,1998,0
nakano,Shinji Nakano,0,14,1998,0
coulthard,David Coulthard,0,14,1998,48
trulli,Jarno Trulli,0,14,1998,1
coulthard,David Coulthard,4,15,1998,52
trulli,Jarno Trulli,0,15,1998,1
fisichella,Giancarlo Fisichella,1,15,1998,16
barrichello,Rubens Barrichello,0,15,1998,4
ralf_schumacher,Ralf Schumacher,0,15,1998,14
wurz,Alexander Wurz,0,15,1998,17
michael_schumacher,Michael Schumacher,6,15,1998,86
villeneuve,Jacques Villeneuve,0,15,1998,20
panis,Olivier Panis,0,15,1998,0
frentzen,Heinz-Harald Frentzen,2,15,1998,15
verstappen,Jos Verstappen,0,15,1998,0
alesi,Jean Alesi,0,15,1998,9
irvine,Eddie Irvine,3,15,1998,41
hakkinen,Mika Häkkinen,10,15,1998,90
salo,Mika Salo,0,15,1998,3
diniz,Pedro Diniz,0,15,1998,3
herbert,Johnny Herbert,0,15,1998,1
takagi,Toranosuke Takagi,0,15,1998,0
damon_hill,Damon Hill,0,15,1998,17
rosset,Ricardo Rosset,0,15,1998,0
tuero,Esteban Tuero,0,15,1998,0
nakano,Shinji Nakano,0,15,1998,0
panis,Olivier Panis,0,16,1998,0
frentzen,Heinz-Harald Frentzen,2,16,1998,17
verstappen,Jos Verstappen,0,16,1998,0
alesi,Jean Alesi,0,16,1998,9
irvine,Eddie Irvine,6,16,1998,47
hakkinen,Mika Häkkinen,10,16,1998,100
salo,Mika Salo,0,16,1998,3
diniz,Pedro Diniz,0,16,1998,3
herbert,Johnny Herbert,0,16,1998,1
takagi,Toranosuke Takagi,0,16,1998,0
damon_hill,Damon Hill,3,16,1998,20
rosset,Ricardo Rosset,0,16,1998,0
tuero,Esteban Tuero,0,16,1998,0
nakano,Shinji Nakano,0,16,1998,0
coulthard,David Coulthard,4,16,1998,56
trulli,Jarno Trulli,0,16,1998,1
fisichella,Giancarlo Fisichella,0,16,1998,16
barrichello,Rubens Barrichello,0,16,1998,4
ralf_schumacher,Ralf Schumacher,0,16,1998,14
wurz,Alexander Wurz,0,16,1998,17
michael_schumacher,Michael Schumacher,0,16,1998,86
villeneuve,Jacques Villeneuve,1,16,1998,21
fisichella,Giancarlo Fisichella,0,1,1997,0
barrichello,Rubens Barrichello,0,1,1997,0
ralf_schumacher,Ralf Schumacher,0,1,1997,0
michael_schumacher,Michael Schumacher,6,1,1997,6
villeneuve,Jacques Villeneuve,0,1,1997,0
panis,Olivier Panis,2,1,1997,2
frentzen,Heinz-Harald Frentzen,0,1,1997,0
verstappen,Jos Verstappen,0,1,1997,0
alesi,Jean Alesi,0,1,1997,0
irvine,Eddie Irvine,0,1,1997,0
hakkinen,Mika Häkkinen,4,1,1997,4
salo,Mika Salo,0,1,1997,0
diniz,Pedro Diniz,0,1,1997,0
herbert,Johnny Herbert,0,1,1997,0
damon_hill,Damon Hill,0,1,1997,0
rosset,Ricardo Rosset,0,1,1997,0
nakano,Shinji Nakano,0,1,1997,0
magnussen,Jan Magnussen,0,1,1997,0
berger,Gerhard Berger,3,1,1997,3
larini,Nicola Larini,1,1,1997,1
katayama,Ukyo Katayama,0,1,1997,0
sospiri,Vincenzo Sospiri,0,1,1997,0
coulthard,David Coulthard,10,1,1997,10
trulli,Jarno Trulli,0,1,1997,0
coulthard,David Coulthard,0,2,1997,10
trulli,Jarno Trulli,0,2,1997,0
fisichella,Giancarlo Fisichella,0,2,1997,0
barrichello,Rubens Barrichello,0,2,1997,0
ralf_schumacher,Ralf Schumacher,0,2,1997,0
michael_schumacher,Michael Schumacher,2,2,1997,8
villeneuve,Jacques Villeneuve,10,2,1997,10
panis,Olivier Panis,4,2,1997,6
frentzen,Heinz-Harald Frentzen,0,2,1997,0
verstappen,Jos Verstappen,0,2,1997,0
alesi,Jean Alesi,1,2,1997,1
irvine,Eddie Irvine,0,2,1997,0
hakkinen,Mika Häkkinen,3,2,1997,7
salo,Mika Salo,0,2,1997,0
diniz,Pedro Diniz,0,2,1997,0
herbert,Johnny Herbert,0,2,1997,0
damon_hill,Damon Hill,0,2,1997,0
nakano,Shinji Nakano,0,2,1997,0
magnussen,Jan Magnussen,0,2,1997,0
berger,Gerhard Berger,6,2,1997,9
larini,Nicola Larini,0,2,1997,1
katayama,Ukyo Katayama,0,2,1997,0
panis,Olivier Panis,0,3,1997,6
frentzen,Heinz-Harald Frentzen,0,3,1997,0
verstappen,Jos Verstappen,0,3,1997,0
alesi,Jean Alesi,0,3,1997,1
irvine,Eddie Irvine,6,3,1997,6
hakkinen,Mika Häkkinen,2,3,1997,9
salo,Mika Salo,0,3,1997,0
diniz,Pedro Diniz,0,3,1997,0
herbert,Johnny Herbert,3,3,1997,3
damon_hill,Damon Hill,0,3,1997,0
nakano,Shinji Nakano,0,3,1997,0
magnussen,Jan Magnussen,0,3,1997,0
berger,Gerhard Berger,1,3,1997,10
larini,Nicola Larini,0,3,1997,1
katayama,Ukyo Katayama,0,3,1997,0
coulthard,David Coulthard,0,3,1997,10
trulli,Jarno Trulli,0,3,1997,0
fisichella,Giancarlo Fisichella,0,3,1997,0
barrichello,Rubens Barrichello,0,3,1997,0
ralf_schumacher,Ralf Schumacher,4,3,1997,4
michael_schumacher,Michael Schumacher,0,3,1997,8
villeneuve,Jacques Villeneuve,10,3,1997,20
fisichella,Giancarlo Fisichella,3,4,1997,3
barrichello,Rubens Barrichello,0,4,1997,0
ralf_schumacher,Ralf Schumacher,0,4,1997,4
michael_schumacher,Michael Schumacher,6,4,1997,14
villeneuve,Jacques Villeneuve,0,4,1997,20
panis,Olivier Panis,0,4,1997,6
frentzen,Heinz-Harald Frentzen,10,4,1997,10
verstappen,Jos Verstappen,0,4,1997,0
alesi,Jean Alesi,2,4,1997,3
irvine,Eddie Irvine,4,4,1997,10
hakkinen,Mika Häkkinen,1,4,1997,10
salo,Mika Salo,0,4,1997,0
diniz,Pedro Diniz,0,4,1997,0
herbert,Johnny Herbert,0,4,1997,3
damon_hill,Damon Hill,0,4,1997,0
nakano,Shinji Nakano,0,4,1997,0
magnussen,Jan Magnussen,0,4,1997,0
berger,Gerhard Berger,0,4,1997,10
larini,Nicola Larini,0,4,1997,1
katayama,Ukyo Katayama,0,4,1997,0
coulthard,David Coulthard,0,4,1997,10
trulli,Jarno Trulli,0,4,1997,0
coulthard,David Coulthard,0,5,1997,10
trulli,Jarno Trulli,0,5,1997,0
fisichella,Giancarlo Fisichella,1,5,1997,4
barrichello,Rubens Barrichello,6,5,1997,6
ralf_schumacher,Ralf Schumacher,0,5,1997,4
michael_schumacher,Michael Schumacher,10,5,1997,24
villeneuve,Jacques Villeneuve,0,5,1997,20
panis,Olivier Panis,3,5,1997,9
frentzen,Heinz-Harald Frentzen,0,5,1997,10
verstappen,Jos Verstappen,0,5,1997,0
alesi,Jean Alesi,0,5,1997,3
irvine,Eddie Irvine,4,5,1997,14
hakkinen,Mika Häkkinen,0,5,1997,10
salo,Mika Salo,2,5,1997,2
diniz,Pedro Diniz,0,5,1997,0
herbert,Johnny Herbert,0,5,1997,3
damon_hill,Damon Hill,0,5,1997,0
nakano,Shinji Nakano,0,5,1997,0
magnussen,Jan Magnussen,0,5,1997,0
berger,Gerhard Berger,0,5,1997,10
larini,Nicola Larini,0,5,1997,1
katayama,Ukyo Katayama,0,5,1997,0
panis,Olivier Panis,6,6,1997,15
frentzen,Heinz-Harald Frentzen,0,6,1997,10
verstappen,Jos Verstappen,0,6,1997,0
alesi,Jean Alesi,4,6,1997,7
irvine,Eddie Irvine,0,6,1997,14
hakkinen,Mika Häkkinen,0,6,1997,10
salo,Mika Salo,0,6,1997,2
diniz,Pedro Diniz,0,6,1997,0
herbert,Johnny Herbert,2,6,1997,5
damon_hill,Damon Hill,0,6,1997,0
nakano,Shinji Nakano,0,6,1997,0
magnussen,Jan Magnussen,0,6,1997,0
berger,Gerhard Berger,0,6,1997,10
katayama,Ukyo Katayama,0,6,1997,0
morbidelli,Gianni Morbidelli,0,6,1997,0
coulthard,David Coulthard,1,6,1997,11
trulli,Jarno Trulli,0,6,1997,0
fisichella,Giancarlo Fisichella,0,6,1997,4
barrichello,Rubens Barrichello,0,6,1997,6
ralf_schumacher,Ralf Schumacher,0,6,1997,4
michael_schumacher,Michael Schumacher,3,6,1997,27
villeneuve,Jacques Villeneuve,10,6,1997,30
fisichella,Giancarlo Fisichella,4,7,1997,8
barrichello,Rubens Barrichello,0,7,1997,6
ralf_schumacher,Ralf Schumacher,0,7,1997,4
wurz,Alexander Wurz,0,7,1997,0
michael_schumacher,Michael Schumacher,10,7,1997,37
villeneuve,Jacques Villeneuve,0,7,1997,30
panis,Olivier Panis,0,7,1997,15
frentzen,Heinz-Harald Frentzen,3,7,1997,13
verstappen,Jos Verstappen,0,7,1997,0
alesi,Jean Alesi,6,7,1997,13
irvine,Eddie Irvine,0,7,1997,14
hakkinen,Mika Häkkinen,0,7,1997,10
salo,Mika Salo,0,7,1997,2
diniz,Pedro Diniz,0,7,1997,0
herbert,Johnny Herbert,2,7,1997,7
damon_hill,Damon Hill,0,7,1997,0
nakano,Shinji Nakano,1,7,1997,1
magnussen,Jan Magnussen,0,7,1997,0
katayama,Ukyo Katayama,0,7,1997,0
morbidelli,Gianni Morbidelli,0,7,1997,0
coulthard,David Coulthard,0,7,1997,11
trulli,Jarno Trulli,0,7,1997,0
coulthard,David Coulthard,0,8,1997,11
trulli,Jarno Trulli,0,8,1997,0
fisichella,Giancarlo Fisichella,0,8,1997,8
barrichello,Rubens Barrichello,0,8,1997,6
ralf_schumacher,Ralf Schumacher,1,8,1997,5
wurz,Alexander Wurz,0,8,1997,0
michael_schumacher,Michael Schumacher,10,8,1997,47
villeneuve,Jacques Villeneuve,3,8,1997,33
frentzen,Heinz-Harald Frentzen,6,8,1997,19
verstappen,Jos Verstappen,0,8,1997,0
alesi,Jean Alesi,2,8,1997,15
irvine,Eddie Irvine,4,8,1997,18
hakkinen,Mika Häkkinen,0,8,1997,10
marques,Tarso Marques,0,8,1997,0
salo,Mika Salo,0,8,1997,2
diniz,Pedro Diniz,0,8,1997,0
herbert,Johnny Herbert,0,8,1997,7
damon_hill,Damon Hill,0,8,1997,0
nakano,Shinji Nakano,0,8,1997,1
magnussen,Jan Magnussen,0,8,1997,0
katayama,Ukyo Katayama,0,8,1997,0
fontana,Norberto Fontana,0,8,1997,0
frentzen,Heinz-Harald Frentzen,0,9,1997,19
verstappen,Jos Verstappen,0,9,1997,0
alesi,Jean Alesi,6,9,1997,21
irvine,Eddie Irvine,0,9,1997,18
hakkinen,Mika Häkkinen,0,9,1997,10
marques,Tarso Marques,0,9,1997,0
salo,Mika Salo,0,9,1997,2
diniz,Pedro Diniz,0,9,1997,0
herbert,Johnny Herbert,0,9,1997,7
damon_hill,Damon Hill,1,9,1997,1
nakano,Shinji Nakano,0,9,1997,1
magnussen,Jan Magnussen,0,9,1997,0
katayama,Ukyo Katayama,0,9,1997,0
fontana,Norberto Fontana,0,9,1997,0
coulthard,David Coulthard,3,9,1997,14
trulli,Jarno Trulli,0,9,1997,0
fisichella,Giancarlo Fisichella,0,9,1997,8
barrichello,Rubens Barrichello,0,9,1997,6
ralf_schumacher,Ralf Schumacher,2,9,1997,7
wurz,Alexander Wurz,4,9,1997,4
michael_schumacher,Michael Schumacher,0,9,1997,47
villeneuve,Jacques Villeneuve,10,9,1997,43
fisichella,Giancarlo Fisichella,0,10,1997,8
barrichello,Rubens Barrichello,0,10,1997,6
ralf_schumacher,Ralf Schumacher,2,10,1997,9
michael_schumacher,Michael Schumacher,6,10,1997,53
villeneuve,Jacques Villeneuve,0,10,1997,43
frentzen,Heinz-Harald Frentzen,0,10,1997,19
verstappen,Jos Verstappen,0,10,1997,0
alesi,Jean Alesi,1,10,1997,22
irvine,Eddie Irvine,0,10,1997,18
hakkinen,Mika Häkkinen,4,10,1997,14
marques,Tarso Marques,0,10,1997,0
salo,Mika Salo,0,10,1997,2
diniz,Pedro Diniz,0,10,1997,0
herbert,Johnny Herbert,0,10,1997,7
damon_hill,Damon Hill,0,10,1997,1
nakano,Shinji Nakano,0,10,1997,1
magnussen,Jan Magnussen,0,10,1997,0
berger,Gerhard Berger,10,10,1997,20
katayama,Ukyo Katayama,0,10,1997,0
fontana,Norberto Fontana,0,10,1997,0
coulthard,David Coulthard,0,10,1997,14
trulli,Jarno Trulli,3,10,1997,3
coulthard,David Coulthard,0,11,1997,14
trulli,Jarno Trulli,0,11,1997,3
fisichella,Giancarlo Fisichella,0,11,1997,8
barrichello,Rubens Barrichello,0,11,1997,6
ralf_schumacher,Ralf Schumacher,2,11,1997,11
michael_schumacher,Michael Schumacher,3,11,1997,56
villeneuve,Jacques Villeneuve,10,11,1997,53
frentzen,Heinz-Harald Frentzen,0,11,1997,19
verstappen,Jos Verstappen,0,11,1997,0
alesi,Jean Alesi,0,11,1997,22
irvine,Eddie Irvine,0,11,1997,18
hakkinen,Mika Häkkinen,0,11,1997,14
marques,Tarso Marques,0,11,1997,0
salo,Mika Salo,0,11,1997,2
diniz,Pedro Diniz,0,11,1997,0
herbert,Johnny Herbert,4,11,1997,11
damon_hill,Damon Hill,6,11,1997,7
nakano,Shinji Nakano,1,11,1997,2
magnussen,Jan Magnussen,0,11,1997,0
berger,Gerhard Berger,0,11,1997,20
katayama,Ukyo Katayama,0,11,1997,0
morbidelli,Gianni Morbidelli,0,11,1997,0
frentzen,Heinz-Harald Frentzen,4,12,1997,23
verstappen,Jos Verstappen,0,12,1997,0
alesi,Jean Alesi,0,12,1997,22
irvine,Eddie Irvine,0,12,1997,18
hakkinen,Mika Häkkinen,0,12,1997,14
marques,Tarso Marques,0,12,1997,0
salo,Mika Salo,0,12,1997,2
diniz,Pedro Diniz,0,12,1997,0
herbert,Johnny Herbert,3,12,1997,14
damon_hill,Damon Hill,0,12,1997,7
nakano,Shinji Nakano,0,12,1997,2
magnussen,Jan Magnussen,0,12,1997,0
berger,Gerhard Berger,1,12,1997,21
katayama,Ukyo Katayama,0,12,1997,0
morbidelli,Gianni Morbidelli,0,12,1997,0
coulthard,David Coulthard,0,12,1997,14
trulli,Jarno Trulli,0,12,1997,3
fisichella,Giancarlo Fisichella,6,12,1997,14
barrichello,Rubens Barrichello,0,12,1997,6
ralf_schumacher,Ralf Schumacher,0,12,1997,11
michael_schumacher,Michael Schumacher,10,12,1997,66
villeneuve,Jacques Villeneuve,2,12,1997,55
fisichella,Giancarlo Fisichella,3,13,1997,17
barrichello,Rubens Barrichello,0,13,1997,6
ralf_schumacher,Ralf Schumacher,0,13,1997,11
michael_schumacher,Michael Schumacher,1,13,1997,67
villeneuve,Jacques Villeneuve,2,13,1997,57
frentzen,Heinz-Harald Frentzen,4,13,1997,27
verstappen,Jos Verstappen,0,13,1997,0
alesi,Jean Alesi,6,13,1997,28
irvine,Eddie Irvine,0,13,1997,18
hakkinen,Mika Häkkinen,0,13,1997,14
marques,Tarso Marques,0,13,1997,0
salo,Mika Salo,0,13,1997,2
diniz,Pedro Diniz,0,13,1997,0
herbert,Johnny Herbert,0,13,1997,14
damon_hill,Damon Hill,0,13,1997,7
nakano,Shinji Nakano,0,13,1997,2
magnussen,Jan Magnussen,0,13,1997,0
berger,Gerhard Berger,0,13,1997,21
katayama,Ukyo Katayama,0,13,1997,0
morbidelli,Gianni Morbidelli,0,13,1997,0
coulthard,David Coulthard,10,13,1997,24
trulli,Jarno Trulli,0,13,1997,3
coulthard,David Coulthard,6,14,1997,30
trulli,Jarno Trulli,0,14,1997,3
fisichella,Giancarlo Fisichella,3,14,1997,20
barrichello,Rubens Barrichello,0,14,1997,6
ralf_schumacher,Ralf Schumacher,2,14,1997,13
michael_schumacher,Michael Schumacher,1,14,1997,68
villeneuve,Jacques Villeneuve,10,14,1997,67
frentzen,Heinz-Harald Frentzen,4,14,1997,31
verstappen,Jos Verstappen,0,14,1997,0
alesi,Jean Alesi,0,14,1997,28
irvine,Eddie Irvine,0,14,1997,18
hakkinen,Mika Häkkinen,0,14,1997,14
marques,Tarso Marques,0,14,1997,0
salo,Mika Salo,0,14,1997,2
diniz,Pedro Diniz,0,14,1997,0
herbert,Johnny Herbert,0,14,1997,14
damon_hill,Damon Hill,0,14,1997,7
nakano,Shinji Nakano,0,14,1997,2
magnussen,Jan Magnussen,0,14,1997,0
berger,Gerhard Berger,0,14,1997,21
katayama,Ukyo Katayama,0,14,1997,0
morbidelli,Gianni Morbidelli,0,14,1997,0
panis,Olivier Panis,1,15,1997,16
frentzen,Heinz-Harald Frentzen,4,15,1997,35
verstappen,Jos Verstappen,0,15,1997,0
alesi,Jean Alesi,6,15,1997,34
irvine,Eddie Irvine,0,15,1997,18
hakkinen,Mika Häkkinen,0,15,1997,14
marques,Tarso Marques,0,15,1997,0
salo,Mika Salo,0,15,1997,2
diniz,Pedro Diniz,2,15,1997,2
herbert,Johnny Herbert,0,15,1997,14
damon_hill,Damon Hill,0,15,1997,7
nakano,Shinji Nakano,0,15,1997,2
magnussen,Jan Magnussen,0,15,1997,0
berger,Gerhard Berger,3,15,1997,24
katayama,Ukyo Katayama,0,15,1997,0
morbidelli,Gianni Morbidelli,0,15,1997,0
coulthard,David Coulthard,0,15,1997,30
fisichella,Giancarlo Fisichella,0,15,1997,20
barrichello,Rubens Barrichello,0,15,1997,6
ralf_schumacher,Ralf Schumacher,0,15,1997,13
michael_schumacher,Michael Schumacher,0,15,1997,68
villeneuve,Jacques Villeneuve,10,15,1997,77
fisichella,Giancarlo Fisichella,0,16,1997,20
barrichello,Rubens Barrichello,0,16,1997,6
ralf_schumacher,Ralf Schumacher,0,16,1997,13
michael_schumacher,Michael Schumacher,10,16,1997,78
villeneuve,Jacques Villeneuve,0,16,1997,77
panis,Olivier Panis,0,16,1997,16
frentzen,Heinz-Harald Frentzen,6,16,1997,41
verstappen,Jos Verstappen,0,16,1997,0
alesi,Jean Alesi,2,16,1997,36
irvine,Eddie Irvine,4,16,1997,22
hakkinen,Mika Häkkinen,3,16,1997,17
marques,Tarso Marques,0,16,1997,0
salo,Mika Salo,0,16,1997,2
diniz,Pedro Diniz,0,16,1997,2
herbert,Johnny Herbert,1,16,1997,15
damon_hill,Damon Hill,0,16,1997,7
nakano,Shinji Nakano,0,16,1997,2
magnussen,Jan Magnussen,0,16,1997,0
berger,Gerhard Berger,0,16,1997,24
katayama,Ukyo Katayama,0,16,1997,0
morbidelli,Gianni Morbidelli,0,16,1997,0
coulthard,David Coulthard,0,16,1997,30
coulthard,David Coulthard,6,17,1997,36
fisichella,Giancarlo Fisichella,0,17,1997,20
barrichello,Rubens Barrichello,0,17,1997,6
ralf_schumacher,Ralf Schumacher,0,17,1997,13
michael_schumacher,Michael Schumacher,0,17,1997,78
villeneuve,Jacques Villeneuve,4,17,1997,81
panis,Olivier Panis,0,17,1997,16
frentzen,Heinz-Harald Frentzen,1,17,1997,42
verstappen,Jos Verstappen,0,17,1997,0
alesi,Jean Alesi,0,17,1997,36
irvine,Eddie Irvine,2,17,1997,24
hakkinen,Mika Häkkinen,10,17,1997,27
marques,Tarso Marques,0,17,1997,0
salo,Mika Salo,0,17,1997,2
diniz,Pedro Diniz,0,17,1997,2
herbert,Johnny Herbert,0,17,1997,15
damon_hill,Damon Hill,0,17,1997,7
nakano,Shinji Nakano,0,17,1997,2
magnussen,Jan Magnussen,0,17,1997,0
berger,Gerhard Berger,3,17,1997,27
katayama,Ukyo Katayama,0,17,1997,0
fontana,Norberto Fontana,0,17,1997,0
panis,Olivier Panis,0,1,1996,0
frentzen,Heinz-Harald Frentzen,0,1,1996,0
verstappen,Jos Verstappen,0,1,1996,0
alesi,Jean Alesi,0,1,1996,0
irvine,Eddie Irvine,4,1,1996,4
hakkinen,Mika Häkkinen,2,1,1996,2
salo,Mika Salo,1,1,1996,1
diniz,Pedro Diniz,0,1,1996,0
herbert,Johnny Herbert,0,1,1996,0
badoer,Luca Badoer,0,1,1996,0
damon_hill,Damon Hill,10,1,1996,10
rosset,Ricardo Rosset,0,1,1996,0
berger,Gerhard Berger,3,1,1996,3
katayama,Ukyo Katayama,0,1,1996,0
lamy,Pedro Lamy,0,1,1996,0
brundle,Martin Brundle,0,1,1996,0
montermini,Andrea Montermini,0,1,1996,0
coulthard,David Coulthard,0,1,1996,0
fisichella,Giancarlo Fisichella,0,1,1996,0
barrichello,Rubens Barrichello,0,1,1996,0
michael_schumacher,Michael Schumacher,0,1,1996,0
villeneuve,Jacques Villeneuve,6,1,1996,6
barrichello,Rubens Barrichello,0,2,1996,0
michael_schumacher,Michael Schumacher,4,2,1996,4
villeneuve,Jacques Villeneuve,0,2,1996,6
panis,Olivier Panis,1,2,1996,1
frentzen,Heinz-Harald Frentzen,0,2,1996,0
verstappen,Jos Verstappen,0,2,1996,0
alesi,Jean Alesi,6,2,1996,6
irvine,Eddie Irvine,0,2,1996,4
hakkinen,Mika Häkkinen,3,2,1996,5
marques,Tarso Marques,0,2,1996,0
salo,Mika Salo,2,2,1996,3
diniz,Pedro Diniz,0,2,1996,0
herbert,Johnny Herbert,0,2,1996,0
badoer,Luca Badoer,0,2,1996,0
damon_hill,Damon Hill,10,2,1996,20
rosset,Ricardo Rosset,0,2,1996,0
berger,Gerhard Berger,0,2,1996,3
katayama,Ukyo Katayama,0,2,1996,0
lamy,Pedro Lamy,0,2,1996,0
brundle,Martin Brundle,0,2,1996,0
montermini,Andrea Montermini,0,2,1996,0
coulthard,David Coulthard,0,2,1996,0
coulthard,David Coulthard,0,3,1996,0
barrichello,Rubens Barrichello,3,3,1996,3
michael_schumacher,Michael Schumacher,0,3,1996,4
villeneuve,Jacques Villeneuve,6,3,1996,12
panis,Olivier Panis,0,3,1996,1
frentzen,Heinz-Harald Frentzen,0,3,1996,0
verstappen,Jos Verstappen,1,3,1996,1
alesi,Jean Alesi,4,3,1996,10
irvine,Eddie Irvine,2,3,1996,6
hakkinen,Mika Häkkinen,0,3,1996,5
marques,Tarso Marques,0,3,1996,0
salo,Mika Salo,0,3,1996,3
diniz,Pedro Diniz,0,3,1996,0
herbert,Johnny Herbert,0,3,1996,0
badoer,Luca Badoer,0,3,1996,0
damon_hill,Damon Hill,10,3,1996,30
rosset,Ricardo Rosset,0,3,1996,0
berger,Gerhard Berger,0,3,1996,3
katayama,Ukyo Katayama,0,3,1996,0
lamy,Pedro Lamy,0,3,1996,0
brundle,Martin Brundle,0,3,1996,0
montermini,Andrea Montermini,0,3,1996,0
panis,Olivier Panis,0,4,1996,1
frentzen,Heinz-Harald Frentzen,0,4,1996,0
verstappen,Jos Verstappen,0,4,1996,1
alesi,Jean Alesi,0,4,1996,10
irvine,Eddie Irvine,0,4,1996,6
hakkinen,Mika Häkkinen,0,4,1996,5
salo,Mika Salo,0,4,1996,3
diniz,Pedro Diniz,0,4,1996,0
herbert,Johnny Herbert,0,4,1996,0
badoer,Luca Badoer,0,4,1996,0
damon_hill,Damon Hill,3,4,1996,33
rosset,Ricardo Rosset,0,4,1996,0
berger,Gerhard Berger,0,4,1996,3
katayama,Ukyo Katayama,0,4,1996,0
lamy,Pedro Lamy,0,4,1996,0
brundle,Martin Brundle,1,4,1996,1
montermini,Andrea Montermini,0,4,1996,0
coulthard,David Coulthard,4,4,1996,4
fisichella,Giancarlo Fisichella,0,4,1996,0
barrichello,Rubens Barrichello,2,4,1996,5
michael_schumacher,Michael Schumacher,6,4,1996,10
villeneuve,Jacques Villeneuve,10,4,1996,22
fisichella,Giancarlo Fisichella,0,5,1996,0
barrichello,Rubens Barrichello,2,5,1996,7
michael_schumacher,Michael Schumacher,6,5,1996,16
villeneuve,Jacques Villeneuve,0,5,1996,22
panis,Olivier Panis,0,5,1996,1
frentzen,Heinz-Harald Frentzen,0,5,1996,0
verstappen,Jos Verstappen,0,5,1996,1
alesi,Jean Alesi,1,5,1996,11
irvine,Eddie Irvine,3,5,1996,9
hakkinen,Mika Häkkinen,0,5,1996,5
salo,Mika Salo,0,5,1996,3
diniz,Pedro Diniz,0,5,1996,0
herbert,Johnny Herbert,0,5,1996,0
badoer,Luca Badoer,0,5,1996,0
damon_hill,Damon Hill,10,5,1996,43
rosset,Ricardo Rosset,0,5,1996,0
berger,Gerhard Berger,4,5,1996,7
katayama,Ukyo Katayama,0,5,1996,0
lamy,Pedro Lamy,0,5,1996,0
brundle,Martin Brundle,0,5,1996,1
montermini,Andrea Montermini,0,5,1996,0
coulthard,David Coulthard,0,5,1996,4
coulthard,David Coulthard,6,6,1996,10
fisichella,Giancarlo Fisichella,0,6,1996,0
barrichello,Rubens Barrichello,0,6,1996,7
michael_schumacher,Michael Schumacher,0,6,1996,16
villeneuve,Jacques Villeneuve,0,6,1996,22
panis,Olivier Panis,10,6,1996,11
frentzen,Heinz-Harald Frentzen,3,6,1996,3
verstappen,Jos Verstappen,0,6,1996,1
alesi,Jean Alesi,0,6,1996,11
irvine,Eddie Irvine,0,6,1996,9
hakkinen,Mika Häkkinen,1,6,1996,6
salo,Mika Salo,2,6,1996,5
diniz,Pedro Diniz,0,6,1996,0
herbert,Johnny Herbert,4,6,1996,4
badoer,Luca Badoer,0,6,1996,0
damon_hill,Damon Hill,0,6,1996,43
rosset,Ricardo Rosset,0,6,1996,0
berger,Gerhard Berger,0,6,1996,7
katayama,Ukyo Katayama,0,6,1996,0
lamy,Pedro Lamy,0,6,1996,0
brundle,Martin Brundle,0,6,1996,1
montermini,Andrea Montermini,0,6,1996,0
panis,Olivier Panis,0,7,1996,11
frentzen,Heinz-Harald Frentzen,3,7,1996,6
verstappen,Jos Verstappen,0,7,1996,1
alesi,Jean Alesi,6,7,1996,17
irvine,Eddie Irvine,0,7,1996,9
hakkinen,Mika Häkkinen,2,7,1996,8
salo,Mika Salo,0,7,1996,5
diniz,Pedro Diniz,1,7,1996,1
herbert,Johnny Herbert,0,7,1996,4
badoer,Luca Badoer,0,7,1996,0
damon_hill,Damon Hill,0,7,1996,43
rosset,Ricardo Rosset,0,7,1996,0
berger,Gerhard Berger,0,7,1996,7
katayama,Ukyo Katayama,0,7,1996,0
lamy,Pedro Lamy,0,7,1996,0
brundle,Martin Brundle,0,7,1996,1
montermini,Andrea Montermini,0,7,1996,0
coulthard,David Coulthard,0,7,1996,10
fisichella,Giancarlo Fisichella,0,7,1996,0
barrichello,Rubens Barrichello,0,7,1996,7
michael_schumacher,Michael Schumacher,10,7,1996,26
villeneuve,Jacques Villeneuve,4,7,1996,26
fisichella,Giancarlo Fisichella,0,8,1996,0
barrichello,Rubens Barrichello,0,8,1996,7
michael_schumacher,Michael Schumacher,0,8,1996,26
villeneuve,Jacques Villeneuve,6,8,1996,32
panis,Olivier Panis,0,8,1996,11
frentzen,Heinz-Harald Frentzen,0,8,1996,6
verstappen,Jos Verstappen,0,8,1996,1
alesi,Jean Alesi,4,8,1996,21
irvine,Eddie Irvine,0,8,1996,9
hakkinen,Mika Häkkinen,2,8,1996,10
salo,Mika Salo,0,8,1996,5
diniz,Pedro Diniz,0,8,1996,1
herbert,Johnny Herbert,0,8,1996,4
badoer,Luca Badoer,0,8,1996,0
damon_hill,Damon Hill,10,8,1996,53
rosset,Ricardo Rosset,0,8,1996,0
berger,Gerhard Berger,0,8,1996,7
katayama,Ukyo Katayama,0,8,1996,0
lamy,Pedro Lamy,0,8,1996,0
brundle,Martin Brundle,1,8,1996,2
montermini,Andrea Montermini,0,8,1996,0
coulthard,David Coulthard,3,8,1996,13
coulthard,David Coulthard,1,9,1996,14
fisichella,Giancarlo Fisichella,0,9,1996,0
barrichello,Rubens Barrichello,0,9,1996,7
michael_schumacher,Michael Schumacher,0,9,1996,26
villeneuve,Jacques Villeneuve,6,9,1996,38
panis,Olivier Panis,0,9,1996,11
frentzen,Heinz-Harald Frentzen,0,9,1996,6
verstappen,Jos Verstappen,0,9,1996,1
alesi,Jean Alesi,4,9,1996,25
irvine,Eddie Irvine,0,9,1996,9
hakkinen,Mika Häkkinen,2,9,1996,12
salo,Mika Salo,0,9,1996,5
diniz,Pedro Diniz,0,9,1996,1
herbert,Johnny Herbert,0,9,1996,4
badoer,Luca Badoer,0,9,1996,0
damon_hill,Damon Hill,10,9,1996,63
rosset,Ricardo Rosset,0,9,1996,0
berger,Gerhard Berger,3,9,1996,10
katayama,Ukyo Katayama,0,9,1996,0
lamy,Pedro Lamy,0,9,1996,0
brundle,Martin Brundle,0,9,1996,2
montermini,Andrea Montermini,0,9,1996,0
panis,Olivier Panis,0,10,1996,11
frentzen,Heinz-Harald Frentzen,0,10,1996,6
verstappen,Jos Verstappen,0,10,1996,1
alesi,Jean Alesi,0,10,1996,25
irvine,Eddie Irvine,0,10,1996,9
hakkinen,Mika Häkkinen,4,10,1996,16
salo,Mika Salo,0,10,1996,5
diniz,Pedro Diniz,0,10,1996,1
herbert,Johnny Herbert,0,10,1996,4
badoer,Luca Badoer,0,10,1996,0
damon_hill,Damon Hill,0,10,1996,63
rosset,Ricardo Rosset,0,10,1996,0
berger,Gerhard Berger,6,10,1996,16
katayama,Ukyo Katayama,0,10,1996,0
lamy,Pedro Lamy,0,10,1996,0
brundle,Martin Brundle,1,10,1996,3
montermini,Andrea Montermini,0,10,1996,0
coulthard,David Coulthard,2,10,1996,16
fisichella,Giancarlo Fisichella,0,10,1996,0
barrichello,Rubens Barrichello,3,10,1996,10
michael_schumacher,Michael Schumacher,0,10,1996,26
villeneuve,Jacques Villeneuve,10,10,1996,48
barrichello,Rubens Barrichello,1,11,1996,11
michael_schumacher,Michael Schumacher,3,11,1996,29
villeneuve,Jacques Villeneuve,4,11,1996,52
panis,Olivier Panis,0,11,1996,11
frentzen,Heinz-Harald Frentzen,0,11,1996,6
verstappen,Jos Verstappen,0,11,1996,1
alesi,Jean Alesi,6,11,1996,31
irvine,Eddie Irvine,0,11,1996,9
hakkinen,Mika Häkkinen,0,11,1996,16
salo,Mika Salo,0,11,1996,5
diniz,Pedro Diniz,0,11,1996,1
herbert,Johnny Herbert,0,11,1996,4
damon_hill,Damon Hill,10,11,1996,73
rosset,Ricardo Rosset,0,11,1996,0
berger,Gerhard Berger,0,11,1996,16
katayama,Ukyo Katayama,0,11,1996,0
lamy,Pedro Lamy,0,11,1996,0
brundle,Martin Brundle,0,11,1996,3
lavaggi,Giovanni Lavaggi,0,11,1996,0
coulthard,David Coulthard,2,11,1996,18
coulthard,David Coulthard,0,12,1996,18
barrichello,Rubens Barrichello,1,12,1996,12
michael_schumacher,Michael Schumacher,0,12,1996,29
villeneuve,Jacques Villeneuve,10,12,1996,62
panis,Olivier Panis,2,12,1996,13
frentzen,Heinz-Harald Frentzen,0,12,1996,6
verstappen,Jos Verstappen,0,12,1996,1
alesi,Jean Alesi,4,12,1996,35
irvine,Eddie Irvine,0,12,1996,9
hakkinen,Mika Häkkinen,3,12,1996,19
salo,Mika Salo,0,12,1996,5
diniz,Pedro Diniz,0,12,1996,1
herbert,Johnny Herbert,0,12,1996,4
damon_hill,Damon Hill,6,12,1996,79
rosset,Ricardo Rosset,0,12,1996,0
berger,Gerhard Berger,0,12,1996,16
katayama,Ukyo Katayama,0,12,1996,0
lamy,Pedro Lamy,0,12,1996,0
brundle,Martin Brundle,0,12,1996,3
lavaggi,Giovanni Lavaggi,0,12,1996,0
panis,Olivier Panis,0,13,1996,13
frentzen,Heinz-Harald Frentzen,0,13,1996,6
verstappen,Jos Verstappen,0,13,1996,1
alesi,Jean Alesi,3,13,1996,38
irvine,Eddie Irvine,0,13,1996,9
hakkinen,Mika Häkkinen,4,13,1996,23
salo,Mika Salo,0,13,1996,5
diniz,Pedro Diniz,0,13,1996,1
herbert,Johnny Herbert,0,13,1996,4
damon_hill,Damon Hill,2,13,1996,81
rosset,Ricardo Rosset,0,13,1996,0
berger,Gerhard Berger,1,13,1996,17
katayama,Ukyo Katayama,0,13,1996,0
lamy,Pedro Lamy,0,13,1996,0
brundle,Martin Brundle,0,13,1996,3
lavaggi,Giovanni Lavaggi,0,13,1996,0
coulthard,David Coulthard,0,13,1996,18
barrichello,Rubens Barrichello,0,13,1996,12
michael_schumacher,Michael Schumacher,10,13,1996,39
villeneuve,Jacques Villeneuve,6,13,1996,68
barrichello,Rubens Barrichello,2,14,1996,14
michael_schumacher,Michael Schumacher,10,14,1996,49
villeneuve,Jacques Villeneuve,0,14,1996,68
panis,Olivier Panis,0,14,1996,13
frentzen,Heinz-Harald Frentzen,0,14,1996,6
verstappen,Jos Verstappen,0,14,1996,1
alesi,Jean Alesi,6,14,1996,44
irvine,Eddie Irvine,0,14,1996,9
hakkinen,Mika Häkkinen,4,14,1996,27
salo,Mika Salo,0,14,1996,5
diniz,Pedro Diniz,1,14,1996,2
herbert,Johnny Herbert,0,14,1996,4
damon_hill,Damon Hill,0,14,1996,81
rosset,Ricardo Rosset,0,14,1996,0
berger,Gerhard Berger,0,14,1996,17
katayama,Ukyo Katayama,0,14,1996,0
lamy,Pedro Lamy,0,14,1996,0
brundle,Martin Brundle,3,14,1996,6
lavaggi,Giovanni Lavaggi,0,14,1996,0
coulthard,David Coulthard,0,14,1996,18
coulthard,David Coulthard,0,15,1996,18
barrichello,Rubens Barrichello,0,15,1996,14
michael_schumacher,Michael Schumacher,4,15,1996,53
villeneuve,Jacques Villeneuve,10,15,1996,78
panis,Olivier Panis,0,15,1996,13
frentzen,Heinz-Harald Frentzen,0,15,1996,6
verstappen,Jos Verstappen,0,15,1996,1
alesi,Jean Alesi,3,15,1996,47
irvine,Eddie Irvine,2,15,1996,11
hakkinen,Mika Häkkinen,0,15,1996,27
salo,Mika Salo,0,15,1996,5
diniz,Pedro Diniz,0,15,1996,2
herbert,Johnny Herbert,0,15,1996,4
damon_hill,Damon Hill,6,15,1996,87
rosset,Ricardo Rosset,0,15,1996,0
berger,Gerhard Berger,1,15,1996,18
katayama,Ukyo Katayama,0,15,1996,0
lamy,Pedro Lamy,0,15,1996,0
brundle,Martin Brundle,0,15,1996,6
lavaggi,Giovanni Lavaggi,0,15,1996,0
panis,Olivier Panis,0,16,1996,13
frentzen,Heinz-Harald Frentzen,1,16,1996,7
verstappen,Jos Verstappen,0,16,1996,1
alesi,Jean Alesi,0,16,1996,47
irvine,Eddie Irvine,0,16,1996,11
hakkinen,Mika Häkkinen,4,16,1996,31
salo,Mika Salo,0,16,1996,5
diniz,Pedro Diniz,0,16,1996,2
herbert,Johnny Herbert,0,16,1996,4
damon_hill,Damon Hill,10,16,1996,97
rosset,Ricardo Rosset,0,16,1996,0
berger,Gerhard Berger,3,16,1996,21
katayama,Ukyo Katayama,0,16,1996,0
lamy,Pedro Lamy,0,16,1996,0
brundle,Martin Brundle,2,16,1996,8
lavaggi,Giovanni Lavaggi,0,16,1996,0
coulthard,David Coulthard,0,16,1996,18
barrichello,Rubens Barrichello,0,16,1996,14
michael_schumacher,Michael Schumacher,6,16,1996,59
villeneuve,Jacques Villeneuve,0,16,1996,78
barrichello,Rubens Barrichello,0,1,1995,0
michael_schumacher,Michael Schumacher,10,1,1995,10
panis,Olivier Panis,0,1,1995,0
frentzen,Heinz-Harald Frentzen,0,1,1995,0
verstappen,Jos Verstappen,0,1,1995,0
alesi,Jean Alesi,2,1,1995,2
irvine,Eddie Irvine,0,1,1995,0
hakkinen,Mika Häkkinen,3,1,1995,3
salo,Mika Salo,0,1,1995,0
diniz,Pedro Diniz,0,1,1995,0
herbert,Johnny Herbert,0,1,1995,0
badoer,Luca Badoer,0,1,1995,0
damon_hill,Damon Hill,0,1,1995,0
berger,Gerhard Berger,4,1,1995,4
katayama,Ukyo Katayama,0,1,1995,0
morbidelli,Gianni Morbidelli,0,1,1995,0
montermini,Andrea Montermini,0,1,1995,0
blundell,Mark Blundell,1,1,1995,1
suzuki,Aguri Suzuki,0,1,1995,0
inoue,Taki Inoue,0,1,1995,0
moreno,Roberto Moreno,0,1,1995,0
wendlinger,Karl Wendlinger,0,1,1995,0
gachot,Bertrand Gachot,0,1,1995,0
schiattarella,Domenico Schiattarella,0,1,1995,0
martini,Pierluigi Martini,0,1,1995,0
coulthard,David Coulthard,6,1,1995,6
coulthard,David Coulthard,0,2,1995,6
panis,Olivier Panis,0,2,1995,0
frentzen,Heinz-Harald Frentzen,2,2,1995,2
verstappen,Jos Verstappen,0,2,1995,0
alesi,Jean Alesi,6,2,1995,8
irvine,Eddie Irvine,0,2,1995,0
hakkinen,Mika Häkkinen,0,2,1995,3
salo,Mika Salo,0,2,1995,0
diniz,Pedro Diniz,0,2,1995,0
herbert,Johnny Herbert,3,2,1995,3
badoer,Luca Badoer,0,2,1995,0
damon_hill,Damon Hill,10,2,1995,10
berger,Gerhard Berger,1,2,1995,5
katayama,Ukyo Katayama,0,2,1995,0
morbidelli,Gianni Morbidelli,0,2,1995,0
montermini,Andrea Montermini,0,2,1995,0
blundell,Mark Blundell,0,2,1995,1
suzuki,Aguri Suzuki,0,2,1995,0
barrichello,Rubens Barrichello,0,2,1995,0
michael_schumacher,Michael Schumacher,4,2,1995,14
inoue,Taki Inoue,0,2,1995,0
moreno,Roberto Moreno,0,2,1995,0
wendlinger,Karl Wendlinger,0,2,1995,0
gachot,Bertrand Gachot,0,2,1995,0
schiattarella,Domenico Schiattarella,0,2,1995,0
martini,Pierluigi Martini,0,2,1995,0
inoue,Taki Inoue,0,3,1995,0
moreno,Roberto Moreno,0,3,1995,0
wendlinger,Karl Wendlinger,0,3,1995,0
gachot,Bertrand Gachot,0,3,1995,0
schiattarella,Domenico Schiattarella,0,3,1995,0
martini,Pierluigi Martini,0,3,1995,0
mansell,Nigel Mansell,0,3,1995,0
panis,Olivier Panis,0,3,1995,0
frentzen,Heinz-Harald Frentzen,1,3,1995,3
verstappen,Jos Verstappen,0,3,1995,0
alesi,Jean Alesi,6,3,1995,14
irvine,Eddie Irvine,0,3,1995,0
hakkinen,Mika Häkkinen,2,3,1995,5
salo,Mika Salo,0,3,1995,0
diniz,Pedro Diniz,0,3,1995,0
herbert,Johnny Herbert,0,3,1995,3
badoer,Luca Badoer,0,3,1995,0
damon_hill,Damon Hill,10,3,1995,20
berger,Gerhard Berger,4,3,1995,9
katayama,Ukyo Katayama,0,3,1995,0
morbidelli,Gianni Morbidelli,0,3,1995,0
montermini,Andrea Montermini,0,3,1995,0
suzuki,Aguri Suzuki,0,3,1995,0
coulthard,David Coulthard,3,3,1995,9
barrichello,Rubens Barrichello,0,3,1995,0
michael_schumacher,Michael Schumacher,0,3,1995,14
barrichello,Rubens Barrichello,0,4,1995,0
michael_schumacher,Michael Schumacher,10,4,1995,24
panis,Olivier Panis,1,4,1995,1
frentzen,Heinz-Harald Frentzen,0,4,1995,3
verstappen,Jos Verstappen,0,4,1995,0
alesi,Jean Alesi,0,4,1995,14
irvine,Eddie Irvine,2,4,1995,2
hakkinen,Mika Häkkinen,0,4,1995,5
salo,Mika Salo,0,4,1995,0
diniz,Pedro Diniz,0,4,1995,0
herbert,Johnny Herbert,6,4,1995,9
badoer,Luca Badoer,0,4,1995,0
damon_hill,Damon Hill,3,4,1995,23
berger,Gerhard Berger,4,4,1995,13
katayama,Ukyo Katayama,0,4,1995,0
morbidelli,Gianni Morbidelli,0,4,1995,0
brundle,Martin Brundle,0,4,1995,0
montermini,Andrea Montermini,0,4,1995,0
inoue,Taki Inoue,0,4,1995,0
moreno,Roberto Moreno,0,4,1995,0
wendlinger,Karl Wendlinger,0,4,1995,0
gachot,Bertrand Gachot,0,4,1995,0
schiattarella,Domenico Schiattarella,0,4,1995,0
martini,Pierluigi Martini,0,4,1995,0
mansell,Nigel Mansell,0,4,1995,0
coulthard,David Coulthard,0,4,1995,9
coulthard,David Coulthard,0,5,1995,9
panis,Olivier Panis,0,5,1995,1
frentzen,Heinz-Harald Frentzen,1,5,1995,4
verstappen,Jos Verstappen,0,5,1995,0
alesi,Jean Alesi,0,5,1995,14
irvine,Eddie Irvine,0,5,1995,2
hakkinen,Mika Häkkinen,0,5,1995,5
salo,Mika Salo,0,5,1995,0
diniz,Pedro Diniz,0,5,1995,0
herbert,Johnny Herbert,3,5,1995,12
badoer,Luca Badoer,0,5,1995,0
damon_hill,Damon Hill,6,5,1995,29
berger,Gerhard Berger,4,5,1995,17
katayama,Ukyo Katayama,0,5,1995,0
morbidelli,Gianni Morbidelli,0,5,1995,0
brundle,Martin Brundle,0,5,1995,0
montermini,Andrea Montermini,0,5,1995,0
blundell,Mark Blundell,2,5,1995,3
barrichello,Rubens Barrichello,0,5,1995,0
michael_schumacher,Michael Schumacher,10,5,1995,34
inoue,Taki Inoue,0,5,1995,0
moreno,Roberto Moreno,0,5,1995,0
gachot,Bertrand Gachot,0,5,1995,0
schiattarella,Domenico Schiattarella,0,5,1995,0
martini,Pierluigi Martini,0,5,1995,0
boullion,Jean-Christophe Boullion,0,5,1995,0
inoue,Taki Inoue,0,6,1995,0
moreno,Roberto Moreno,0,6,1995,0
gachot,Bertrand Gachot,0,6,1995,0
martini,Pierluigi Martini,0,6,1995,0
boullion,Jean-Christophe Boullion,0,6,1995,0
panis,Olivier Panis,3,6,1995,4
frentzen,Heinz-Harald Frentzen,0,6,1995,4
alesi,Jean Alesi,10,6,1995,24
irvine,Eddie Irvine,4,6,1995,6
hakkinen,Mika Häkkinen,0,6,1995,5
salo,Mika Salo,0,6,1995,0
diniz,Pedro Diniz,0,6,1995,0
herbert,Johnny Herbert,0,6,1995,12
badoer,Luca Badoer,0,6,1995,0
damon_hill,Damon Hill,0,6,1995,29
berger,Gerhard Berger,0,6,1995,17
katayama,Ukyo Katayama,0,6,1995,0
morbidelli,Gianni Morbidelli,1,6,1995,1
brundle,Martin Brundle,0,6,1995,0
montermini,Andrea Montermini,0,6,1995,0
blundell,Mark Blundell,0,6,1995,3
coulthard,David Coulthard,0,6,1995,9
barrichello,Rubens Barrichello,6,6,1995,6
michael_schumacher,Michael Schumacher,2,6,1995,36
barrichello,Rubens Barrichello,1,7,1995,7
michael_schumacher,Michael Schumacher,10,7,1995,46
panis,Olivier Panis,0,7,1995,4
frentzen,Heinz-Harald Frentzen,0,7,1995,4
alesi,Jean Alesi,2,7,1995,26
irvine,Eddie Irvine,0,7,1995,6
hakkinen,Mika Häkkinen,0,7,1995,5
salo,Mika Salo,0,7,1995,0
diniz,Pedro Diniz,0,7,1995,0
herbert,Johnny Herbert,0,7,1995,12
badoer,Luca Badoer,0,7,1995,0
damon_hill,Damon Hill,6,7,1995,35
berger,Gerhard Berger,0,7,1995,17
katayama,Ukyo Katayama,0,7,1995,0
morbidelli,Gianni Morbidelli,0,7,1995,1
brundle,Martin Brundle,3,7,1995,3
montermini,Andrea Montermini,0,7,1995,0
blundell,Mark Blundell,0,7,1995,3
inoue,Taki Inoue,0,7,1995,0
moreno,Roberto Moreno,0,7,1995,0
gachot,Bertrand Gachot,0,7,1995,0
martini,Pierluigi Martini,0,7,1995,0
boullion,Jean-Christophe Boullion,0,7,1995,0
coulthard,David Coulthard,4,7,1995,13
coulthard,David Coulthard,4,8,1995,17
panis,Olivier Panis,3,8,1995,7
frentzen,Heinz-Harald Frentzen,1,8,1995,5
alesi,Jean Alesi,6,8,1995,32
irvine,Eddie Irvine,0,8,1995,6
hakkinen,Mika Häkkinen,0,8,1995,5
salo,Mika Salo,0,8,1995,0
diniz,Pedro Diniz,0,8,1995,0
herbert,Johnny Herbert,10,8,1995,22
badoer,Luca Badoer,0,8,1995,0
damon_hill,Damon Hill,0,8,1995,35
berger,Gerhard Berger,0,8,1995,17
katayama,Ukyo Katayama,0,8,1995,0
brundle,Martin Brundle,0,8,1995,3
montermini,Andrea Montermini,0,8,1995,0
blundell,Mark Blundell,2,8,1995,5
barrichello,Rubens Barrichello,0,8,1995,7
michael_schumacher,Michael Schumacher,0,8,1995,46
inoue,Taki Inoue,0,8,1995,0
moreno,Roberto Moreno,0,8,1995,0
gachot,Bertrand Gachot,0,8,1995,0
martini,Pierluigi Martini,0,8,1995,0
boullion,Jean-Christophe Boullion,0,8,1995,0
papis,Massimiliano Papis,0,8,1995,0
inoue,Taki Inoue,0,9,1995,0
moreno,Roberto Moreno,0,9,1995,0
martini,Pierluigi Martini,0,9,1995,0
boullion,Jean-Christophe Boullion,2,9,1995,2
papis,Massimiliano Papis,0,9,1995,0
panis,Olivier Panis,0,9,1995,7
frentzen,Heinz-Harald Frentzen,0,9,1995,5
alesi,Jean Alesi,0,9,1995,32
irvine,Eddie Irvine,0,9,1995,6
hakkinen,Mika Häkkinen,0,9,1995,5
salo,Mika Salo,0,9,1995,0
diniz,Pedro Diniz,0,9,1995,0
herbert,Johnny Herbert,3,9,1995,25
badoer,Luca Badoer,0,9,1995,0
damon_hill,Damon Hill,0,9,1995,35
berger,Gerhard Berger,4,9,1995,21
katayama,Ukyo Katayama,0,9,1995,0
montermini,Andrea Montermini,0,9,1995,0
lavaggi,Giovanni Lavaggi,0,9,1995,0
blundell,Mark Blundell,0,9,1995,5
suzuki,Aguri Suzuki,1,9,1995,1
coulthard,David Coulthard,6,9,1995,23
barrichello,Rubens Barrichello,0,9,1995,7
michael_schumacher,Michael Schumacher,10,9,1995,56
barrichello,Rubens Barrichello,0,10,1995,7
michael_schumacher,Michael Schumacher,0,10,1995,56
panis,Olivier Panis,1,10,1995,8
frentzen,Heinz-Harald Frentzen,2,10,1995,7
alesi,Jean Alesi,0,10,1995,32
irvine,Eddie Irvine,0,10,1995,6
hakkinen,Mika Häkkinen,0,10,1995,5
salo,Mika Salo,0,10,1995,0
diniz,Pedro Diniz,0,10,1995,0
herbert,Johnny Herbert,3,10,1995,28
badoer,Luca Badoer,0,10,1995,0
damon_hill,Damon Hill,10,10,1995,45
berger,Gerhard Berger,4,10,1995,25
katayama,Ukyo Katayama,0,10,1995,0
lamy,Pedro Lamy,0,10,1995,0
brundle,Martin Brundle,0,10,1995,3
montermini,Andrea Montermini,0,10,1995,0
lavaggi,Giovanni Lavaggi,0,10,1995,0
blundell,Mark Blundell,0,10,1995,5
inoue,Taki Inoue,0,10,1995,0
moreno,Roberto Moreno,0,10,1995,0
boullion,Jean-Christophe Boullion,0,10,1995,2
papis,Massimiliano Papis,0,10,1995,0
coulthard,David Coulthard,6,10,1995,29
coulthard,David Coulthard,0,11,1995,29
panis,Olivier Panis,0,11,1995,8
frentzen,Heinz-Harald Frentzen,3,11,1995,10
alesi,Jean Alesi,0,11,1995,32
irvine,Eddie Irvine,0,11,1995,6
hakkinen,Mika Häkkinen,0,11,1995,5
salo,Mika Salo,0,11,1995,0
diniz,Pedro Diniz,0,11,1995,0
herbert,Johnny Herbert,0,11,1995,28
badoer,Luca Badoer,0,11,1995,0
damon_hill,Damon Hill,6,11,1995,51
berger,Gerhard Berger,0,11,1995,25
katayama,Ukyo Katayama,0,11,1995,0
lamy,Pedro Lamy,0,11,1995,0
brundle,Martin Brundle,4,11,1995,7
montermini,Andrea Montermini,0,11,1995,0
lavaggi,Giovanni Lavaggi,0,11,1995,0
blundell,Mark Blundell,2,11,1995,7
barrichello,Rubens Barrichello,1,11,1995,8
michael_schumacher,Michael Schumacher,10,11,1995,66
inoue,Taki Inoue,0,11,1995,0
moreno,Roberto Moreno,0,11,1995,0
boullion,Jean-Christophe Boullion,0,11,1995,2
papis,Massimiliano Papis,0,11,1995,0
inoue,Taki Inoue,0,12,1995,0
moreno,Roberto Moreno,0,12,1995,0
boullion,Jean-Christophe Boullion,1,12,1995,3
papis,Massimiliano Papis,0,12,1995,0
panis,Olivier Panis,0,12,1995,8
frentzen,Heinz-Harald Frentzen,4,12,1995,14
alesi,Jean Alesi,0,12,1995,32
irvine,Eddie Irvine,0,12,1995,6
hakkinen,Mika Häkkinen,6,12,1995,11
salo,Mika Salo,2,12,1995,2
diniz,Pedro Diniz,0,12,1995,0
herbert,Johnny Herbert,10,12,1995,38
badoer,Luca Badoer,0,12,1995,0
damon_hill,Damon Hill,0,12,1995,51
berger,Gerhard Berger,0,12,1995,25
katayama,Ukyo Katayama,0,12,1995,0
lamy,Pedro Lamy,0,12,1995,0
brundle,Martin Brundle,0,12,1995,7
montermini,Andrea Montermini,0,12,1995,0
lavaggi,Giovanni Lavaggi,0,12,1995,0
blundell,Mark Blundell,3,12,1995,10
coulthard,David Coulthard,0,12,1995,29
barrichello,Rubens Barrichello,0,12,1995,8
michael_schumacher,Michael Schumacher,0,12,1995,66
barrichello,Rubens Barrichello,0,13,1995,8
michael_schumacher,Michael Schumacher,6,13,1995,72
panis,Olivier Panis,0,13,1995,8
frentzen,Heinz-Harald Frentzen,1,13,1995,15
alesi,Jean Alesi,2,13,1995,34
irvine,Eddie Irvine,0,13,1995,6
hakkinen,Mika Häkkinen,0,13,1995,11
salo,Mika Salo,0,13,1995,2
diniz,Pedro Diniz,0,13,1995,0
herbert,Johnny Herbert,0,13,1995,38
badoer,Luca Badoer,0,13,1995,0
damon_hill,Damon Hill,4,13,1995,55
berger,Gerhard Berger,3,13,1995,28
katayama,Ukyo Katayama,0,13,1995,0
lamy,Pedro Lamy,0,13,1995,0
brundle,Martin Brundle,0,13,1995,7
montermini,Andrea Montermini,0,13,1995,0
blundell,Mark Blundell,0,13,1995,10
inoue,Taki Inoue,0,13,1995,0
moreno,Roberto Moreno,0,13,1995,0
boullion,Jean-Christophe Boullion,0,13,1995,3
papis,Massimiliano Papis,0,13,1995,0
deletraz,Jean-Denis Délétraz,0,13,1995,0
coulthard,David Coulthard,10,13,1995,39
coulthard,David Coulthard,4,14,1995,43
panis,Olivier Panis,0,14,1995,8
frentzen,Heinz-Harald Frentzen,0,14,1995,15
alesi,Jean Alesi,6,14,1995,40
irvine,Eddie Irvine,1,14,1995,7
hakkinen,Mika Häkkinen,0,14,1995,11
salo,Mika Salo,0,14,1995,2
diniz,Pedro Diniz,0,14,1995,0
herbert,Johnny Herbert,2,14,1995,40
badoer,Luca Badoer,0,14,1995,0
damon_hill,Damon Hill,0,14,1995,55
berger,Gerhard Berger,0,14,1995,28
lamy,Pedro Lamy,0,14,1995,0
brundle,Martin Brundle,0,14,1995,7
montermini,Andrea Montermini,0,14,1995,0
blundell,Mark Blundell,0,14,1995,10
barrichello,Rubens Barrichello,3,14,1995,11
michael_schumacher,Michael Schumacher,10,14,1995,82
inoue,Taki Inoue,0,14,1995,0
moreno,Roberto Moreno,0,14,1995,0
boullion,Jean-Christophe Boullion,0,14,1995,3
papis,Massimiliano Papis,0,14,1995,0
deletraz,Jean-Denis Délétraz,0,14,1995,0
tarquini,Gabriele Tarquini,0,14,1995,0
inoue,Taki Inoue,0,15,1995,0
moreno,Roberto Moreno,0,15,1995,0
gachot,Bertrand Gachot,0,15,1995,0
boullion,Jean-Christophe Boullion,0,15,1995,3
panis,Olivier Panis,0,15,1995,8
frentzen,Heinz-Harald Frentzen,0,15,1995,15
alesi,Jean Alesi,2,15,1995,42
irvine,Eddie Irvine,0,15,1995,7
salo,Mika Salo,0,15,1995,2
diniz,Pedro Diniz,0,15,1995,0
herbert,Johnny Herbert,1,15,1995,41
badoer,Luca Badoer,0,15,1995,0
damon_hill,Damon Hill,4,15,1995,59
magnussen,Jan Magnussen,0,15,1995,0
berger,Gerhard Berger,3,15,1995,31
katayama,Ukyo Katayama,0,15,1995,0
morbidelli,Gianni Morbidelli,0,15,1995,1
lamy,Pedro Lamy,0,15,1995,0
montermini,Andrea Montermini,0,15,1995,0
blundell,Mark Blundell,0,15,1995,10
suzuki,Aguri Suzuki,0,15,1995,1
coulthard,David Coulthard,6,15,1995,49
barrichello,Rubens Barrichello,0,15,1995,11
michael_schumacher,Michael Schumacher,10,15,1995,92
barrichello,Rubens Barrichello,0,16,1995,11
michael_schumacher,Michael Schumacher,10,16,1995,102
panis,Olivier Panis,2,16,1995,10
frentzen,Heinz-Harald Frentzen,0,16,1995,15
alesi,Jean Alesi,0,16,1995,42
irvine,Eddie Irvine,3,16,1995,10
hakkinen,Mika Häkkinen,6,16,1995,17
salo,Mika Salo,1,16,1995,3
diniz,Pedro Diniz,0,16,1995,0
herbert,Johnny Herbert,4,16,1995,45
badoer,Luca Badoer,0,16,1995,0
damon_hill,Damon Hill,0,16,1995,59
berger,Gerhard Berger,0,16,1995,31
katayama,Ukyo Katayama,0,16,1995,0
morbidelli,Gianni Morbidelli,0,16,1995,1
lamy,Pedro Lamy,0,16,1995,0
montermini,Andrea Montermini,0,16,1995,0
blundell,Mark Blundell,0,16,1995,10
suzuki,Aguri Suzuki,0,16,1995,1
inoue,Taki Inoue,0,16,1995,0
moreno,Roberto Moreno,0,16,1995,0
wendlinger,Karl Wendlinger,0,16,1995,0
gachot,Bertrand Gachot,0,16,1995,0
coulthard,David Coulthard,0,16,1995,49
coulthard,David Coulthard,0,17,1995,49
panis,Olivier Panis,6,17,1995,16
frentzen,Heinz-Harald Frentzen,0,17,1995,15
alesi,Jean Alesi,0,17,1995,42
irvine,Eddie Irvine,0,17,1995,10
hakkinen,Mika Häkkinen,0,17,1995,17
salo,Mika Salo,2,17,1995,5
diniz,Pedro Diniz,0,17,1995,0
herbert,Johnny Herbert,0,17,1995,45
badoer,Luca Badoer,0,17,1995,0
damon_hill,Damon Hill,10,17,1995,69
berger,Gerhard Berger,0,17,1995,31
katayama,Ukyo Katayama,0,17,1995,0
morbidelli,Gianni Morbidelli,4,17,1995,5
lamy,Pedro Lamy,1,17,1995,1
brundle,Martin Brundle,0,17,1995,7
montermini,Andrea Montermini,0,17,1995,0
blundell,Mark Blundell,3,17,1995,13
barrichello,Rubens Barrichello,0,17,1995,11
michael_schumacher,Michael Schumacher,0,17,1995,102
inoue,Taki Inoue,0,17,1995,0
moreno,Roberto Moreno,0,17,1995,0
wendlinger,Karl Wendlinger,0,17,1995,0
gachot,Bertrand Gachot,0,17,1995,0
wendlinger,Karl Wendlinger,1,1,1994,1
gachot,Bertrand Gachot,0,1,1994,0
martini,Pierluigi Martini,0,1,1994,0
comas,Érik Comas,0,1,1994,0
brabham,David Brabham,0,1,1994,0
senna,Ayrton Senna,0,1,1994,0
bernard,Éric Bernard,0,1,1994,0
fittipaldi,Christian Fittipaldi,0,1,1994,0
alboreto,Michele Alboreto,0,1,1994,0
beretta,Olivier Beretta,0,1,1994,0
ratzenberger,Roland Ratzenberger,0,1,1994,0
belmondo,Paul Belmondo,0,1,1994,0
panis,Olivier Panis,0,1,1994,0
frentzen,Heinz-Harald Frentzen,0,1,1994,0
verstappen,Jos Verstappen,0,1,1994,0
alesi,Jean Alesi,4,1,1994,4
irvine,Eddie Irvine,0,1,1994,0
hakkinen,Mika Häkkinen,0,1,1994,0
herbert,Johnny Herbert,0,1,1994,0
damon_hill,Damon Hill,6,1,1994,6
berger,Gerhard Berger,0,1,1994,0
katayama,Ukyo Katayama,2,1,1994,2
morbidelli,Gianni Morbidelli,0,1,1994,0
lamy,Pedro Lamy,0,1,1994,0
brundle,Martin Brundle,0,1,1994,0
blundell,Mark Blundell,0,1,1994,0
barrichello,Rubens Barrichello,3,1,1994,3
michael_schumacher,Michael Schumacher,10,1,1994,10
barrichello,Rubens Barrichello,4,2,1994,7
michael_schumacher,Michael Schumacher,10,2,1994,20
wendlinger,Karl Wendlinger,0,2,1994,1
gachot,Bertrand Gachot,0,2,1994,0
martini,Pierluigi Martini,0,2,1994,0
comas,Érik Comas,1,2,1994,1
brabham,David Brabham,0,2,1994,0
senna,Ayrton Senna,0,2,1994,0
bernard,Éric Bernard,0,2,1994,0
fittipaldi,Christian Fittipaldi,3,2,1994,3
alboreto,Michele Alboreto,0,2,1994,0
beretta,Olivier Beretta,0,2,1994,0
ratzenberger,Roland Ratzenberger,0,2,1994,0
belmondo,Paul Belmondo,0,2,1994,0
panis,Olivier Panis,0,2,1994,0
frentzen,Heinz-Harald Frentzen,2,2,1994,2
verstappen,Jos Verstappen,0,2,1994,0
hakkinen,Mika Häkkinen,0,2,1994,0
herbert,Johnny Herbert,0,2,1994,0
damon_hill,Damon Hill,0,2,1994,6
berger,Gerhard Berger,6,2,1994,6
larini,Nicola Larini,0,2,1994,0
katayama,Ukyo Katayama,0,2,1994,2
morbidelli,Gianni Morbidelli,0,2,1994,0
lamy,Pedro Lamy,0,2,1994,0
brundle,Martin Brundle,0,2,1994,0
blundell,Mark Blundell,0,2,1994,0
suzuki,Aguri Suzuki,0,2,1994,0
panis,Olivier Panis,0,3,1994,0
frentzen,Heinz-Harald Frentzen,0,3,1994,2
hakkinen,Mika Häkkinen,4,3,1994,4
herbert,Johnny Herbert,0,3,1994,0
damon_hill,Damon Hill,1,3,1994,7
berger,Gerhard Berger,0,3,1994,6
larini,Nicola Larini,6,3,1994,6
katayama,Ukyo Katayama,2,3,1994,4
morbidelli,Gianni Morbidelli,0,3,1994,0
lamy,Pedro Lamy,0,3,1994,0
brundle,Martin Brundle,0,3,1994,0
blundell,Mark Blundell,0,3,1994,0
barrichello,Rubens Barrichello,0,3,1994,7
michael_schumacher,Michael Schumacher,10,3,1994,30
wendlinger,Karl Wendlinger,3,3,1994,4
gachot,Bertrand Gachot,0,3,1994,0
martini,Pierluigi Martini,0,3,1994,0
comas,Érik Comas,0,3,1994,1
brabham,David Brabham,0,3,1994,0
senna,Ayrton Senna,0,3,1994,0
bernard,Éric Bernard,0,3,1994,0
fittipaldi,Christian Fittipaldi,0,3,1994,3
alboreto,Michele Alboreto,0,3,1994,0
beretta,Olivier Beretta,0,3,1994,0
ratzenberger,Roland Ratzenberger,0,3,1994,0
belmondo,Paul Belmondo,0,3,1994,0
lehto,Jyrki Järvilehto,0,3,1994,0
cesaris,Andrea de Cesaris,0,3,1994,0
wendlinger,Karl Wendlinger,0,4,1994,4
gachot,Bertrand Gachot,0,4,1994,0
martini,Pierluigi Martini,0,4,1994,0
comas,Érik Comas,0,4,1994,1
brabham,David Brabham,0,4,1994,0
bernard,Éric Bernard,0,4,1994,0
fittipaldi,Christian Fittipaldi,0,4,1994,3
alboreto,Michele Alboreto,1,4,1994,1
beretta,Olivier Beretta,0,4,1994,0
belmondo,Paul Belmondo,0,4,1994,0
lehto,Jyrki Järvilehto,0,4,1994,0
cesaris,Andrea de Cesaris,3,4,1994,3
panis,Olivier Panis,0,4,1994,0
frentzen,Heinz-Harald Frentzen,0,4,1994,2
alesi,Jean Alesi,2,4,1994,6
hakkinen,Mika Häkkinen,0,4,1994,4
herbert,Johnny Herbert,0,4,1994,0
damon_hill,Damon Hill,0,4,1994,7
berger,Gerhard Berger,4,4,1994,10
katayama,Ukyo Katayama,0,4,1994,4
morbidelli,Gianni Morbidelli,0,4,1994,0
lamy,Pedro Lamy,0,4,1994,0
brundle,Martin Brundle,6,4,1994,6
blundell,Mark Blundell,0,4,1994,0
barrichello,Rubens Barrichello,0,4,1994,7
michael_schumacher,Michael Schumacher,10,4,1994,40
barrichello,Rubens Barrichello,0,5,1994,7
michael_schumacher,Michael Schumacher,6,5,1994,46
gachot,Bertrand Gachot,0,5,1994,0
martini,Pierluigi Martini,2,5,1994,2
comas,Érik Comas,0,5,1994,1
brabham,David Brabham,0,5,1994,0
bernard,Éric Bernard,0,5,1994,0
fittipaldi,Christian Fittipaldi,0,5,1994,3
alboreto,Michele Alboreto,0,5,1994,1
beretta,Olivier Beretta,0,5,1994,0
belmondo,Paul Belmondo,0,5,1994,0
lehto,Jyrki Järvilehto,0,5,1994,0
coulthard,David Coulthard,0,5,1994,0
panis,Olivier Panis,0,5,1994,0
frentzen,Heinz-Harald Frentzen,0,5,1994,2
alesi,Jean Alesi,3,5,1994,9
irvine,Eddie Irvine,1,5,1994,1
hakkinen,Mika Häkkinen,0,5,1994,4
herbert,Johnny Herbert,0,5,1994,0
zanardi,Alessandro Zanardi,0,5,1994,0
damon_hill,Damon Hill,10,5,1994,17
berger,Gerhard Berger,0,5,1994,10
katayama,Ukyo Katayama,0,5,1994,4
morbidelli,Gianni Morbidelli,0,5,1994,0
brundle,Martin Brundle,0,5,1994,6
montermini,Andrea Montermini,0,5,1994,0
blundell,Mark Blundell,4,5,1994,4
panis,Olivier Panis,0,6,1994,0
frentzen,Heinz-Harald Frentzen,0,6,1994,2
alesi,Jean Alesi,4,6,1994,13
irvine,Eddie Irvine,0,6,1994,1
hakkinen,Mika Häkkinen,0,6,1994,4
herbert,Johnny Herbert,0,6,1994,0
zanardi,Alessandro Zanardi,0,6,1994,0
damon_hill,Damon Hill,6,6,1994,23
berger,Gerhard Berger,3,6,1994,13
katayama,Ukyo Katayama,0,6,1994,4
morbidelli,Gianni Morbidelli,0,6,1994,0
brundle,Martin Brundle,0,6,1994,6
blundell,Mark Blundell,0,6,1994,4
gachot,Bertrand Gachot,0,6,1994,0
martini,Pierluigi Martini,0,6,1994,2
comas,Érik Comas,0,6,1994,1
brabham,David Brabham,0,6,1994,0
bernard,Éric Bernard,0,6,1994,0
fittipaldi,Christian Fittipaldi,0,6,1994,3
alboreto,Michele Alboreto,0,6,1994,1
beretta,Olivier Beretta,0,6,1994,0
belmondo,Paul Belmondo,0,6,1994,0
lehto,Jyrki Järvilehto,1,6,1994,1
cesaris,Andrea de Cesaris,0,6,1994,3
barrichello,Rubens Barrichello,0,6,1994,7
michael_schumacher,Michael Schumacher,10,6,1994,56
coulthard,David Coulthard,2,6,1994,2
gachot,Bertrand Gachot,0,7,1994,0
martini,Pierluigi Martini,2,7,1994,4
mansell,Nigel Mansell,0,7,1994,0
comas,Érik Comas,0,7,1994,1
brabham,David Brabham,0,7,1994,0
bernard,Éric Bernard,0,7,1994,0
fittipaldi,Christian Fittipaldi,0,7,1994,3
alboreto,Michele Alboreto,0,7,1994,1
beretta,Olivier Beretta,0,7,1994,0
belmondo,Paul Belmondo,0,7,1994,0
cesaris,Andrea de Cesaris,1,7,1994,4
gounon,Jean-Marc Gounon,0,7,1994,0
panis,Olivier Panis,0,7,1994,0
frentzen,Heinz-Harald Frentzen,3,7,1994,5
verstappen,Jos Verstappen,0,7,1994,0
alesi,Jean Alesi,0,7,1994,13
irvine,Eddie Irvine,0,7,1994,1
hakkinen,Mika Häkkinen,0,7,1994,4
herbert,Johnny Herbert,0,7,1994,0
zanardi,Alessandro Zanardi,0,7,1994,0
damon_hill,Damon Hill,6,7,1994,29
berger,Gerhard Berger,4,7,1994,17
katayama,Ukyo Katayama,0,7,1994,4
morbidelli,Gianni Morbidelli,0,7,1994,0
brundle,Martin Brundle,0,7,1994,6
blundell,Mark Blundell,0,7,1994,4
barrichello,Rubens Barrichello,0,7,1994,7
michael_schumacher,Michael Schumacher,10,7,1994,66
barrichello,Rubens Barrichello,3,8,1994,10
michael_schumacher,Michael Schumacher,0,8,1994,66
gachot,Bertrand Gachot,0,8,1994,0
martini,Pierluigi Martini,0,8,1994,4
comas,Érik Comas,0,8,1994,1
brabham,David Brabham,0,8,1994,0
bernard,Éric Bernard,0,8,1994,0
fittipaldi,Christian Fittipaldi,0,8,1994,3
alboreto,Michele Alboreto,0,8,1994,1
beretta,Olivier Beretta,0,8,1994,0
belmondo,Paul Belmondo,0,8,1994,0
cesaris,Andrea de Cesaris,0,8,1994,4
gounon,Jean-Marc Gounon,0,8,1994,0
coulthard,David Coulthard,2,8,1994,4
panis,Olivier Panis,0,8,1994,0
frentzen,Heinz-Harald Frentzen,0,8,1994,5
verstappen,Jos Verstappen,0,8,1994,0
alesi,Jean Alesi,6,8,1994,19
irvine,Eddie Irvine,0,8,1994,1
hakkinen,Mika Häkkinen,4,8,1994,8
herbert,Johnny Herbert,0,8,1994,0
zanardi,Alessandro Zanardi,0,8,1994,0
damon_hill,Damon Hill,10,8,1994,39
berger,Gerhard Berger,0,8,1994,17
katayama,Ukyo Katayama,1,8,1994,5
morbidelli,Gianni Morbidelli,0,8,1994,0
brundle,Martin Brundle,0,8,1994,6
blundell,Mark Blundell,0,8,1994,4
panis,Olivier Panis,6,9,1994,6
frentzen,Heinz-Harald Frentzen,0,9,1994,5
verstappen,Jos Verstappen,0,9,1994,0
alesi,Jean Alesi,0,9,1994,19
irvine,Eddie Irvine,0,9,1994,1
hakkinen,Mika Häkkinen,0,9,1994,8
herbert,Johnny Herbert,0,9,1994,0
zanardi,Alessandro Zanardi,0,9,1994,0
damon_hill,Damon Hill,0,9,1994,39
berger,Gerhard Berger,10,9,1994,27
katayama,Ukyo Katayama,0,9,1994,5
morbidelli,Gianni Morbidelli,2,9,1994,2
brundle,Martin Brundle,0,9,1994,6
blundell,Mark Blundell,0,9,1994,4
gachot,Bertrand Gachot,0,9,1994,0
martini,Pierluigi Martini,0,9,1994,4
comas,Érik Comas,1,9,1994,2
brabham,David Brabham,0,9,1994,0
bernard,Éric Bernard,4,9,1994,4
fittipaldi,Christian Fittipaldi,3,9,1994,6
alboreto,Michele Alboreto,0,9,1994,1
beretta,Olivier Beretta,0,9,1994,0
belmondo,Paul Belmondo,0,9,1994,0
cesaris,Andrea de Cesaris,0,9,1994,4
gounon,Jean-Marc Gounon,0,9,1994,0
barrichello,Rubens Barrichello,0,9,1994,10
michael_schumacher,Michael Schumacher,0,9,1994,66
coulthard,David Coulthard,0,9,1994,4
coulthard,David Coulthard,0,10,1994,4
gachot,Bertrand Gachot,0,10,1994,0
martini,Pierluigi Martini,0,10,1994,4
comas,Érik Comas,0,10,1994,2
brabham,David Brabham,0,10,1994,0
bernard,Éric Bernard,0,10,1994,4
fittipaldi,Christian Fittipaldi,0,10,1994,6
alboreto,Michele Alboreto,0,10,1994,1
beretta,Olivier Beretta,0,10,1994,0
belmondo,Paul Belmondo,0,10,1994,0
cesaris,Andrea de Cesaris,0,10,1994,4
gounon,Jean-Marc Gounon,0,10,1994,0
alliot,Philippe Alliot,0,10,1994,0
panis,Olivier Panis,1,10,1994,7
frentzen,Heinz-Harald Frentzen,0,10,1994,5
verstappen,Jos Verstappen,4,10,1994,4
alesi,Jean Alesi,0,10,1994,19
irvine,Eddie Irvine,0,10,1994,1
herbert,Johnny Herbert,0,10,1994,0
zanardi,Alessandro Zanardi,0,10,1994,0
damon_hill,Damon Hill,6,10,1994,45
berger,Gerhard Berger,0,10,1994,27
katayama,Ukyo Katayama,0,10,1994,5
morbidelli,Gianni Morbidelli,0,10,1994,2
brundle,Martin Brundle,3,10,1994,9
blundell,Mark Blundell,2,10,1994,6
barrichello,Rubens Barrichello,0,10,1994,10
michael_schumacher,Michael Schumacher,10,10,1994,76
barrichello,Rubens Barrichello,0,11,1994,10
michael_schumacher,Michael Schumacher,0,11,1994,76
gachot,Bertrand Gachot,0,11,1994,0
martini,Pierluigi Martini,0,11,1994,4
comas,Érik Comas,0,11,1994,2
brabham,David Brabham,0,11,1994,0
bernard,Éric Bernard,0,11,1994,4
fittipaldi,Christian Fittipaldi,0,11,1994,6
alboreto,Michele Alboreto,0,11,1994,1
belmondo,Paul Belmondo,0,11,1994,0
cesaris,Andrea de Cesaris,0,11,1994,4
gounon,Jean-Marc Gounon,0,11,1994,0
alliot,Philippe Alliot,0,11,1994,0
adams,Philippe Adams,0,11,1994,0
coulthard,David Coulthard,3,11,1994,7
panis,Olivier Panis,0,11,1994,7
frentzen,Heinz-Harald Frentzen,0,11,1994,5
verstappen,Jos Verstappen,4,11,1994,8
alesi,Jean Alesi,0,11,1994,19
irvine,Eddie Irvine,0,11,1994,1
hakkinen,Mika Häkkinen,6,11,1994,14
herbert,Johnny Herbert,0,11,1994,0
damon_hill,Damon Hill,10,11,1994,55
berger,Gerhard Berger,0,11,1994,27
katayama,Ukyo Katayama,0,11,1994,5
morbidelli,Gianni Morbidelli,1,11,1994,3
brundle,Martin Brundle,0,11,1994,9
blundell,Mark Blundell,2,11,1994,8
panis,Olivier Panis,0,12,1994,7
frentzen,Heinz-Harald Frentzen,0,12,1994,5
verstappen,Jos Verstappen,0,12,1994,8
alesi,Jean Alesi,0,12,1994,19
irvine,Eddie Irvine,0,12,1994,1
hakkinen,Mika Häkkinen,4,12,1994,18
herbert,Johnny Herbert,0,12,1994,0
zanardi,Alessandro Zanardi,0,12,1994,0
damon_hill,Damon Hill,10,12,1994,65
berger,Gerhard Berger,6,12,1994,33
katayama,Ukyo Katayama,0,12,1994,5
morbidelli,Gianni Morbidelli,0,12,1994,3
brundle,Martin Brundle,2,12,1994,11
blundell,Mark Blundell,0,12,1994,8
gachot,Bertrand Gachot,0,12,1994,0
martini,Pierluigi Martini,0,12,1994,4
comas,Érik Comas,0,12,1994,2
brabham,David Brabham,0,12,1994,0
bernard,Éric Bernard,0,12,1994,4
fittipaldi,Christian Fittipaldi,0,12,1994,6
alboreto,Michele Alboreto,0,12,1994,1
belmondo,Paul Belmondo,0,12,1994,0
lehto,Jyrki Järvilehto,0,12,1994,1
cesaris,Andrea de Cesaris,0,12,1994,4
gounon,Jean-Marc Gounon,0,12,1994,0
dalmas,Yannick Dalmas,0,12,1994,0
barrichello,Rubens Barrichello,3,12,1994,13
coulthard,David Coulthard,1,12,1994,8
coulthard,David Coulthard,6,13,1994,14
gachot,Bertrand Gachot,0,13,1994,0
martini,Pierluigi Martini,0,13,1994,4
comas,Érik Comas,0,13,1994,2
brabham,David Brabham,0,13,1994,0
bernard,Éric Bernard,0,13,1994,4
fittipaldi,Christian Fittipaldi,0,13,1994,6
alboreto,Michele Alboreto,0,13,1994,1
belmondo,Paul Belmondo,0,13,1994,0
lehto,Jyrki Järvilehto,0,13,1994,1
cesaris,Andrea de Cesaris,0,13,1994,4
gounon,Jean-Marc Gounon,0,13,1994,0
adams,Philippe Adams,0,13,1994,0
dalmas,Yannick Dalmas,0,13,1994,0
panis,Olivier Panis,0,13,1994,7
frentzen,Heinz-Harald Frentzen,0,13,1994,5
verstappen,Jos Verstappen,2,13,1994,10
alesi,Jean Alesi,0,13,1994,19
irvine,Eddie Irvine,0,13,1994,1
hakkinen,Mika Häkkinen,4,13,1994,22
herbert,Johnny Herbert,0,13,1994,0
damon_hill,Damon Hill,10,13,1994,75
berger,Gerhard Berger,0,13,1994,33
katayama,Ukyo Katayama,0,13,1994,5
morbidelli,Gianni Morbidelli,0,13,1994,3
brundle,Martin Brundle,1,13,1994,12
blundell,Mark Blundell,0,13,1994,8
barrichello,Rubens Barrichello,3,13,1994,16
barrichello,Rubens Barrichello,0,14,1994,16
michael_schumacher,Michael Schumacher,10,14,1994,86
gachot,Bertrand Gachot,0,14,1994,0
schiattarella,Domenico Schiattarella,0,14,1994,0
martini,Pierluigi Martini,0,14,1994,4
mansell,Nigel Mansell,0,14,1994,0
comas,Érik Comas,0,14,1994,2
brabham,David Brabham,0,14,1994,0
bernard,Éric Bernard,0,14,1994,4
fittipaldi,Christian Fittipaldi,0,14,1994,6
alboreto,Michele Alboreto,0,14,1994,1
belmondo,Paul Belmondo,0,14,1994,0
cesaris,Andrea de Cesaris,0,14,1994,4
noda,Hideki Noda,0,14,1994,0
panis,Olivier Panis,0,14,1994,7
frentzen,Heinz-Harald Frentzen,1,14,1994,6
verstappen,Jos Verstappen,0,14,1994,10
alesi,Jean Alesi,0,14,1994,19
irvine,Eddie Irvine,3,14,1994,4
hakkinen,Mika Häkkinen,4,14,1994,26
herbert,Johnny Herbert,0,14,1994,0
zanardi,Alessandro Zanardi,0,14,1994,0
damon_hill,Damon Hill,6,14,1994,81
berger,Gerhard Berger,2,14,1994,35
katayama,Ukyo Katayama,0,14,1994,5
morbidelli,Gianni Morbidelli,0,14,1994,3
brundle,Martin Brundle,0,14,1994,12
blundell,Mark Blundell,0,14,1994,8
panis,Olivier Panis,0,15,1994,7
frentzen,Heinz-Harald Frentzen,1,15,1994,7
alesi,Jean Alesi,4,15,1994,23
irvine,Eddie Irvine,2,15,1994,6
hakkinen,Mika Häkkinen,0,15,1994,26
salo,Mika Salo,0,15,1994,0
herbert,Johnny Herbert,0,15,1994,0
zanardi,Alessandro Zanardi,0,15,1994,0
damon_hill,Damon Hill,10,15,1994,91
berger,Gerhard Berger,0,15,1994,35
katayama,Ukyo Katayama,0,15,1994,5
morbidelli,Gianni Morbidelli,0,15,1994,3
brundle,Martin Brundle,0,15,1994,12
blundell,Mark Blundell,0,15,1994,8
inoue,Taki Inoue,0,15,1994,0
barrichello,Rubens Barrichello,0,15,1994,16
michael_schumacher,Michael Schumacher,6,15,1994,92
gachot,Bertrand Gachot,0,15,1994,0
martini,Pierluigi Martini,0,15,1994,4
mansell,Nigel Mansell,3,15,1994,3
comas,Érik Comas,0,15,1994,2
brabham,David Brabham,0,15,1994,0
fittipaldi,Christian Fittipaldi,0,15,1994,6
alboreto,Michele Alboreto,0,15,1994,1
belmondo,Paul Belmondo,0,15,1994,0
lehto,Jyrki Järvilehto,0,15,1994,1
noda,Hideki Noda,0,15,1994,0
lagorce,Franck Lagorce,0,15,1994,0
gachot,Bertrand Gachot,0,16,1994,0
schiattarella,Domenico Schiattarella,0,16,1994,0
martini,Pierluigi Martini,0,16,1994,4
mansell,Nigel Mansell,10,16,1994,13
deletraz,Jean-Denis Délétraz,0,16,1994,0
brabham,David Brabham,0,16,1994,0
fittipaldi,Christian Fittipaldi,0,16,1994,6
alboreto,Michele Alboreto,0,16,1994,1
belmondo,Paul Belmondo,0,16,1994,0
lehto,Jyrki Järvilehto,0,16,1994,1
noda,Hideki Noda,0,16,1994,0
lagorce,Franck Lagorce,0,16,1994,0
panis,Olivier Panis,2,16,1994,9
frentzen,Heinz-Harald Frentzen,0,16,1994,7
alesi,Jean Alesi,1,16,1994,24
irvine,Eddie Irvine,0,16,1994,6
hakkinen,Mika Häkkinen,0,16,1994,26
salo,Mika Salo,0,16,1994,0
herbert,Johnny Herbert,0,16,1994,0
zanardi,Alessandro Zanardi,0,16,1994,0
damon_hill,Damon Hill,0,16,1994,91
berger,Gerhard Berger,6,16,1994,41
katayama,Ukyo Katayama,0,16,1994,5
morbidelli,Gianni Morbidelli,0,16,1994,3
brundle,Martin Brundle,4,16,1994,16
blundell,Mark Blundell,0,16,1994,8
barrichello,Rubens Barrichello,3,16,1994,19
michael_schumacher,Michael Schumacher,0,16,1994,92
barrichello,Rubens Barrichello,0,1,1993,0
michael_schumacher,Michael Schumacher,0,1,1993,0
wendlinger,Karl Wendlinger,0,1,1993,0
comas,Érik Comas,0,1,1993,0
senna,Ayrton Senna,6,1,1993,6
fittipaldi,Christian Fittipaldi,3,1,1993,3
alboreto,Michele Alboreto,0,1,1993,0
lehto,Jyrki Järvilehto,2,1,1993,2
cesaris,Andrea de Cesaris,0,1,1993,0
alliot,Philippe Alliot,0,1,1993,0
prost,Alain Prost,10,1,1993,10
warwick,Derek Warwick,0,1,1993,0
patrese,Riccardo Patrese,0,1,1993,0
barbazza,Fabrizio Barbazza,0,1,1993,0
andretti,Michael Andretti,0,1,1993,0
capelli,Ivan Capelli,0,1,1993,0
alesi,Jean Alesi,0,1,1993,0
herbert,Johnny Herbert,0,1,1993,0
badoer,Luca Badoer,0,1,1993,0
zanardi,Alessandro Zanardi,0,1,1993,0
damon_hill,Damon Hill,0,1,1993,0
berger,Gerhard Berger,1,1,1993,1
katayama,Ukyo Katayama,0,1,1993,0
brundle,Martin Brundle,0,1,1993,0
blundell,Mark Blundell,4,1,1993,4
suzuki,Aguri Suzuki,0,1,1993,0
alesi,Jean Alesi,0,2,1993,0
herbert,Johnny Herbert,3,2,1993,3
badoer,Luca Badoer,0,2,1993,0
zanardi,Alessandro Zanardi,1,2,1993,1
damon_hill,Damon Hill,6,2,1993,6
berger,Gerhard Berger,0,2,1993,1
katayama,Ukyo Katayama,0,2,1993,0
brundle,Martin Brundle,0,2,1993,0
blundell,Mark Blundell,2,2,1993,6
suzuki,Aguri Suzuki,0,2,1993,0
barrichello,Rubens Barrichello,0,2,1993,0
michael_schumacher,Michael Schumacher,4,2,1993,4
wendlinger,Karl Wendlinger,0,2,1993,0
comas,Érik Comas,0,2,1993,0
senna,Ayrton Senna,10,2,1993,16
fittipaldi,Christian Fittipaldi,0,2,1993,3
alboreto,Michele Alboreto,0,2,1993,0
lehto,Jyrki Järvilehto,0,2,1993,2
cesaris,Andrea de Cesaris,0,2,1993,0
alliot,Philippe Alliot,0,2,1993,0
prost,Alain Prost,0,2,1993,10
warwick,Derek Warwick,0,2,1993,0
patrese,Riccardo Patrese,0,2,1993,0
barbazza,Fabrizio Barbazza,0,2,1993,0
andretti,Michael Andretti,0,2,1993,0
capelli,Ivan Capelli,0,2,1993,0
wendlinger,Karl Wendlinger,0,3,1993,0
comas,Érik Comas,0,3,1993,0
senna,Ayrton Senna,10,3,1993,26
fittipaldi,Christian Fittipaldi,0,3,1993,3
alboreto,Michele Alboreto,0,3,1993,0
lehto,Jyrki Järvilehto,0,3,1993,2
cesaris,Andrea de Cesaris,0,3,1993,0
alliot,Philippe Alliot,0,3,1993,0
prost,Alain Prost,4,3,1993,14
warwick,Derek Warwick,0,3,1993,0
patrese,Riccardo Patrese,2,3,1993,2
barbazza,Fabrizio Barbazza,1,3,1993,1
andretti,Michael Andretti,0,3,1993,0
boutsen,Thierry Boutsen,0,3,1993,0
alesi,Jean Alesi,0,3,1993,0
herbert,Johnny Herbert,3,3,1993,6
badoer,Luca Badoer,0,3,1993,0
zanardi,Alessandro Zanardi,0,3,1993,1
damon_hill,Damon Hill,6,3,1993,12
berger,Gerhard Berger,0,3,1993,1
katayama,Ukyo Katayama,0,3,1993,0
brundle,Martin Brundle,0,3,1993,0
blundell,Mark Blundell,0,3,1993,6
suzuki,Aguri Suzuki,0,3,1993,0
barrichello,Rubens Barrichello,0,3,1993,0
michael_schumacher,Michael Schumacher,0,3,1993,4
barrichello,Rubens Barrichello,0,4,1993,0
michael_schumacher,Michael Schumacher,6,4,1993,10
wendlinger,Karl Wendlinger,0,4,1993,0
comas,Érik Comas,0,4,1993,0
senna,Ayrton Senna,0,4,1993,26
fittipaldi,Christian Fittipaldi,0,4,1993,3
alboreto,Michele Alboreto,0,4,1993,0
lehto,Jyrki Järvilehto,3,4,1993,5
cesaris,Andrea de Cesaris,0,4,1993,0
alliot,Philippe Alliot,2,4,1993,2
prost,Alain Prost,10,4,1993,24
warwick,Derek Warwick,0,4,1993,0
patrese,Riccardo Patrese,0,4,1993,2
barbazza,Fabrizio Barbazza,1,4,1993,2
andretti,Michael Andretti,0,4,1993,0
boutsen,Thierry Boutsen,0,4,1993,0
alesi,Jean Alesi,0,4,1993,0
herbert,Johnny Herbert,0,4,1993,6
badoer,Luca Badoer,0,4,1993,0
zanardi,Alessandro Zanardi,0,4,1993,1
damon_hill,Damon Hill,0,4,1993,12
berger,Gerhard Berger,0,4,1993,1
katayama,Ukyo Katayama,0,4,1993,0
brundle,Martin Brundle,4,4,1993,4
blundell,Mark Blundell,0,4,1993,6
suzuki,Aguri Suzuki,0,4,1993,0
alesi,Jean Alesi,0,5,1993,0
herbert,Johnny Herbert,0,5,1993,6
badoer,Luca Badoer,0,5,1993,0
zanardi,Alessandro Zanardi,0,5,1993,1
damon_hill,Damon Hill,0,5,1993,12
berger,Gerhard Berger,1,5,1993,2
katayama,Ukyo Katayama,0,5,1993,0
brundle,Martin Brundle,0,5,1993,4
blundell,Mark Blundell,0,5,1993,6
suzuki,Aguri Suzuki,0,5,1993,0
barrichello,Rubens Barrichello,0,5,1993,0
michael_schumacher,Michael Schumacher,4,5,1993,14
wendlinger,Karl Wendlinger,0,5,1993,0
comas,Érik Comas,0,5,1993,0
senna,Ayrton Senna,6,5,1993,32
fittipaldi,Christian Fittipaldi,0,5,1993,3
alboreto,Michele Alboreto,0,5,1993,0
lehto,Jyrki Järvilehto,0,5,1993,5
cesaris,Andrea de Cesaris,0,5,1993,0
alliot,Philippe Alliot,0,5,1993,2
prost,Alain Prost,10,5,1993,34
warwick,Derek Warwick,0,5,1993,0
patrese,Riccardo Patrese,3,5,1993,5
barbazza,Fabrizio Barbazza,0,5,1993,2
andretti,Michael Andretti,2,5,1993,2
boutsen,Thierry Boutsen,0,5,1993,0
wendlinger,Karl Wendlinger,0,6,1993,0
comas,Érik Comas,0,6,1993,0
senna,Ayrton Senna,10,6,1993,42
fittipaldi,Christian Fittipaldi,2,6,1993,5
alboreto,Michele Alboreto,0,6,1993,0
lehto,Jyrki Järvilehto,0,6,1993,5
cesaris,Andrea de Cesaris,0,6,1993,0
alliot,Philippe Alliot,0,6,1993,2
prost,Alain Prost,3,6,1993,37
warwick,Derek Warwick,0,6,1993,0
patrese,Riccardo Patrese,0,6,1993,5
barbazza,Fabrizio Barbazza,0,6,1993,2
andretti,Michael Andretti,0,6,1993,2
boutsen,Thierry Boutsen,0,6,1993,0
alesi,Jean Alesi,4,6,1993,4
herbert,Johnny Herbert,0,6,1993,6
badoer,Luca Badoer,0,6,1993,0
zanardi,Alessandro Zanardi,0,6,1993,1
damon_hill,Damon Hill,6,6,1993,18
berger,Gerhard Berger,0,6,1993,2
katayama,Ukyo Katayama,0,6,1993,0
brundle,Martin Brundle,1,6,1993,5
blundell,Mark Blundell,0,6,1993,6
suzuki,Aguri Suzuki,0,6,1993,0
barrichello,Rubens Barrichello,0,6,1993,0
michael_schumacher,Michael Schumacher,0,6,1993,14
barrichello,Rubens Barrichello,0,7,1993,0
michael_schumacher,Michael Schumacher,6,7,1993,20
wendlinger,Karl Wendlinger,1,7,1993,1
comas,Érik Comas,0,7,1993,0
senna,Ayrton Senna,0,7,1993,42
fittipaldi,Christian Fittipaldi,0,7,1993,5
alboreto,Michele Alboreto,0,7,1993,0
lehto,Jyrki Järvilehto,0,7,1993,5
cesaris,Andrea de Cesaris,0,7,1993,0
alliot,Philippe Alliot,0,7,1993,2
prost,Alain Prost,10,7,1993,47
warwick,Derek Warwick,0,7,1993,0
patrese,Riccardo Patrese,0,7,1993,5
barbazza,Fabrizio Barbazza,0,7,1993,2
andretti,Michael Andretti,0,7,1993,2
boutsen,Thierry Boutsen,0,7,1993,0
alesi,Jean Alesi,0,7,1993,4
herbert,Johnny Herbert,0,7,1993,6
badoer,Luca Badoer,0,7,1993,0
zanardi,Alessandro Zanardi,0,7,1993,1
damon_hill,Damon Hill,4,7,1993,22
berger,Gerhard Berger,3,7,1993,5
katayama,Ukyo Katayama,0,7,1993,0
brundle,Martin Brundle,2,7,1993,7
blundell,Mark Blundell,0,7,1993,6
suzuki,Aguri Suzuki,0,7,1993,0
alesi,Jean Alesi,0,8,1993,4
herbert,Johnny Herbert,0,8,1993,6
badoer,Luca Badoer,0,8,1993,0
zanardi,Alessandro Zanardi,0,8,1993,1
damon_hill,Damon Hill,6,8,1993,28
berger,Gerhard Berger,0,8,1993,5
katayama,Ukyo Katayama,0,8,1993,0
brundle,Martin Brundle,2,8,1993,9
blundell,Mark Blundell,0,8,1993,6
suzuki,Aguri Suzuki,0,8,1993,0
barrichello,Rubens Barrichello,0,8,1993,0
michael_schumacher,Michael Schumacher,4,8,1993,24
wendlinger,Karl Wendlinger,0,8,1993,1
comas,Érik Comas,0,8,1993,0
senna,Ayrton Senna,3,8,1993,45
fittipaldi,Christian Fittipaldi,0,8,1993,5
alboreto,Michele Alboreto,0,8,1993,0
lehto,Jyrki Järvilehto,0,8,1993,5
cesaris,Andrea de Cesaris,0,8,1993,0
alliot,Philippe Alliot,0,8,1993,2
prost,Alain Prost,10,8,1993,57
warwick,Derek Warwick,0,8,1993,0
patrese,Riccardo Patrese,0,8,1993,5
barbazza,Fabrizio Barbazza,0,8,1993,2
andretti,Michael Andretti,1,8,1993,3
boutsen,Thierry Boutsen,0,8,1993,0
wendlinger,Karl Wendlinger,0,9,1993,1
martini,Pierluigi Martini,0,9,1993,0
comas,Érik Comas,0,9,1993,0
senna,Ayrton Senna,2,9,1993,47
fittipaldi,Christian Fittipaldi,0,9,1993,5
alboreto,Michele Alboreto,0,9,1993,0
lehto,Jyrki Järvilehto,0,9,1993,5
cesaris,Andrea de Cesaris,0,9,1993,0
alliot,Philippe Alliot,0,9,1993,2
prost,Alain Prost,10,9,1993,67
warwick,Derek Warwick,1,9,1993,1
patrese,Riccardo Patrese,4,9,1993,9
andretti,Michael Andretti,0,9,1993,3
boutsen,Thierry Boutsen,0,9,1993,0
alesi,Jean Alesi,0,9,1993,4
herbert,Johnny Herbert,3,9,1993,9
badoer,Luca Badoer,0,9,1993,0
zanardi,Alessandro Zanardi,0,9,1993,1
damon_hill,Damon Hill,0,9,1993,28
berger,Gerhard Berger,0,9,1993,5
katayama,Ukyo Katayama,0,9,1993,0
brundle,Martin Brundle,0,9,1993,9
blundell,Mark Blundell,0,9,1993,6
suzuki,Aguri Suzuki,0,9,1993,0
barrichello,Rubens Barrichello,0,9,1993,0
michael_schumacher,Michael Schumacher,6,9,1993,30
barrichello,Rubens Barrichello,0,10,1993,0
michael_schumacher,Michael Schumacher,6,10,1993,36
wendlinger,Karl Wendlinger,0,10,1993,1
martini,Pierluigi Martini,0,10,1993,0
comas,Érik Comas,0,10,1993,0
senna,Ayrton Senna,3,10,1993,50
fittipaldi,Christian Fittipaldi,0,10,1993,5
alboreto,Michele Alboreto,0,10,1993,0
lehto,Jyrki Järvilehto,0,10,1993,5
cesaris,Andrea de Cesaris,0,10,1993,0
alliot,Philippe Alliot,0,10,1993,2
prost,Alain Prost,10,10,1993,77
warwick,Derek Warwick,0,10,1993,1
patrese,Riccardo Patrese,2,10,1993,11
andretti,Michael Andretti,0,10,1993,3
boutsen,Thierry Boutsen,0,10,1993,0
alesi,Jean Alesi,0,10,1993,4
herbert,Johnny Herbert,0,10,1993,9
badoer,Luca Badoer,0,10,1993,0
zanardi,Alessandro Zanardi,0,10,1993,1
damon_hill,Damon Hill,0,10,1993,28
berger,Gerhard Berger,1,10,1993,6
katayama,Ukyo Katayama,0,10,1993,0
brundle,Martin Brundle,0,10,1993,9
blundell,Mark Blundell,4,10,1993,10
suzuki,Aguri Suzuki,0,10,1993,0
alesi,Jean Alesi,0,11,1993,4
herbert,Johnny Herbert,0,11,1993,9
badoer,Luca Badoer,0,11,1993,0
zanardi,Alessandro Zanardi,0,11,1993,1
damon_hill,Damon Hill,10,11,1993,38
berger,Gerhard Berger,4,11,1993,10
katayama,Ukyo Katayama,0,11,1993,0
brundle,Martin Brundle,2,11,1993,11
blundell,Mark Blundell,0,11,1993,10
suzuki,Aguri Suzuki,0,11,1993,0
barrichello,Rubens Barrichello,0,11,1993,0
michael_schumacher,Michael Schumacher,0,11,1993,36
wendlinger,Karl Wendlinger,1,11,1993,2
martini,Pierluigi Martini,0,11,1993,0
comas,Érik Comas,0,11,1993,0
senna,Ayrton Senna,0,11,1993,50
fittipaldi,Christian Fittipaldi,0,11,1993,5
alboreto,Michele Alboreto,0,11,1993,0
lehto,Jyrki Järvilehto,0,11,1993,5
cesaris,Andrea de Cesaris,0,11,1993,0
alliot,Philippe Alliot,0,11,1993,2
prost,Alain Prost,0,11,1993,77
warwick,Derek Warwick,3,11,1993,4
patrese,Riccardo Patrese,6,11,1993,17
andretti,Michael Andretti,0,11,1993,3
boutsen,Thierry Boutsen,0,11,1993,0
wendlinger,Karl Wendlinger,0,12,1993,2
martini,Pierluigi Martini,0,12,1993,0
comas,Érik Comas,0,12,1993,0
senna,Ayrton Senna,3,12,1993,53
fittipaldi,Christian Fittipaldi,0,12,1993,5
alboreto,Michele Alboreto,0,12,1993,0
lehto,Jyrki Järvilehto,0,12,1993,5
cesaris,Andrea de Cesaris,0,12,1993,0
alliot,Philippe Alliot,0,12,1993,2
prost,Alain Prost,4,12,1993,81
warwick,Derek Warwick,0,12,1993,4
patrese,Riccardo Patrese,1,12,1993,18
andretti,Michael Andretti,0,12,1993,3
boutsen,Thierry Boutsen,0,12,1993,0
alesi,Jean Alesi,0,12,1993,4
herbert,Johnny Herbert,2,12,1993,11
badoer,Luca Badoer,0,12,1993,0
zanardi,Alessandro Zanardi,0,12,1993,1
damon_hill,Damon Hill,10,12,1993,48
berger,Gerhard Berger,0,12,1993,10
katayama,Ukyo Katayama,0,12,1993,0
brundle,Martin Brundle,0,12,1993,11
blundell,Mark Blundell,0,12,1993,10
suzuki,Aguri Suzuki,0,12,1993,0
barrichello,Rubens Barrichello,0,12,1993,0
michael_schumacher,Michael Schumacher,6,12,1993,42
barrichello,Rubens Barrichello,0,13,1993,0
michael_schumacher,Michael Schumacher,0,13,1993,42
wendlinger,Karl Wendlinger,3,13,1993,5
martini,Pierluigi Martini,0,13,1993,0
comas,Érik Comas,1,13,1993,1
senna,Ayrton Senna,0,13,1993,53
fittipaldi,Christian Fittipaldi,0,13,1993,5
alboreto,Michele Alboreto,0,13,1993,0
lehto,Jyrki Järvilehto,0,13,1993,5
cesaris,Andrea de Cesaris,0,13,1993,0
alliot,Philippe Alliot,0,13,1993,2
prost,Alain Prost,0,13,1993,81
warwick,Derek Warwick,0,13,1993,4
patrese,Riccardo Patrese,2,13,1993,20
andretti,Michael Andretti,4,13,1993,7
apicella,Marco Apicella,0,13,1993,0
alesi,Jean Alesi,6,13,1993,10
herbert,Johnny Herbert,0,13,1993,11
badoer,Luca Badoer,0,13,1993,0
damon_hill,Damon Hill,10,13,1993,58
berger,Gerhard Berger,0,13,1993,10
katayama,Ukyo Katayama,0,13,1993,0
lamy,Pedro Lamy,0,13,1993,0
brundle,Martin Brundle,0,13,1993,11
blundell,Mark Blundell,0,13,1993,10
suzuki,Aguri Suzuki,0,13,1993,0
alesi,Jean Alesi,3,14,1993,13
hakkinen,Mika Häkkinen,0,14,1993,0
herbert,Johnny Herbert,0,14,1993,11
badoer,Luca Badoer,0,14,1993,0
damon_hill,Damon Hill,4,14,1993,62
berger,Gerhard Berger,0,14,1993,10
katayama,Ukyo Katayama,0,14,1993,0
lamy,Pedro Lamy,0,14,1993,0
brundle,Martin Brundle,1,14,1993,12
blundell,Mark Blundell,0,14,1993,10
suzuki,Aguri Suzuki,0,14,1993,0
barrichello,Rubens Barrichello,0,14,1993,0
michael_schumacher,Michael Schumacher,10,14,1993,52
wendlinger,Karl Wendlinger,2,14,1993,7
martini,Pierluigi Martini,0,14,1993,0
comas,Érik Comas,0,14,1993,1
senna,Ayrton Senna,0,14,1993,53
fittipaldi,Christian Fittipaldi,0,14,1993,5
alboreto,Michele Alboreto,0,14,1993,0
lehto,Jyrki Järvilehto,0,14,1993,5
cesaris,Andrea de Cesaris,0,14,1993,0
alliot,Philippe Alliot,0,14,1993,2
prost,Alain Prost,6,14,1993,87
warwick,Derek Warwick,0,14,1993,4
patrese,Riccardo Patrese,0,14,1993,20
naspetti,Emanuele Naspetti,0,14,1993,0
wendlinger,Karl Wendlinger,0,15,1993,7
martini,Pierluigi Martini,0,15,1993,0
comas,Érik Comas,0,15,1993,1
senna,Ayrton Senna,10,15,1993,63
lehto,Jyrki Järvilehto,0,15,1993,5
cesaris,Andrea de Cesaris,0,15,1993,0
gounon,Jean-Marc Gounon,0,15,1993,0
prost,Alain Prost,6,15,1993,93
warwick,Derek Warwick,0,15,1993,4
patrese,Riccardo Patrese,0,15,1993,20
toshio_suzuki,Toshio Suzuki,0,15,1993,0
alesi,Jean Alesi,0,15,1993,13
irvine,Eddie Irvine,1,15,1993,1
hakkinen,Mika Häkkinen,4,15,1993,4
herbert,Johnny Herbert,0,15,1993,11
damon_hill,Damon Hill,3,15,1993,65
berger,Gerhard Berger,0,15,1993,10
katayama,Ukyo Katayama,0,15,1993,0
lamy,Pedro Lamy,0,15,1993,0
brundle,Martin Brundle,0,15,1993,12
blundell,Mark Blundell,0,15,1993,10
suzuki,Aguri Suzuki,0,15,1993,0
barrichello,Rubens Barrichello,2,15,1993,2
michael_schumacher,Michael Schumacher,0,15,1993,52
barrichello,Rubens Barrichello,0,16,1993,2
michael_schumacher,Michael Schumacher,0,16,1993,52
wendlinger,Karl Wendlinger,0,16,1993,7
martini,Pierluigi Martini,0,16,1993,0
comas,Érik Comas,0,16,1993,1
senna,Ayrton Senna,10,16,1993,73
lehto,Jyrki Järvilehto,0,16,1993,5
cesaris,Andrea de Cesaris,0,16,1993,0
gounon,Jean-Marc Gounon,0,16,1993,0
prost,Alain Prost,6,16,1993,99
warwick,Derek Warwick,0,16,1993,4
patrese,Riccardo Patrese,0,16,1993,20
toshio_suzuki,Toshio Suzuki,0,16,1993,0
alesi,Jean Alesi,3,16,1993,16
irvine,Eddie Irvine,0,16,1993,1
hakkinen,Mika Häkkinen,0,16,1993,4
herbert,Johnny Herbert,0,16,1993,11
damon_hill,Damon Hill,4,16,1993,69
berger,Gerhard Berger,2,16,1993,12
katayama,Ukyo Katayama,0,16,1993,0
lamy,Pedro Lamy,0,16,1993,0
brundle,Martin Brundle,1,16,1993,13
blundell,Mark Blundell,0,16,1993,10
suzuki,Aguri Suzuki,0,16,1993,0
alesi,Jean Alesi,0,1,1992,0
hakkinen,Mika Häkkinen,0,1,1992,0
herbert,Johnny Herbert,1,1,1992,1
berger,Gerhard Berger,2,1,1992,2
katayama,Ukyo Katayama,0,1,1992,0
morbidelli,Gianni Morbidelli,0,1,1992,0
brundle,Martin Brundle,0,1,1992,0
suzuki,Aguri Suzuki,0,1,1992,0
michael_schumacher,Michael Schumacher,3,1,1992,3
grouillard,Olivier Grouillard,0,1,1992,0
chiesa,Andrea Chiesa,0,1,1992,0
modena,Stefano Modena,0,1,1992,0
amati,Giovanna Amati,0,1,1992,0
wendlinger,Karl Wendlinger,0,1,1992,0
gachot,Bertrand Gachot,0,1,1992,0
martini,Pierluigi Martini,0,1,1992,0
mansell,Nigel Mansell,10,1,1992,10
tarquini,Gabriele Tarquini,0,1,1992,0
comas,Érik Comas,0,1,1992,0
senna,Ayrton Senna,4,1,1992,4
fittipaldi,Christian Fittipaldi,0,1,1992,0
alboreto,Michele Alboreto,0,1,1992,0
belmondo,Paul Belmondo,0,1,1992,0
lehto,Jyrki Järvilehto,0,1,1992,0
cesaris,Andrea de Cesaris,0,1,1992,0
patrese,Riccardo Patrese,6,1,1992,6
capelli,Ivan Capelli,0,1,1992,0
boutsen,Thierry Boutsen,0,1,1992,0
gugelmin,Maurício Gugelmin,0,1,1992,0
poele,Eric van de Poele,0,1,1992,0
wendlinger,Karl Wendlinger,0,2,1992,0
gachot,Bertrand Gachot,0,2,1992,0
martini,Pierluigi Martini,0,2,1992,0
mansell,Nigel Mansell,10,2,1992,20
tarquini,Gabriele Tarquini,0,2,1992,0
comas,Érik Comas,0,2,1992,0
senna,Ayrton Senna,0,2,1992,4
fittipaldi,Christian Fittipaldi,0,2,1992,0
alboreto,Michele Alboreto,0,2,1992,0
belmondo,Paul Belmondo,0,2,1992,0
lehto,Jyrki Järvilehto,0,2,1992,0
cesaris,Andrea de Cesaris,2,2,1992,2
patrese,Riccardo Patrese,6,2,1992,12
capelli,Ivan Capelli,0,2,1992,0
boutsen,Thierry Boutsen,0,2,1992,0
gugelmin,Maurício Gugelmin,0,2,1992,0
poele,Eric van de Poele,0,2,1992,0
michael_schumacher,Michael Schumacher,4,2,1992,7
alesi,Jean Alesi,0,2,1992,0
hakkinen,Mika Häkkinen,1,2,1992,1
herbert,Johnny Herbert,0,2,1992,1
berger,Gerhard Berger,3,2,1992,5
katayama,Ukyo Katayama,0,2,1992,0
morbidelli,Gianni Morbidelli,0,2,1992,0
brundle,Martin Brundle,0,2,1992,0
suzuki,Aguri Suzuki,0,2,1992,0
grouillard,Olivier Grouillard,0,2,1992,0
chiesa,Andrea Chiesa,0,2,1992,0
modena,Stefano Modena,0,2,1992,0
amati,Giovanna Amati,0,2,1992,0
grouillard,Olivier Grouillard,0,3,1992,0
chiesa,Andrea Chiesa,0,3,1992,0
modena,Stefano Modena,0,3,1992,0
amati,Giovanna Amati,0,3,1992,0
michael_schumacher,Michael Schumacher,4,3,1992,11
wendlinger,Karl Wendlinger,0,3,1992,0
gachot,Bertrand Gachot,0,3,1992,0
martini,Pierluigi Martini,0,3,1992,0
mansell,Nigel Mansell,10,3,1992,30
tarquini,Gabriele Tarquini,0,3,1992,0
comas,Érik Comas,0,3,1992,0
senna,Ayrton Senna,0,3,1992,4
fittipaldi,Christian Fittipaldi,0,3,1992,0
alboreto,Michele Alboreto,1,3,1992,1
belmondo,Paul Belmondo,0,3,1992,0
lehto,Jyrki Järvilehto,0,3,1992,0
cesaris,Andrea de Cesaris,0,3,1992,2
patrese,Riccardo Patrese,6,3,1992,18
capelli,Ivan Capelli,2,3,1992,2
boutsen,Thierry Boutsen,0,3,1992,0
gugelmin,Maurício Gugelmin,0,3,1992,0
poele,Eric van de Poele,0,3,1992,0
alesi,Jean Alesi,3,3,1992,3
hakkinen,Mika Häkkinen,0,3,1992,1
herbert,Johnny Herbert,0,3,1992,1
berger,Gerhard Berger,0,3,1992,5
katayama,Ukyo Katayama,0,3,1992,0
morbidelli,Gianni Morbidelli,0,3,1992,0
brundle,Martin Brundle,0,3,1992,0
suzuki,Aguri Suzuki,0,3,1992,0
alesi,Jean Alesi,4,4,1992,7
hakkinen,Mika Häkkinen,0,4,1992,1
herbert,Johnny Herbert,0,4,1992,1
damon_hill,Damon Hill,0,4,1992,0
berger,Gerhard Berger,3,4,1992,8
katayama,Ukyo Katayama,0,4,1992,0
morbidelli,Gianni Morbidelli,0,4,1992,0
brundle,Martin Brundle,0,4,1992,0
suzuki,Aguri Suzuki,0,4,1992,0
michael_schumacher,Michael Schumacher,6,4,1992,17
grouillard,Olivier Grouillard,0,4,1992,0
chiesa,Andrea Chiesa,0,4,1992,0
modena,Stefano Modena,0,4,1992,0
mccarthy,Perry McCarthy,0,4,1992,0
moreno,Roberto Moreno,0,4,1992,0
wendlinger,Karl Wendlinger,0,4,1992,0
gachot,Bertrand Gachot,0,4,1992,0
martini,Pierluigi Martini,1,4,1992,1
mansell,Nigel Mansell,10,4,1992,40
tarquini,Gabriele Tarquini,0,4,1992,0
comas,Érik Comas,0,4,1992,0
senna,Ayrton Senna,0,4,1992,4
fittipaldi,Christian Fittipaldi,0,4,1992,0
alboreto,Michele Alboreto,2,4,1992,3
belmondo,Paul Belmondo,0,4,1992,0
lehto,Jyrki Järvilehto,0,4,1992,0
cesaris,Andrea de Cesaris,0,4,1992,2
patrese,Riccardo Patrese,0,4,1992,18
capelli,Ivan Capelli,0,4,1992,2
boutsen,Thierry Boutsen,0,4,1992,0
gugelmin,Maurício Gugelmin,0,4,1992,0
poele,Eric van de Poele,0,4,1992,0
moreno,Roberto Moreno,0,5,1992,0
wendlinger,Karl Wendlinger,0,5,1992,0
gachot,Bertrand Gachot,0,5,1992,0
martini,Pierluigi Martini,1,5,1992,2
mansell,Nigel Mansell,10,5,1992,50
tarquini,Gabriele Tarquini,0,5,1992,0
comas,Érik Comas,0,5,1992,0
senna,Ayrton Senna,4,5,1992,8
fittipaldi,Christian Fittipaldi,0,5,1992,0
alboreto,Michele Alboreto,2,5,1992,5
belmondo,Paul Belmondo,0,5,1992,0
lehto,Jyrki Järvilehto,0,5,1992,0
cesaris,Andrea de Cesaris,0,5,1992,2
patrese,Riccardo Patrese,6,5,1992,24
capelli,Ivan Capelli,0,5,1992,2
boutsen,Thierry Boutsen,0,5,1992,0
gugelmin,Maurício Gugelmin,0,5,1992,0
poele,Eric van de Poele,0,5,1992,0
michael_schumacher,Michael Schumacher,0,5,1992,17
alesi,Jean Alesi,0,5,1992,7
hakkinen,Mika Häkkinen,0,5,1992,1
herbert,Johnny Herbert,0,5,1992,1
damon_hill,Damon Hill,0,5,1992,0
berger,Gerhard Berger,0,5,1992,8
katayama,Ukyo Katayama,0,5,1992,0
morbidelli,Gianni Morbidelli,0,5,1992,0
brundle,Martin Brundle,3,5,1992,3
suzuki,Aguri Suzuki,0,5,1992,0
grouillard,Olivier Grouillard,0,5,1992,0
chiesa,Andrea Chiesa,0,5,1992,0
modena,Stefano Modena,0,5,1992,0
mccarthy,Perry McCarthy,0,5,1992,0
grouillard,Olivier Grouillard,0,6,1992,0
chiesa,Andrea Chiesa,0,6,1992,0
modena,Stefano Modena,0,6,1992,0
mccarthy,Perry McCarthy,0,6,1992,0
michael_schumacher,Michael Schumacher,3,6,1992,20
moreno,Roberto Moreno,0,6,1992,0
wendlinger,Karl Wendlinger,0,6,1992,0
gachot,Bertrand Gachot,1,6,1992,1
martini,Pierluigi Martini,0,6,1992,2
mansell,Nigel Mansell,6,6,1992,56
tarquini,Gabriele Tarquini,0,6,1992,0
comas,Érik Comas,0,6,1992,0
senna,Ayrton Senna,10,6,1992,18
fittipaldi,Christian Fittipaldi,0,6,1992,0
alboreto,Michele Alboreto,0,6,1992,5
belmondo,Paul Belmondo,0,6,1992,0
lehto,Jyrki Järvilehto,0,6,1992,0
cesaris,Andrea de Cesaris,0,6,1992,2
patrese,Riccardo Patrese,4,6,1992,28
capelli,Ivan Capelli,0,6,1992,2
boutsen,Thierry Boutsen,0,6,1992,0
gugelmin,Maurício Gugelmin,0,6,1992,0
poele,Eric van de Poele,0,6,1992,0
alesi,Jean Alesi,0,6,1992,7
hakkinen,Mika Häkkinen,0,6,1992,1
herbert,Johnny Herbert,0,6,1992,1
damon_hill,Damon Hill,0,6,1992,0
berger,Gerhard Berger,0,6,1992,8
katayama,Ukyo Katayama,0,6,1992,0
morbidelli,Gianni Morbidelli,0,6,1992,0
brundle,Martin Brundle,2,6,1992,5
suzuki,Aguri Suzuki,0,6,1992,0
alesi,Jean Alesi,4,7,1992,11
hakkinen,Mika Häkkinen,0,7,1992,1
herbert,Johnny Herbert,0,7,1992,1
damon_hill,Damon Hill,0,7,1992,0
berger,Gerhard Berger,10,7,1992,18
katayama,Ukyo Katayama,0,7,1992,0
morbidelli,Gianni Morbidelli,0,7,1992,0
brundle,Martin Brundle,0,7,1992,5
suzuki,Aguri Suzuki,0,7,1992,0
michael_schumacher,Michael Schumacher,6,7,1992,26
grouillard,Olivier Grouillard,0,7,1992,0
chiesa,Andrea Chiesa,0,7,1992,0
modena,Stefano Modena,0,7,1992,0
moreno,Roberto Moreno,0,7,1992,0
wendlinger,Karl Wendlinger,3,7,1992,3
gachot,Bertrand Gachot,0,7,1992,1
martini,Pierluigi Martini,0,7,1992,2
mansell,Nigel Mansell,0,7,1992,56
tarquini,Gabriele Tarquini,0,7,1992,0
comas,Érik Comas,1,7,1992,1
senna,Ayrton Senna,0,7,1992,18
fittipaldi,Christian Fittipaldi,0,7,1992,0
alboreto,Michele Alboreto,0,7,1992,5
belmondo,Paul Belmondo,0,7,1992,0
lehto,Jyrki Järvilehto,0,7,1992,0
cesaris,Andrea de Cesaris,2,7,1992,4
patrese,Riccardo Patrese,0,7,1992,28
capelli,Ivan Capelli,0,7,1992,2
boutsen,Thierry Boutsen,0,7,1992,0
gugelmin,Maurício Gugelmin,0,7,1992,0
poele,Eric van de Poele,0,7,1992,0
wendlinger,Karl Wendlinger,0,8,1992,3
gachot,Bertrand Gachot,0,8,1992,1
martini,Pierluigi Martini,0,8,1992,2
mansell,Nigel Mansell,10,8,1992,66
tarquini,Gabriele Tarquini,0,8,1992,0
comas,Érik Comas,2,8,1992,3
senna,Ayrton Senna,0,8,1992,18
fittipaldi,Christian Fittipaldi,0,8,1992,0
alboreto,Michele Alboreto,0,8,1992,5
belmondo,Paul Belmondo,0,8,1992,0
lehto,Jyrki Järvilehto,0,8,1992,0
cesaris,Andrea de Cesaris,0,8,1992,4
patrese,Riccardo Patrese,6,8,1992,34
capelli,Ivan Capelli,0,8,1992,2
boutsen,Thierry Boutsen,0,8,1992,0
gugelmin,Maurício Gugelmin,0,8,1992,0
poele,Eric van de Poele,0,8,1992,0
michael_schumacher,Michael Schumacher,0,8,1992,26
alesi,Jean Alesi,0,8,1992,11
hakkinen,Mika Häkkinen,3,8,1992,4
herbert,Johnny Herbert,1,8,1992,2
damon_hill,Damon Hill,0,8,1992,0
berger,Gerhard Berger,0,8,1992,18
katayama,Ukyo Katayama,0,8,1992,0
morbidelli,Gianni Morbidelli,0,8,1992,0
brundle,Martin Brundle,4,8,1992,9
suzuki,Aguri Suzuki,0,8,1992,0
grouillard,Olivier Grouillard,0,8,1992,0
chiesa,Andrea Chiesa,0,8,1992,0
modena,Stefano Modena,0,8,1992,0
grouillard,Olivier Grouillard,0,9,1992,0
chiesa,Andrea Chiesa,0,9,1992,0
modena,Stefano Modena,0,9,1992,0
mccarthy,Perry McCarthy,0,9,1992,0
michael_schumacher,Michael Schumacher,3,9,1992,29
moreno,Roberto Moreno,0,9,1992,0
wendlinger,Karl Wendlinger,0,9,1992,3
gachot,Bertrand Gachot,0,9,1992,1
martini,Pierluigi Martini,0,9,1992,2
mansell,Nigel Mansell,10,9,1992,76
tarquini,Gabriele Tarquini,0,9,1992,0
comas,Érik Comas,0,9,1992,3
senna,Ayrton Senna,0,9,1992,18
alboreto,Michele Alboreto,0,9,1992,5
belmondo,Paul Belmondo,0,9,1992,0
lehto,Jyrki Järvilehto,0,9,1992,0
cesaris,Andrea de Cesaris,0,9,1992,4
patrese,Riccardo Patrese,6,9,1992,40
capelli,Ivan Capelli,0,9,1992,2
boutsen,Thierry Boutsen,0,9,1992,0
gugelmin,Maurício Gugelmin,0,9,1992,0
poele,Eric van de Poele,0,9,1992,0
alesi,Jean Alesi,0,9,1992,11
hakkinen,Mika Häkkinen,1,9,1992,5
herbert,Johnny Herbert,0,9,1992,2
zanardi,Alessandro Zanardi,0,9,1992,0
damon_hill,Damon Hill,0,9,1992,0
berger,Gerhard Berger,2,9,1992,20
katayama,Ukyo Katayama,0,9,1992,0
morbidelli,Gianni Morbidelli,0,9,1992,0
brundle,Martin Brundle,4,9,1992,13
suzuki,Aguri Suzuki,0,9,1992,0
alesi,Jean Alesi,2,10,1992,13
hakkinen,Mika Häkkinen,0,10,1992,5
herbert,Johnny Herbert,0,10,1992,2
zanardi,Alessandro Zanardi,0,10,1992,0
damon_hill,Damon Hill,0,10,1992,0
berger,Gerhard Berger,0,10,1992,20
katayama,Ukyo Katayama,0,10,1992,0
morbidelli,Gianni Morbidelli,0,10,1992,0
brundle,Martin Brundle,3,10,1992,16
suzuki,Aguri Suzuki,0,10,1992,0
michael_schumacher,Michael Schumacher,4,10,1992,33
grouillard,Olivier Grouillard,0,10,1992,0
chiesa,Andrea Chiesa,0,10,1992,0
modena,Stefano Modena,0,10,1992,0
mccarthy,Perry McCarthy,0,10,1992,0
moreno,Roberto Moreno,0,10,1992,0
wendlinger,Karl Wendlinger,0,10,1992,3
gachot,Bertrand Gachot,0,10,1992,1
martini,Pierluigi Martini,0,10,1992,2
mansell,Nigel Mansell,10,10,1992,86
tarquini,Gabriele Tarquini,0,10,1992,0
comas,Érik Comas,1,10,1992,4
senna,Ayrton Senna,6,10,1992,24
alboreto,Michele Alboreto,0,10,1992,5
belmondo,Paul Belmondo,0,10,1992,0
lehto,Jyrki Järvilehto,0,10,1992,0
cesaris,Andrea de Cesaris,0,10,1992,4
patrese,Riccardo Patrese,0,10,1992,40
capelli,Ivan Capelli,0,10,1992,2
boutsen,Thierry Boutsen,0,10,1992,0
gugelmin,Maurício Gugelmin,0,10,1992,0
poele,Eric van de Poele,0,10,1992,0
moreno,Roberto Moreno,0,11,1992,0
wendlinger,Karl Wendlinger,0,11,1992,3
gachot,Bertrand Gachot,0,11,1992,1
martini,Pierluigi Martini,0,11,1992,2
mansell,Nigel Mansell,6,11,1992,92
tarquini,Gabriele Tarquini,0,11,1992,0
comas,Érik Comas,0,11,1992,4
senna,Ayrton Senna,10,11,1992,34
alboreto,Michele Alboreto,0,11,1992,5
belmondo,Paul Belmondo,0,11,1992,0
lehto,Jyrki Järvilehto,0,11,1992,0
cesaris,Andrea de Cesaris,0,11,1992,4
patrese,Riccardo Patrese,0,11,1992,40
capelli,Ivan Capelli,1,11,1992,3
boutsen,Thierry Boutsen,0,11,1992,0
gugelmin,Maurício Gugelmin,0,11,1992,0
poele,Eric van de Poele,0,11,1992,0
michael_schumacher,Michael Schumacher,0,11,1992,33
alesi,Jean Alesi,0,11,1992,13
hakkinen,Mika Häkkinen,3,11,1992,8
herbert,Johnny Herbert,0,11,1992,2
zanardi,Alessandro Zanardi,0,11,1992,0
damon_hill,Damon Hill,0,11,1992,0
berger,Gerhard Berger,4,11,1992,24
katayama,Ukyo Katayama,0,11,1992,0
morbidelli,Gianni Morbidelli,0,11,1992,0
brundle,Martin Brundle,2,11,1992,18
suzuki,Aguri Suzuki,0,11,1992,0
grouillard,Olivier Grouillard,0,11,1992,0
modena,Stefano Modena,0,11,1992,0
mccarthy,Perry McCarthy,0,11,1992,0
grouillard,Olivier Grouillard,0,12,1992,0
modena,Stefano Modena,0,12,1992,0
mccarthy,Perry McCarthy,0,12,1992,0
michael_schumacher,Michael Schumacher,10,12,1992,43
moreno,Roberto Moreno,0,12,1992,0
wendlinger,Karl Wendlinger,0,12,1992,3
gachot,Bertrand Gachot,0,12,1992,1
martini,Pierluigi Martini,0,12,1992,2
mansell,Nigel Mansell,6,12,1992,98
tarquini,Gabriele Tarquini,0,12,1992,0
comas,Érik Comas,0,12,1992,4
senna,Ayrton Senna,2,12,1992,36
fittipaldi,Christian Fittipaldi,0,12,1992,0
alboreto,Michele Alboreto,0,12,1992,5
lehto,Jyrki Järvilehto,0,12,1992,0
cesaris,Andrea de Cesaris,0,12,1992,4
patrese,Riccardo Patrese,4,12,1992,44
capelli,Ivan Capelli,0,12,1992,3
boutsen,Thierry Boutsen,0,12,1992,0
naspetti,Emanuele Naspetti,0,12,1992,0
gugelmin,Maurício Gugelmin,0,12,1992,0
poele,Eric van de Poele,0,12,1992,0
alesi,Jean Alesi,0,12,1992,13
hakkinen,Mika Häkkinen,1,12,1992,9
herbert,Johnny Herbert,0,12,1992,2
berger,Gerhard Berger,0,12,1992,24
katayama,Ukyo Katayama,0,12,1992,0
morbidelli,Gianni Morbidelli,0,12,1992,0
brundle,Martin Brundle,3,12,1992,21
suzuki,Aguri Suzuki,0,12,1992,0
alesi,Jean Alesi,0,13,1992,13
hakkinen,Mika Häkkinen,0,13,1992,9
herbert,Johnny Herbert,0,13,1992,2
berger,Gerhard Berger,3,13,1992,27
katayama,Ukyo Katayama,0,13,1992,0
morbidelli,Gianni Morbidelli,0,13,1992,0
brundle,Martin Brundle,6,13,1992,27
suzuki,Aguri Suzuki,0,13,1992,0
michael_schumacher,Michael Schumacher,4,13,1992,47
grouillard,Olivier Grouillard,0,13,1992,0
modena,Stefano Modena,0,13,1992,0
wendlinger,Karl Wendlinger,0,13,1992,3
gachot,Bertrand Gachot,0,13,1992,1
martini,Pierluigi Martini,0,13,1992,2
mansell,Nigel Mansell,0,13,1992,98
tarquini,Gabriele Tarquini,0,13,1992,0
comas,Érik Comas,0,13,1992,4
senna,Ayrton Senna,10,13,1992,46
fittipaldi,Christian Fittipaldi,0,13,1992,0
alboreto,Michele Alboreto,0,13,1992,5
lehto,Jyrki Järvilehto,0,13,1992,0
cesaris,Andrea de Cesaris,1,13,1992,5
patrese,Riccardo Patrese,2,13,1992,46
capelli,Ivan Capelli,0,13,1992,3
boutsen,Thierry Boutsen,0,13,1992,0
naspetti,Emanuele Naspetti,0,13,1992,0
gugelmin,Maurício Gugelmin,0,13,1992,0
poele,Eric van de Poele,0,13,1992,0
wendlinger,Karl Wendlinger,0,14,1992,3
gachot,Bertrand Gachot,0,14,1992,1
martini,Pierluigi Martini,0,14,1992,2
mansell,Nigel Mansell,10,14,1992,108
comas,Érik Comas,0,14,1992,4
senna,Ayrton Senna,4,14,1992,50
fittipaldi,Christian Fittipaldi,0,14,1992,0
alboreto,Michele Alboreto,1,14,1992,6
lehto,Jyrki Järvilehto,0,14,1992,0
cesaris,Andrea de Cesaris,0,14,1992,5
patrese,Riccardo Patrese,0,14,1992,46
capelli,Ivan Capelli,0,14,1992,3
boutsen,Thierry Boutsen,0,14,1992,0
naspetti,Emanuele Naspetti,0,14,1992,0
gugelmin,Maurício Gugelmin,0,14,1992,0
michael_schumacher,Michael Schumacher,0,14,1992,47
alesi,Jean Alesi,0,14,1992,13
hakkinen,Mika Häkkinen,2,14,1992,11
herbert,Johnny Herbert,0,14,1992,2
berger,Gerhard Berger,6,14,1992,33
katayama,Ukyo Katayama,0,14,1992,0
morbidelli,Gianni Morbidelli,0,14,1992,0
brundle,Martin Brundle,3,14,1992,30
suzuki,Aguri Suzuki,0,14,1992,0
grouillard,Olivier Grouillard,0,14,1992,0
modena,Stefano Modena,0,14,1992,0
grouillard,Olivier Grouillard,0,15,1992,0
modena,Stefano Modena,0,15,1992,0
lammers,Jan Lammers,0,15,1992,0
michael_schumacher,Michael Schumacher,0,15,1992,47
gachot,Bertrand Gachot,0,15,1992,1
martini,Pierluigi Martini,0,15,1992,2
mansell,Nigel Mansell,0,15,1992,108
comas,Érik Comas,0,15,1992,4
senna,Ayrton Senna,0,15,1992,50
fittipaldi,Christian Fittipaldi,1,15,1992,1
alboreto,Michele Alboreto,0,15,1992,6
lehto,Jyrki Järvilehto,0,15,1992,0
cesaris,Andrea de Cesaris,3,15,1992,8
patrese,Riccardo Patrese,10,15,1992,56
boutsen,Thierry Boutsen,0,15,1992,0
naspetti,Emanuele Naspetti,0,15,1992,0
gugelmin,Maurício Gugelmin,0,15,1992,0
alesi,Jean Alesi,2,15,1992,15
hakkinen,Mika Häkkinen,0,15,1992,11
herbert,Johnny Herbert,0,15,1992,2
berger,Gerhard Berger,6,15,1992,39
larini,Nicola Larini,0,15,1992,0
katayama,Ukyo Katayama,0,15,1992,0
morbidelli,Gianni Morbidelli,0,15,1992,0
brundle,Martin Brundle,4,15,1992,34
suzuki,Aguri Suzuki,0,15,1992,0
alesi,Jean Alesi,3,16,1992,18
hakkinen,Mika Häkkinen,0,16,1992,11
herbert,Johnny Herbert,0,16,1992,2
berger,Gerhard Berger,10,16,1992,49
larini,Nicola Larini,0,16,1992,0
katayama,Ukyo Katayama,0,16,1992,0
morbidelli,Gianni Morbidelli,0,16,1992,0
brundle,Martin Brundle,4,16,1992,38
suzuki,Aguri Suzuki,0,16,1992,0
michael_schumacher,Michael Schumacher,6,16,1992,53
grouillard,Olivier Grouillard,0,16,1992,0
modena,Stefano Modena,1,16,1992,1
lammers,Jan Lammers,0,16,1992,0
gachot,Bertrand Gachot,0,16,1992,1
martini,Pierluigi Martini,0,16,1992,2
mansell,Nigel Mansell,0,16,1992,108
comas,Érik Comas,0,16,1992,4
senna,Ayrton Senna,0,16,1992,50
fittipaldi,Christian Fittipaldi,0,16,1992,1
alboreto,Michele Alboreto,0,16,1992,6
lehto,Jyrki Järvilehto,0,16,1992,0
cesaris,Andrea de Cesaris,0,16,1992,8
patrese,Riccardo Patrese,0,16,1992,56
boutsen,Thierry Boutsen,2,16,1992,2
naspetti,Emanuele Naspetti,0,16,1992,0
gugelmin,Maurício Gugelmin,0,16,1992,0
moreno,Roberto Moreno,0,1,1991,0
gachot,Bertrand Gachot,0,1,1991,0
martini,Pierluigi Martini,0,1,1991,0
mansell,Nigel Mansell,0,1,1991,0
tarquini,Gabriele Tarquini,0,1,1991,0
comas,Érik Comas,0,1,1991,0
senna,Ayrton Senna,10,1,1991,10
bernard,Éric Bernard,0,1,1991,0
alboreto,Michele Alboreto,0,1,1991,0
lehto,Jyrki Järvilehto,0,1,1991,0
cesaris,Andrea de Cesaris,0,1,1991,0
prost,Alain Prost,6,1,1991,6
patrese,Riccardo Patrese,0,1,1991,0
capelli,Ivan Capelli,0,1,1991,0
boutsen,Thierry Boutsen,0,1,1991,0
gugelmin,Maurício Gugelmin,0,1,1991,0
poele,Eric van de Poele,0,1,1991,0
grouillard,Olivier Grouillard,0,1,1991,0
alesi,Jean Alesi,0,1,1991,0
hakkinen,Mika Häkkinen,0,1,1991,0
berger,Gerhard Berger,0,1,1991,0
larini,Nicola Larini,0,1,1991,0
morbidelli,Gianni Morbidelli,0,1,1991,0
brundle,Martin Brundle,0,1,1991,0
blundell,Mark Blundell,0,1,1991,0
suzuki,Aguri Suzuki,1,1,1991,1
modena,Stefano Modena,3,1,1991,3
caffi,Alex Caffi,0,1,1991,0
piquet,Nelson Piquet,4,1,1991,4
satoru_nakajima,Satoru Nakajima,2,1,1991,2
pirro,Emanuele Pirro,0,1,1991,0
johansson,Stefan Johansson,0,1,1991,0
bailey,Julian Bailey,0,1,1991,0
chaves,Pedro Chaves,0,1,1991,0
modena,Stefano Modena,0,2,1991,3
caffi,Alex Caffi,0,2,1991,0
piquet,Nelson Piquet,2,2,1991,6
satoru_nakajima,Satoru Nakajima,0,2,1991,2
pirro,Emanuele Pirro,0,2,1991,0
johansson,Stefan Johansson,0,2,1991,0
bailey,Julian Bailey,0,2,1991,0
chaves,Pedro Chaves,0,2,1991,0
moreno,Roberto Moreno,0,2,1991,0
gachot,Bertrand Gachot,0,2,1991,0
martini,Pierluigi Martini,0,2,1991,0
mansell,Nigel Mansell,0,2,1991,0
tarquini,Gabriele Tarquini,0,2,1991,0
comas,Érik Comas,0,2,1991,0
senna,Ayrton Senna,10,2,1991,20
bernard,Éric Bernard,0,2,1991,0
alboreto,Michele Alboreto,0,2,1991,0
lehto,Jyrki Järvilehto,0,2,1991,0
cesaris,Andrea de Cesaris,0,2,1991,0
prost,Alain Prost,3,2,1991,9
patrese,Riccardo Patrese,6,2,1991,6
capelli,Ivan Capelli,0,2,1991,0
boutsen,Thierry Boutsen,0,2,1991,0
gugelmin,Maurício Gugelmin,0,2,1991,0
poele,Eric van de Poele,0,2,1991,0
grouillard,Olivier Grouillard,0,2,1991,0
alesi,Jean Alesi,1,2,1991,1
hakkinen,Mika Häkkinen,0,2,1991,0
berger,Gerhard Berger,4,2,1991,4
larini,Nicola Larini,0,2,1991,0
morbidelli,Gianni Morbidelli,0,2,1991,0
brundle,Martin Brundle,0,2,1991,0
blundell,Mark Blundell,0,2,1991,0
suzuki,Aguri Suzuki,0,2,1991,1
alesi,Jean Alesi,0,3,1991,1
hakkinen,Mika Häkkinen,2,3,1991,2
berger,Gerhard Berger,6,3,1991,10
larini,Nicola Larini,0,3,1991,0
morbidelli,Gianni Morbidelli,0,3,1991,0
brundle,Martin Brundle,0,3,1991,0
blundell,Mark Blundell,0,3,1991,0
suzuki,Aguri Suzuki,0,3,1991,1
modena,Stefano Modena,0,3,1991,3
caffi,Alex Caffi,0,3,1991,0
piquet,Nelson Piquet,0,3,1991,6
satoru_nakajima,Satoru Nakajima,0,3,1991,2
pirro,Emanuele Pirro,0,3,1991,0
bailey,Julian Bailey,1,3,1991,1
chaves,Pedro Chaves,0,3,1991,0
moreno,Roberto Moreno,0,3,1991,0
gachot,Bertrand Gachot,0,3,1991,0
martini,Pierluigi Martini,3,3,1991,3
mansell,Nigel Mansell,0,3,1991,0
tarquini,Gabriele Tarquini,0,3,1991,0
comas,Érik Comas,0,3,1991,0
senna,Ayrton Senna,10,3,1991,30
bernard,Éric Bernard,0,3,1991,0
alboreto,Michele Alboreto,0,3,1991,0
lehto,Jyrki Järvilehto,4,3,1991,4
cesaris,Andrea de Cesaris,0,3,1991,0
prost,Alain Prost,0,3,1991,9
patrese,Riccardo Patrese,0,3,1991,6
barbazza,Fabrizio Barbazza,0,3,1991,0
capelli,Ivan Capelli,0,3,1991,0
boutsen,Thierry Boutsen,0,3,1991,0
gugelmin,Maurício Gugelmin,0,3,1991,0
poele,Eric van de Poele,0,3,1991,0
grouillard,Olivier Grouillard,0,3,1991,0
moreno,Roberto Moreno,3,4,1991,3
gachot,Bertrand Gachot,0,4,1991,0
martini,Pierluigi Martini,0,4,1991,3
mansell,Nigel Mansell,6,4,1991,6
tarquini,Gabriele Tarquini,0,4,1991,0
comas,Érik Comas,0,4,1991,0
senna,Ayrton Senna,10,4,1991,40
bernard,Éric Bernard,0,4,1991,0
alboreto,Michele Alboreto,0,4,1991,0
lehto,Jyrki Järvilehto,0,4,1991,4
cesaris,Andrea de Cesaris,0,4,1991,0
prost,Alain Prost,2,4,1991,11
patrese,Riccardo Patrese,0,4,1991,6
barbazza,Fabrizio Barbazza,0,4,1991,0
capelli,Ivan Capelli,0,4,1991,0
boutsen,Thierry Boutsen,0,4,1991,0
gugelmin,Maurício Gugelmin,0,4,1991,0
poele,Eric van de Poele,0,4,1991,0
grouillard,Olivier Grouillard,0,4,1991,0
alesi,Jean Alesi,4,4,1991,5
hakkinen,Mika Häkkinen,0,4,1991,2
berger,Gerhard Berger,0,4,1991,10
larini,Nicola Larini,0,4,1991,0
morbidelli,Gianni Morbidelli,0,4,1991,0
brundle,Martin Brundle,0,4,1991,0
blundell,Mark Blundell,0,4,1991,0
suzuki,Aguri Suzuki,0,4,1991,1
modena,Stefano Modena,0,4,1991,3
caffi,Alex Caffi,0,4,1991,0
piquet,Nelson Piquet,0,4,1991,6
satoru_nakajima,Satoru Nakajima,0,4,1991,2
pirro,Emanuele Pirro,1,4,1991,1
bailey,Julian Bailey,0,4,1991,1
chaves,Pedro Chaves,0,4,1991,0
modena,Stefano Modena,6,5,1991,9
piquet,Nelson Piquet,10,5,1991,16
satoru_nakajima,Satoru Nakajima,0,5,1991,2
pirro,Emanuele Pirro,0,5,1991,1
johansson,Stefan Johansson,0,5,1991,0
chaves,Pedro Chaves,0,5,1991,0
moreno,Roberto Moreno,0,5,1991,3
gachot,Bertrand Gachot,2,5,1991,2
martini,Pierluigi Martini,0,5,1991,3
mansell,Nigel Mansell,1,5,1991,7
tarquini,Gabriele Tarquini,0,5,1991,0
comas,Érik Comas,0,5,1991,0
senna,Ayrton Senna,0,5,1991,40
bernard,Éric Bernard,0,5,1991,0
alboreto,Michele Alboreto,0,5,1991,0
lehto,Jyrki Järvilehto,0,5,1991,4
cesaris,Andrea de Cesaris,3,5,1991,3
prost,Alain Prost,0,5,1991,11
patrese,Riccardo Patrese,4,5,1991,10
barbazza,Fabrizio Barbazza,0,5,1991,0
capelli,Ivan Capelli,0,5,1991,0
boutsen,Thierry Boutsen,0,5,1991,0
gugelmin,Maurício Gugelmin,0,5,1991,0
poele,Eric van de Poele,0,5,1991,0
grouillard,Olivier Grouillard,0,5,1991,0
alesi,Jean Alesi,0,5,1991,5
hakkinen,Mika Häkkinen,0,5,1991,2
herbert,Johnny Herbert,0,5,1991,0
berger,Gerhard Berger,0,5,1991,10
larini,Nicola Larini,0,5,1991,0
morbidelli,Gianni Morbidelli,0,5,1991,0
brundle,Martin Brundle,0,5,1991,0
blundell,Mark Blundell,0,5,1991,0
suzuki,Aguri Suzuki,0,5,1991,1
alesi,Jean Alesi,0,6,1991,5
hakkinen,Mika Häkkinen,0,6,1991,2
herbert,Johnny Herbert,0,6,1991,0
berger,Gerhard Berger,0,6,1991,10
larini,Nicola Larini,0,6,1991,0
morbidelli,Gianni Morbidelli,0,6,1991,0
brundle,Martin Brundle,0,6,1991,0
blundell,Mark Blundell,0,6,1991,0
suzuki,Aguri Suzuki,0,6,1991,1
modena,Stefano Modena,0,6,1991,9
piquet,Nelson Piquet,0,6,1991,16
satoru_nakajima,Satoru Nakajima,0,6,1991,2
pirro,Emanuele Pirro,0,6,1991,1
johansson,Stefan Johansson,0,6,1991,0
chaves,Pedro Chaves,0,6,1991,0
moreno,Roberto Moreno,2,6,1991,5
gachot,Bertrand Gachot,0,6,1991,2
martini,Pierluigi Martini,0,6,1991,3
mansell,Nigel Mansell,6,6,1991,13
tarquini,Gabriele Tarquini,0,6,1991,0
comas,Érik Comas,0,6,1991,0
senna,Ayrton Senna,4,6,1991,44
bernard,Éric Bernard,1,6,1991,1
alboreto,Michele Alboreto,0,6,1991,0
lehto,Jyrki Järvilehto,0,6,1991,4
cesaris,Andrea de Cesaris,3,6,1991,6
prost,Alain Prost,0,6,1991,11
patrese,Riccardo Patrese,10,6,1991,20
barbazza,Fabrizio Barbazza,0,6,1991,0
capelli,Ivan Capelli,0,6,1991,0
boutsen,Thierry Boutsen,0,6,1991,0
gugelmin,Maurício Gugelmin,0,6,1991,0
poele,Eric van de Poele,0,6,1991,0
grouillard,Olivier Grouillard,0,6,1991,0
moreno,Roberto Moreno,0,7,1991,5
gachot,Bertrand Gachot,0,7,1991,2
martini,Pierluigi Martini,0,7,1991,3
mansell,Nigel Mansell,10,7,1991,23
tarquini,Gabriele Tarquini,0,7,1991,0
comas,Érik Comas,0,7,1991,0
senna,Ayrton Senna,4,7,1991,48
bernard,Éric Bernard,0,7,1991,1
alboreto,Michele Alboreto,0,7,1991,0
lehto,Jyrki Järvilehto,0,7,1991,4
cesaris,Andrea de Cesaris,1,7,1991,7
prost,Alain Prost,6,7,1991,17
patrese,Riccardo Patrese,2,7,1991,22
barbazza,Fabrizio Barbazza,0,7,1991,0
capelli,Ivan Capelli,0,7,1991,0
boutsen,Thierry Boutsen,0,7,1991,0
gugelmin,Maurício Gugelmin,0,7,1991,0
poele,Eric van de Poele,0,7,1991,0
alesi,Jean Alesi,3,7,1991,8
hakkinen,Mika Häkkinen,0,7,1991,2
herbert,Johnny Herbert,0,7,1991,0
berger,Gerhard Berger,0,7,1991,10
larini,Nicola Larini,0,7,1991,0
morbidelli,Gianni Morbidelli,0,7,1991,0
brundle,Martin Brundle,0,7,1991,0
blundell,Mark Blundell,0,7,1991,0
suzuki,Aguri Suzuki,0,7,1991,1
grouillard,Olivier Grouillard,0,7,1991,0
modena,Stefano Modena,0,7,1991,9
piquet,Nelson Piquet,0,7,1991,16
satoru_nakajima,Satoru Nakajima,0,7,1991,2
pirro,Emanuele Pirro,0,7,1991,1
johansson,Stefan Johansson,0,7,1991,0
chaves,Pedro Chaves,0,7,1991,0
grouillard,Olivier Grouillard,0,8,1991,0
modena,Stefano Modena,0,8,1991,9
piquet,Nelson Piquet,2,8,1991,18
satoru_nakajima,Satoru Nakajima,0,8,1991,2
pirro,Emanuele Pirro,0,8,1991,1
johansson,Stefan Johansson,0,8,1991,0
chaves,Pedro Chaves,0,8,1991,0
moreno,Roberto Moreno,0,8,1991,5
gachot,Bertrand Gachot,1,8,1991,3
martini,Pierluigi Martini,0,8,1991,3
mansell,Nigel Mansell,10,8,1991,33
tarquini,Gabriele Tarquini,0,8,1991,0
comas,Érik Comas,0,8,1991,0
senna,Ayrton Senna,3,8,1991,51
bernard,Éric Bernard,0,8,1991,1
alboreto,Michele Alboreto,0,8,1991,0
lehto,Jyrki Järvilehto,0,8,1991,4
cesaris,Andrea de Cesaris,0,8,1991,7
prost,Alain Prost,4,8,1991,21
patrese,Riccardo Patrese,0,8,1991,22
barbazza,Fabrizio Barbazza,0,8,1991,0
capelli,Ivan Capelli,0,8,1991,0
boutsen,Thierry Boutsen,0,8,1991,0
gugelmin,Maurício Gugelmin,0,8,1991,0
poele,Eric van de Poele,0,8,1991,0
alesi,Jean Alesi,0,8,1991,8
hakkinen,Mika Häkkinen,0,8,1991,2
herbert,Johnny Herbert,0,8,1991,0
berger,Gerhard Berger,6,8,1991,16
larini,Nicola Larini,0,8,1991,0
morbidelli,Gianni Morbidelli,0,8,1991,0
brundle,Martin Brundle,0,8,1991,0
blundell,Mark Blundell,0,8,1991,0
suzuki,Aguri Suzuki,0,8,1991,1
alesi,Jean Alesi,4,9,1991,12
hakkinen,Mika Häkkinen,0,9,1991,2
berger,Gerhard Berger,3,9,1991,19
larini,Nicola Larini,0,9,1991,0
morbidelli,Gianni Morbidelli,0,9,1991,0
brundle,Martin Brundle,0,9,1991,0
blundell,Mark Blundell,0,9,1991,0
suzuki,Aguri Suzuki,0,9,1991,1
grouillard,Olivier Grouillard,0,9,1991,0
modena,Stefano Modena,0,9,1991,9
caffi,Alex Caffi,0,9,1991,0
piquet,Nelson Piquet,0,9,1991,18
satoru_nakajima,Satoru Nakajima,0,9,1991,2
pirro,Emanuele Pirro,0,9,1991,1
chaves,Pedro Chaves,0,9,1991,0
bartels,Michael Bartels,0,9,1991,0
moreno,Roberto Moreno,0,9,1991,5
gachot,Bertrand Gachot,1,9,1991,4
martini,Pierluigi Martini,0,9,1991,3
mansell,Nigel Mansell,10,9,1991,43
tarquini,Gabriele Tarquini,0,9,1991,0
comas,Érik Comas,0,9,1991,0
senna,Ayrton Senna,0,9,1991,51
bernard,Éric Bernard,0,9,1991,1
alboreto,Michele Alboreto,0,9,1991,0
lehto,Jyrki Järvilehto,0,9,1991,4
cesaris,Andrea de Cesaris,2,9,1991,9
prost,Alain Prost,0,9,1991,21
patrese,Riccardo Patrese,6,9,1991,28
barbazza,Fabrizio Barbazza,0,9,1991,0
capelli,Ivan Capelli,0,9,1991,0
boutsen,Thierry Boutsen,0,9,1991,0
gugelmin,Maurício Gugelmin,0,9,1991,0
poele,Eric van de Poele,0,9,1991,0
moreno,Roberto Moreno,0,10,1991,5
gachot,Bertrand Gachot,0,10,1991,4
martini,Pierluigi Martini,0,10,1991,3
mansell,Nigel Mansell,6,10,1991,49
tarquini,Gabriele Tarquini,0,10,1991,0
comas,Érik Comas,0,10,1991,0
senna,Ayrton Senna,10,10,1991,61
bernard,Éric Bernard,0,10,1991,1
alboreto,Michele Alboreto,0,10,1991,0
lehto,Jyrki Järvilehto,0,10,1991,4
cesaris,Andrea de Cesaris,0,10,1991,9
prost,Alain Prost,0,10,1991,21
patrese,Riccardo Patrese,4,10,1991,32
barbazza,Fabrizio Barbazza,0,10,1991,0
capelli,Ivan Capelli,1,10,1991,1
boutsen,Thierry Boutsen,0,10,1991,0
gugelmin,Maurício Gugelmin,0,10,1991,0
poele,Eric van de Poele,0,10,1991,0
alesi,Jean Alesi,2,10,1991,14
hakkinen,Mika Häkkinen,0,10,1991,2
berger,Gerhard Berger,3,10,1991,22
larini,Nicola Larini,0,10,1991,0
morbidelli,Gianni Morbidelli,0,10,1991,0
brundle,Martin Brundle,0,10,1991,0
blundell,Mark Blundell,0,10,1991,0
suzuki,Aguri Suzuki,0,10,1991,1
grouillard,Olivier Grouillard,0,10,1991,0
modena,Stefano Modena,0,10,1991,9
caffi,Alex Caffi,0,10,1991,0
piquet,Nelson Piquet,0,10,1991,18
satoru_nakajima,Satoru Nakajima,0,10,1991,2
pirro,Emanuele Pirro,0,10,1991,1
chaves,Pedro Chaves,0,10,1991,0
bartels,Michael Bartels,0,10,1991,0
grouillard,Olivier Grouillard,0,11,1991,0
modena,Stefano Modena,0,11,1991,9
caffi,Alex Caffi,0,11,1991,0
piquet,Nelson Piquet,4,11,1991,22
satoru_nakajima,Satoru Nakajima,0,11,1991,2
pirro,Emanuele Pirro,0,11,1991,1
chaves,Pedro Chaves,0,11,1991,0
moreno,Roberto Moreno,3,11,1991,8
martini,Pierluigi Martini,0,11,1991,3
mansell,Nigel Mansell,0,11,1991,49
tarquini,Gabriele Tarquini,0,11,1991,0
comas,Érik Comas,0,11,1991,0
senna,Ayrton Senna,10,11,1991,71
bernard,Éric Bernard,0,11,1991,1
alboreto,Michele Alboreto,0,11,1991,0
lehto,Jyrki Järvilehto,0,11,1991,4
cesaris,Andrea de Cesaris,0,11,1991,9
prost,Alain Prost,0,11,1991,21
patrese,Riccardo Patrese,2,11,1991,34
barbazza,Fabrizio Barbazza,0,11,1991,0
capelli,Ivan Capelli,0,11,1991,1
boutsen,Thierry Boutsen,0,11,1991,0
gugelmin,Maurício Gugelmin,0,11,1991,0
poele,Eric van de Poele,0,11,1991,0
michael_schumacher,Michael Schumacher,0,11,1991,0
alesi,Jean Alesi,0,11,1991,14
hakkinen,Mika Häkkinen,0,11,1991,2
herbert,Johnny Herbert,0,11,1991,0
berger,Gerhard Berger,6,11,1991,28
larini,Nicola Larini,0,11,1991,0
morbidelli,Gianni Morbidelli,0,11,1991,0
brundle,Martin Brundle,0,11,1991,0
blundell,Mark Blundell,1,11,1991,1
suzuki,Aguri Suzuki,0,11,1991,1
alesi,Jean Alesi,0,12,1991,14
hakkinen,Mika Häkkinen,0,12,1991,2
berger,Gerhard Berger,3,12,1991,31
larini,Nicola Larini,0,12,1991,0
morbidelli,Gianni Morbidelli,0,12,1991,0
brundle,Martin Brundle,0,12,1991,0
blundell,Mark Blundell,0,12,1991,1
suzuki,Aguri Suzuki,0,12,1991,1
moreno,Roberto Moreno,0,12,1991,8
martini,Pierluigi Martini,0,12,1991,3
mansell,Nigel Mansell,10,12,1991,59
tarquini,Gabriele Tarquini,0,12,1991,0
comas,Érik Comas,0,12,1991,0
senna,Ayrton Senna,6,12,1991,77
bernard,Éric Bernard,0,12,1991,1
alboreto,Michele Alboreto,0,12,1991,0
lehto,Jyrki Järvilehto,0,12,1991,4
cesaris,Andrea de Cesaris,0,12,1991,9
prost,Alain Prost,4,12,1991,25
patrese,Riccardo Patrese,0,12,1991,34
barbazza,Fabrizio Barbazza,0,12,1991,0
capelli,Ivan Capelli,0,12,1991,1
boutsen,Thierry Boutsen,0,12,1991,0
gugelmin,Maurício Gugelmin,0,12,1991,0
poele,Eric van de Poele,0,12,1991,0
grouillard,Olivier Grouillard,0,12,1991,0
modena,Stefano Modena,0,12,1991,9
caffi,Alex Caffi,0,12,1991,0
piquet,Nelson Piquet,1,12,1991,23
satoru_nakajima,Satoru Nakajima,0,12,1991,2
pirro,Emanuele Pirro,0,12,1991,1
chaves,Pedro Chaves,0,12,1991,0
bartels,Michael Bartels,0,12,1991,0
michael_schumacher,Michael Schumacher,2,12,1991,2
michael_schumacher,Michael Schumacher,1,13,1991,3
moreno,Roberto Moreno,0,13,1991,8
martini,Pierluigi Martini,3,13,1991,6
mansell,Nigel Mansell,0,13,1991,59
tarquini,Gabriele Tarquini,0,13,1991,0
comas,Érik Comas,0,13,1991,0
senna,Ayrton Senna,6,13,1991,83
bernard,Éric Bernard,0,13,1991,1
alboreto,Michele Alboreto,0,13,1991,0
lehto,Jyrki Järvilehto,0,13,1991,4
cesaris,Andrea de Cesaris,0,13,1991,9
prost,Alain Prost,0,13,1991,25
patrese,Riccardo Patrese,10,13,1991,44
barbazza,Fabrizio Barbazza,0,13,1991,0
capelli,Ivan Capelli,0,13,1991,1
boutsen,Thierry Boutsen,0,13,1991,0
gugelmin,Maurício Gugelmin,0,13,1991,0
poele,Eric van de Poele,0,13,1991,0
alesi,Jean Alesi,4,13,1991,18
hakkinen,Mika Häkkinen,0,13,1991,2
herbert,Johnny Herbert,0,13,1991,0
berger,Gerhard Berger,0,13,1991,31
larini,Nicola Larini,0,13,1991,0
morbidelli,Gianni Morbidelli,0,13,1991,0
brundle,Martin Brundle,0,13,1991,0
blundell,Mark Blundell,0,13,1991,1
suzuki,Aguri Suzuki,0,13,1991,1
grouillard,Olivier Grouillard,0,13,1991,0
modena,Stefano Modena,0,13,1991,9
caffi,Alex Caffi,0,13,1991,0
piquet,Nelson Piquet,2,13,1991,25
satoru_nakajima,Satoru Nakajima,0,13,1991,2
pirro,Emanuele Pirro,0,13,1991,1
chaves,Pedro Chaves,0,13,1991,0
grouillard,Olivier Grouillard,0,14,1991,0
modena,Stefano Modena,0,14,1991,9
caffi,Alex Caffi,0,14,1991,0
piquet,Nelson Piquet,0,14,1991,25
satoru_nakajima,Satoru Nakajima,0,14,1991,2
pirro,Emanuele Pirro,0,14,1991,1
bartels,Michael Bartels,0,14,1991,0
martini,Pierluigi Martini,0,14,1991,6
mansell,Nigel Mansell,10,14,1991,69
tarquini,Gabriele Tarquini,0,14,1991,0
comas,Érik Comas,0,14,1991,0
senna,Ayrton Senna,2,14,1991,85
bernard,Éric Bernard,0,14,1991,1
alboreto,Michele Alboreto,0,14,1991,0
lehto,Jyrki Järvilehto,0,14,1991,4
cesaris,Andrea de Cesaris,0,14,1991,9
prost,Alain Prost,6,14,1991,31
patrese,Riccardo Patrese,4,14,1991,48
barbazza,Fabrizio Barbazza,0,14,1991,0
capelli,Ivan Capelli,0,14,1991,1
boutsen,Thierry Boutsen,0,14,1991,0
gugelmin,Maurício Gugelmin,0,14,1991,0
poele,Eric van de Poele,0,14,1991,0
michael_schumacher,Michael Schumacher,1,14,1991,4
alesi,Jean Alesi,3,14,1991,21
hakkinen,Mika Häkkinen,0,14,1991,2
zanardi,Alessandro Zanardi,0,14,1991,0
berger,Gerhard Berger,0,14,1991,31
larini,Nicola Larini,0,14,1991,0
morbidelli,Gianni Morbidelli,0,14,1991,0
brundle,Martin Brundle,0,14,1991,0
blundell,Mark Blundell,0,14,1991,1
suzuki,Aguri Suzuki,0,14,1991,1
alesi,Jean Alesi,0,15,1991,21
hakkinen,Mika Häkkinen,0,15,1991,2
herbert,Johnny Herbert,0,15,1991,0
zanardi,Alessandro Zanardi,0,15,1991,0
berger,Gerhard Berger,10,15,1991,41
larini,Nicola Larini,0,15,1991,0
morbidelli,Gianni Morbidelli,0,15,1991,0
brundle,Martin Brundle,2,15,1991,2
blundell,Mark Blundell,0,15,1991,1
suzuki,Aguri Suzuki,0,15,1991,1
wendlinger,Karl Wendlinger,0,15,1991,0
martini,Pierluigi Martini,0,15,1991,6
mansell,Nigel Mansell,0,15,1991,69
tarquini,Gabriele Tarquini,0,15,1991,0
comas,Érik Comas,0,15,1991,0
senna,Ayrton Senna,6,15,1991,91
bernard,Éric Bernard,0,15,1991,1
alboreto,Michele Alboreto,0,15,1991,0
lehto,Jyrki Järvilehto,0,15,1991,4
cesaris,Andrea de Cesaris,0,15,1991,9
prost,Alain Prost,3,15,1991,34
patrese,Riccardo Patrese,4,15,1991,52
boutsen,Thierry Boutsen,0,15,1991,0
gugelmin,Maurício Gugelmin,0,15,1991,0
poele,Eric van de Poele,0,15,1991,0
modena,Stefano Modena,1,15,1991,10
caffi,Alex Caffi,0,15,1991,0
piquet,Nelson Piquet,0,15,1991,25
satoru_nakajima,Satoru Nakajima,0,15,1991,2
pirro,Emanuele Pirro,0,15,1991,1
hattori,Naoki Hattori,0,15,1991,0
michael_schumacher,Michael Schumacher,0,15,1991,4
michael_schumacher,Michael Schumacher,0,16,1991,4
moreno,Roberto Moreno,0,16,1991,8
wendlinger,Karl Wendlinger,0,16,1991,0
gachot,Bertrand Gachot,0,16,1991,4
martini,Pierluigi Martini,0,16,1991,6
mansell,Nigel Mansell,3,16,1991,72
tarquini,Gabriele Tarquini,0,16,1991,0
comas,Érik Comas,0,16,1991,0
senna,Ayrton Senna,5,16,1991,96
alboreto,Michele Alboreto,0,16,1991,0
lehto,Jyrki Järvilehto,0,16,1991,4
cesaris,Andrea de Cesaris,0,16,1991,9
patrese,Riccardo Patrese,1,16,1991,53
boutsen,Thierry Boutsen,0,16,1991,0
gugelmin,Maurício Gugelmin,0,16,1991,0
poele,Eric van de Poele,0,16,1991,0
alesi,Jean Alesi,0,16,1991,21
hakkinen,Mika Häkkinen,0,16,1991,2
herbert,Johnny Herbert,0,16,1991,0
zanardi,Alessandro Zanardi,0,16,1991,0
berger,Gerhard Berger,2,16,1991,43
larini,Nicola Larini,0,16,1991,0
morbidelli,Gianni Morbidelli,0,16,1991,0
brundle,Martin Brundle,0,16,1991,2
blundell,Mark Blundell,0,16,1991,1
suzuki,Aguri Suzuki,0,16,1991,1
modena,Stefano Modena,0,16,1991,10
caffi,Alex Caffi,0,16,1991,0
piquet,Nelson Piquet,1,16,1991,26
satoru_nakajima,Satoru Nakajima,0,16,1991,2
pirro,Emanuele Pirro,0,16,1991,1
hattori,Naoki Hattori,0,16,1991,0
modena,Stefano Modena,2,1,1990,2
piquet,Nelson Piquet,3,1,1990,3
satoru_nakajima,Satoru Nakajima,1,1,1990,1
johansson,Stefan Johansson,0,1,1990,0
nannini,Alessandro Nannini,0,1,1990,0
schneider,Bernd Schneider,0,1,1990,0
barilla,Paolo Barilla,0,1,1990,0
foitek,Gregor Foitek,0,1,1990,0
langes,Claudio Langes,0,1,1990,0
gary_brabham,Gary Brabham,0,1,1990,0
donnelly,Martin Donnelly,0,1,1990,0
moreno,Roberto Moreno,0,1,1990,0
gachot,Bertrand Gachot,0,1,1990,0
martini,Pierluigi Martini,0,1,1990,0
mansell,Nigel Mansell,0,1,1990,0
tarquini,Gabriele Tarquini,0,1,1990,0
senna,Ayrton Senna,9,1,1990,9
bernard,Éric Bernard,0,1,1990,0
alboreto,Michele Alboreto,0,1,1990,0
lehto,Jyrki Järvilehto,0,1,1990,0
cesaris,Andrea de Cesaris,0,1,1990,0
alliot,Philippe Alliot,0,1,1990,0
dalmas,Yannick Dalmas,0,1,1990,0
prost,Alain Prost,0,1,1990,0
warwick,Derek Warwick,0,1,1990,0
patrese,Riccardo Patrese,0,1,1990,0
capelli,Ivan Capelli,0,1,1990,0
boutsen,Thierry Boutsen,4,1,1990,4
gugelmin,Maurício Gugelmin,0,1,1990,0
grouillard,Olivier Grouillard,0,1,1990,0
alesi,Jean Alesi,6,1,1990,6
berger,Gerhard Berger,0,1,1990,0
larini,Nicola Larini,0,1,1990,0
morbidelli,Gianni Morbidelli,0,1,1990,0
suzuki,Aguri Suzuki,0,1,1990,0
alesi,Jean Alesi,0,2,1990,6
berger,Gerhard Berger,6,2,1990,6
larini,Nicola Larini,0,2,1990,0
morbidelli,Gianni Morbidelli,0,2,1990,0
suzuki,Aguri Suzuki,0,2,1990,0
modena,Stefano Modena,0,2,1990,2
caffi,Alex Caffi,0,2,1990,0
piquet,Nelson Piquet,1,2,1990,4
satoru_nakajima,Satoru Nakajima,0,2,1990,1
johansson,Stefan Johansson,0,2,1990,0
nannini,Alessandro Nannini,0,2,1990,0
barilla,Paolo Barilla,0,2,1990,0
foitek,Gregor Foitek,0,2,1990,0
langes,Claudio Langes,0,2,1990,0
gary_brabham,Gary Brabham,0,2,1990,0
donnelly,Martin Donnelly,0,2,1990,0
moreno,Roberto Moreno,0,2,1990,0
gachot,Bertrand Gachot,0,2,1990,0
martini,Pierluigi Martini,0,2,1990,0
mansell,Nigel Mansell,3,2,1990,3
tarquini,Gabriele Tarquini,0,2,1990,0
senna,Ayrton Senna,4,2,1990,13
bernard,Éric Bernard,0,2,1990,0
alboreto,Michele Alboreto,0,2,1990,0
lehto,Jyrki Järvilehto,0,2,1990,0
cesaris,Andrea de Cesaris,0,2,1990,0
alliot,Philippe Alliot,0,2,1990,0
dalmas,Yannick Dalmas,0,2,1990,0
prost,Alain Prost,9,2,1990,9
warwick,Derek Warwick,0,2,1990,0
patrese,Riccardo Patrese,0,2,1990,0
capelli,Ivan Capelli,0,2,1990,0
boutsen,Thierry Boutsen,2,2,1990,6
gugelmin,Maurício Gugelmin,0,2,1990,0
grouillard,Olivier Grouillard,0,2,1990,0
moreno,Roberto Moreno,0,3,1990,0
gachot,Bertrand Gachot,0,3,1990,0
martini,Pierluigi Martini,0,3,1990,0
mansell,Nigel Mansell,0,3,1990,3
tarquini,Gabriele Tarquini,0,3,1990,0
brabham,David Brabham,0,3,1990,0
senna,Ayrton Senna,0,3,1990,13
bernard,Éric Bernard,0,3,1990,0
alboreto,Michele Alboreto,0,3,1990,0
lehto,Jyrki Järvilehto,0,3,1990,0
cesaris,Andrea de Cesaris,0,3,1990,0
alliot,Philippe Alliot,0,3,1990,0
dalmas,Yannick Dalmas,0,3,1990,0
prost,Alain Prost,3,3,1990,12
warwick,Derek Warwick,0,3,1990,0
patrese,Riccardo Patrese,9,3,1990,9
capelli,Ivan Capelli,0,3,1990,0
boutsen,Thierry Boutsen,0,3,1990,6
gugelmin,Maurício Gugelmin,0,3,1990,0
grouillard,Olivier Grouillard,0,3,1990,0
alesi,Jean Alesi,1,3,1990,7
berger,Gerhard Berger,6,3,1990,12
larini,Nicola Larini,0,3,1990,0
suzuki,Aguri Suzuki,0,3,1990,0
modena,Stefano Modena,0,3,1990,2
caffi,Alex Caffi,0,3,1990,0
piquet,Nelson Piquet,2,3,1990,6
satoru_nakajima,Satoru Nakajima,0,3,1990,1
pirro,Emanuele Pirro,0,3,1990,0
nannini,Alessandro Nannini,4,3,1990,4
barilla,Paolo Barilla,0,3,1990,0
foitek,Gregor Foitek,0,3,1990,0
langes,Claudio Langes,0,3,1990,0
donnelly,Martin Donnelly,0,3,1990,0
giacomelli,Bruno Giacomelli,0,3,1990,0
modena,Stefano Modena,0,4,1990,2
caffi,Alex Caffi,2,4,1990,2
piquet,Nelson Piquet,0,4,1990,6
satoru_nakajima,Satoru Nakajima,0,4,1990,1
pirro,Emanuele Pirro,0,4,1990,0
nannini,Alessandro Nannini,0,4,1990,4
barilla,Paolo Barilla,0,4,1990,0
foitek,Gregor Foitek,0,4,1990,0
langes,Claudio Langes,0,4,1990,0
donnelly,Martin Donnelly,0,4,1990,0
giacomelli,Bruno Giacomelli,0,4,1990,0
moreno,Roberto Moreno,0,4,1990,0
gachot,Bertrand Gachot,0,4,1990,0
martini,Pierluigi Martini,0,4,1990,0
mansell,Nigel Mansell,0,4,1990,3
tarquini,Gabriele Tarquini,0,4,1990,0
brabham,David Brabham,0,4,1990,0
senna,Ayrton Senna,9,4,1990,22
bernard,Éric Bernard,1,4,1990,1
alboreto,Michele Alboreto,0,4,1990,0
lehto,Jyrki Järvilehto,0,4,1990,0
cesaris,Andrea de Cesaris,0,4,1990,0
alliot,Philippe Alliot,0,4,1990,0
dalmas,Yannick Dalmas,0,4,1990,0
prost,Alain Prost,0,4,1990,12
warwick,Derek Warwick,0,4,1990,0
patrese,Riccardo Patrese,0,4,1990,9
capelli,Ivan Capelli,0,4,1990,0
boutsen,Thierry Boutsen,3,4,1990,9
gugelmin,Maurício Gugelmin,0,4,1990,0
grouillard,Olivier Grouillard,0,4,1990,0
alesi,Jean Alesi,6,4,1990,13
berger,Gerhard Berger,4,4,1990,16
larini,Nicola Larini,0,4,1990,0
suzuki,Aguri Suzuki,0,4,1990,0
alesi,Jean Alesi,0,5,1990,13
berger,Gerhard Berger,3,5,1990,19
larini,Nicola Larini,0,5,1990,0
suzuki,Aguri Suzuki,0,5,1990,0
modena,Stefano Modena,0,5,1990,2
caffi,Alex Caffi,0,5,1990,2
piquet,Nelson Piquet,6,5,1990,12
satoru_nakajima,Satoru Nakajima,0,5,1990,1
pirro,Emanuele Pirro,0,5,1990,0
nannini,Alessandro Nannini,0,5,1990,4
barilla,Paolo Barilla,0,5,1990,0
foitek,Gregor Foitek,0,5,1990,0
langes,Claudio Langes,0,5,1990,0
donnelly,Martin Donnelly,0,5,1990,0
giacomelli,Bruno Giacomelli,0,5,1990,0
moreno,Roberto Moreno,0,5,1990,0
gachot,Bertrand Gachot,0,5,1990,0
martini,Pierluigi Martini,0,5,1990,0
mansell,Nigel Mansell,4,5,1990,7
tarquini,Gabriele Tarquini,0,5,1990,0
brabham,David Brabham,0,5,1990,0
senna,Ayrton Senna,9,5,1990,31
bernard,Éric Bernard,0,5,1990,1
alboreto,Michele Alboreto,0,5,1990,0
lehto,Jyrki Järvilehto,0,5,1990,0
cesaris,Andrea de Cesaris,0,5,1990,0
alliot,Philippe Alliot,0,5,1990,0
dalmas,Yannick Dalmas,0,5,1990,0
prost,Alain Prost,2,5,1990,14
warwick,Derek Warwick,1,5,1990,1
patrese,Riccardo Patrese,0,5,1990,9
capelli,Ivan Capelli,0,5,1990,0
boutsen,Thierry Boutsen,0,5,1990,9
gugelmin,Maurício Gugelmin,0,5,1990,0
grouillard,Olivier Grouillard,0,5,1990,0
moreno,Roberto Moreno,0,6,1990,0
gachot,Bertrand Gachot,0,6,1990,0
martini,Pierluigi Martini,0,6,1990,0
mansell,Nigel Mansell,6,6,1990,13
tarquini,Gabriele Tarquini,0,6,1990,0
brabham,David Brabham,0,6,1990,0
senna,Ayrton Senna,0,6,1990,31
bernard,Éric Bernard,0,6,1990,1
alboreto,Michele Alboreto,0,6,1990,0
lehto,Jyrki Järvilehto,0,6,1990,0
cesaris,Andrea de Cesaris,0,6,1990,0
alliot,Philippe Alliot,0,6,1990,0
dalmas,Yannick Dalmas,0,6,1990,0
prost,Alain Prost,9,6,1990,23
warwick,Derek Warwick,0,6,1990,1
patrese,Riccardo Patrese,0,6,1990,9
capelli,Ivan Capelli,0,6,1990,0
boutsen,Thierry Boutsen,2,6,1990,11
gugelmin,Maurício Gugelmin,0,6,1990,0
grouillard,Olivier Grouillard,0,6,1990,0
alesi,Jean Alesi,0,6,1990,13
berger,Gerhard Berger,4,6,1990,23
larini,Nicola Larini,0,6,1990,0
suzuki,Aguri Suzuki,0,6,1990,0
modena,Stefano Modena,0,6,1990,2
caffi,Alex Caffi,0,6,1990,2
piquet,Nelson Piquet,1,6,1990,13
satoru_nakajima,Satoru Nakajima,0,6,1990,1
pirro,Emanuele Pirro,0,6,1990,0
nannini,Alessandro Nannini,3,6,1990,7
barilla,Paolo Barilla,0,6,1990,0
foitek,Gregor Foitek,0,6,1990,0
langes,Claudio Langes,0,6,1990,0
donnelly,Martin Donnelly,0,6,1990,0
giacomelli,Bruno Giacomelli,0,6,1990,0
modena,Stefano Modena,0,7,1990,2
caffi,Alex Caffi,0,7,1990,2
piquet,Nelson Piquet,3,7,1990,16
satoru_nakajima,Satoru Nakajima,0,7,1990,1
pirro,Emanuele Pirro,0,7,1990,0
nannini,Alessandro Nannini,0,7,1990,7
barilla,Paolo Barilla,0,7,1990,0
foitek,Gregor Foitek,0,7,1990,0
langes,Claudio Langes,0,7,1990,0
donnelly,Martin Donnelly,0,7,1990,0
giacomelli,Bruno Giacomelli,0,7,1990,0
moreno,Roberto Moreno,0,7,1990,0
gachot,Bertrand Gachot,0,7,1990,0
martini,Pierluigi Martini,0,7,1990,0
mansell,Nigel Mansell,0,7,1990,13
tarquini,Gabriele Tarquini,0,7,1990,0
brabham,David Brabham,0,7,1990,0
senna,Ayrton Senna,4,7,1990,35
bernard,Éric Bernard,0,7,1990,1
alboreto,Michele Alboreto,0,7,1990,0
lehto,Jyrki Järvilehto,0,7,1990,0
cesaris,Andrea de Cesaris,0,7,1990,0
alliot,Philippe Alliot,0,7,1990,0
dalmas,Yannick Dalmas,0,7,1990,0
prost,Alain Prost,9,7,1990,32
warwick,Derek Warwick,0,7,1990,1
patrese,Riccardo Patrese,1,7,1990,10
capelli,Ivan Capelli,6,7,1990,6
boutsen,Thierry Boutsen,0,7,1990,11
gugelmin,Maurício Gugelmin,0,7,1990,0
grouillard,Olivier Grouillard,0,7,1990,0
alesi,Jean Alesi,0,7,1990,13
berger,Gerhard Berger,2,7,1990,25
larini,Nicola Larini,0,7,1990,0
suzuki,Aguri Suzuki,0,7,1990,0
alesi,Jean Alesi,0,8,1990,13
berger,Gerhard Berger,0,8,1990,25
larini,Nicola Larini,0,8,1990,0
suzuki,Aguri Suzuki,1,8,1990,1
modena,Stefano Modena,0,8,1990,2
caffi,Alex Caffi,0,8,1990,2
piquet,Nelson Piquet,2,8,1990,18
satoru_nakajima,Satoru Nakajima,0,8,1990,1
pirro,Emanuele Pirro,0,8,1990,0
nannini,Alessandro Nannini,0,8,1990,7
barilla,Paolo Barilla,0,8,1990,0
foitek,Gregor Foitek,0,8,1990,0
langes,Claudio Langes,0,8,1990,0
donnelly,Martin Donnelly,0,8,1990,0
giacomelli,Bruno Giacomelli,0,8,1990,0
moreno,Roberto Moreno,0,8,1990,0
gachot,Bertrand Gachot,0,8,1990,0
martini,Pierluigi Martini,0,8,1990,0
mansell,Nigel Mansell,0,8,1990,13
tarquini,Gabriele Tarquini,0,8,1990,0
brabham,David Brabham,0,8,1990,0
senna,Ayrton Senna,4,8,1990,39
bernard,Éric Bernard,3,8,1990,4
alboreto,Michele Alboreto,0,8,1990,0
lehto,Jyrki Järvilehto,0,8,1990,0
cesaris,Andrea de Cesaris,0,8,1990,0
alliot,Philippe Alliot,0,8,1990,0
dalmas,Yannick Dalmas,0,8,1990,0
prost,Alain Prost,9,8,1990,41
warwick,Derek Warwick,0,8,1990,1
patrese,Riccardo Patrese,0,8,1990,10
capelli,Ivan Capelli,0,8,1990,6
boutsen,Thierry Boutsen,6,8,1990,17
gugelmin,Maurício Gugelmin,0,8,1990,0
grouillard,Olivier Grouillard,0,8,1990,0
moreno,Roberto Moreno,0,9,1990,0
gachot,Bertrand Gachot,0,9,1990,0
martini,Pierluigi Martini,0,9,1990,0
mansell,Nigel Mansell,0,9,1990,13
tarquini,Gabriele Tarquini,0,9,1990,0
brabham,David Brabham,0,9,1990,0
senna,Ayrton Senna,9,9,1990,48
bernard,Éric Bernard,0,9,1990,4
alboreto,Michele Alboreto,0,9,1990,0
lehto,Jyrki Järvilehto,0,9,1990,0
cesaris,Andrea de Cesaris,0,9,1990,0
alliot,Philippe Alliot,0,9,1990,0
dalmas,Yannick Dalmas,0,9,1990,0
prost,Alain Prost,3,9,1990,44
warwick,Derek Warwick,0,9,1990,1
patrese,Riccardo Patrese,2,9,1990,12
capelli,Ivan Capelli,0,9,1990,6
boutsen,Thierry Boutsen,1,9,1990,18
gugelmin,Maurício Gugelmin,0,9,1990,0
grouillard,Olivier Grouillard,0,9,1990,0
alesi,Jean Alesi,0,9,1990,13
berger,Gerhard Berger,4,9,1990,29
larini,Nicola Larini,0,9,1990,0
suzuki,Aguri Suzuki,0,9,1990,1
modena,Stefano Modena,0,9,1990,2
caffi,Alex Caffi,0,9,1990,2
piquet,Nelson Piquet,0,9,1990,18
satoru_nakajima,Satoru Nakajima,0,9,1990,1
pirro,Emanuele Pirro,0,9,1990,0
nannini,Alessandro Nannini,6,9,1990,13
barilla,Paolo Barilla,0,9,1990,0
foitek,Gregor Foitek,0,9,1990,0
langes,Claudio Langes,0,9,1990,0
donnelly,Martin Donnelly,0,9,1990,0
giacomelli,Bruno Giacomelli,0,9,1990,0
modena,Stefano Modena,0,10,1990,2
caffi,Alex Caffi,0,10,1990,2
piquet,Nelson Piquet,4,10,1990,22
satoru_nakajima,Satoru Nakajima,0,10,1990,1
pirro,Emanuele Pirro,0,10,1990,0
nannini,Alessandro Nannini,0,10,1990,13
barilla,Paolo Barilla,0,10,1990,0
foitek,Gregor Foitek,0,10,1990,0
langes,Claudio Langes,0,10,1990,0
donnelly,Martin Donnelly,0,10,1990,0
giacomelli,Bruno Giacomelli,0,10,1990,0
moreno,Roberto Moreno,0,10,1990,0
gachot,Bertrand Gachot,0,10,1990,0
martini,Pierluigi Martini,0,10,1990,0
mansell,Nigel Mansell,0,10,1990,13
tarquini,Gabriele Tarquini,0,10,1990,0
brabham,David Brabham,0,10,1990,0
senna,Ayrton Senna,6,10,1990,54
bernard,Éric Bernard,1,10,1990,5
alboreto,Michele Alboreto,0,10,1990,0
lehto,Jyrki Järvilehto,0,10,1990,0
cesaris,Andrea de Cesaris,0,10,1990,0
alliot,Philippe Alliot,0,10,1990,0
dalmas,Yannick Dalmas,0,10,1990,0
prost,Alain Prost,0,10,1990,44
warwick,Derek Warwick,2,10,1990,3
patrese,Riccardo Patrese,3,10,1990,15
capelli,Ivan Capelli,0,10,1990,6
boutsen,Thierry Boutsen,9,10,1990,27
gugelmin,Maurício Gugelmin,0,10,1990,0
grouillard,Olivier Grouillard,0,10,1990,0
alesi,Jean Alesi,0,10,1990,13
berger,Gerhard Berger,0,10,1990,29
larini,Nicola Larini,0,10,1990,0
suzuki,Aguri Suzuki,0,10,1990,1
alesi,Jean Alesi,0,11,1990,13
berger,Gerhard Berger,4,11,1990,33
larini,Nicola Larini,0,11,1990,0
suzuki,Aguri Suzuki,0,11,1990,1
modena,Stefano Modena,0,11,1990,2
caffi,Alex Caffi,0,11,1990,2
piquet,Nelson Piquet,2,11,1990,24
satoru_nakajima,Satoru Nakajima,0,11,1990,1
pirro,Emanuele Pirro,0,11,1990,0
nannini,Alessandro Nannini,3,11,1990,16
barilla,Paolo Barilla,0,11,1990,0
langes,Claudio Langes,0,11,1990,0
donnelly,Martin Donnelly,0,11,1990,0
giacomelli,Bruno Giacomelli,0,11,1990,0
moreno,Roberto Moreno,0,11,1990,0
gachot,Bertrand Gachot,0,11,1990,0
martini,Pierluigi Martini,0,11,1990,0
mansell,Nigel Mansell,0,11,1990,13
tarquini,Gabriele Tarquini,0,11,1990,0
brabham,David Brabham,0,11,1990,0
senna,Ayrton Senna,9,11,1990,63
bernard,Éric Bernard,0,11,1990,5
alboreto,Michele Alboreto,0,11,1990,0
cesaris,Andrea de Cesaris,0,11,1990,0
alliot,Philippe Alliot,0,11,1990,0
dalmas,Yannick Dalmas,0,11,1990,0
prost,Alain Prost,6,11,1990,50
warwick,Derek Warwick,0,11,1990,3
patrese,Riccardo Patrese,0,11,1990,15
capelli,Ivan Capelli,0,11,1990,6
boutsen,Thierry Boutsen,0,11,1990,27
gugelmin,Maurício Gugelmin,1,11,1990,1
grouillard,Olivier Grouillard,0,11,1990,0
moreno,Roberto Moreno,0,12,1990,0
gachot,Bertrand Gachot,0,12,1990,0
martini,Pierluigi Martini,0,12,1990,0
mansell,Nigel Mansell,3,12,1990,16
tarquini,Gabriele Tarquini,0,12,1990,0
brabham,David Brabham,0,12,1990,0
senna,Ayrton Senna,9,12,1990,72
bernard,Éric Bernard,0,12,1990,5
alboreto,Michele Alboreto,0,12,1990,0
cesaris,Andrea de Cesaris,0,12,1990,0
alliot,Philippe Alliot,0,12,1990,0
dalmas,Yannick Dalmas,0,12,1990,0
prost,Alain Prost,6,12,1990,56
warwick,Derek Warwick,0,12,1990,3
patrese,Riccardo Patrese,2,12,1990,17
capelli,Ivan Capelli,0,12,1990,6
boutsen,Thierry Boutsen,0,12,1990,27
gugelmin,Maurício Gugelmin,0,12,1990,1
grouillard,Olivier Grouillard,0,12,1990,0
alesi,Jean Alesi,0,12,1990,13
berger,Gerhard Berger,4,12,1990,37
larini,Nicola Larini,0,12,1990,0
suzuki,Aguri Suzuki,0,12,1990,1
modena,Stefano Modena,0,12,1990,2
caffi,Alex Caffi,0,12,1990,2
piquet,Nelson Piquet,0,12,1990,24
satoru_nakajima,Satoru Nakajima,1,12,1990,2
pirro,Emanuele Pirro,0,12,1990,0
nannini,Alessandro Nannini,0,12,1990,16
barilla,Paolo Barilla,0,12,1990,0
langes,Claudio Langes,0,12,1990,0
donnelly,Martin Donnelly,0,12,1990,0
giacomelli,Bruno Giacomelli,0,12,1990,0
modena,Stefano Modena,0,13,1990,2
caffi,Alex Caffi,0,13,1990,2
piquet,Nelson Piquet,2,13,1990,26
satoru_nakajima,Satoru Nakajima,0,13,1990,2
pirro,Emanuele Pirro,0,13,1990,0
nannini,Alessandro Nannini,1,13,1990,17
barilla,Paolo Barilla,0,13,1990,0
langes,Claudio Langes,0,13,1990,0
donnelly,Martin Donnelly,0,13,1990,0
giacomelli,Bruno Giacomelli,0,13,1990,0
moreno,Roberto Moreno,0,13,1990,0
gachot,Bertrand Gachot,0,13,1990,0
martini,Pierluigi Martini,0,13,1990,0
mansell,Nigel Mansell,9,13,1990,25
tarquini,Gabriele Tarquini,0,13,1990,0
brabham,David Brabham,0,13,1990,0
senna,Ayrton Senna,6,13,1990,78
bernard,Éric Bernard,0,13,1990,5
alboreto,Michele Alboreto,0,13,1990,0
cesaris,Andrea de Cesaris,0,13,1990,0
alliot,Philippe Alliot,0,13,1990,0
dalmas,Yannick Dalmas,0,13,1990,0
prost,Alain Prost,4,13,1990,60
warwick,Derek Warwick,0,13,1990,3
patrese,Riccardo Patrese,0,13,1990,17
capelli,Ivan Capelli,0,13,1990,6
boutsen,Thierry Boutsen,0,13,1990,27
gugelmin,Maurício Gugelmin,0,13,1990,1
grouillard,Olivier Grouillard,0,13,1990,0
alesi,Jean Alesi,0,13,1990,13
berger,Gerhard Berger,3,13,1990,40
larini,Nicola Larini,0,13,1990,0
suzuki,Aguri Suzuki,0,13,1990,1
alesi,Jean Alesi,0,14,1990,13
berger,Gerhard Berger,0,14,1990,40
larini,Nicola Larini,0,14,1990,0
suzuki,Aguri Suzuki,1,14,1990,2
modena,Stefano Modena,0,14,1990,2
piquet,Nelson Piquet,0,14,1990,26
satoru_nakajima,Satoru Nakajima,0,14,1990,2
pirro,Emanuele Pirro,0,14,1990,0
nannini,Alessandro Nannini,4,14,1990,21
schneider,Bernd Schneider,0,14,1990,0
barilla,Paolo Barilla,0,14,1990,0
langes,Claudio Langes,0,14,1990,0
donnelly,Martin Donnelly,0,14,1990,0
giacomelli,Bruno Giacomelli,0,14,1990,0
moreno,Roberto Moreno,0,14,1990,0
gachot,Bertrand Gachot,0,14,1990,0
martini,Pierluigi Martini,0,14,1990,0
mansell,Nigel Mansell,6,14,1990,31
tarquini,Gabriele Tarquini,0,14,1990,0
brabham,David Brabham,0,14,1990,0
senna,Ayrton Senna,0,14,1990,78
bernard,Éric Bernard,0,14,1990,5
alboreto,Michele Alboreto,0,14,1990,0
cesaris,Andrea de Cesaris,0,14,1990,0
alliot,Philippe Alliot,0,14,1990,0
dalmas,Yannick Dalmas,0,14,1990,0
prost,Alain Prost,9,14,1990,69
warwick,Derek Warwick,0,14,1990,3
patrese,Riccardo Patrese,2,14,1990,19
capelli,Ivan Capelli,0,14,1990,6
boutsen,Thierry Boutsen,3,14,1990,30
gugelmin,Maurício Gugelmin,0,14,1990,1
grouillard,Olivier Grouillard,0,14,1990,0
moreno,Roberto Moreno,6,15,1990,6
gachot,Bertrand Gachot,0,15,1990,0
martini,Pierluigi Martini,0,15,1990,0
mansell,Nigel Mansell,0,15,1990,31
tarquini,Gabriele Tarquini,0,15,1990,0
brabham,David Brabham,0,15,1990,0
senna,Ayrton Senna,0,15,1990,78
bernard,Éric Bernard,0,15,1990,5
alboreto,Michele Alboreto,0,15,1990,0
cesaris,Andrea de Cesaris,0,15,1990,0
alliot,Philippe Alliot,0,15,1990,0
dalmas,Yannick Dalmas,0,15,1990,0
prost,Alain Prost,0,15,1990,69
warwick,Derek Warwick,0,15,1990,3
patrese,Riccardo Patrese,3,15,1990,22
capelli,Ivan Capelli,0,15,1990,6
boutsen,Thierry Boutsen,2,15,1990,32
gugelmin,Maurício Gugelmin,0,15,1990,1
grouillard,Olivier Grouillard,0,15,1990,0
alesi,Jean Alesi,0,15,1990,13
herbert,Johnny Herbert,0,15,1990,0
berger,Gerhard Berger,0,15,1990,40
larini,Nicola Larini,0,15,1990,0
morbidelli,Gianni Morbidelli,0,15,1990,0
suzuki,Aguri Suzuki,4,15,1990,6
modena,Stefano Modena,0,15,1990,2
caffi,Alex Caffi,0,15,1990,2
piquet,Nelson Piquet,9,15,1990,35
satoru_nakajima,Satoru Nakajima,1,15,1990,3
pirro,Emanuele Pirro,0,15,1990,0
modena,Stefano Modena,0,16,1990,2
caffi,Alex Caffi,0,16,1990,2
piquet,Nelson Piquet,9,16,1990,44
satoru_nakajima,Satoru Nakajima,0,16,1990,3
pirro,Emanuele Pirro,0,16,1990,0
moreno,Roberto Moreno,0,16,1990,6
gachot,Bertrand Gachot,0,16,1990,0
martini,Pierluigi Martini,0,16,1990,0
mansell,Nigel Mansell,6,16,1990,37
tarquini,Gabriele Tarquini,0,16,1990,0
brabham,David Brabham,0,16,1990,0
senna,Ayrton Senna,0,16,1990,78
bernard,Éric Bernard,0,16,1990,5
alboreto,Michele Alboreto,0,16,1990,0
cesaris,Andrea de Cesaris,0,16,1990,0
alliot,Philippe Alliot,0,16,1990,0
dalmas,Yannick Dalmas,0,16,1990,0
prost,Alain Prost,4,16,1990,73
warwick,Derek Warwick,0,16,1990,3
patrese,Riccardo Patrese,1,16,1990,23
capelli,Ivan Capelli,0,16,1990,6
boutsen,Thierry Boutsen,2,16,1990,34
gugelmin,Maurício Gugelmin,0,16,1990,1
grouillard,Olivier Grouillard,0,16,1990,0
alesi,Jean Alesi,0,16,1990,13
herbert,Johnny Herbert,0,16,1990,0
berger,Gerhard Berger,3,16,1990,43
larini,Nicola Larini,0,16,1990,0
morbidelli,Gianni Morbidelli,0,16,1990,0
suzuki,Aguri Suzuki,0,16,1990,6
herbert,Johnny Herbert,3,1,1989,3
berger,Gerhard Berger,0,1,1989,0
larini,Nicola Larini,0,1,1989,0
brundle,Martin Brundle,0,1,1989,0
suzuki,Aguri Suzuki,0,1,1989,0
modena,Stefano Modena,0,1,1989,0
caffi,Alex Caffi,0,1,1989,0
piquet,Nelson Piquet,0,1,1989,0
satoru_nakajima,Satoru Nakajima,0,1,1989,0
johansson,Stefan Johansson,0,1,1989,0
nannini,Alessandro Nannini,1,1,1989,1
schneider,Bernd Schneider,0,1,1989,0
foitek,Gregor Foitek,0,1,1989,0
palmer,Jonathan Palmer,0,1,1989,0
danner,Christian Danner,0,1,1989,0
cheever,Eddie Cheever,0,1,1989,0
sala,Luis Pérez-Sala,0,1,1989,0
ghinzani,Piercarlo Ghinzani,0,1,1989,0
weidler,Volker Weidler,0,1,1989,0
raphanel,Pierre-Henri Raphanel,0,1,1989,0
arnoux,René Arnoux,0,1,1989,0
joachim_winkelhock,Joachim Winkelhock,0,1,1989,0
moreno,Roberto Moreno,0,1,1989,0
gachot,Bertrand Gachot,0,1,1989,0
martini,Pierluigi Martini,0,1,1989,0
mansell,Nigel Mansell,9,1,1989,9
senna,Ayrton Senna,0,1,1989,0
alboreto,Michele Alboreto,0,1,1989,0
cesaris,Andrea de Cesaris,0,1,1989,0
alliot,Philippe Alliot,0,1,1989,0
dalmas,Yannick Dalmas,0,1,1989,0
prost,Alain Prost,6,1,1989,6
warwick,Derek Warwick,2,1,1989,2
patrese,Riccardo Patrese,0,1,1989,0
capelli,Ivan Capelli,0,1,1989,0
boutsen,Thierry Boutsen,0,1,1989,0
gugelmin,Maurício Gugelmin,4,1,1989,4
grouillard,Olivier Grouillard,0,1,1989,0
moreno,Roberto Moreno,0,2,1989,0
gachot,Bertrand Gachot,0,2,1989,0
martini,Pierluigi Martini,0,2,1989,0
mansell,Nigel Mansell,0,2,1989,9
tarquini,Gabriele Tarquini,0,2,1989,0
senna,Ayrton Senna,9,2,1989,9
alboreto,Michele Alboreto,0,2,1989,0
cesaris,Andrea de Cesaris,0,2,1989,0
alliot,Philippe Alliot,0,2,1989,0
dalmas,Yannick Dalmas,0,2,1989,0
prost,Alain Prost,6,2,1989,12
warwick,Derek Warwick,2,2,1989,4
patrese,Riccardo Patrese,0,2,1989,0
capelli,Ivan Capelli,0,2,1989,0
boutsen,Thierry Boutsen,3,2,1989,3
gugelmin,Maurício Gugelmin,0,2,1989,4
grouillard,Olivier Grouillard,0,2,1989,0
herbert,Johnny Herbert,0,2,1989,3
berger,Gerhard Berger,0,2,1989,0
larini,Nicola Larini,0,2,1989,0
brundle,Martin Brundle,0,2,1989,0
suzuki,Aguri Suzuki,0,2,1989,0
modena,Stefano Modena,0,2,1989,0
caffi,Alex Caffi,0,2,1989,0
piquet,Nelson Piquet,0,2,1989,0
satoru_nakajima,Satoru Nakajima,0,2,1989,0
johansson,Stefan Johansson,0,2,1989,0
nannini,Alessandro Nannini,4,2,1989,5
schneider,Bernd Schneider,0,2,1989,0
foitek,Gregor Foitek,0,2,1989,0
palmer,Jonathan Palmer,1,2,1989,1
danner,Christian Danner,0,2,1989,0
cheever,Eddie Cheever,0,2,1989,0
sala,Luis Pérez-Sala,0,2,1989,0
ghinzani,Piercarlo Ghinzani,0,2,1989,0
weidler,Volker Weidler,0,2,1989,0
raphanel,Pierre-Henri Raphanel,0,2,1989,0
arnoux,René Arnoux,0,2,1989,0
joachim_winkelhock,Joachim Winkelhock,0,2,1989,0
modena,Stefano Modena,4,3,1989,4
caffi,Alex Caffi,3,3,1989,3
piquet,Nelson Piquet,0,3,1989,0
satoru_nakajima,Satoru Nakajima,0,3,1989,0
johansson,Stefan Johansson,0,3,1989,0
nannini,Alessandro Nannini,0,3,1989,5
schneider,Bernd Schneider,0,3,1989,0
foitek,Gregor Foitek,0,3,1989,0
palmer,Jonathan Palmer,0,3,1989,1
danner,Christian Danner,0,3,1989,0
cheever,Eddie Cheever,0,3,1989,0
sala,Luis Pérez-Sala,0,3,1989,0
ghinzani,Piercarlo Ghinzani,0,3,1989,0
weidler,Volker Weidler,0,3,1989,0
raphanel,Pierre-Henri Raphanel,0,3,1989,0
arnoux,René Arnoux,0,3,1989,0
joachim_winkelhock,Joachim Winkelhock,0,3,1989,0
moreno,Roberto Moreno,0,3,1989,0
gachot,Bertrand Gachot,0,3,1989,0
martini,Pierluigi Martini,0,3,1989,0
mansell,Nigel Mansell,0,3,1989,9
tarquini,Gabriele Tarquini,0,3,1989,0
senna,Ayrton Senna,9,3,1989,18
alboreto,Michele Alboreto,2,3,1989,2
cesaris,Andrea de Cesaris,0,3,1989,0
alliot,Philippe Alliot,0,3,1989,0
dalmas,Yannick Dalmas,0,3,1989,0
prost,Alain Prost,6,3,1989,18
warwick,Derek Warwick,0,3,1989,4
patrese,Riccardo Patrese,0,3,1989,0
capelli,Ivan Capelli,0,3,1989,0
boutsen,Thierry Boutsen,0,3,1989,3
gugelmin,Maurício Gugelmin,0,3,1989,4
grouillard,Olivier Grouillard,0,3,1989,0
herbert,Johnny Herbert,0,3,1989,3
larini,Nicola Larini,0,3,1989,0
brundle,Martin Brundle,1,3,1989,1
suzuki,Aguri Suzuki,0,3,1989,0
herbert,Johnny Herbert,0,4,1989,3
berger,Gerhard Berger,0,4,1989,0
larini,Nicola Larini,0,4,1989,0
brundle,Martin Brundle,0,4,1989,1
suzuki,Aguri Suzuki,0,4,1989,0
modena,Stefano Modena,0,4,1989,4
caffi,Alex Caffi,0,4,1989,3
piquet,Nelson Piquet,0,4,1989,0
satoru_nakajima,Satoru Nakajima,0,4,1989,0
johansson,Stefan Johansson,0,4,1989,0
nannini,Alessandro Nannini,3,4,1989,8
schneider,Bernd Schneider,0,4,1989,0
foitek,Gregor Foitek,0,4,1989,0
palmer,Jonathan Palmer,0,4,1989,1
danner,Christian Danner,0,4,1989,0
cheever,Eddie Cheever,0,4,1989,0
sala,Luis Pérez-Sala,0,4,1989,0
ghinzani,Piercarlo Ghinzani,0,4,1989,0
weidler,Volker Weidler,0,4,1989,0
raphanel,Pierre-Henri Raphanel,0,4,1989,0
arnoux,René Arnoux,0,4,1989,0
joachim_winkelhock,Joachim Winkelhock,0,4,1989,0
moreno,Roberto Moreno,0,4,1989,0
gachot,Bertrand Gachot,0,4,1989,0
martini,Pierluigi Martini,0,4,1989,0
mansell,Nigel Mansell,0,4,1989,9
tarquini,Gabriele Tarquini,1,4,1989,1
senna,Ayrton Senna,9,4,1989,27
alboreto,Michele Alboreto,4,4,1989,6
cesaris,Andrea de Cesaris,0,4,1989,0
alliot,Philippe Alliot,0,4,1989,0
dalmas,Yannick Dalmas,0,4,1989,0
prost,Alain Prost,2,4,1989,20
warwick,Derek Warwick,0,4,1989,4
patrese,Riccardo Patrese,6,4,1989,6
capelli,Ivan Capelli,0,4,1989,0
boutsen,Thierry Boutsen,0,4,1989,3
gugelmin,Maurício Gugelmin,0,4,1989,4
grouillard,Olivier Grouillard,0,4,1989,0
moreno,Roberto Moreno,0,5,1989,0
gachot,Bertrand Gachot,0,5,1989,0
martini,Pierluigi Martini,0,5,1989,0
mansell,Nigel Mansell,0,5,1989,9
tarquini,Gabriele Tarquini,0,5,1989,1
senna,Ayrton Senna,0,5,1989,27
alboreto,Michele Alboreto,0,5,1989,6
cesaris,Andrea de Cesaris,0,5,1989,0
alliot,Philippe Alliot,0,5,1989,0
dalmas,Yannick Dalmas,0,5,1989,0
prost,Alain Prost,9,5,1989,29
warwick,Derek Warwick,0,5,1989,4
patrese,Riccardo Patrese,6,5,1989,12
capelli,Ivan Capelli,0,5,1989,0
boutsen,Thierry Boutsen,1,5,1989,4
gugelmin,Maurício Gugelmin,0,5,1989,4
grouillard,Olivier Grouillard,0,5,1989,0
herbert,Johnny Herbert,2,5,1989,5
berger,Gerhard Berger,0,5,1989,0
larini,Nicola Larini,0,5,1989,0
brundle,Martin Brundle,0,5,1989,1
suzuki,Aguri Suzuki,0,5,1989,0
modena,Stefano Modena,0,5,1989,4
caffi,Alex Caffi,0,5,1989,3
piquet,Nelson Piquet,0,5,1989,0
satoru_nakajima,Satoru Nakajima,0,5,1989,0
johansson,Stefan Johansson,0,5,1989,0
nannini,Alessandro Nannini,0,5,1989,8
schneider,Bernd Schneider,0,5,1989,0
foitek,Gregor Foitek,0,5,1989,0
palmer,Jonathan Palmer,0,5,1989,1
danner,Christian Danner,3,5,1989,3
cheever,Eddie Cheever,4,5,1989,4
sala,Luis Pérez-Sala,0,5,1989,0
ghinzani,Piercarlo Ghinzani,0,5,1989,0
weidler,Volker Weidler,0,5,1989,0
raphanel,Pierre-Henri Raphanel,0,5,1989,0
arnoux,René Arnoux,0,5,1989,0
joachim_winkelhock,Joachim Winkelhock,0,5,1989,0
modena,Stefano Modena,0,6,1989,4
caffi,Alex Caffi,1,6,1989,4
piquet,Nelson Piquet,3,6,1989,3
satoru_nakajima,Satoru Nakajima,0,6,1989,0
johansson,Stefan Johansson,0,6,1989,0
nannini,Alessandro Nannini,0,6,1989,8
schneider,Bernd Schneider,0,6,1989,0
foitek,Gregor Foitek,0,6,1989,0
palmer,Jonathan Palmer,0,6,1989,1
danner,Christian Danner,0,6,1989,3
cheever,Eddie Cheever,0,6,1989,4
sala,Luis Pérez-Sala,0,6,1989,0
ghinzani,Piercarlo Ghinzani,0,6,1989,0
weidler,Volker Weidler,0,6,1989,0
raphanel,Pierre-Henri Raphanel,0,6,1989,0
arnoux,René Arnoux,2,6,1989,2
joachim_winkelhock,Joachim Winkelhock,0,6,1989,0
moreno,Roberto Moreno,0,6,1989,0
gachot,Bertrand Gachot,0,6,1989,0
martini,Pierluigi Martini,0,6,1989,0
mansell,Nigel Mansell,0,6,1989,9
tarquini,Gabriele Tarquini,0,6,1989,1
senna,Ayrton Senna,0,6,1989,27
alboreto,Michele Alboreto,0,6,1989,6
cesaris,Andrea de Cesaris,4,6,1989,4
alliot,Philippe Alliot,0,6,1989,0
dalmas,Yannick Dalmas,0,6,1989,0
prost,Alain Prost,0,6,1989,29
warwick,Derek Warwick,0,6,1989,4
patrese,Riccardo Patrese,6,6,1989,18
capelli,Ivan Capelli,0,6,1989,0
boutsen,Thierry Boutsen,9,6,1989,13
gugelmin,Maurício Gugelmin,0,6,1989,4
grouillard,Olivier Grouillard,0,6,1989,0
herbert,Johnny Herbert,0,6,1989,5
berger,Gerhard Berger,0,6,1989,0
larini,Nicola Larini,0,6,1989,0
brundle,Martin Brundle,0,6,1989,1
suzuki,Aguri Suzuki,0,6,1989,0
alesi,Jean Alesi,3,7,1989,3
berger,Gerhard Berger,0,7,1989,0
larini,Nicola Larini,0,7,1989,0
brundle,Martin Brundle,0,7,1989,1
suzuki,Aguri Suzuki,0,7,1989,0
modena,Stefano Modena,0,7,1989,4
caffi,Alex Caffi,0,7,1989,4
piquet,Nelson Piquet,0,7,1989,3
satoru_nakajima,Satoru Nakajima,0,7,1989,0
pirro,Emanuele Pirro,0,7,1989,0
johansson,Stefan Johansson,2,7,1989,2
nannini,Alessandro Nannini,0,7,1989,8
schneider,Bernd Schneider,0,7,1989,0
foitek,Gregor Foitek,0,7,1989,0
donnelly,Martin Donnelly,0,7,1989,0
palmer,Jonathan Palmer,0,7,1989,1
danner,Christian Danner,0,7,1989,3
cheever,Eddie Cheever,0,7,1989,4
sala,Luis Pérez-Sala,0,7,1989,0
ghinzani,Piercarlo Ghinzani,0,7,1989,0
weidler,Volker Weidler,0,7,1989,0
raphanel,Pierre-Henri Raphanel,0,7,1989,0
arnoux,René Arnoux,0,7,1989,2
joachim_winkelhock,Joachim Winkelhock,0,7,1989,0
moreno,Roberto Moreno,0,7,1989,0
gachot,Bertrand Gachot,0,7,1989,0
martini,Pierluigi Martini,0,7,1989,0
mansell,Nigel Mansell,6,7,1989,15
tarquini,Gabriele Tarquini,0,7,1989,1
senna,Ayrton Senna,0,7,1989,27
bernard,Éric Bernard,0,7,1989,0
cesaris,Andrea de Cesaris,0,7,1989,4
alliot,Philippe Alliot,0,7,1989,0
prost,Alain Prost,9,7,1989,38
patrese,Riccardo Patrese,4,7,1989,22
capelli,Ivan Capelli,0,7,1989,0
boutsen,Thierry Boutsen,0,7,1989,13
gugelmin,Maurício Gugelmin,0,7,1989,4
grouillard,Olivier Grouillard,1,7,1989,1
moreno,Roberto Moreno,0,8,1989,0
gachot,Bertrand Gachot,0,8,1989,0
martini,Pierluigi Martini,2,8,1989,2
mansell,Nigel Mansell,6,8,1989,21
tarquini,Gabriele Tarquini,0,8,1989,1
senna,Ayrton Senna,0,8,1989,27
bernard,Éric Bernard,0,8,1989,0
cesaris,Andrea de Cesaris,0,8,1989,4
alliot,Philippe Alliot,0,8,1989,0
dalmas,Yannick Dalmas,0,8,1989,0
prost,Alain Prost,9,8,1989,47
warwick,Derek Warwick,0,8,1989,4
patrese,Riccardo Patrese,0,8,1989,22
capelli,Ivan Capelli,0,8,1989,0
boutsen,Thierry Boutsen,0,8,1989,13
gugelmin,Maurício Gugelmin,0,8,1989,4
grouillard,Olivier Grouillard,0,8,1989,1
alesi,Jean Alesi,0,8,1989,3
berger,Gerhard Berger,0,8,1989,0
larini,Nicola Larini,0,8,1989,0
brundle,Martin Brundle,0,8,1989,1
suzuki,Aguri Suzuki,0,8,1989,0
modena,Stefano Modena,0,8,1989,4
caffi,Alex Caffi,0,8,1989,4
piquet,Nelson Piquet,3,8,1989,6
satoru_nakajima,Satoru Nakajima,0,8,1989,0
pirro,Emanuele Pirro,0,8,1989,0
johansson,Stefan Johansson,0,8,1989,2
nannini,Alessandro Nannini,4,8,1989,12
schneider,Bernd Schneider,0,8,1989,0
foitek,Gregor Foitek,0,8,1989,0
palmer,Jonathan Palmer,0,8,1989,1
danner,Christian Danner,0,8,1989,3
cheever,Eddie Cheever,0,8,1989,4
sala,Luis Pérez-Sala,1,8,1989,1
ghinzani,Piercarlo Ghinzani,0,8,1989,0
weidler,Volker Weidler,0,8,1989,0
raphanel,Pierre-Henri Raphanel,0,8,1989,0
arnoux,René Arnoux,0,8,1989,2
modena,Stefano Modena,0,9,1989,4
caffi,Alex Caffi,0,9,1989,4
piquet,Nelson Piquet,2,9,1989,8
satoru_nakajima,Satoru Nakajima,0,9,1989,0
pirro,Emanuele Pirro,0,9,1989,0
johansson,Stefan Johansson,0,9,1989,2
nannini,Alessandro Nannini,0,9,1989,12
foitek,Gregor Foitek,0,9,1989,0
palmer,Jonathan Palmer,0,9,1989,1
danner,Christian Danner,0,9,1989,3
cheever,Eddie Cheever,0,9,1989,4
sala,Luis Pérez-Sala,0,9,1989,1
ghinzani,Piercarlo Ghinzani,0,9,1989,0
weidler,Volker Weidler,0,9,1989,0
raphanel,Pierre-Henri Raphanel,0,9,1989,0
arnoux,René Arnoux,0,9,1989,2
moreno,Roberto Moreno,0,9,1989,0
gachot,Bertrand Gachot,0,9,1989,0
martini,Pierluigi Martini,0,9,1989,2
mansell,Nigel Mansell,4,9,1989,25
tarquini,Gabriele Tarquini,0,9,1989,1
senna,Ayrton Senna,9,9,1989,36
alboreto,Michele Alboreto,0,9,1989,6
cesaris,Andrea de Cesaris,0,9,1989,4
alliot,Philippe Alliot,0,9,1989,0
dalmas,Yannick Dalmas,0,9,1989,0
prost,Alain Prost,6,9,1989,53
warwick,Derek Warwick,1,9,1989,5
patrese,Riccardo Patrese,3,9,1989,25
capelli,Ivan Capelli,0,9,1989,0
boutsen,Thierry Boutsen,0,9,1989,13
gugelmin,Maurício Gugelmin,0,9,1989,4
grouillard,Olivier Grouillard,0,9,1989,1
alesi,Jean Alesi,0,9,1989,3
berger,Gerhard Berger,0,9,1989,0
larini,Nicola Larini,0,9,1989,0
brundle,Martin Brundle,0,9,1989,1
suzuki,Aguri Suzuki,0,9,1989,0
alesi,Jean Alesi,0,10,1989,3
berger,Gerhard Berger,0,10,1989,0
larini,Nicola Larini,0,10,1989,0
brundle,Martin Brundle,0,10,1989,1
suzuki,Aguri Suzuki,0,10,1989,0
modena,Stefano Modena,0,10,1989,4
caffi,Alex Caffi,0,10,1989,4
piquet,Nelson Piquet,1,10,1989,9
satoru_nakajima,Satoru Nakajima,0,10,1989,0
pirro,Emanuele Pirro,0,10,1989,0
johansson,Stefan Johansson,0,10,1989,2
nannini,Alessandro Nannini,0,10,1989,12
schneider,Bernd Schneider,0,10,1989,0
foitek,Gregor Foitek,0,10,1989,0
palmer,Jonathan Palmer,0,10,1989,1
danner,Christian Danner,0,10,1989,3
cheever,Eddie Cheever,2,10,1989,6
sala,Luis Pérez-Sala,0,10,1989,1
ghinzani,Piercarlo Ghinzani,0,10,1989,0
weidler,Volker Weidler,0,10,1989,0
raphanel,Pierre-Henri Raphanel,0,10,1989,0
arnoux,René Arnoux,0,10,1989,2
moreno,Roberto Moreno,0,10,1989,0
gachot,Bertrand Gachot,0,10,1989,0
martini,Pierluigi Martini,0,10,1989,2
mansell,Nigel Mansell,9,10,1989,34
tarquini,Gabriele Tarquini,0,10,1989,1
senna,Ayrton Senna,6,10,1989,42
alboreto,Michele Alboreto,0,10,1989,6
cesaris,Andrea de Cesaris,0,10,1989,4
alliot,Philippe Alliot,0,10,1989,0
dalmas,Yannick Dalmas,0,10,1989,0
prost,Alain Prost,3,10,1989,56
warwick,Derek Warwick,0,10,1989,5
patrese,Riccardo Patrese,0,10,1989,25
capelli,Ivan Capelli,0,10,1989,0
boutsen,Thierry Boutsen,4,10,1989,17
gugelmin,Maurício Gugelmin,0,10,1989,4
grouillard,Olivier Grouillard,0,10,1989,1
moreno,Roberto Moreno,0,11,1989,0
gachot,Bertrand Gachot,0,11,1989,0
martini,Pierluigi Martini,0,11,1989,2
mansell,Nigel Mansell,4,11,1989,38
tarquini,Gabriele Tarquini,0,11,1989,1
senna,Ayrton Senna,9,11,1989,51
alboreto,Michele Alboreto,0,11,1989,6
cesaris,Andrea de Cesaris,0,11,1989,4
alliot,Philippe Alliot,0,11,1989,0
dalmas,Yannick Dalmas,0,11,1989,0
prost,Alain Prost,6,11,1989,62
warwick,Derek Warwick,1,11,1989,6
patrese,Riccardo Patrese,0,11,1989,25
capelli,Ivan Capelli,0,11,1989,0
boutsen,Thierry Boutsen,3,11,1989,20
gugelmin,Maurício Gugelmin,0,11,1989,4
grouillard,Olivier Grouillard,0,11,1989,1
herbert,Johnny Herbert,0,11,1989,5
berger,Gerhard Berger,0,11,1989,0
larini,Nicola Larini,0,11,1989,0
brundle,Martin Brundle,0,11,1989,1
suzuki,Aguri Suzuki,0,11,1989,0
modena,Stefano Modena,0,11,1989,4
caffi,Alex Caffi,0,11,1989,4
bertaggia,Enrico Bertaggia,0,11,1989,0
piquet,Nelson Piquet,0,11,1989,9
satoru_nakajima,Satoru Nakajima,0,11,1989,0
pirro,Emanuele Pirro,0,11,1989,0
johansson,Stefan Johansson,0,11,1989,2
nannini,Alessandro Nannini,2,11,1989,14
schneider,Bernd Schneider,0,11,1989,0
foitek,Gregor Foitek,0,11,1989,0
palmer,Jonathan Palmer,0,11,1989,1
danner,Christian Danner,0,11,1989,3
cheever,Eddie Cheever,0,11,1989,6
sala,Luis Pérez-Sala,0,11,1989,1
ghinzani,Piercarlo Ghinzani,0,11,1989,0
raphanel,Pierre-Henri Raphanel,0,11,1989,0
arnoux,René Arnoux,0,11,1989,2
modena,Stefano Modena,0,12,1989,4
caffi,Alex Caffi,0,12,1989,4
bertaggia,Enrico Bertaggia,0,12,1989,0
piquet,Nelson Piquet,0,12,1989,9
satoru_nakajima,Satoru Nakajima,0,12,1989,0
pirro,Emanuele Pirro,0,12,1989,0
johansson,Stefan Johansson,0,12,1989,2
nannini,Alessandro Nannini,0,12,1989,14
schneider,Bernd Schneider,0,12,1989,0
palmer,Jonathan Palmer,0,12,1989,1
danner,Christian Danner,0,12,1989,3
cheever,Eddie Cheever,0,12,1989,6
sala,Luis Pérez-Sala,0,12,1989,1
ghinzani,Piercarlo Ghinzani,0,12,1989,0
raphanel,Pierre-Henri Raphanel,0,12,1989,0
arnoux,René Arnoux,0,12,1989,2
larrauri,Oscar Larrauri,0,12,1989,0
moreno,Roberto Moreno,0,12,1989,0
gachot,Bertrand Gachot,0,12,1989,0
martini,Pierluigi Martini,0,12,1989,2
mansell,Nigel Mansell,0,12,1989,38
tarquini,Gabriele Tarquini,0,12,1989,1
senna,Ayrton Senna,0,12,1989,51
alboreto,Michele Alboreto,0,12,1989,6
cesaris,Andrea de Cesaris,0,12,1989,4
alliot,Philippe Alliot,0,12,1989,0
dalmas,Yannick Dalmas,0,12,1989,0
prost,Alain Prost,9,12,1989,71
warwick,Derek Warwick,0,12,1989,6
patrese,Riccardo Patrese,3,12,1989,28
capelli,Ivan Capelli,0,12,1989,0
boutsen,Thierry Boutsen,4,12,1989,24
gugelmin,Maurício Gugelmin,0,12,1989,4
grouillard,Olivier Grouillard,0,12,1989,1
alesi,Jean Alesi,2,12,1989,5
berger,Gerhard Berger,6,12,1989,6
larini,Nicola Larini,0,12,1989,0
brundle,Martin Brundle,1,12,1989,2
suzuki,Aguri Suzuki,0,12,1989,0
herbert,Johnny Herbert,0,13,1989,5
berger,Gerhard Berger,9,13,1989,15
larini,Nicola Larini,0,13,1989,0
brundle,Martin Brundle,0,13,1989,2
suzuki,Aguri Suzuki,0,13,1989,0
modena,Stefano Modena,0,13,1989,4
caffi,Alex Caffi,0,13,1989,4
bertaggia,Enrico Bertaggia,0,13,1989,0
piquet,Nelson Piquet,0,13,1989,9
satoru_nakajima,Satoru Nakajima,0,13,1989,0
pirro,Emanuele Pirro,0,13,1989,0
johansson,Stefan Johansson,4,13,1989,6
nannini,Alessandro Nannini,3,13,1989,17
schneider,Bernd Schneider,0,13,1989,0
palmer,Jonathan Palmer,1,13,1989,2
danner,Christian Danner,0,13,1989,3
cheever,Eddie Cheever,0,13,1989,6
sala,Luis Pérez-Sala,0,13,1989,1
ghinzani,Piercarlo Ghinzani,0,13,1989,0
raphanel,Pierre-Henri Raphanel,0,13,1989,0
arnoux,René Arnoux,0,13,1989,2
larrauri,Oscar Larrauri,0,13,1989,0
moreno,Roberto Moreno,0,13,1989,0
martini,Pierluigi Martini,2,13,1989,4
mansell,Nigel Mansell,0,13,1989,38
tarquini,Gabriele Tarquini,0,13,1989,1
senna,Ayrton Senna,0,13,1989,51
alboreto,Michele Alboreto,0,13,1989,6
lehto,Jyrki Järvilehto,0,13,1989,0
cesaris,Andrea de Cesaris,0,13,1989,4
alliot,Philippe Alliot,0,13,1989,0
dalmas,Yannick Dalmas,0,13,1989,0
prost,Alain Prost,6,13,1989,77
warwick,Derek Warwick,0,13,1989,6
patrese,Riccardo Patrese,0,13,1989,28
capelli,Ivan Capelli,0,13,1989,0
boutsen,Thierry Boutsen,0,13,1989,24
gugelmin,Maurício Gugelmin,0,13,1989,4
grouillard,Olivier Grouillard,0,13,1989,1
moreno,Roberto Moreno,0,14,1989,0
martini,Pierluigi Martini,0,14,1989,4
tarquini,Gabriele Tarquini,0,14,1989,1
senna,Ayrton Senna,9,14,1989,60
alboreto,Michele Alboreto,0,14,1989,6
lehto,Jyrki Järvilehto,0,14,1989,0
cesaris,Andrea de Cesaris,0,14,1989,4
alliot,Philippe Alliot,1,14,1989,1
dalmas,Yannick Dalmas,0,14,1989,0
prost,Alain Prost,4,14,1989,81
warwick,Derek Warwick,0,14,1989,6
patrese,Riccardo Patrese,2,14,1989,30
capelli,Ivan Capelli,0,14,1989,0
boutsen,Thierry Boutsen,0,14,1989,24
gugelmin,Maurício Gugelmin,0,14,1989,4
grouillard,Olivier Grouillard,0,14,1989,1
alesi,Jean Alesi,3,14,1989,8
berger,Gerhard Berger,6,14,1989,21
larini,Nicola Larini,0,14,1989,0
brundle,Martin Brundle,0,14,1989,2
suzuki,Aguri Suzuki,0,14,1989,0
modena,Stefano Modena,0,14,1989,4
caffi,Alex Caffi,0,14,1989,4
bertaggia,Enrico Bertaggia,0,14,1989,0
piquet,Nelson Piquet,0,14,1989,9
satoru_nakajima,Satoru Nakajima,0,14,1989,0
pirro,Emanuele Pirro,0,14,1989,0
johansson,Stefan Johansson,0,14,1989,6
nannini,Alessandro Nannini,0,14,1989,17
schneider,Bernd Schneider,0,14,1989,0
foitek,Gregor Foitek,0,14,1989,0
palmer,Jonathan Palmer,0,14,1989,2
cheever,Eddie Cheever,0,14,1989,6
sala,Luis Pérez-Sala,0,14,1989,1
ghinzani,Piercarlo Ghinzani,0,14,1989,0
raphanel,Pierre-Henri Raphanel,0,14,1989,0
arnoux,René Arnoux,0,14,1989,2
larrauri,Oscar Larrauri,0,14,1989,0
modena,Stefano Modena,0,15,1989,4
caffi,Alex Caffi,0,15,1989,4
bertaggia,Enrico Bertaggia,0,15,1989,0
piquet,Nelson Piquet,3,15,1989,12
satoru_nakajima,Satoru Nakajima,0,15,1989,0
pirro,Emanuele Pirro,0,15,1989,0
johansson,Stefan Johansson,0,15,1989,6
nannini,Alessandro Nannini,9,15,1989,26
schneider,Bernd Schneider,0,15,1989,0
barilla,Paolo Barilla,0,15,1989,0
palmer,Jonathan Palmer,0,15,1989,2
cheever,Eddie Cheever,0,15,1989,6
sala,Luis Pérez-Sala,0,15,1989,1
ghinzani,Piercarlo Ghinzani,0,15,1989,0
raphanel,Pierre-Henri Raphanel,0,15,1989,0
arnoux,René Arnoux,0,15,1989,2
larrauri,Oscar Larrauri,0,15,1989,0
moreno,Roberto Moreno,0,15,1989,0
gachot,Bertrand Gachot,0,15,1989,0
mansell,Nigel Mansell,0,15,1989,38
tarquini,Gabriele Tarquini,0,15,1989,1
senna,Ayrton Senna,0,15,1989,60
alboreto,Michele Alboreto,0,15,1989,6
lehto,Jyrki Järvilehto,0,15,1989,0
cesaris,Andrea de Cesaris,0,15,1989,4
alliot,Philippe Alliot,0,15,1989,1
dalmas,Yannick Dalmas,0,15,1989,0
prost,Alain Prost,0,15,1989,81
warwick,Derek Warwick,1,15,1989,7
patrese,Riccardo Patrese,6,15,1989,36
capelli,Ivan Capelli,0,15,1989,0
boutsen,Thierry Boutsen,4,15,1989,28
gugelmin,Maurício Gugelmin,0,15,1989,4
grouillard,Olivier Grouillard,0,15,1989,1
alesi,Jean Alesi,0,15,1989,8
berger,Gerhard Berger,0,15,1989,21
larini,Nicola Larini,0,15,1989,0
brundle,Martin Brundle,2,15,1989,4
suzuki,Aguri Suzuki,0,15,1989,0
alesi,Jean Alesi,0,16,1989,8
berger,Gerhard Berger,0,16,1989,21
larini,Nicola Larini,0,16,1989,0
brundle,Martin Brundle,0,16,1989,4
suzuki,Aguri Suzuki,0,16,1989,0
modena,Stefano Modena,0,16,1989,4
caffi,Alex Caffi,0,16,1989,4
bertaggia,Enrico Bertaggia,0,16,1989,0
piquet,Nelson Piquet,0,16,1989,12
satoru_nakajima,Satoru Nakajima,3,16,1989,3
pirro,Emanuele Pirro,2,16,1989,2
johansson,Stefan Johansson,0,16,1989,6
nannini,Alessandro Nannini,6,16,1989,32
schneider,Bernd Schneider,0,16,1989,0
palmer,Jonathan Palmer,0,16,1989,2
cheever,Eddie Cheever,0,16,1989,6
sala,Luis Pérez-Sala,0,16,1989,1
ghinzani,Piercarlo Ghinzani,0,16,1989,0
raphanel,Pierre-Henri Raphanel,0,16,1989,0
arnoux,René Arnoux,0,16,1989,2
larrauri,Oscar Larrauri,0,16,1989,0
moreno,Roberto Moreno,0,16,1989,0
gachot,Bertrand Gachot,0,16,1989,0
martini,Pierluigi Martini,1,16,1989,5
mansell,Nigel Mansell,0,16,1989,38
tarquini,Gabriele Tarquini,0,16,1989,1
senna,Ayrton Senna,0,16,1989,60
alboreto,Michele Alboreto,0,16,1989,6
lehto,Jyrki Järvilehto,0,16,1989,0
cesaris,Andrea de Cesaris,0,16,1989,4
alliot,Philippe Alliot,0,16,1989,1
dalmas,Yannick Dalmas,0,16,1989,0
prost,Alain Prost,0,16,1989,81
warwick,Derek Warwick,0,16,1989,7
patrese,Riccardo Patrese,4,16,1989,40
capelli,Ivan Capelli,0,16,1989,0
boutsen,Thierry Boutsen,9,16,1989,37
gugelmin,Maurício Gugelmin,0,16,1989,4
grouillard,Olivier Grouillard,0,16,1989,1
mansell,Nigel Mansell,0,1,1988,0
tarquini,Gabriele Tarquini,0,1,1988,0
senna,Ayrton Senna,0,1,1988,0
alboreto,Michele Alboreto,2,1,1988,2
cesaris,Andrea de Cesaris,0,1,1988,0
alliot,Philippe Alliot,0,1,1988,0
dalmas,Yannick Dalmas,0,1,1988,0
prost,Alain Prost,9,1,1988,9
warwick,Derek Warwick,3,1,1988,3
patrese,Riccardo Patrese,0,1,1988,0
capelli,Ivan Capelli,0,1,1988,0
boutsen,Thierry Boutsen,0,1,1988,0
gugelmin,Maurício Gugelmin,0,1,1988,0
berger,Gerhard Berger,6,1,1988,6
larini,Nicola Larini,0,1,1988,0
modena,Stefano Modena,0,1,1988,0
caffi,Alex Caffi,0,1,1988,0
piquet,Nelson Piquet,4,1,1988,4
satoru_nakajima,Satoru Nakajima,1,1,1988,1
johansson,Stefan Johansson,0,1,1988,0
bailey,Julian Bailey,0,1,1988,0
nannini,Alessandro Nannini,0,1,1988,0
schneider,Bernd Schneider,0,1,1988,0
palmer,Jonathan Palmer,0,1,1988,0
cheever,Eddie Cheever,0,1,1988,0
sala,Luis Pérez-Sala,0,1,1988,0
ghinzani,Piercarlo Ghinzani,0,1,1988,0
arnoux,René Arnoux,0,1,1988,0
larrauri,Oscar Larrauri,0,1,1988,0
streiff,Philippe Streiff,0,1,1988,0
campos,Adrián Campos,0,1,1988,0
modena,Stefano Modena,0,2,1988,0
caffi,Alex Caffi,0,2,1988,0
piquet,Nelson Piquet,4,2,1988,8
satoru_nakajima,Satoru Nakajima,0,2,1988,1
johansson,Stefan Johansson,0,2,1988,0
bailey,Julian Bailey,0,2,1988,0
nannini,Alessandro Nannini,1,2,1988,1
palmer,Jonathan Palmer,0,2,1988,0
cheever,Eddie Cheever,0,2,1988,0
sala,Luis Pérez-Sala,0,2,1988,0
ghinzani,Piercarlo Ghinzani,0,2,1988,0
arnoux,René Arnoux,0,2,1988,0
larrauri,Oscar Larrauri,0,2,1988,0
streiff,Philippe Streiff,0,2,1988,0
campos,Adrián Campos,0,2,1988,0
mansell,Nigel Mansell,0,2,1988,0
tarquini,Gabriele Tarquini,0,2,1988,0
senna,Ayrton Senna,9,2,1988,9
alboreto,Michele Alboreto,0,2,1988,2
cesaris,Andrea de Cesaris,0,2,1988,0
alliot,Philippe Alliot,0,2,1988,0
dalmas,Yannick Dalmas,0,2,1988,0
prost,Alain Prost,6,2,1988,15
warwick,Derek Warwick,0,2,1988,3
patrese,Riccardo Patrese,0,2,1988,0
capelli,Ivan Capelli,0,2,1988,0
boutsen,Thierry Boutsen,3,2,1988,3
gugelmin,Maurício Gugelmin,0,2,1988,0
berger,Gerhard Berger,2,2,1988,8
larini,Nicola Larini,0,2,1988,0
berger,Gerhard Berger,6,3,1988,14
larini,Nicola Larini,0,3,1988,0
modena,Stefano Modena,0,3,1988,0
caffi,Alex Caffi,0,3,1988,0
piquet,Nelson Piquet,0,3,1988,8
satoru_nakajima,Satoru Nakajima,0,3,1988,1
johansson,Stefan Johansson,0,3,1988,0
bailey,Julian Bailey,0,3,1988,0
nannini,Alessandro Nannini,0,3,1988,1
schneider,Bernd Schneider,0,3,1988,0
palmer,Jonathan Palmer,2,3,1988,2
cheever,Eddie Cheever,0,3,1988,0
sala,Luis Pérez-Sala,0,3,1988,0
ghinzani,Piercarlo Ghinzani,0,3,1988,0
arnoux,René Arnoux,0,3,1988,0
larrauri,Oscar Larrauri,0,3,1988,0
streiff,Philippe Streiff,0,3,1988,0
campos,Adrián Campos,0,3,1988,0
mansell,Nigel Mansell,0,3,1988,0
tarquini,Gabriele Tarquini,0,3,1988,0
senna,Ayrton Senna,0,3,1988,9
alboreto,Michele Alboreto,4,3,1988,6
cesaris,Andrea de Cesaris,0,3,1988,0
alliot,Philippe Alliot,0,3,1988,0
dalmas,Yannick Dalmas,0,3,1988,0
prost,Alain Prost,9,3,1988,24
warwick,Derek Warwick,3,3,1988,6
patrese,Riccardo Patrese,1,3,1988,1
capelli,Ivan Capelli,0,3,1988,0
boutsen,Thierry Boutsen,0,3,1988,3
gugelmin,Maurício Gugelmin,0,3,1988,0
mansell,Nigel Mansell,0,4,1988,0
tarquini,Gabriele Tarquini,0,4,1988,0
senna,Ayrton Senna,6,4,1988,15
alboreto,Michele Alboreto,3,4,1988,9
cesaris,Andrea de Cesaris,0,4,1988,0
alliot,Philippe Alliot,0,4,1988,0
dalmas,Yannick Dalmas,0,4,1988,0
prost,Alain Prost,9,4,1988,33
warwick,Derek Warwick,2,4,1988,8
patrese,Riccardo Patrese,0,4,1988,1
capelli,Ivan Capelli,0,4,1988,0
boutsen,Thierry Boutsen,0,4,1988,3
gugelmin,Maurício Gugelmin,0,4,1988,0
berger,Gerhard Berger,4,4,1988,18
larini,Nicola Larini,0,4,1988,0
modena,Stefano Modena,0,4,1988,0
caffi,Alex Caffi,0,4,1988,0
piquet,Nelson Piquet,0,4,1988,8
satoru_nakajima,Satoru Nakajima,0,4,1988,1
johansson,Stefan Johansson,0,4,1988,0
bailey,Julian Bailey,0,4,1988,0
nannini,Alessandro Nannini,0,4,1988,1
schneider,Bernd Schneider,0,4,1988,0
palmer,Jonathan Palmer,0,4,1988,2
cheever,Eddie Cheever,1,4,1988,1
sala,Luis Pérez-Sala,0,4,1988,0
ghinzani,Piercarlo Ghinzani,0,4,1988,0
arnoux,René Arnoux,0,4,1988,0
larrauri,Oscar Larrauri,0,4,1988,0
streiff,Philippe Streiff,0,4,1988,0
campos,Adrián Campos,0,4,1988,0
modena,Stefano Modena,0,5,1988,0
caffi,Alex Caffi,0,5,1988,0
piquet,Nelson Piquet,3,5,1988,11
satoru_nakajima,Satoru Nakajima,0,5,1988,1
johansson,Stefan Johansson,0,5,1988,0
bailey,Julian Bailey,0,5,1988,0
nannini,Alessandro Nannini,0,5,1988,1
schneider,Bernd Schneider,0,5,1988,0
palmer,Jonathan Palmer,1,5,1988,3
cheever,Eddie Cheever,0,5,1988,1
sala,Luis Pérez-Sala,0,5,1988,0
ghinzani,Piercarlo Ghinzani,0,5,1988,0
arnoux,René Arnoux,0,5,1988,0
larrauri,Oscar Larrauri,0,5,1988,0
streiff,Philippe Streiff,0,5,1988,0
campos,Adrián Campos,0,5,1988,0
mansell,Nigel Mansell,0,5,1988,0
tarquini,Gabriele Tarquini,0,5,1988,0
senna,Ayrton Senna,9,5,1988,24
alboreto,Michele Alboreto,0,5,1988,9
cesaris,Andrea de Cesaris,0,5,1988,0
alliot,Philippe Alliot,0,5,1988,0
dalmas,Yannick Dalmas,0,5,1988,0
prost,Alain Prost,6,5,1988,39
warwick,Derek Warwick,0,5,1988,8
patrese,Riccardo Patrese,0,5,1988,1
capelli,Ivan Capelli,2,5,1988,2
boutsen,Thierry Boutsen,4,5,1988,7
gugelmin,Maurício Gugelmin,0,5,1988,0
berger,Gerhard Berger,0,5,1988,18
larini,Nicola Larini,0,5,1988,0
berger,Gerhard Berger,0,6,1988,18
larini,Nicola Larini,0,6,1988,0
modena,Stefano Modena,0,6,1988,0
caffi,Alex Caffi,0,6,1988,0
piquet,Nelson Piquet,0,6,1988,11
satoru_nakajima,Satoru Nakajima,0,6,1988,1
johansson,Stefan Johansson,0,6,1988,0
bailey,Julian Bailey,0,6,1988,0
nannini,Alessandro Nannini,0,6,1988,1
schneider,Bernd Schneider,0,6,1988,0
palmer,Jonathan Palmer,2,6,1988,5
cheever,Eddie Cheever,0,6,1988,1
sala,Luis Pérez-Sala,0,6,1988,0
ghinzani,Piercarlo Ghinzani,0,6,1988,0
arnoux,René Arnoux,0,6,1988,0
larrauri,Oscar Larrauri,0,6,1988,0
streiff,Philippe Streiff,0,6,1988,0
martini,Pierluigi Martini,1,6,1988,1
mansell,Nigel Mansell,0,6,1988,0
tarquini,Gabriele Tarquini,0,6,1988,0
senna,Ayrton Senna,9,6,1988,33
alboreto,Michele Alboreto,0,6,1988,9
cesaris,Andrea de Cesaris,3,6,1988,3
alliot,Philippe Alliot,0,6,1988,0
dalmas,Yannick Dalmas,0,6,1988,0
prost,Alain Prost,6,6,1988,45
warwick,Derek Warwick,0,6,1988,8
patrese,Riccardo Patrese,0,6,1988,1
capelli,Ivan Capelli,0,6,1988,2
boutsen,Thierry Boutsen,4,6,1988,11
gugelmin,Maurício Gugelmin,0,6,1988,0
martini,Pierluigi Martini,0,7,1988,1
mansell,Nigel Mansell,0,7,1988,0
tarquini,Gabriele Tarquini,0,7,1988,0
senna,Ayrton Senna,6,7,1988,39
alboreto,Michele Alboreto,4,7,1988,13
cesaris,Andrea de Cesaris,0,7,1988,3
alliot,Philippe Alliot,0,7,1988,0
dalmas,Yannick Dalmas,0,7,1988,0
prost,Alain Prost,9,7,1988,54
warwick,Derek Warwick,0,7,1988,8
patrese,Riccardo Patrese,0,7,1988,1
capelli,Ivan Capelli,0,7,1988,2
boutsen,Thierry Boutsen,0,7,1988,11
gugelmin,Maurício Gugelmin,0,7,1988,0
berger,Gerhard Berger,3,7,1988,21
larini,Nicola Larini,0,7,1988,0
modena,Stefano Modena,0,7,1988,0
caffi,Alex Caffi,0,7,1988,0
piquet,Nelson Piquet,2,7,1988,13
satoru_nakajima,Satoru Nakajima,0,7,1988,1
johansson,Stefan Johansson,0,7,1988,0
bailey,Julian Bailey,0,7,1988,0
nannini,Alessandro Nannini,1,7,1988,2
schneider,Bernd Schneider,0,7,1988,0
palmer,Jonathan Palmer,0,7,1988,5
cheever,Eddie Cheever,0,7,1988,1
sala,Luis Pérez-Sala,0,7,1988,0
ghinzani,Piercarlo Ghinzani,0,7,1988,0
arnoux,René Arnoux,0,7,1988,0
larrauri,Oscar Larrauri,0,7,1988,0
streiff,Philippe Streiff,0,7,1988,0
modena,Stefano Modena,0,8,1988,0
caffi,Alex Caffi,0,8,1988,0
piquet,Nelson Piquet,2,8,1988,15
satoru_nakajima,Satoru Nakajima,0,8,1988,1
johansson,Stefan Johansson,0,8,1988,0
bailey,Julian Bailey,0,8,1988,0
nannini,Alessandro Nannini,4,8,1988,6
schneider,Bernd Schneider,0,8,1988,0
palmer,Jonathan Palmer,0,8,1988,5
cheever,Eddie Cheever,0,8,1988,1
sala,Luis Pérez-Sala,0,8,1988,0
ghinzani,Piercarlo Ghinzani,0,8,1988,0
arnoux,René Arnoux,0,8,1988,0
larrauri,Oscar Larrauri,0,8,1988,0
streiff,Philippe Streiff,0,8,1988,0
martini,Pierluigi Martini,0,8,1988,1
mansell,Nigel Mansell,6,8,1988,6
tarquini,Gabriele Tarquini,0,8,1988,0
senna,Ayrton Senna,9,8,1988,48
alboreto,Michele Alboreto,0,8,1988,13
cesaris,Andrea de Cesaris,0,8,1988,3
alliot,Philippe Alliot,0,8,1988,0
dalmas,Yannick Dalmas,0,8,1988,0
prost,Alain Prost,0,8,1988,54
warwick,Derek Warwick,1,8,1988,9
patrese,Riccardo Patrese,0,8,1988,1
capelli,Ivan Capelli,0,8,1988,2
boutsen,Thierry Boutsen,0,8,1988,11
gugelmin,Maurício Gugelmin,3,8,1988,3
berger,Gerhard Berger,0,8,1988,21
larini,Nicola Larini,0,8,1988,0
berger,Gerhard Berger,4,9,1988,25
larini,Nicola Larini,0,9,1988,0
modena,Stefano Modena,0,9,1988,0
caffi,Alex Caffi,0,9,1988,0
piquet,Nelson Piquet,0,9,1988,15
satoru_nakajima,Satoru Nakajima,0,9,1988,1
johansson,Stefan Johansson,0,9,1988,0
bailey,Julian Bailey,0,9,1988,0
nannini,Alessandro Nannini,0,9,1988,6
schneider,Bernd Schneider,0,9,1988,0
palmer,Jonathan Palmer,0,9,1988,5
cheever,Eddie Cheever,0,9,1988,1
sala,Luis Pérez-Sala,0,9,1988,0
ghinzani,Piercarlo Ghinzani,0,9,1988,0
arnoux,René Arnoux,0,9,1988,0
larrauri,Oscar Larrauri,0,9,1988,0
streiff,Philippe Streiff,0,9,1988,0
martini,Pierluigi Martini,0,9,1988,1
mansell,Nigel Mansell,0,9,1988,6
tarquini,Gabriele Tarquini,0,9,1988,0
senna,Ayrton Senna,9,9,1988,57
alboreto,Michele Alboreto,3,9,1988,16
cesaris,Andrea de Cesaris,0,9,1988,3
alliot,Philippe Alliot,0,9,1988,0
dalmas,Yannick Dalmas,0,9,1988,0
prost,Alain Prost,6,9,1988,60
warwick,Derek Warwick,0,9,1988,9
patrese,Riccardo Patrese,0,9,1988,1
capelli,Ivan Capelli,2,9,1988,4
boutsen,Thierry Boutsen,1,9,1988,12
gugelmin,Maurício Gugelmin,0,9,1988,3
martini,Pierluigi Martini,0,10,1988,1
mansell,Nigel Mansell,0,10,1988,6
tarquini,Gabriele Tarquini,0,10,1988,0
senna,Ayrton Senna,9,10,1988,66
alboreto,Michele Alboreto,0,10,1988,16
cesaris,Andrea de Cesaris,0,10,1988,3
alliot,Philippe Alliot,0,10,1988,0
dalmas,Yannick Dalmas,0,10,1988,0
prost,Alain Prost,6,10,1988,66
warwick,Derek Warwick,0,10,1988,9
patrese,Riccardo Patrese,1,10,1988,2
capelli,Ivan Capelli,0,10,1988,4
boutsen,Thierry Boutsen,4,10,1988,16
gugelmin,Maurício Gugelmin,2,10,1988,5
berger,Gerhard Berger,3,10,1988,28
larini,Nicola Larini,0,10,1988,0
modena,Stefano Modena,0,10,1988,0
caffi,Alex Caffi,0,10,1988,0
piquet,Nelson Piquet,0,10,1988,15
satoru_nakajima,Satoru Nakajima,0,10,1988,1
johansson,Stefan Johansson,0,10,1988,0
bailey,Julian Bailey,0,10,1988,0
nannini,Alessandro Nannini,0,10,1988,6
schneider,Bernd Schneider,0,10,1988,0
palmer,Jonathan Palmer,0,10,1988,5
cheever,Eddie Cheever,0,10,1988,1
sala,Luis Pérez-Sala,0,10,1988,0
ghinzani,Piercarlo Ghinzani,0,10,1988,0
arnoux,René Arnoux,0,10,1988,0
larrauri,Oscar Larrauri,0,10,1988,0
streiff,Philippe Streiff,0,10,1988,0
modena,Stefano Modena,0,11,1988,0
caffi,Alex Caffi,0,11,1988,0
piquet,Nelson Piquet,3,11,1988,18
satoru_nakajima,Satoru Nakajima,0,11,1988,1
johansson,Stefan Johansson,0,11,1988,0
bailey,Julian Bailey,0,11,1988,0
nannini,Alessandro Nannini,0,11,1988,6
schneider,Bernd Schneider,0,11,1988,0
palmer,Jonathan Palmer,0,11,1988,5
cheever,Eddie Cheever,1,11,1988,2
sala,Luis Pérez-Sala,0,11,1988,0
ghinzani,Piercarlo Ghinzani,0,11,1988,0
arnoux,René Arnoux,0,11,1988,0
larrauri,Oscar Larrauri,0,11,1988,0
streiff,Philippe Streiff,0,11,1988,0
martini,Pierluigi Martini,0,11,1988,1
tarquini,Gabriele Tarquini,0,11,1988,0
senna,Ayrton Senna,9,11,1988,75
alboreto,Michele Alboreto,0,11,1988,16
cesaris,Andrea de Cesaris,0,11,1988,3
alliot,Philippe Alliot,0,11,1988,0
dalmas,Yannick Dalmas,0,11,1988,0
prost,Alain Prost,6,11,1988,72
warwick,Derek Warwick,2,11,1988,11
patrese,Riccardo Patrese,0,11,1988,2
capelli,Ivan Capelli,4,11,1988,8
boutsen,Thierry Boutsen,0,11,1988,16
gugelmin,Maurício Gugelmin,0,11,1988,5
berger,Gerhard Berger,0,11,1988,28
larini,Nicola Larini,0,11,1988,0
brundle,Martin Brundle,0,11,1988,0
berger,Gerhard Berger,9,12,1988,37
larini,Nicola Larini,0,12,1988,0
modena,Stefano Modena,0,12,1988,0
caffi,Alex Caffi,0,12,1988,0
piquet,Nelson Piquet,0,12,1988,18
satoru_nakajima,Satoru Nakajima,0,12,1988,1
johansson,Stefan Johansson,0,12,1988,0
bailey,Julian Bailey,0,12,1988,0
nannini,Alessandro Nannini,0,12,1988,6
schneider,Bernd Schneider,0,12,1988,0
palmer,Jonathan Palmer,0,12,1988,5
cheever,Eddie Cheever,4,12,1988,6
sala,Luis Pérez-Sala,0,12,1988,0
ghinzani,Piercarlo Ghinzani,0,12,1988,0
arnoux,René Arnoux,0,12,1988,0
larrauri,Oscar Larrauri,0,12,1988,0
streiff,Philippe Streiff,0,12,1988,0
schlesser,Jean-Louis Schlesser,0,12,1988,0
martini,Pierluigi Martini,0,12,1988,1
tarquini,Gabriele Tarquini,0,12,1988,0
senna,Ayrton Senna,0,12,1988,75
alboreto,Michele Alboreto,6,12,1988,22
cesaris,Andrea de Cesaris,0,12,1988,3
alliot,Philippe Alliot,0,12,1988,0
dalmas,Yannick Dalmas,0,12,1988,0
prost,Alain Prost,0,12,1988,72
warwick,Derek Warwick,3,12,1988,14
patrese,Riccardo Patrese,0,12,1988,2
capelli,Ivan Capelli,2,12,1988,10
boutsen,Thierry Boutsen,1,12,1988,17
gugelmin,Maurício Gugelmin,0,12,1988,5
martini,Pierluigi Martini,0,13,1988,1
mansell,Nigel Mansell,0,13,1988,6
tarquini,Gabriele Tarquini,0,13,1988,0
senna,Ayrton Senna,1,13,1988,76
alboreto,Michele Alboreto,2,13,1988,24
cesaris,Andrea de Cesaris,0,13,1988,3
alliot,Philippe Alliot,0,13,1988,0
dalmas,Yannick Dalmas,0,13,1988,0
prost,Alain Prost,9,13,1988,81
warwick,Derek Warwick,3,13,1988,17
patrese,Riccardo Patrese,0,13,1988,2
capelli,Ivan Capelli,6,13,1988,16
boutsen,Thierry Boutsen,4,13,1988,21
gugelmin,Maurício Gugelmin,0,13,1988,5
berger,Gerhard Berger,0,13,1988,37
larini,Nicola Larini,0,13,1988,0
modena,Stefano Modena,0,13,1988,0
caffi,Alex Caffi,0,13,1988,0
piquet,Nelson Piquet,0,13,1988,18
satoru_nakajima,Satoru Nakajima,0,13,1988,1
johansson,Stefan Johansson,0,13,1988,0
bailey,Julian Bailey,0,13,1988,0
nannini,Alessandro Nannini,0,13,1988,6
schneider,Bernd Schneider,0,13,1988,0
palmer,Jonathan Palmer,0,13,1988,5
cheever,Eddie Cheever,0,13,1988,6
sala,Luis Pérez-Sala,0,13,1988,0
ghinzani,Piercarlo Ghinzani,0,13,1988,0
arnoux,René Arnoux,0,13,1988,0
larrauri,Oscar Larrauri,0,13,1988,0
streiff,Philippe Streiff,0,13,1988,0
modena,Stefano Modena,0,14,1988,0
caffi,Alex Caffi,0,14,1988,0
piquet,Nelson Piquet,0,14,1988,18
satoru_nakajima,Satoru Nakajima,0,14,1988,1
johansson,Stefan Johansson,0,14,1988,0
bailey,Julian Bailey,0,14,1988,0
nannini,Alessandro Nannini,4,14,1988,10
schneider,Bernd Schneider,0,14,1988,0
palmer,Jonathan Palmer,0,14,1988,5
cheever,Eddie Cheever,0,14,1988,6
sala,Luis Pérez-Sala,0,14,1988,0
ghinzani,Piercarlo Ghinzani,0,14,1988,0
arnoux,René Arnoux,0,14,1988,0
larrauri,Oscar Larrauri,0,14,1988,0
streiff,Philippe Streiff,0,14,1988,0
martini,Pierluigi Martini,0,14,1988,1
mansell,Nigel Mansell,6,14,1988,12
tarquini,Gabriele Tarquini,0,14,1988,0
senna,Ayrton Senna,3,14,1988,79
alboreto,Michele Alboreto,0,14,1988,24
cesaris,Andrea de Cesaris,0,14,1988,3
alliot,Philippe Alliot,0,14,1988,0
dalmas,Yannick Dalmas,0,14,1988,0
prost,Alain Prost,9,14,1988,90
warwick,Derek Warwick,0,14,1988,17
patrese,Riccardo Patrese,2,14,1988,4
capelli,Ivan Capelli,0,14,1988,16
boutsen,Thierry Boutsen,0,14,1988,21
gugelmin,Maurício Gugelmin,0,14,1988,5
berger,Gerhard Berger,1,14,1988,38
larini,Nicola Larini,0,14,1988,0
berger,Gerhard Berger,3,15,1988,41
larini,Nicola Larini,0,15,1988,0
suzuki,Aguri Suzuki,0,15,1988,0
modena,Stefano Modena,0,15,1988,0
caffi,Alex Caffi,0,15,1988,0
piquet,Nelson Piquet,0,15,1988,18
satoru_nakajima,Satoru Nakajima,0,15,1988,1
johansson,Stefan Johansson,0,15,1988,0
bailey,Julian Bailey,0,15,1988,0
nannini,Alessandro Nannini,2,15,1988,12
schneider,Bernd Schneider,0,15,1988,0
palmer,Jonathan Palmer,0,15,1988,5
cheever,Eddie Cheever,0,15,1988,6
sala,Luis Pérez-Sala,0,15,1988,0
ghinzani,Piercarlo Ghinzani,0,15,1988,0
arnoux,René Arnoux,0,15,1988,0
larrauri,Oscar Larrauri,0,15,1988,0
streiff,Philippe Streiff,0,15,1988,0
martini,Pierluigi Martini,0,15,1988,1
mansell,Nigel Mansell,0,15,1988,12
tarquini,Gabriele Tarquini,0,15,1988,0
senna,Ayrton Senna,9,15,1988,88
alboreto,Michele Alboreto,0,15,1988,24
cesaris,Andrea de Cesaris,0,15,1988,3
alliot,Philippe Alliot,0,15,1988,0
prost,Alain Prost,6,15,1988,96
warwick,Derek Warwick,0,15,1988,17
patrese,Riccardo Patrese,1,15,1988,5
capelli,Ivan Capelli,0,15,1988,16
boutsen,Thierry Boutsen,4,15,1988,25
gugelmin,Maurício Gugelmin,0,15,1988,5
martini,Pierluigi Martini,0,16,1988,1
mansell,Nigel Mansell,0,16,1988,12
tarquini,Gabriele Tarquini,0,16,1988,0
senna,Ayrton Senna,6,16,1988,94
alboreto,Michele Alboreto,0,16,1988,24
cesaris,Andrea de Cesaris,0,16,1988,3
alliot,Philippe Alliot,0,16,1988,0
prost,Alain Prost,9,16,1988,105
warwick,Derek Warwick,0,16,1988,17
patrese,Riccardo Patrese,3,16,1988,8
capelli,Ivan Capelli,1,16,1988,17
boutsen,Thierry Boutsen,2,16,1988,27
gugelmin,Maurício Gugelmin,0,16,1988,5
berger,Gerhard Berger,0,16,1988,41
larini,Nicola Larini,0,16,1988,0
modena,Stefano Modena,0,16,1988,0
caffi,Alex Caffi,0,16,1988,0
piquet,Nelson Piquet,4,16,1988,22
satoru_nakajima,Satoru Nakajima,0,16,1988,1
johansson,Stefan Johansson,0,16,1988,0
bailey,Julian Bailey,0,16,1988,0
nannini,Alessandro Nannini,0,16,1988,12
schneider,Bernd Schneider,0,16,1988,0
palmer,Jonathan Palmer,0,16,1988,5
cheever,Eddie Cheever,0,16,1988,6
sala,Luis Pérez-Sala,0,16,1988,0
ghinzani,Piercarlo Ghinzani,0,16,1988,0
raphanel,Pierre-Henri Raphanel,0,16,1988,0
arnoux,René Arnoux,0,16,1988,0
larrauri,Oscar Larrauri,0,16,1988,0
streiff,Philippe Streiff,0,16,1988,0
caffi,Alex Caffi,0,1,1987,0
piquet,Nelson Piquet,6,1,1987,6
satoru_nakajima,Satoru Nakajima,0,1,1987,0
johansson,Stefan Johansson,4,1,1987,4
nannini,Alessandro Nannini,0,1,1987,0
palmer,Jonathan Palmer,0,1,1987,0
danner,Christian Danner,0,1,1987,0
cheever,Eddie Cheever,0,1,1987,0
streiff,Philippe Streiff,0,1,1987,0
campos,Adrián Campos,0,1,1987,0
fabre,Pascal Fabre,0,1,1987,0
fabi,Teo Fabi,0,1,1987,0
mansell,Nigel Mansell,1,1,1987,1
senna,Ayrton Senna,0,1,1987,0
alboreto,Michele Alboreto,0,1,1987,0
cesaris,Andrea de Cesaris,0,1,1987,0
prost,Alain Prost,9,1,1987,9
warwick,Derek Warwick,0,1,1987,0
patrese,Riccardo Patrese,0,1,1987,0
capelli,Ivan Capelli,0,1,1987,0
boutsen,Thierry Boutsen,2,1,1987,2
berger,Gerhard Berger,3,1,1987,3
brundle,Martin Brundle,0,1,1987,0
berger,Gerhard Berger,0,2,1987,3
brundle,Martin Brundle,2,2,1987,2
caffi,Alex Caffi,0,2,1987,0
piquet,Nelson Piquet,0,2,1987,6
satoru_nakajima,Satoru Nakajima,1,2,1987,1
johansson,Stefan Johansson,3,2,1987,7
nannini,Alessandro Nannini,0,2,1987,0
palmer,Jonathan Palmer,0,2,1987,0
danner,Christian Danner,0,2,1987,0
cheever,Eddie Cheever,0,2,1987,0
ghinzani,Piercarlo Ghinzani,0,2,1987,0
arnoux,René Arnoux,0,2,1987,0
streiff,Philippe Streiff,0,2,1987,0
campos,Adrián Campos,0,2,1987,0
fabre,Pascal Fabre,0,2,1987,0
fabi,Teo Fabi,0,2,1987,0
mansell,Nigel Mansell,9,2,1987,10
tarquini,Gabriele Tarquini,0,2,1987,0
senna,Ayrton Senna,6,2,1987,6
alboreto,Michele Alboreto,4,2,1987,4
cesaris,Andrea de Cesaris,0,2,1987,0
alliot,Philippe Alliot,0,2,1987,0
prost,Alain Prost,0,2,1987,9
warwick,Derek Warwick,0,2,1987,0
patrese,Riccardo Patrese,0,2,1987,0
capelli,Ivan Capelli,0,2,1987,0
boutsen,Thierry Boutsen,0,2,1987,2
mansell,Nigel Mansell,0,3,1987,10
senna,Ayrton Senna,0,3,1987,6
alboreto,Michele Alboreto,0,3,1987,4
cesaris,Andrea de Cesaris,4,3,1987,4
alliot,Philippe Alliot,0,3,1987,0
prost,Alain Prost,9,3,1987,18
warwick,Derek Warwick,0,3,1987,0
patrese,Riccardo Patrese,0,3,1987,0
capelli,Ivan Capelli,0,3,1987,0
boutsen,Thierry Boutsen,0,3,1987,2
berger,Gerhard Berger,0,3,1987,3
brundle,Martin Brundle,0,3,1987,2
caffi,Alex Caffi,0,3,1987,0
piquet,Nelson Piquet,0,3,1987,6
satoru_nakajima,Satoru Nakajima,2,3,1987,3
johansson,Stefan Johansson,6,3,1987,13
nannini,Alessandro Nannini,0,3,1987,0
palmer,Jonathan Palmer,0,3,1987,0
danner,Christian Danner,0,3,1987,0
cheever,Eddie Cheever,3,3,1987,3
ghinzani,Piercarlo Ghinzani,0,3,1987,0
arnoux,René Arnoux,1,3,1987,1
streiff,Philippe Streiff,0,3,1987,0
campos,Adrián Campos,0,3,1987,0
fabre,Pascal Fabre,0,3,1987,0
fabi,Teo Fabi,0,3,1987,0
caffi,Alex Caffi,0,4,1987,0
piquet,Nelson Piquet,6,4,1987,12
satoru_nakajima,Satoru Nakajima,0,4,1987,3
johansson,Stefan Johansson,0,4,1987,13
nannini,Alessandro Nannini,0,4,1987,0
palmer,Jonathan Palmer,2,4,1987,2
danner,Christian Danner,0,4,1987,0
cheever,Eddie Cheever,0,4,1987,3
ghinzani,Piercarlo Ghinzani,0,4,1987,0
arnoux,René Arnoux,0,4,1987,1
streiff,Philippe Streiff,0,4,1987,0
campos,Adrián Campos,0,4,1987,0
fabre,Pascal Fabre,0,4,1987,0
fabi,Teo Fabi,0,4,1987,0
mansell,Nigel Mansell,0,4,1987,10
senna,Ayrton Senna,9,4,1987,15
alboreto,Michele Alboreto,4,4,1987,8
cesaris,Andrea de Cesaris,0,4,1987,4
alliot,Philippe Alliot,0,4,1987,0
prost,Alain Prost,0,4,1987,18
warwick,Derek Warwick,0,4,1987,0
patrese,Riccardo Patrese,0,4,1987,0
capelli,Ivan Capelli,1,4,1987,1
boutsen,Thierry Boutsen,0,4,1987,2
berger,Gerhard Berger,3,4,1987,6
brundle,Martin Brundle,0,4,1987,2
berger,Gerhard Berger,3,5,1987,9
brundle,Martin Brundle,0,5,1987,2
caffi,Alex Caffi,0,5,1987,0
piquet,Nelson Piquet,6,5,1987,18
satoru_nakajima,Satoru Nakajima,0,5,1987,3
johansson,Stefan Johansson,0,5,1987,13
nannini,Alessandro Nannini,0,5,1987,0
palmer,Jonathan Palmer,0,5,1987,2
danner,Christian Danner,0,5,1987,0
cheever,Eddie Cheever,1,5,1987,4
ghinzani,Piercarlo Ghinzani,0,5,1987,0
arnoux,René Arnoux,0,5,1987,1
streiff,Philippe Streiff,0,5,1987,0
campos,Adrián Campos,0,5,1987,0
fabre,Pascal Fabre,0,5,1987,0
fabi,Teo Fabi,0,5,1987,0
mansell,Nigel Mansell,2,5,1987,12
senna,Ayrton Senna,9,5,1987,24
alboreto,Michele Alboreto,0,5,1987,8
cesaris,Andrea de Cesaris,0,5,1987,4
alliot,Philippe Alliot,0,5,1987,0
prost,Alain Prost,4,5,1987,22
warwick,Derek Warwick,0,5,1987,0
patrese,Riccardo Patrese,0,5,1987,0
capelli,Ivan Capelli,0,5,1987,1
boutsen,Thierry Boutsen,0,5,1987,2
mansell,Nigel Mansell,9,6,1987,21
senna,Ayrton Senna,3,6,1987,27
alboreto,Michele Alboreto,0,6,1987,8
cesaris,Andrea de Cesaris,0,6,1987,4
alliot,Philippe Alliot,0,6,1987,0
prost,Alain Prost,4,6,1987,26
warwick,Derek Warwick,0,6,1987,0
patrese,Riccardo Patrese,0,6,1987,0
capelli,Ivan Capelli,0,6,1987,1
boutsen,Thierry Boutsen,0,6,1987,2
berger,Gerhard Berger,0,6,1987,9
brundle,Martin Brundle,0,6,1987,2
caffi,Alex Caffi,0,6,1987,0
piquet,Nelson Piquet,6,6,1987,24
satoru_nakajima,Satoru Nakajima,0,6,1987,3
johansson,Stefan Johansson,0,6,1987,13
nannini,Alessandro Nannini,0,6,1987,0
palmer,Jonathan Palmer,0,6,1987,2
danner,Christian Danner,0,6,1987,0
cheever,Eddie Cheever,0,6,1987,4
ghinzani,Piercarlo Ghinzani,0,6,1987,0
arnoux,René Arnoux,0,6,1987,1
streiff,Philippe Streiff,1,6,1987,1
campos,Adrián Campos,0,6,1987,0
fabre,Pascal Fabre,0,6,1987,0
fabi,Teo Fabi,2,6,1987,2
caffi,Alex Caffi,0,7,1987,0
piquet,Nelson Piquet,6,7,1987,30
satoru_nakajima,Satoru Nakajima,3,7,1987,6
johansson,Stefan Johansson,0,7,1987,13
nannini,Alessandro Nannini,0,7,1987,0
palmer,Jonathan Palmer,0,7,1987,2
danner,Christian Danner,0,7,1987,0
cheever,Eddie Cheever,0,7,1987,4
ghinzani,Piercarlo Ghinzani,0,7,1987,0
arnoux,René Arnoux,0,7,1987,1
streiff,Philippe Streiff,0,7,1987,1
campos,Adrián Campos,0,7,1987,0
fabre,Pascal Fabre,0,7,1987,0
fabi,Teo Fabi,1,7,1987,3
mansell,Nigel Mansell,9,7,1987,30
senna,Ayrton Senna,4,7,1987,31
alboreto,Michele Alboreto,0,7,1987,8
cesaris,Andrea de Cesaris,0,7,1987,4
alliot,Philippe Alliot,0,7,1987,0
prost,Alain Prost,0,7,1987,26
warwick,Derek Warwick,2,7,1987,2
patrese,Riccardo Patrese,0,7,1987,0
capelli,Ivan Capelli,0,7,1987,1
boutsen,Thierry Boutsen,0,7,1987,2
berger,Gerhard Berger,0,7,1987,9
brundle,Martin Brundle,0,7,1987,2
berger,Gerhard Berger,0,8,1987,9
brundle,Martin Brundle,0,8,1987,2
caffi,Alex Caffi,0,8,1987,0
piquet,Nelson Piquet,9,8,1987,39
satoru_nakajima,Satoru Nakajima,0,8,1987,6
johansson,Stefan Johansson,6,8,1987,19
nannini,Alessandro Nannini,0,8,1987,0
palmer,Jonathan Palmer,2,8,1987,4
danner,Christian Danner,0,8,1987,0
cheever,Eddie Cheever,0,8,1987,4
ghinzani,Piercarlo Ghinzani,0,8,1987,0
arnoux,René Arnoux,0,8,1987,1
streiff,Philippe Streiff,3,8,1987,4
campos,Adrián Campos,0,8,1987,0
fabre,Pascal Fabre,0,8,1987,0
fabi,Teo Fabi,0,8,1987,3
mansell,Nigel Mansell,0,8,1987,30
senna,Ayrton Senna,4,8,1987,35
alboreto,Michele Alboreto,0,8,1987,8
cesaris,Andrea de Cesaris,0,8,1987,4
alliot,Philippe Alliot,1,8,1987,1
prost,Alain Prost,0,8,1987,26
warwick,Derek Warwick,0,8,1987,2
patrese,Riccardo Patrese,0,8,1987,0
capelli,Ivan Capelli,0,8,1987,1
boutsen,Thierry Boutsen,0,8,1987,2
mansell,Nigel Mansell,0,9,1987,30
senna,Ayrton Senna,6,9,1987,41
alboreto,Michele Alboreto,0,9,1987,8
cesaris,Andrea de Cesaris,0,9,1987,4
alliot,Philippe Alliot,0,9,1987,1
prost,Alain Prost,4,9,1987,30
warwick,Derek Warwick,1,9,1987,3
patrese,Riccardo Patrese,2,9,1987,2
capelli,Ivan Capelli,0,9,1987,1
boutsen,Thierry Boutsen,3,9,1987,5
berger,Gerhard Berger,0,9,1987,9
brundle,Martin Brundle,0,9,1987,2
caffi,Alex Caffi,0,9,1987,0
piquet,Nelson Piquet,9,9,1987,48
satoru_nakajima,Satoru Nakajima,0,9,1987,6
johansson,Stefan Johansson,0,9,1987,19
nannini,Alessandro Nannini,0,9,1987,0
palmer,Jonathan Palmer,0,9,1987,4
danner,Christian Danner,0,9,1987,0
cheever,Eddie Cheever,0,9,1987,4
ghinzani,Piercarlo Ghinzani,0,9,1987,0
arnoux,René Arnoux,0,9,1987,1
streiff,Philippe Streiff,0,9,1987,4
campos,Adrián Campos,0,9,1987,0
fabre,Pascal Fabre,0,9,1987,0
fabi,Teo Fabi,0,9,1987,3
caffi,Alex Caffi,0,10,1987,0
piquet,Nelson Piquet,6,10,1987,54
satoru_nakajima,Satoru Nakajima,0,10,1987,6
johansson,Stefan Johansson,0,10,1987,19
nannini,Alessandro Nannini,0,10,1987,0
palmer,Jonathan Palmer,0,10,1987,4
danner,Christian Danner,0,10,1987,0
cheever,Eddie Cheever,0,10,1987,4
ghinzani,Piercarlo Ghinzani,0,10,1987,0
arnoux,René Arnoux,0,10,1987,1
streiff,Philippe Streiff,0,10,1987,4
campos,Adrián Campos,0,10,1987,0
fabre,Pascal Fabre,0,10,1987,0
fabi,Teo Fabi,4,10,1987,7
mansell,Nigel Mansell,9,10,1987,39
senna,Ayrton Senna,2,10,1987,43
alboreto,Michele Alboreto,0,10,1987,8
cesaris,Andrea de Cesaris,0,10,1987,4
alliot,Philippe Alliot,0,10,1987,1
prost,Alain Prost,1,10,1987,31
warwick,Derek Warwick,0,10,1987,3
patrese,Riccardo Patrese,0,10,1987,2
capelli,Ivan Capelli,0,10,1987,1
boutsen,Thierry Boutsen,3,10,1987,8
berger,Gerhard Berger,0,10,1987,9
brundle,Martin Brundle,0,10,1987,2
berger,Gerhard Berger,3,11,1987,12
larini,Nicola Larini,0,11,1987,0
brundle,Martin Brundle,0,11,1987,2
caffi,Alex Caffi,0,11,1987,0
piquet,Nelson Piquet,9,11,1987,63
satoru_nakajima,Satoru Nakajima,0,11,1987,6
johansson,Stefan Johansson,1,11,1987,20
nannini,Alessandro Nannini,0,11,1987,0
palmer,Jonathan Palmer,0,11,1987,4
danner,Christian Danner,0,11,1987,0
cheever,Eddie Cheever,0,11,1987,4
ghinzani,Piercarlo Ghinzani,0,11,1987,0
arnoux,René Arnoux,0,11,1987,1
streiff,Philippe Streiff,0,11,1987,4
campos,Adrián Campos,0,11,1987,0
fabre,Pascal Fabre,0,11,1987,0
fabi,Teo Fabi,0,11,1987,7
forini,Franco Forini,0,11,1987,0
mansell,Nigel Mansell,4,11,1987,43
senna,Ayrton Senna,6,11,1987,49
alboreto,Michele Alboreto,0,11,1987,8
cesaris,Andrea de Cesaris,0,11,1987,4
alliot,Philippe Alliot,0,11,1987,1
prost,Alain Prost,0,11,1987,31
warwick,Derek Warwick,0,11,1987,3
patrese,Riccardo Patrese,0,11,1987,2
capelli,Ivan Capelli,0,11,1987,1
boutsen,Thierry Boutsen,2,11,1987,10
mansell,Nigel Mansell,0,12,1987,43
senna,Ayrton Senna,0,12,1987,49
alboreto,Michele Alboreto,0,12,1987,8
cesaris,Andrea de Cesaris,0,12,1987,4
alliot,Philippe Alliot,0,12,1987,1
prost,Alain Prost,9,12,1987,40
warwick,Derek Warwick,0,12,1987,3
patrese,Riccardo Patrese,0,12,1987,2
capelli,Ivan Capelli,0,12,1987,1
boutsen,Thierry Boutsen,0,12,1987,10
berger,Gerhard Berger,6,12,1987,18
brundle,Martin Brundle,0,12,1987,2
caffi,Alex Caffi,0,12,1987,0
piquet,Nelson Piquet,4,12,1987,67
satoru_nakajima,Satoru Nakajima,0,12,1987,6
johansson,Stefan Johansson,2,12,1987,22
nannini,Alessandro Nannini,0,12,1987,0
palmer,Jonathan Palmer,0,12,1987,4
danner,Christian Danner,0,12,1987,0
cheever,Eddie Cheever,1,12,1987,5
ghinzani,Piercarlo Ghinzani,0,12,1987,0
arnoux,René Arnoux,0,12,1987,1
streiff,Philippe Streiff,0,12,1987,4
campos,Adrián Campos,0,12,1987,0
fabi,Teo Fabi,3,12,1987,10
forini,Franco Forini,0,12,1987,0
caffi,Alex Caffi,0,13,1987,0
piquet,Nelson Piquet,3,13,1987,70
satoru_nakajima,Satoru Nakajima,0,13,1987,6
johansson,Stefan Johansson,4,13,1987,26
nannini,Alessandro Nannini,0,13,1987,0
palmer,Jonathan Palmer,0,13,1987,4
danner,Christian Danner,0,13,1987,0
cheever,Eddie Cheever,0,13,1987,5
ghinzani,Piercarlo Ghinzani,0,13,1987,0
arnoux,René Arnoux,0,13,1987,1
streiff,Philippe Streiff,0,13,1987,4
campos,Adrián Campos,0,13,1987,0
fabre,Pascal Fabre,0,13,1987,0
fabi,Teo Fabi,0,13,1987,10
mansell,Nigel Mansell,9,13,1987,52
senna,Ayrton Senna,2,13,1987,51
alboreto,Michele Alboreto,0,13,1987,8
cesaris,Andrea de Cesaris,0,13,1987,4
alliot,Philippe Alliot,1,13,1987,2
prost,Alain Prost,6,13,1987,46
warwick,Derek Warwick,0,13,1987,3
patrese,Riccardo Patrese,0,13,1987,2
capelli,Ivan Capelli,0,13,1987,1
boutsen,Thierry Boutsen,0,13,1987,10
berger,Gerhard Berger,0,13,1987,18
larini,Nicola Larini,0,13,1987,0
brundle,Martin Brundle,0,13,1987,2
berger,Gerhard Berger,0,14,1987,18
brundle,Martin Brundle,0,14,1987,2
caffi,Alex Caffi,0,14,1987,0
piquet,Nelson Piquet,6,14,1987,76
satoru_nakajima,Satoru Nakajima,0,14,1987,6
johansson,Stefan Johansson,0,14,1987,26
nannini,Alessandro Nannini,0,14,1987,0
palmer,Jonathan Palmer,0,14,1987,4
danner,Christian Danner,0,14,1987,0
cheever,Eddie Cheever,3,14,1987,8
ghinzani,Piercarlo Ghinzani,0,14,1987,0
arnoux,René Arnoux,0,14,1987,1
streiff,Philippe Streiff,0,14,1987,4
campos,Adrián Campos,0,14,1987,0
fabi,Teo Fabi,2,14,1987,12
mansell,Nigel Mansell,9,14,1987,61
senna,Ayrton Senna,0,14,1987,51
alboreto,Michele Alboreto,0,14,1987,8
cesaris,Andrea de Cesaris,0,14,1987,4
alliot,Philippe Alliot,1,14,1987,3
dalmas,Yannick Dalmas,0,14,1987,0
prost,Alain Prost,0,14,1987,46
warwick,Derek Warwick,0,14,1987,3
patrese,Riccardo Patrese,4,14,1987,6
capelli,Ivan Capelli,0,14,1987,1
boutsen,Thierry Boutsen,0,14,1987,10
moreno,Roberto Moreno,0,15,1987,0
mansell,Nigel Mansell,0,15,1987,61
senna,Ayrton Senna,6,15,1987,57
alboreto,Michele Alboreto,3,15,1987,11
cesaris,Andrea de Cesaris,0,15,1987,4
alliot,Philippe Alliot,0,15,1987,3
dalmas,Yannick Dalmas,0,15,1987,0
prost,Alain Prost,0,15,1987,46
warwick,Derek Warwick,0,15,1987,3
patrese,Riccardo Patrese,0,15,1987,6
capelli,Ivan Capelli,0,15,1987,1
boutsen,Thierry Boutsen,2,15,1987,12
berger,Gerhard Berger,9,15,1987,27
brundle,Martin Brundle,0,15,1987,2
caffi,Alex Caffi,0,15,1987,0
piquet,Nelson Piquet,0,15,1987,76
satoru_nakajima,Satoru Nakajima,1,15,1987,7
johansson,Stefan Johansson,4,15,1987,30
nannini,Alessandro Nannini,0,15,1987,0
palmer,Jonathan Palmer,0,15,1987,4
danner,Christian Danner,0,15,1987,0
cheever,Eddie Cheever,0,15,1987,8
ghinzani,Piercarlo Ghinzani,0,15,1987,0
arnoux,René Arnoux,0,15,1987,1
streiff,Philippe Streiff,0,15,1987,4
campos,Adrián Campos,0,15,1987,0
fabi,Teo Fabi,0,15,1987,12
modena,Stefano Modena,0,16,1987,0
caffi,Alex Caffi,0,16,1987,0
piquet,Nelson Piquet,0,16,1987,76
satoru_nakajima,Satoru Nakajima,0,16,1987,7
johansson,Stefan Johansson,0,16,1987,30
nannini,Alessandro Nannini,0,16,1987,0
palmer,Jonathan Palmer,3,16,1987,7
danner,Christian Danner,0,16,1987,0
cheever,Eddie Cheever,0,16,1987,8
ghinzani,Piercarlo Ghinzani,0,16,1987,0
arnoux,René Arnoux,0,16,1987,1
streiff,Philippe Streiff,0,16,1987,4
campos,Adrián Campos,0,16,1987,0
fabi,Teo Fabi,0,16,1987,12
moreno,Roberto Moreno,1,16,1987,1
senna,Ayrton Senna,0,16,1987,57
alboreto,Michele Alboreto,6,16,1987,17
cesaris,Andrea de Cesaris,0,16,1987,4
alliot,Philippe Alliot,0,16,1987,3
dalmas,Yannick Dalmas,0,16,1987,0
prost,Alain Prost,0,16,1987,46
warwick,Derek Warwick,0,16,1987,3
patrese,Riccardo Patrese,0,16,1987,6
capelli,Ivan Capelli,0,16,1987,1
boutsen,Thierry Boutsen,4,16,1987,16
berger,Gerhard Berger,9,16,1987,36
brundle,Martin Brundle,0,16,1987,2
berger,Gerhard Berger,1,1,1986,1
brundle,Martin Brundle,2,1,1986,2
piquet,Nelson Piquet,9,1,1986,9
johansson,Stefan Johansson,0,1,1986,0
nannini,Alessandro Nannini,0,1,1986,0
palmer,Jonathan Palmer,0,1,1986,0
danner,Christian Danner,0,1,1986,0
ghinzani,Piercarlo Ghinzani,0,1,1986,0
arnoux,René Arnoux,3,1,1986,3
streiff,Philippe Streiff,0,1,1986,0
fabi,Teo Fabi,0,1,1986,0
laffite,Jacques Laffite,4,1,1986,4
angelis,Elio de Angelis,0,1,1986,0
dumfries,Johnny Dumfries,0,1,1986,0
tambay,Patrick Tambay,0,1,1986,0
surer,Marc Surer,0,1,1986,0
keke_rosberg,Keke Rosberg,0,1,1986,0
mansell,Nigel Mansell,0,1,1986,0
senna,Ayrton Senna,6,1,1986,6
alboreto,Michele Alboreto,0,1,1986,0
cesaris,Andrea de Cesaris,0,1,1986,0
prost,Alain Prost,0,1,1986,0
patrese,Riccardo Patrese,0,1,1986,0
boutsen,Thierry Boutsen,0,1,1986,0
jones,Alan Jones,0,1,1986,0
jones,Alan Jones,0,2,1986,0
berger,Gerhard Berger,1,2,1986,2
brundle,Martin Brundle,0,2,1986,2
mansell,Nigel Mansell,6,2,1986,6
senna,Ayrton Senna,9,2,1986,15
alboreto,Michele Alboreto,0,2,1986,0
cesaris,Andrea de Cesaris,0,2,1986,0
prost,Alain Prost,4,2,1986,4
patrese,Riccardo Patrese,0,2,1986,0
boutsen,Thierry Boutsen,0,2,1986,0
piquet,Nelson Piquet,0,2,1986,9
johansson,Stefan Johansson,0,2,1986,0
nannini,Alessandro Nannini,0,2,1986,0
palmer,Jonathan Palmer,0,2,1986,0
danner,Christian Danner,0,2,1986,0
ghinzani,Piercarlo Ghinzani,0,2,1986,0
arnoux,René Arnoux,0,2,1986,3
streiff,Philippe Streiff,0,2,1986,0
fabi,Teo Fabi,2,2,1986,2
laffite,Jacques Laffite,0,2,1986,4
angelis,Elio de Angelis,0,2,1986,0
dumfries,Johnny Dumfries,0,2,1986,0
tambay,Patrick Tambay,0,2,1986,0
surer,Marc Surer,0,2,1986,0
keke_rosberg,Keke Rosberg,3,2,1986,3
piquet,Nelson Piquet,6,3,1986,15
johansson,Stefan Johansson,3,3,1986,3
nannini,Alessandro Nannini,0,3,1986,0
palmer,Jonathan Palmer,0,3,1986,0
danner,Christian Danner,0,3,1986,0
ghinzani,Piercarlo Ghinzani,0,3,1986,0
arnoux,René Arnoux,0,3,1986,3
streiff,Philippe Streiff,0,3,1986,0
fabi,Teo Fabi,0,3,1986,2
laffite,Jacques Laffite,0,3,1986,4
angelis,Elio de Angelis,0,3,1986,0
dumfries,Johnny Dumfries,0,3,1986,0
tambay,Patrick Tambay,0,3,1986,0
surer,Marc Surer,0,3,1986,0
keke_rosberg,Keke Rosberg,2,3,1986,5
jones,Alan Jones,0,3,1986,0
rothengatter,Huub Rothengatter,0,3,1986,0
mansell,Nigel Mansell,0,3,1986,6
senna,Ayrton Senna,0,3,1986,15
alboreto,Michele Alboreto,0,3,1986,0
cesaris,Andrea de Cesaris,0,3,1986,0
prost,Alain Prost,9,3,1986,13
patrese,Riccardo Patrese,1,3,1986,1
boutsen,Thierry Boutsen,0,3,1986,0
berger,Gerhard Berger,4,3,1986,6
brundle,Martin Brundle,0,3,1986,2
berger,Gerhard Berger,0,4,1986,6
brundle,Martin Brundle,0,4,1986,2
piquet,Nelson Piquet,0,4,1986,15
johansson,Stefan Johansson,0,4,1986,3
palmer,Jonathan Palmer,0,4,1986,0
danner,Christian Danner,0,4,1986,0
ghinzani,Piercarlo Ghinzani,0,4,1986,0
arnoux,René Arnoux,2,4,1986,5
streiff,Philippe Streiff,0,4,1986,0
fabi,Teo Fabi,0,4,1986,2
laffite,Jacques Laffite,1,4,1986,5
angelis,Elio de Angelis,0,4,1986,0
dumfries,Johnny Dumfries,0,4,1986,0
tambay,Patrick Tambay,0,4,1986,0
surer,Marc Surer,0,4,1986,0
keke_rosberg,Keke Rosberg,6,4,1986,11
mansell,Nigel Mansell,3,4,1986,9
senna,Ayrton Senna,4,4,1986,19
alboreto,Michele Alboreto,0,4,1986,0
cesaris,Andrea de Cesaris,0,4,1986,0
prost,Alain Prost,9,4,1986,22
patrese,Riccardo Patrese,0,4,1986,1
boutsen,Thierry Boutsen,0,4,1986,0
jones,Alan Jones,0,4,1986,0
rothengatter,Huub Rothengatter,0,4,1986,0
jones,Alan Jones,0,5,1986,0
rothengatter,Huub Rothengatter,0,5,1986,0
berger,Gerhard Berger,0,5,1986,6
brundle,Martin Brundle,0,5,1986,2
mansell,Nigel Mansell,9,5,1986,18
senna,Ayrton Senna,6,5,1986,25
alboreto,Michele Alboreto,3,5,1986,3
cesaris,Andrea de Cesaris,0,5,1986,0
prost,Alain Prost,1,5,1986,23
patrese,Riccardo Patrese,0,5,1986,1
boutsen,Thierry Boutsen,0,5,1986,0
piquet,Nelson Piquet,0,5,1986,15
johansson,Stefan Johansson,4,5,1986,7
nannini,Alessandro Nannini,0,5,1986,0
palmer,Jonathan Palmer,0,5,1986,0
danner,Christian Danner,0,5,1986,0
ghinzani,Piercarlo Ghinzani,0,5,1986,0
arnoux,René Arnoux,0,5,1986,5
streiff,Philippe Streiff,0,5,1986,0
fabi,Teo Fabi,0,5,1986,2
laffite,Jacques Laffite,2,5,1986,7
dumfries,Johnny Dumfries,0,5,1986,0
tambay,Patrick Tambay,0,5,1986,0
surer,Marc Surer,0,5,1986,0
keke_rosberg,Keke Rosberg,0,5,1986,11
piquet,Nelson Piquet,4,6,1986,19
johansson,Stefan Johansson,0,6,1986,7
nannini,Alessandro Nannini,0,6,1986,0
palmer,Jonathan Palmer,0,6,1986,0
danner,Christian Danner,0,6,1986,0
ghinzani,Piercarlo Ghinzani,0,6,1986,0
arnoux,René Arnoux,1,6,1986,6
streiff,Philippe Streiff,0,6,1986,0
fabi,Teo Fabi,0,6,1986,2
laffite,Jacques Laffite,0,6,1986,7
dumfries,Johnny Dumfries,0,6,1986,0
tambay,Patrick Tambay,0,6,1986,0
keke_rosberg,Keke Rosberg,3,6,1986,14
jones,Alan Jones,0,6,1986,0
rothengatter,Huub Rothengatter,0,6,1986,0
mansell,Nigel Mansell,9,6,1986,27
senna,Ayrton Senna,2,6,1986,27
alboreto,Michele Alboreto,0,6,1986,3
cesaris,Andrea de Cesaris,0,6,1986,0
prost,Alain Prost,6,6,1986,29
warwick,Derek Warwick,0,6,1986,0
patrese,Riccardo Patrese,0,6,1986,1
boutsen,Thierry Boutsen,0,6,1986,0
berger,Gerhard Berger,0,6,1986,6
brundle,Martin Brundle,0,6,1986,2
berger,Gerhard Berger,0,7,1986,6
brundle,Martin Brundle,0,7,1986,2
piquet,Nelson Piquet,0,7,1986,19
johansson,Stefan Johansson,0,7,1986,7
nannini,Alessandro Nannini,0,7,1986,0
palmer,Jonathan Palmer,0,7,1986,0
danner,Christian Danner,0,7,1986,0
cheever,Eddie Cheever,0,7,1986,0
ghinzani,Piercarlo Ghinzani,0,7,1986,0
arnoux,René Arnoux,0,7,1986,6
streiff,Philippe Streiff,0,7,1986,0
fabi,Teo Fabi,0,7,1986,2
laffite,Jacques Laffite,6,7,1986,13
dumfries,Johnny Dumfries,0,7,1986,0
keke_rosberg,Keke Rosberg,0,7,1986,14
mansell,Nigel Mansell,2,7,1986,29
senna,Ayrton Senna,9,7,1986,36
alboreto,Michele Alboreto,3,7,1986,6
cesaris,Andrea de Cesaris,0,7,1986,0
prost,Alain Prost,4,7,1986,33
warwick,Derek Warwick,0,7,1986,0
patrese,Riccardo Patrese,1,7,1986,2
boutsen,Thierry Boutsen,0,7,1986,0
jones,Alan Jones,0,7,1986,0
rothengatter,Huub Rothengatter,0,7,1986,0
berg,Allen Berg,0,7,1986,0
jones,Alan Jones,0,8,1986,0
rothengatter,Huub Rothengatter,0,8,1986,0
berg,Allen Berg,0,8,1986,0
berger,Gerhard Berger,0,8,1986,6
brundle,Martin Brundle,0,8,1986,2
mansell,Nigel Mansell,9,8,1986,38
senna,Ayrton Senna,0,8,1986,36
alboreto,Michele Alboreto,0,8,1986,6
cesaris,Andrea de Cesaris,0,8,1986,0
prost,Alain Prost,6,8,1986,39
warwick,Derek Warwick,0,8,1986,0
patrese,Riccardo Patrese,0,8,1986,2
boutsen,Thierry Boutsen,0,8,1986,0
piquet,Nelson Piquet,4,8,1986,23
johansson,Stefan Johansson,0,8,1986,7
nannini,Alessandro Nannini,0,8,1986,0
palmer,Jonathan Palmer,0,8,1986,0
danner,Christian Danner,0,8,1986,0
ghinzani,Piercarlo Ghinzani,0,8,1986,0
arnoux,René Arnoux,2,8,1986,8
streiff,Philippe Streiff,0,8,1986,0
fabi,Teo Fabi,0,8,1986,2
laffite,Jacques Laffite,1,8,1986,14
dumfries,Johnny Dumfries,0,8,1986,0
tambay,Patrick Tambay,0,8,1986,0
keke_rosberg,Keke Rosberg,3,8,1986,17
piquet,Nelson Piquet,6,9,1986,29
johansson,Stefan Johansson,0,9,1986,7
nannini,Alessandro Nannini,0,9,1986,0
palmer,Jonathan Palmer,0,9,1986,0
danner,Christian Danner,0,9,1986,0
ghinzani,Piercarlo Ghinzani,0,9,1986,0
arnoux,René Arnoux,3,9,1986,11
streiff,Philippe Streiff,1,9,1986,1
fabi,Teo Fabi,0,9,1986,2
laffite,Jacques Laffite,0,9,1986,14
dumfries,Johnny Dumfries,0,9,1986,0
tambay,Patrick Tambay,0,9,1986,0
keke_rosberg,Keke Rosberg,0,9,1986,17
jones,Alan Jones,0,9,1986,0
rothengatter,Huub Rothengatter,0,9,1986,0
berg,Allen Berg,0,9,1986,0
mansell,Nigel Mansell,9,9,1986,47
senna,Ayrton Senna,0,9,1986,36
alboreto,Michele Alboreto,0,9,1986,6
cesaris,Andrea de Cesaris,0,9,1986,0
prost,Alain Prost,4,9,1986,43
warwick,Derek Warwick,0,9,1986,0
patrese,Riccardo Patrese,0,9,1986,2
boutsen,Thierry Boutsen,0,9,1986,0
berger,Gerhard Berger,0,9,1986,6
brundle,Martin Brundle,2,9,1986,4
berger,Gerhard Berger,0,10,1986,6
brundle,Martin Brundle,0,10,1986,4
piquet,Nelson Piquet,9,10,1986,38
johansson,Stefan Johansson,0,10,1986,7
nannini,Alessandro Nannini,0,10,1986,0
palmer,Jonathan Palmer,0,10,1986,0
danner,Christian Danner,0,10,1986,0
ghinzani,Piercarlo Ghinzani,0,10,1986,0
arnoux,René Arnoux,3,10,1986,14
streiff,Philippe Streiff,0,10,1986,1
fabi,Teo Fabi,0,10,1986,2
dumfries,Johnny Dumfries,0,10,1986,0
tambay,Patrick Tambay,0,10,1986,0
keke_rosberg,Keke Rosberg,2,10,1986,19
mansell,Nigel Mansell,4,10,1986,51
senna,Ayrton Senna,6,10,1986,42
alboreto,Michele Alboreto,0,10,1986,6
cesaris,Andrea de Cesaris,0,10,1986,0
alliot,Philippe Alliot,0,10,1986,0
prost,Alain Prost,1,10,1986,44
warwick,Derek Warwick,0,10,1986,0
patrese,Riccardo Patrese,0,10,1986,2
boutsen,Thierry Boutsen,0,10,1986,0
jones,Alan Jones,0,10,1986,0
rothengatter,Huub Rothengatter,0,10,1986,0
berg,Allen Berg,0,10,1986,0
jones,Alan Jones,0,11,1986,0
rothengatter,Huub Rothengatter,0,11,1986,0
berg,Allen Berg,0,11,1986,0
berger,Gerhard Berger,0,11,1986,6
brundle,Martin Brundle,1,11,1986,5
mansell,Nigel Mansell,4,11,1986,55
senna,Ayrton Senna,6,11,1986,48
alboreto,Michele Alboreto,0,11,1986,6
cesaris,Andrea de Cesaris,0,11,1986,0
alliot,Philippe Alliot,0,11,1986,0
prost,Alain Prost,0,11,1986,44
warwick,Derek Warwick,0,11,1986,0
patrese,Riccardo Patrese,0,11,1986,2
boutsen,Thierry Boutsen,0,11,1986,0
piquet,Nelson Piquet,9,11,1986,47
johansson,Stefan Johansson,3,11,1986,10
nannini,Alessandro Nannini,0,11,1986,0
palmer,Jonathan Palmer,0,11,1986,0
danner,Christian Danner,0,11,1986,0
ghinzani,Piercarlo Ghinzani,0,11,1986,0
arnoux,René Arnoux,0,11,1986,14
streiff,Philippe Streiff,0,11,1986,1
fabi,Teo Fabi,0,11,1986,2
dumfries,Johnny Dumfries,2,11,1986,2
tambay,Patrick Tambay,0,11,1986,0
keke_rosberg,Keke Rosberg,0,11,1986,19
piquet,Nelson Piquet,0,12,1986,47
johansson,Stefan Johansson,4,12,1986,14
nannini,Alessandro Nannini,0,12,1986,0
palmer,Jonathan Palmer,0,12,1986,0
danner,Christian Danner,1,12,1986,1
ghinzani,Piercarlo Ghinzani,0,12,1986,0
arnoux,René Arnoux,0,12,1986,14
streiff,Philippe Streiff,0,12,1986,1
fabi,Teo Fabi,0,12,1986,2
dumfries,Johnny Dumfries,0,12,1986,2
tambay,Patrick Tambay,2,12,1986,2
keke_rosberg,Keke Rosberg,0,12,1986,19
jones,Alan Jones,3,12,1986,3
rothengatter,Huub Rothengatter,0,12,1986,0
berg,Allen Berg,0,12,1986,0
mansell,Nigel Mansell,0,12,1986,55
senna,Ayrton Senna,0,12,1986,48
alboreto,Michele Alboreto,6,12,1986,12
cesaris,Andrea de Cesaris,0,12,1986,0
alliot,Philippe Alliot,0,12,1986,0
prost,Alain Prost,9,12,1986,53
warwick,Derek Warwick,0,12,1986,0
patrese,Riccardo Patrese,0,12,1986,2
boutsen,Thierry Boutsen,0,12,1986,0
berger,Gerhard Berger,0,12,1986,6
brundle,Martin Brundle,0,12,1986,5
berger,Gerhard Berger,2,13,1986,8
brundle,Martin Brundle,0,13,1986,5
caffi,Alex Caffi,0,13,1986,0
piquet,Nelson Piquet,9,13,1986,56
johansson,Stefan Johansson,4,13,1986,18
nannini,Alessandro Nannini,0,13,1986,0
palmer,Jonathan Palmer,0,13,1986,0
danner,Christian Danner,0,13,1986,1
ghinzani,Piercarlo Ghinzani,0,13,1986,0
arnoux,René Arnoux,0,13,1986,14
streiff,Philippe Streiff,0,13,1986,1
fabi,Teo Fabi,0,13,1986,2
dumfries,Johnny Dumfries,0,13,1986,2
tambay,Patrick Tambay,0,13,1986,2
keke_rosberg,Keke Rosberg,3,13,1986,22
mansell,Nigel Mansell,6,13,1986,61
senna,Ayrton Senna,0,13,1986,48
alboreto,Michele Alboreto,0,13,1986,12
cesaris,Andrea de Cesaris,0,13,1986,0
alliot,Philippe Alliot,0,13,1986,0
prost,Alain Prost,0,13,1986,53
warwick,Derek Warwick,0,13,1986,0
patrese,Riccardo Patrese,0,13,1986,2
capelli,Ivan Capelli,0,13,1986,0
boutsen,Thierry Boutsen,0,13,1986,0
jones,Alan Jones,1,13,1986,4
rothengatter,Huub Rothengatter,0,13,1986,0
jones,Alan Jones,0,14,1986,4
rothengatter,Huub Rothengatter,0,14,1986,0
berg,Allen Berg,0,14,1986,0
berger,Gerhard Berger,0,14,1986,8
brundle,Martin Brundle,0,14,1986,5
mansell,Nigel Mansell,9,14,1986,70
senna,Ayrton Senna,3,14,1986,51
alboreto,Michele Alboreto,2,14,1986,14
cesaris,Andrea de Cesaris,0,14,1986,0
alliot,Philippe Alliot,0,14,1986,0
prost,Alain Prost,6,14,1986,59
warwick,Derek Warwick,0,14,1986,0
patrese,Riccardo Patrese,0,14,1986,2
capelli,Ivan Capelli,0,14,1986,0
boutsen,Thierry Boutsen,0,14,1986,0
piquet,Nelson Piquet,4,14,1986,60
johansson,Stefan Johansson,1,14,1986,19
nannini,Alessandro Nannini,0,14,1986,0
palmer,Jonathan Palmer,0,14,1986,0
danner,Christian Danner,0,14,1986,1
ghinzani,Piercarlo Ghinzani,0,14,1986,0
arnoux,René Arnoux,0,14,1986,14
streiff,Philippe Streiff,0,14,1986,1
fabi,Teo Fabi,0,14,1986,2
dumfries,Johnny Dumfries,0,14,1986,2
tambay,Patrick Tambay,0,14,1986,2
keke_rosberg,Keke Rosberg,0,14,1986,22
piquet,Nelson Piquet,3,15,1986,63
johansson,Stefan Johansson,0,15,1986,19
nannini,Alessandro Nannini,0,15,1986,0
palmer,Jonathan Palmer,0,15,1986,0
danner,Christian Danner,0,15,1986,1
ghinzani,Piercarlo Ghinzani,0,15,1986,0
arnoux,René Arnoux,0,15,1986,14
streiff,Philippe Streiff,0,15,1986,1
fabi,Teo Fabi,0,15,1986,2
dumfries,Johnny Dumfries,0,15,1986,2
tambay,Patrick Tambay,0,15,1986,2
keke_rosberg,Keke Rosberg,0,15,1986,22
jones,Alan Jones,0,15,1986,4
berg,Allen Berg,0,15,1986,0
mansell,Nigel Mansell,2,15,1986,72
senna,Ayrton Senna,4,15,1986,55
alboreto,Michele Alboreto,0,15,1986,14
cesaris,Andrea de Cesaris,0,15,1986,0
alliot,Philippe Alliot,1,15,1986,1
prost,Alain Prost,6,15,1986,65
warwick,Derek Warwick,0,15,1986,0
patrese,Riccardo Patrese,0,15,1986,2
boutsen,Thierry Boutsen,0,15,1986,0
berger,Gerhard Berger,9,15,1986,17
brundle,Martin Brundle,0,15,1986,5
berger,Gerhard Berger,0,16,1986,17
brundle,Martin Brundle,3,16,1986,8
piquet,Nelson Piquet,6,16,1986,69
johansson,Stefan Johansson,4,16,1986,23
nannini,Alessandro Nannini,0,16,1986,0
palmer,Jonathan Palmer,0,16,1986,0
danner,Christian Danner,0,16,1986,1
ghinzani,Piercarlo Ghinzani,0,16,1986,0
arnoux,René Arnoux,0,16,1986,14
streiff,Philippe Streiff,2,16,1986,3
fabi,Teo Fabi,0,16,1986,2
dumfries,Johnny Dumfries,1,16,1986,3
tambay,Patrick Tambay,0,16,1986,2
keke_rosberg,Keke Rosberg,0,16,1986,22
mansell,Nigel Mansell,0,16,1986,72
senna,Ayrton Senna,0,16,1986,55
alboreto,Michele Alboreto,0,16,1986,14
cesaris,Andrea de Cesaris,0,16,1986,0
alliot,Philippe Alliot,0,16,1986,1
prost,Alain Prost,9,16,1986,74
warwick,Derek Warwick,0,16,1986,0
patrese,Riccardo Patrese,0,16,1986,2
boutsen,Thierry Boutsen,0,16,1986,0
jones,Alan Jones,0,16,1986,4
rothengatter,Huub Rothengatter,0,16,1986,0
berg,Allen Berg,0,16,1986,0
manfred_winkelhock,Manfred Winkelhock,0,1,1985,0
lauda,Niki Lauda,0,1,1985,0
hesnault,François Hesnault,0,1,1985,0
baldi,Mauro Baldi,0,1,1985,0
berger,Gerhard Berger,0,1,1985,0
brundle,Martin Brundle,0,1,1985,0
martini,Pierluigi Martini,0,1,1985,0
mansell,Nigel Mansell,0,1,1985,0
senna,Ayrton Senna,0,1,1985,0
alboreto,Michele Alboreto,6,1,1985,6
cesaris,Andrea de Cesaris,0,1,1985,0
alliot,Philippe Alliot,0,1,1985,0
prost,Alain Prost,9,1,1985,9
warwick,Derek Warwick,0,1,1985,0
patrese,Riccardo Patrese,0,1,1985,0
boutsen,Thierry Boutsen,0,1,1985,0
piquet,Nelson Piquet,0,1,1985,0
johansson,Stefan Johansson,0,1,1985,0
cheever,Eddie Cheever,0,1,1985,0
ghinzani,Piercarlo Ghinzani,0,1,1985,0
arnoux,René Arnoux,3,1,1985,3
laffite,Jacques Laffite,1,1,1985,1
angelis,Elio de Angelis,4,1,1985,4
tambay,Patrick Tambay,2,1,1985,2
keke_rosberg,Keke Rosberg,0,1,1985,0
piquet,Nelson Piquet,0,2,1985,0
johansson,Stefan Johansson,0,2,1985,0
palmer,Jonathan Palmer,0,2,1985,0
cheever,Eddie Cheever,0,2,1985,0
ghinzani,Piercarlo Ghinzani,0,2,1985,0
laffite,Jacques Laffite,0,2,1985,1
angelis,Elio de Angelis,3,2,1985,7
tambay,Patrick Tambay,4,2,1985,6
keke_rosberg,Keke Rosberg,0,2,1985,0
manfred_winkelhock,Manfred Winkelhock,0,2,1985,0
lauda,Niki Lauda,0,2,1985,0
hesnault,François Hesnault,0,2,1985,0
baldi,Mauro Baldi,0,2,1985,0
bellof,Stefan Bellof,1,2,1985,1
martini,Pierluigi Martini,0,2,1985,0
mansell,Nigel Mansell,2,2,1985,2
senna,Ayrton Senna,9,2,1985,9
alboreto,Michele Alboreto,6,2,1985,12
cesaris,Andrea de Cesaris,0,2,1985,0
alliot,Philippe Alliot,0,2,1985,0
prost,Alain Prost,0,2,1985,9
warwick,Derek Warwick,0,2,1985,0
patrese,Riccardo Patrese,0,2,1985,0
boutsen,Thierry Boutsen,0,2,1985,0
berger,Gerhard Berger,0,2,1985,0
brundle,Martin Brundle,0,2,1985,0
berger,Gerhard Berger,0,3,1985,0
brundle,Martin Brundle,0,3,1985,0
piquet,Nelson Piquet,0,3,1985,0
johansson,Stefan Johansson,1,3,1985,1
palmer,Jonathan Palmer,0,3,1985,0
cheever,Eddie Cheever,0,3,1985,0
ghinzani,Piercarlo Ghinzani,0,3,1985,0
laffite,Jacques Laffite,0,3,1985,1
angelis,Elio de Angelis,9,3,1985,16
tambay,Patrick Tambay,4,3,1985,10
keke_rosberg,Keke Rosberg,0,3,1985,0
martini,Pierluigi Martini,0,3,1985,0
mansell,Nigel Mansell,2,3,1985,4
senna,Ayrton Senna,0,3,1985,9
alboreto,Michele Alboreto,0,3,1985,12
cesaris,Andrea de Cesaris,0,3,1985,0
alliot,Philippe Alliot,0,3,1985,0
prost,Alain Prost,0,3,1985,9
warwick,Derek Warwick,0,3,1985,0
patrese,Riccardo Patrese,0,3,1985,0
boutsen,Thierry Boutsen,6,3,1985,6
manfred_winkelhock,Manfred Winkelhock,0,3,1985,0
lauda,Niki Lauda,3,3,1985,3
hesnault,François Hesnault,0,3,1985,0
baldi,Mauro Baldi,0,3,1985,0
bellof,Stefan Bellof,0,3,1985,1
manfred_winkelhock,Manfred Winkelhock,0,4,1985,0
lauda,Niki Lauda,0,4,1985,3
hesnault,François Hesnault,0,4,1985,0
bellof,Stefan Bellof,0,4,1985,1
berger,Gerhard Berger,0,4,1985,0
brundle,Martin Brundle,0,4,1985,0
mansell,Nigel Mansell,0,4,1985,4
senna,Ayrton Senna,0,4,1985,9
alboreto,Michele Alboreto,6,4,1985,18
cesaris,Andrea de Cesaris,3,4,1985,3
alliot,Philippe Alliot,0,4,1985,0
prost,Alain Prost,9,4,1985,18
warwick,Derek Warwick,2,4,1985,2
patrese,Riccardo Patrese,0,4,1985,0
boutsen,Thierry Boutsen,0,4,1985,6
piquet,Nelson Piquet,0,4,1985,0
johansson,Stefan Johansson,0,4,1985,1
palmer,Jonathan Palmer,0,4,1985,0
cheever,Eddie Cheever,0,4,1985,0
ghinzani,Piercarlo Ghinzani,0,4,1985,0
fabi,Teo Fabi,0,4,1985,0
laffite,Jacques Laffite,1,4,1985,2
angelis,Elio de Angelis,4,4,1985,20
tambay,Patrick Tambay,0,4,1985,10
keke_rosberg,Keke Rosberg,0,4,1985,0
piquet,Nelson Piquet,0,5,1985,0
johansson,Stefan Johansson,6,5,1985,7
cheever,Eddie Cheever,0,5,1985,0
ghinzani,Piercarlo Ghinzani,0,5,1985,0
fabi,Teo Fabi,0,5,1985,0
laffite,Jacques Laffite,0,5,1985,2
angelis,Elio de Angelis,2,5,1985,22
tambay,Patrick Tambay,0,5,1985,10
surer,Marc Surer,0,5,1985,0
keke_rosberg,Keke Rosberg,3,5,1985,3
manfred_winkelhock,Manfred Winkelhock,0,5,1985,0
lauda,Niki Lauda,0,5,1985,3
bellof,Stefan Bellof,0,5,1985,1
martini,Pierluigi Martini,0,5,1985,0
mansell,Nigel Mansell,1,5,1985,5
senna,Ayrton Senna,0,5,1985,9
alboreto,Michele Alboreto,9,5,1985,27
cesaris,Andrea de Cesaris,0,5,1985,3
alliot,Philippe Alliot,0,5,1985,0
prost,Alain Prost,4,5,1985,22
warwick,Derek Warwick,0,5,1985,2
patrese,Riccardo Patrese,0,5,1985,0
boutsen,Thierry Boutsen,0,5,1985,6
berger,Gerhard Berger,0,5,1985,0
brundle,Martin Brundle,0,5,1985,0
berger,Gerhard Berger,0,6,1985,0
brundle,Martin Brundle,0,6,1985,0
piquet,Nelson Piquet,1,6,1985,1
johansson,Stefan Johansson,6,6,1985,13
cheever,Eddie Cheever,0,6,1985,0
ghinzani,Piercarlo Ghinzani,0,6,1985,0
fabi,Teo Fabi,0,6,1985,0
laffite,Jacques Laffite,0,6,1985,2
angelis,Elio de Angelis,2,6,1985,24
tambay,Patrick Tambay,0,6,1985,10
surer,Marc Surer,0,6,1985,0
keke_rosberg,Keke Rosberg,9,6,1985,12
martini,Pierluigi Martini,0,6,1985,0
mansell,Nigel Mansell,0,6,1985,5
senna,Ayrton Senna,0,6,1985,9
alboreto,Michele Alboreto,4,6,1985,31
cesaris,Andrea de Cesaris,0,6,1985,3
alliot,Philippe Alliot,0,6,1985,0
prost,Alain Prost,0,6,1985,22
warwick,Derek Warwick,0,6,1985,2
patrese,Riccardo Patrese,0,6,1985,0
boutsen,Thierry Boutsen,0,6,1985,6
manfred_winkelhock,Manfred Winkelhock,0,6,1985,0
lauda,Niki Lauda,0,6,1985,3
bellof,Stefan Bellof,3,6,1985,4
manfred_winkelhock,Manfred Winkelhock,0,7,1985,0
lauda,Niki Lauda,0,7,1985,3
bellof,Stefan Bellof,0,7,1985,4
berger,Gerhard Berger,0,7,1985,0
brundle,Martin Brundle,0,7,1985,0
martini,Pierluigi Martini,0,7,1985,0
mansell,Nigel Mansell,0,7,1985,5
senna,Ayrton Senna,0,7,1985,9
alboreto,Michele Alboreto,0,7,1985,31
cesaris,Andrea de Cesaris,0,7,1985,3
alliot,Philippe Alliot,0,7,1985,0
prost,Alain Prost,4,7,1985,26
warwick,Derek Warwick,0,7,1985,2
patrese,Riccardo Patrese,0,7,1985,0
boutsen,Thierry Boutsen,0,7,1985,6
piquet,Nelson Piquet,9,7,1985,10
johansson,Stefan Johansson,3,7,1985,16
palmer,Jonathan Palmer,0,7,1985,0
cheever,Eddie Cheever,0,7,1985,0
ghinzani,Piercarlo Ghinzani,0,7,1985,0
fabi,Teo Fabi,0,7,1985,0
laffite,Jacques Laffite,0,7,1985,2
angelis,Elio de Angelis,2,7,1985,26
tambay,Patrick Tambay,1,7,1985,11
surer,Marc Surer,0,7,1985,0
keke_rosberg,Keke Rosberg,6,7,1985,18
piquet,Nelson Piquet,3,8,1985,13
johansson,Stefan Johansson,0,8,1985,16
palmer,Jonathan Palmer,0,8,1985,0
cheever,Eddie Cheever,0,8,1985,0
ghinzani,Piercarlo Ghinzani,0,8,1985,0
fabi,Teo Fabi,0,8,1985,0
laffite,Jacques Laffite,4,8,1985,6
angelis,Elio de Angelis,0,8,1985,26
tambay,Patrick Tambay,0,8,1985,11
surer,Marc Surer,1,8,1985,1
keke_rosberg,Keke Rosberg,0,8,1985,18
manfred_winkelhock,Manfred Winkelhock,0,8,1985,0
lauda,Niki Lauda,0,8,1985,3
bellof,Stefan Bellof,0,8,1985,4
martini,Pierluigi Martini,0,8,1985,0
mansell,Nigel Mansell,0,8,1985,5
senna,Ayrton Senna,0,8,1985,9
alboreto,Michele Alboreto,6,8,1985,37
cesaris,Andrea de Cesaris,0,8,1985,3
alliot,Philippe Alliot,0,8,1985,0
prost,Alain Prost,9,8,1985,35
warwick,Derek Warwick,2,8,1985,4
patrese,Riccardo Patrese,0,8,1985,0
boutsen,Thierry Boutsen,0,8,1985,6
berger,Gerhard Berger,0,8,1985,0
brundle,Martin Brundle,0,8,1985,0
berger,Gerhard Berger,0,9,1985,0
brundle,Martin Brundle,0,9,1985,0
piquet,Nelson Piquet,0,9,1985,13
johansson,Stefan Johansson,0,9,1985,16
palmer,Jonathan Palmer,0,9,1985,0
cheever,Eddie Cheever,0,9,1985,0
fabi,Teo Fabi,0,9,1985,0
laffite,Jacques Laffite,4,9,1985,10
angelis,Elio de Angelis,0,9,1985,26
tambay,Patrick Tambay,0,9,1985,11
surer,Marc Surer,0,9,1985,1
keke_rosberg,Keke Rosberg,0,9,1985,18
martini,Pierluigi Martini,0,9,1985,0
mansell,Nigel Mansell,1,9,1985,6
senna,Ayrton Senna,0,9,1985,9
alboreto,Michele Alboreto,9,9,1985,46
cesaris,Andrea de Cesaris,0,9,1985,3
alliot,Philippe Alliot,0,9,1985,0
prost,Alain Prost,6,9,1985,41
warwick,Derek Warwick,0,9,1985,4
patrese,Riccardo Patrese,0,9,1985,0
boutsen,Thierry Boutsen,3,9,1985,9
rothengatter,Huub Rothengatter,0,9,1985,0
manfred_winkelhock,Manfred Winkelhock,0,9,1985,0
lauda,Niki Lauda,2,9,1985,5
hesnault,François Hesnault,0,9,1985,0
bellof,Stefan Bellof,0,9,1985,4
rothengatter,Huub Rothengatter,0,10,1985,0
lauda,Niki Lauda,0,10,1985,5
bellof,Stefan Bellof,0,10,1985,4
acheson,Kenny Acheson,0,10,1985,0
berger,Gerhard Berger,0,10,1985,0
brundle,Martin Brundle,0,10,1985,0
martini,Pierluigi Martini,0,10,1985,0
mansell,Nigel Mansell,0,10,1985,6
senna,Ayrton Senna,6,10,1985,15
alboreto,Michele Alboreto,4,10,1985,50
cesaris,Andrea de Cesaris,0,10,1985,3
alliot,Philippe Alliot,0,10,1985,0
prost,Alain Prost,9,10,1985,50
warwick,Derek Warwick,0,10,1985,4
patrese,Riccardo Patrese,0,10,1985,0
boutsen,Thierry Boutsen,0,10,1985,9
piquet,Nelson Piquet,0,10,1985,13
johansson,Stefan Johansson,3,10,1985,19
palmer,Jonathan Palmer,0,10,1985,0
cheever,Eddie Cheever,0,10,1985,0
ghinzani,Piercarlo Ghinzani,0,10,1985,0
fabi,Teo Fabi,0,10,1985,0
laffite,Jacques Laffite,0,10,1985,10
angelis,Elio de Angelis,2,10,1985,28
tambay,Patrick Tambay,0,10,1985,11
surer,Marc Surer,1,10,1985,2
keke_rosberg,Keke Rosberg,0,10,1985,18
piquet,Nelson Piquet,0,11,1985,13
johansson,Stefan Johansson,0,11,1985,19
palmer,Jonathan Palmer,0,11,1985,0
cheever,Eddie Cheever,0,11,1985,0
ghinzani,Piercarlo Ghinzani,0,11,1985,0
fabi,Teo Fabi,0,11,1985,0
laffite,Jacques Laffite,0,11,1985,10
angelis,Elio de Angelis,2,11,1985,30
tambay,Patrick Tambay,0,11,1985,11
surer,Marc Surer,0,11,1985,2
keke_rosberg,Keke Rosberg,0,11,1985,18
rothengatter,Huub Rothengatter,0,11,1985,0
lauda,Niki Lauda,9,11,1985,14
bellof,Stefan Bellof,0,11,1985,4
martini,Pierluigi Martini,0,11,1985,0
mansell,Nigel Mansell,1,11,1985,7
senna,Ayrton Senna,4,11,1985,19
alboreto,Michele Alboreto,3,11,1985,53
cesaris,Andrea de Cesaris,0,11,1985,3
alliot,Philippe Alliot,0,11,1985,0
prost,Alain Prost,6,11,1985,56
warwick,Derek Warwick,0,11,1985,4
patrese,Riccardo Patrese,0,11,1985,0
boutsen,Thierry Boutsen,0,11,1985,9
berger,Gerhard Berger,0,11,1985,0
brundle,Martin Brundle,0,11,1985,0
berger,Gerhard Berger,0,12,1985,0
brundle,Martin Brundle,0,12,1985,0
piquet,Nelson Piquet,6,12,1985,19
johansson,Stefan Johansson,2,12,1985,21
cheever,Eddie Cheever,0,12,1985,0
ghinzani,Piercarlo Ghinzani,0,12,1985,0
streiff,Philippe Streiff,0,12,1985,0
fabi,Teo Fabi,0,12,1985,0
laffite,Jacques Laffite,0,12,1985,10
angelis,Elio de Angelis,1,12,1985,31
tambay,Patrick Tambay,0,12,1985,11
surer,Marc Surer,3,12,1985,5
keke_rosberg,Keke Rosberg,0,12,1985,18
martini,Pierluigi Martini,0,12,1985,0
mansell,Nigel Mansell,0,12,1985,7
senna,Ayrton Senna,4,12,1985,23
alboreto,Michele Alboreto,0,12,1985,53
alliot,Philippe Alliot,0,12,1985,0
prost,Alain Prost,9,12,1985,65
warwick,Derek Warwick,0,12,1985,4
patrese,Riccardo Patrese,0,12,1985,0
boutsen,Thierry Boutsen,0,12,1985,9
jones,Alan Jones,0,12,1985,0
rothengatter,Huub Rothengatter,0,12,1985,0
lauda,Niki Lauda,0,12,1985,14
acheson,Kenny Acheson,0,12,1985,0
rothengatter,Huub Rothengatter,0,13,1985,0
berger,Gerhard Berger,0,13,1985,0
brundle,Martin Brundle,0,13,1985,0
martini,Pierluigi Martini,0,13,1985,0
mansell,Nigel Mansell,6,13,1985,13
senna,Ayrton Senna,9,13,1985,32
alboreto,Michele Alboreto,0,13,1985,53
alliot,Philippe Alliot,0,13,1985,0
prost,Alain Prost,4,13,1985,69
warwick,Derek Warwick,1,13,1985,5
patrese,Riccardo Patrese,0,13,1985,0
boutsen,Thierry Boutsen,0,13,1985,9
piquet,Nelson Piquet,2,13,1985,21
johansson,Stefan Johansson,0,13,1985,21
danner,Christian Danner,0,13,1985,0
cheever,Eddie Cheever,0,13,1985,0
ghinzani,Piercarlo Ghinzani,0,13,1985,0
streiff,Philippe Streiff,0,13,1985,0
fabi,Teo Fabi,0,13,1985,0
laffite,Jacques Laffite,0,13,1985,10
angelis,Elio de Angelis,0,13,1985,31
tambay,Patrick Tambay,0,13,1985,11
surer,Marc Surer,0,13,1985,5
keke_rosberg,Keke Rosberg,3,13,1985,21
piquet,Nelson Piquet,0,14,1985,21
johansson,Stefan Johansson,0,14,1985,21
danner,Christian Danner,0,14,1985,0
cheever,Eddie Cheever,0,14,1985,0
ghinzani,Piercarlo Ghinzani,0,14,1985,0
streiff,Philippe Streiff,0,14,1985,0
fabi,Teo Fabi,0,14,1985,0
laffite,Jacques Laffite,0,14,1985,10
angelis,Elio de Angelis,2,14,1985,33
tambay,Patrick Tambay,0,14,1985,11
surer,Marc Surer,0,14,1985,5
keke_rosberg,Keke Rosberg,4,14,1985,25
jones,Alan Jones,0,14,1985,0
watson,John Watson,0,14,1985,0
martini,Pierluigi Martini,0,14,1985,0
mansell,Nigel Mansell,9,14,1985,22
senna,Ayrton Senna,6,14,1985,38
alboreto,Michele Alboreto,0,14,1985,53
alliot,Philippe Alliot,0,14,1985,0
prost,Alain Prost,3,14,1985,72
warwick,Derek Warwick,0,14,1985,5
patrese,Riccardo Patrese,0,14,1985,0
capelli,Ivan Capelli,0,14,1985,0
boutsen,Thierry Boutsen,1,14,1985,10
berger,Gerhard Berger,0,14,1985,0
brundle,Martin Brundle,0,14,1985,0
berger,Gerhard Berger,2,15,1985,2
brundle,Martin Brundle,0,15,1985,0
piquet,Nelson Piquet,0,15,1985,21
johansson,Stefan Johansson,3,15,1985,24
cheever,Eddie Cheever,0,15,1985,0
ghinzani,Piercarlo Ghinzani,0,15,1985,0
streiff,Philippe Streiff,0,15,1985,0
fabi,Teo Fabi,0,15,1985,0
angelis,Elio de Angelis,0,15,1985,33
surer,Marc Surer,0,15,1985,5
keke_rosberg,Keke Rosberg,6,15,1985,31
martini,Pierluigi Martini,0,15,1985,0
mansell,Nigel Mansell,9,15,1985,31
senna,Ayrton Senna,0,15,1985,38
alboreto,Michele Alboreto,0,15,1985,53
prost,Alain Prost,4,15,1985,76
patrese,Riccardo Patrese,0,15,1985,0
boutsen,Thierry Boutsen,1,15,1985,11
jones,Alan Jones,0,15,1985,0
rothengatter,Huub Rothengatter,0,15,1985,0
lauda,Niki Lauda,0,15,1985,14
jones,Alan Jones,0,16,1985,0
rothengatter,Huub Rothengatter,0,16,1985,0
lauda,Niki Lauda,0,16,1985,14
berger,Gerhard Berger,1,16,1985,3
brundle,Martin Brundle,0,16,1985,0
martini,Pierluigi Martini,0,16,1985,0
mansell,Nigel Mansell,0,16,1985,31
senna,Ayrton Senna,0,16,1985,38
alboreto,Michele Alboreto,0,16,1985,53
prost,Alain Prost,0,16,1985,76
warwick,Derek Warwick,0,16,1985,5
patrese,Riccardo Patrese,0,16,1985,0
capelli,Ivan Capelli,3,16,1985,3
boutsen,Thierry Boutsen,0,16,1985,11
piquet,Nelson Piquet,0,16,1985,21
johansson,Stefan Johansson,2,16,1985,26
cheever,Eddie Cheever,0,16,1985,0
ghinzani,Piercarlo Ghinzani,0,16,1985,0
streiff,Philippe Streiff,4,16,1985,4
fabi,Teo Fabi,0,16,1985,0
laffite,Jacques Laffite,6,16,1985,16
angelis,Elio de Angelis,0,16,1985,33
tambay,Patrick Tambay,0,16,1985,11
surer,Marc Surer,0,16,1985,5
keke_rosberg,Keke Rosberg,9,16,1985,40
piquet,Nelson Piquet,0,1,1984,0
palmer,Jonathan Palmer,0,1,1984,0
cheever,Eddie Cheever,3,1,1984,3
ghinzani,Piercarlo Ghinzani,0,1,1984,0
arnoux,René Arnoux,0,1,1984,0
fabi,Teo Fabi,0,1,1984,0
laffite,Jacques Laffite,0,1,1984,0
angelis,Elio de Angelis,4,1,1984,4
tambay,Patrick Tambay,2,1,1984,2
surer,Marc Surer,0,1,1984,0
keke_rosberg,Keke Rosberg,6,1,1984,6
manfred_winkelhock,Manfred Winkelhock,0,1,1984,0
lauda,Niki Lauda,0,1,1984,0
hesnault,François Hesnault,0,1,1984,0
baldi,Mauro Baldi,0,1,1984,0
bellof,Stefan Bellof,0,1,1984,0
cecotto,Johnny Cecotto,0,1,1984,0
mansell,Nigel Mansell,0,1,1984,0
senna,Ayrton Senna,0,1,1984,0
alboreto,Michele Alboreto,0,1,1984,0
cesaris,Andrea de Cesaris,0,1,1984,0
alliot,Philippe Alliot,0,1,1984,0
prost,Alain Prost,9,1,1984,9
warwick,Derek Warwick,0,1,1984,0
patrese,Riccardo Patrese,0,1,1984,0
boutsen,Thierry Boutsen,1,1,1984,1
brundle,Martin Brundle,0,1,1984,0
brundle,Martin Brundle,0,2,1984,0
piquet,Nelson Piquet,0,2,1984,0
palmer,Jonathan Palmer,0,2,1984,0
cheever,Eddie Cheever,0,2,1984,3
ghinzani,Piercarlo Ghinzani,0,2,1984,0
arnoux,René Arnoux,0,2,1984,0
fabi,Teo Fabi,0,2,1984,0
laffite,Jacques Laffite,0,2,1984,0
angelis,Elio de Angelis,0,2,1984,4
tambay,Patrick Tambay,0,2,1984,2
surer,Marc Surer,0,2,1984,0
keke_rosberg,Keke Rosberg,0,2,1984,6
mansell,Nigel Mansell,0,2,1984,0
senna,Ayrton Senna,1,2,1984,1
alboreto,Michele Alboreto,0,2,1984,0
cesaris,Andrea de Cesaris,2,2,1984,2
alliot,Philippe Alliot,0,2,1984,0
prost,Alain Prost,6,2,1984,15
warwick,Derek Warwick,4,2,1984,4
patrese,Riccardo Patrese,3,2,1984,3
boutsen,Thierry Boutsen,0,2,1984,1
manfred_winkelhock,Manfred Winkelhock,0,2,1984,0
lauda,Niki Lauda,9,2,1984,9
hesnault,François Hesnault,0,2,1984,0
baldi,Mauro Baldi,0,2,1984,0
bellof,Stefan Bellof,0,2,1984,0
cecotto,Johnny Cecotto,0,2,1984,0
manfred_winkelhock,Manfred Winkelhock,0,3,1984,0
lauda,Niki Lauda,0,3,1984,9
hesnault,François Hesnault,0,3,1984,0
baldi,Mauro Baldi,0,3,1984,0
bellof,Stefan Bellof,0,3,1984,0
cecotto,Johnny Cecotto,0,3,1984,0
brundle,Martin Brundle,0,3,1984,0
mansell,Nigel Mansell,0,3,1984,0
senna,Ayrton Senna,1,3,1984,2
alboreto,Michele Alboreto,9,3,1984,9
cesaris,Andrea de Cesaris,0,3,1984,2
alliot,Philippe Alliot,0,3,1984,0
prost,Alain Prost,0,3,1984,15
warwick,Derek Warwick,6,3,1984,10
patrese,Riccardo Patrese,0,3,1984,3
boutsen,Thierry Boutsen,0,3,1984,1
piquet,Nelson Piquet,0,3,1984,0
palmer,Jonathan Palmer,0,3,1984,0
cheever,Eddie Cheever,0,3,1984,3
ghinzani,Piercarlo Ghinzani,0,3,1984,0
arnoux,René Arnoux,4,3,1984,4
fabi,Teo Fabi,0,3,1984,0
laffite,Jacques Laffite,0,3,1984,0
angelis,Elio de Angelis,2,3,1984,6
tambay,Patrick Tambay,0,3,1984,2
surer,Marc Surer,0,3,1984,0
keke_rosberg,Keke Rosberg,3,3,1984,9
piquet,Nelson Piquet,0,4,1984,0
palmer,Jonathan Palmer,0,4,1984,0
cheever,Eddie Cheever,0,4,1984,3
ghinzani,Piercarlo Ghinzani,0,4,1984,0
arnoux,René Arnoux,6,4,1984,10
fabi,Teo Fabi,0,4,1984,0
laffite,Jacques Laffite,0,4,1984,0
angelis,Elio de Angelis,4,4,1984,10
tambay,Patrick Tambay,0,4,1984,2
surer,Marc Surer,0,4,1984,0
keke_rosberg,Keke Rosberg,0,4,1984,9
manfred_winkelhock,Manfred Winkelhock,0,4,1984,0
lauda,Niki Lauda,0,4,1984,9
hesnault,François Hesnault,0,4,1984,0
baldi,Mauro Baldi,0,4,1984,0
bellof,Stefan Bellof,0,4,1984,0
cecotto,Johnny Cecotto,0,4,1984,0
gartner,Jo Gartner,0,4,1984,0
mansell,Nigel Mansell,0,4,1984,0
senna,Ayrton Senna,0,4,1984,2
alboreto,Michele Alboreto,0,4,1984,9
cesaris,Andrea de Cesaris,1,4,1984,3
alliot,Philippe Alliot,0,4,1984,0
prost,Alain Prost,9,4,1984,24
warwick,Derek Warwick,3,4,1984,13
patrese,Riccardo Patrese,0,4,1984,3
boutsen,Thierry Boutsen,2,4,1984,3
brundle,Martin Brundle,0,4,1984,0
brundle,Martin Brundle,0,5,1984,0
piquet,Nelson Piquet,0,5,1984,0
palmer,Jonathan Palmer,0,5,1984,0
cheever,Eddie Cheever,0,5,1984,3
ghinzani,Piercarlo Ghinzani,0,5,1984,0
arnoux,René Arnoux,3,5,1984,13
fabi,Teo Fabi,0,5,1984,0
laffite,Jacques Laffite,0,5,1984,0
angelis,Elio de Angelis,2,5,1984,12
tambay,Patrick Tambay,6,5,1984,8
surer,Marc Surer,0,5,1984,0
keke_rosberg,Keke Rosberg,1,5,1984,10
mansell,Nigel Mansell,4,5,1984,4
senna,Ayrton Senna,0,5,1984,2
alboreto,Michele Alboreto,0,5,1984,9
cesaris,Andrea de Cesaris,0,5,1984,3
alliot,Philippe Alliot,0,5,1984,0
prost,Alain Prost,0,5,1984,24
warwick,Derek Warwick,0,5,1984,13
patrese,Riccardo Patrese,0,5,1984,3
boutsen,Thierry Boutsen,0,5,1984,3
manfred_winkelhock,Manfred Winkelhock,0,5,1984,0
lauda,Niki Lauda,9,5,1984,18
baldi,Mauro Baldi,0,5,1984,0
bellof,Stefan Bellof,0,5,1984,0
cecotto,Johnny Cecotto,0,5,1984,0
manfred_winkelhock,Manfred Winkelhock,0,6,1984,0
lauda,Niki Lauda,0,6,1984,18
hesnault,François Hesnault,0,6,1984,0
baldi,Mauro Baldi,0,6,1984,0
bellof,Stefan Bellof,0,6,1984,0
cecotto,Johnny Cecotto,0,6,1984,0
corrado_fabi,Corrado Fabi,0,6,1984,0
brundle,Martin Brundle,0,6,1984,0
mansell,Nigel Mansell,0,6,1984,4
senna,Ayrton Senna,3,6,1984,5
alboreto,Michele Alboreto,0,6,1984,9
cesaris,Andrea de Cesaris,0,6,1984,3
alliot,Philippe Alliot,0,6,1984,0
prost,Alain Prost,4,6,1984,28
warwick,Derek Warwick,0,6,1984,13
patrese,Riccardo Patrese,0,6,1984,3
boutsen,Thierry Boutsen,0,6,1984,3
piquet,Nelson Piquet,0,6,1984,0
palmer,Jonathan Palmer,0,6,1984,0
cheever,Eddie Cheever,0,6,1984,3
ghinzani,Piercarlo Ghinzani,0,6,1984,0
arnoux,René Arnoux,2,6,1984,15
laffite,Jacques Laffite,0,6,1984,0
angelis,Elio de Angelis,1,6,1984,13
tambay,Patrick Tambay,0,6,1984,8
surer,Marc Surer,0,6,1984,0
keke_rosberg,Keke Rosberg,1,6,1984,11
piquet,Nelson Piquet,9,7,1984,9
cheever,Eddie Cheever,0,7,1984,3
ghinzani,Piercarlo Ghinzani,0,7,1984,0
arnoux,René Arnoux,2,7,1984,17
laffite,Jacques Laffite,0,7,1984,0
angelis,Elio de Angelis,3,7,1984,16
surer,Marc Surer,0,7,1984,0
keke_rosberg,Keke Rosberg,0,7,1984,11
rothengatter,Huub Rothengatter,0,7,1984,0
manfred_winkelhock,Manfred Winkelhock,0,7,1984,0
lauda,Niki Lauda,6,7,1984,24
hesnault,François Hesnault,0,7,1984,0
bellof,Stefan Bellof,0,7,1984,0
cecotto,Johnny Cecotto,0,7,1984,0
corrado_fabi,Corrado Fabi,0,7,1984,0
thackwell,Mike Thackwell,0,7,1984,0
mansell,Nigel Mansell,1,7,1984,5
senna,Ayrton Senna,0,7,1984,5
alboreto,Michele Alboreto,0,7,1984,9
cesaris,Andrea de Cesaris,0,7,1984,3
alliot,Philippe Alliot,0,7,1984,0
prost,Alain Prost,4,7,1984,32
warwick,Derek Warwick,0,7,1984,13
patrese,Riccardo Patrese,0,7,1984,3
boutsen,Thierry Boutsen,0,7,1984,3
brundle,Martin Brundle,0,7,1984,0
brundle,Martin Brundle,0,8,1984,0
piquet,Nelson Piquet,9,8,1984,18
palmer,Jonathan Palmer,0,8,1984,0
cheever,Eddie Cheever,0,8,1984,3
ghinzani,Piercarlo Ghinzani,0,8,1984,0
arnoux,René Arnoux,0,8,1984,17
fabi,Teo Fabi,4,8,1984,4
laffite,Jacques Laffite,2,8,1984,2
angelis,Elio de Angelis,6,8,1984,22
tambay,Patrick Tambay,0,8,1984,8
surer,Marc Surer,0,8,1984,0
keke_rosberg,Keke Rosberg,0,8,1984,11
mansell,Nigel Mansell,0,8,1984,5
senna,Ayrton Senna,0,8,1984,5
alboreto,Michele Alboreto,0,8,1984,9
cesaris,Andrea de Cesaris,0,8,1984,3
alliot,Philippe Alliot,0,8,1984,0
prost,Alain Prost,3,8,1984,35
warwick,Derek Warwick,0,8,1984,13
patrese,Riccardo Patrese,0,8,1984,3
boutsen,Thierry Boutsen,0,8,1984,3
rothengatter,Huub Rothengatter,0,8,1984,0
manfred_winkelhock,Manfred Winkelhock,0,8,1984,0
lauda,Niki Lauda,0,8,1984,24
hesnault,François Hesnault,0,8,1984,0
bellof,Stefan Bellof,0,8,1984,0
cecotto,Johnny Cecotto,0,8,1984,0
rothengatter,Huub Rothengatter,0,9,1984,0
manfred_winkelhock,Manfred Winkelhock,0,9,1984,0
lauda,Niki Lauda,0,9,1984,24
hesnault,François Hesnault,0,9,1984,0
bellof,Stefan Bellof,0,9,1984,0
cecotto,Johnny Cecotto,0,9,1984,0
corrado_fabi,Corrado Fabi,0,9,1984,0
brundle,Martin Brundle,0,9,1984,0
mansell,Nigel Mansell,1,9,1984,6
senna,Ayrton Senna,0,9,1984,5
alboreto,Michele Alboreto,0,9,1984,9
cesaris,Andrea de Cesaris,0,9,1984,3
prost,Alain Prost,0,9,1984,35
warwick,Derek Warwick,0,9,1984,13
patrese,Riccardo Patrese,0,9,1984,3
boutsen,Thierry Boutsen,0,9,1984,3
piquet,Nelson Piquet,0,9,1984,18
palmer,Jonathan Palmer,0,9,1984,0
cheever,Eddie Cheever,0,9,1984,3
ghinzani,Piercarlo Ghinzani,2,9,1984,2
arnoux,René Arnoux,6,9,1984,23
laffite,Jacques Laffite,3,9,1984,5
angelis,Elio de Angelis,4,9,1984,26
tambay,Patrick Tambay,0,9,1984,8
surer,Marc Surer,0,9,1984,0
keke_rosberg,Keke Rosberg,9,9,1984,20
piquet,Nelson Piquet,0,10,1984,18
johansson,Stefan Johansson,0,10,1984,0
palmer,Jonathan Palmer,0,10,1984,0
cheever,Eddie Cheever,0,10,1984,3
ghinzani,Piercarlo Ghinzani,0,10,1984,2
arnoux,René Arnoux,1,10,1984,24
fabi,Teo Fabi,0,10,1984,4
laffite,Jacques Laffite,0,10,1984,5
angelis,Elio de Angelis,3,10,1984,29
tambay,Patrick Tambay,0,10,1984,8
surer,Marc Surer,0,10,1984,0
keke_rosberg,Keke Rosberg,0,10,1984,20
rothengatter,Huub Rothengatter,0,10,1984,0
manfred_winkelhock,Manfred Winkelhock,0,10,1984,0
lauda,Niki Lauda,9,10,1984,33
hesnault,François Hesnault,0,10,1984,0
bellof,Stefan Bellof,0,10,1984,0
cecotto,Johnny Cecotto,0,10,1984,0
gartner,Jo Gartner,0,10,1984,0
mansell,Nigel Mansell,0,10,1984,6
senna,Ayrton Senna,4,10,1984,9
alboreto,Michele Alboreto,2,10,1984,11
cesaris,Andrea de Cesaris,0,10,1984,3
alliot,Philippe Alliot,0,10,1984,0
prost,Alain Prost,0,10,1984,35
warwick,Derek Warwick,6,10,1984,19
patrese,Riccardo Patrese,0,10,1984,3
boutsen,Thierry Boutsen,0,10,1984,3
mansell,Nigel Mansell,3,11,1984,9
senna,Ayrton Senna,0,11,1984,9
alboreto,Michele Alboreto,0,11,1984,11
cesaris,Andrea de Cesaris,0,11,1984,3
alliot,Philippe Alliot,0,11,1984,0
prost,Alain Prost,9,11,1984,44
warwick,Derek Warwick,4,11,1984,23
patrese,Riccardo Patrese,0,11,1984,3
boutsen,Thierry Boutsen,0,11,1984,3
piquet,Nelson Piquet,0,11,1984,18
johansson,Stefan Johansson,0,11,1984,0
palmer,Jonathan Palmer,0,11,1984,0
cheever,Eddie Cheever,0,11,1984,3
ghinzani,Piercarlo Ghinzani,0,11,1984,2
arnoux,René Arnoux,1,11,1984,25
fabi,Teo Fabi,0,11,1984,4
laffite,Jacques Laffite,0,11,1984,5
angelis,Elio de Angelis,0,11,1984,29
tambay,Patrick Tambay,2,11,1984,10
surer,Marc Surer,0,11,1984,0
keke_rosberg,Keke Rosberg,0,11,1984,20
rothengatter,Huub Rothengatter,0,11,1984,0
manfred_winkelhock,Manfred Winkelhock,0,11,1984,0
lauda,Niki Lauda,6,11,1984,39
hesnault,François Hesnault,0,11,1984,0
gartner,Jo Gartner,0,11,1984,0
thackwell,Mike Thackwell,0,11,1984,0
rothengatter,Huub Rothengatter,0,12,1984,0
lauda,Niki Lauda,9,12,1984,48
hesnault,François Hesnault,0,12,1984,0
bellof,Stefan Bellof,0,12,1984,0
gartner,Jo Gartner,0,12,1984,0
mansell,Nigel Mansell,0,12,1984,9
senna,Ayrton Senna,0,12,1984,9
alboreto,Michele Alboreto,4,12,1984,15
cesaris,Andrea de Cesaris,0,12,1984,3
alliot,Philippe Alliot,0,12,1984,0
prost,Alain Prost,0,12,1984,44
warwick,Derek Warwick,0,12,1984,23
patrese,Riccardo Patrese,0,12,1984,3
boutsen,Thierry Boutsen,2,12,1984,5
piquet,Nelson Piquet,6,12,1984,24
johansson,Stefan Johansson,0,12,1984,0
palmer,Jonathan Palmer,0,12,1984,0
cheever,Eddie Cheever,0,12,1984,3
ghinzani,Piercarlo Ghinzani,0,12,1984,2
arnoux,René Arnoux,0,12,1984,25
fabi,Teo Fabi,3,12,1984,7
laffite,Jacques Laffite,0,12,1984,5
angelis,Elio de Angelis,0,12,1984,29
tambay,Patrick Tambay,0,12,1984,10
surer,Marc Surer,1,12,1984,1
keke_rosberg,Keke Rosberg,0,12,1984,20
berger,Gerhard Berger,0,12,1984,0
rothengatter,Huub Rothengatter,0,13,1984,0
manfred_winkelhock,Manfred Winkelhock,0,13,1984,0
lauda,Niki Lauda,6,13,1984,54
hesnault,François Hesnault,0,13,1984,0
bellof,Stefan Bellof,0,13,1984,0
gartner,Jo Gartner,0,13,1984,0
piquet,Nelson Piquet,0,13,1984,24
johansson,Stefan Johansson,0,13,1984,0
palmer,Jonathan Palmer,0,13,1984,0
cheever,Eddie Cheever,0,13,1984,3
ghinzani,Piercarlo Ghinzani,0,13,1984,2
arnoux,René Arnoux,0,13,1984,25
fabi,Teo Fabi,2,13,1984,9
laffite,Jacques Laffite,0,13,1984,5
angelis,Elio de Angelis,3,13,1984,32
tambay,Patrick Tambay,1,13,1984,11
surer,Marc Surer,0,13,1984,1
keke_rosberg,Keke Rosberg,0,13,1984,20
mansell,Nigel Mansell,4,13,1984,13
senna,Ayrton Senna,0,13,1984,9
alboreto,Michele Alboreto,0,13,1984,15
cesaris,Andrea de Cesaris,0,13,1984,3
alliot,Philippe Alliot,0,13,1984,0
prost,Alain Prost,9,13,1984,53
warwick,Derek Warwick,0,13,1984,23
patrese,Riccardo Patrese,0,13,1984,3
boutsen,Thierry Boutsen,0,13,1984,5
martini,Pierluigi Martini,0,14,1984,0
mansell,Nigel Mansell,0,14,1984,13
alboreto,Michele Alboreto,6,14,1984,21
cesaris,Andrea de Cesaris,0,14,1984,3
alliot,Philippe Alliot,0,14,1984,0
prost,Alain Prost,0,14,1984,53
warwick,Derek Warwick,0,14,1984,23
patrese,Riccardo Patrese,4,14,1984,7
boutsen,Thierry Boutsen,0,14,1984,5
berger,Gerhard Berger,0,14,1984,0
piquet,Nelson Piquet,0,14,1984,24
johansson,Stefan Johansson,3,14,1984,3
palmer,Jonathan Palmer,0,14,1984,0
cheever,Eddie Cheever,0,14,1984,3
ghinzani,Piercarlo Ghinzani,0,14,1984,2
arnoux,René Arnoux,0,14,1984,25
fabi,Teo Fabi,0,14,1984,9
laffite,Jacques Laffite,0,14,1984,5
angelis,Elio de Angelis,0,14,1984,32
tambay,Patrick Tambay,0,14,1984,11
surer,Marc Surer,0,14,1984,1
keke_rosberg,Keke Rosberg,0,14,1984,20
rothengatter,Huub Rothengatter,0,14,1984,0
manfred_winkelhock,Manfred Winkelhock,0,14,1984,0
lauda,Niki Lauda,9,14,1984,63
hesnault,François Hesnault,0,14,1984,0
gartner,Jo Gartner,0,14,1984,0
lauda,Niki Lauda,3,15,1984,66
hesnault,François Hesnault,0,15,1984,0
baldi,Mauro Baldi,0,15,1984,0
gartner,Jo Gartner,0,15,1984,0
mansell,Nigel Mansell,0,15,1984,13
senna,Ayrton Senna,0,15,1984,9
alboreto,Michele Alboreto,6,15,1984,27
cesaris,Andrea de Cesaris,0,15,1984,3
alliot,Philippe Alliot,0,15,1984,0
prost,Alain Prost,9,15,1984,62
warwick,Derek Warwick,0,15,1984,23
patrese,Riccardo Patrese,1,15,1984,8
boutsen,Thierry Boutsen,0,15,1984,5
piquet,Nelson Piquet,4,15,1984,28
johansson,Stefan Johansson,0,15,1984,3
palmer,Jonathan Palmer,0,15,1984,0
cheever,Eddie Cheever,0,15,1984,3
ghinzani,Piercarlo Ghinzani,0,15,1984,2
arnoux,René Arnoux,2,15,1984,27
fabi,Teo Fabi,0,15,1984,9
laffite,Jacques Laffite,0,15,1984,5
angelis,Elio de Angelis,0,15,1984,32
tambay,Patrick Tambay,0,15,1984,11
surer,Marc Surer,0,15,1984,1
keke_rosberg,Keke Rosberg,0,15,1984,20
berger,Gerhard Berger,0,15,1984,0
berger,Gerhard Berger,0,16,1984,0
manfred_winkelhock,Manfred Winkelhock,0,16,1984,0
lauda,Niki Lauda,6,16,1984,72
hesnault,François Hesnault,0,16,1984,0
baldi,Mauro Baldi,0,16,1984,0
gartner,Jo Gartner,0,16,1984,0
piquet,Nelson Piquet,1,16,1984,29
johansson,Stefan Johansson,0,16,1984,3
palmer,Jonathan Palmer,0,16,1984,0
cheever,Eddie Cheever,0,16,1984,3
ghinzani,Piercarlo Ghinzani,0,16,1984,2
arnoux,René Arnoux,0,16,1984,27
streiff,Philippe Streiff,0,16,1984,0
laffite,Jacques Laffite,0,16,1984,5
angelis,Elio de Angelis,2,16,1984,34
tambay,Patrick Tambay,0,16,1984,11
surer,Marc Surer,0,16,1984,1
keke_rosberg,Keke Rosberg,0,16,1984,20
mansell,Nigel Mansell,0,16,1984,13
senna,Ayrton Senna,4,16,1984,13
alboreto,Michele Alboreto,3,16,1984,30
cesaris,Andrea de Cesaris,0,16,1984,3
alliot,Philippe Alliot,0,16,1984,0
prost,Alain Prost,9,16,1984,71
warwick,Derek Warwick,0,16,1984,23
patrese,Riccardo Patrese,0,16,1984,8
boutsen,Thierry Boutsen,0,16,1984,5
mansell,Nigel Mansell,0,1,1983,0
alboreto,Michele Alboreto,0,1,1983,0
cesaris,Andrea de Cesaris,0,1,1983,0
prost,Alain Prost,0,1,1983,0
warwick,Derek Warwick,0,1,1983,0
patrese,Riccardo Patrese,0,1,1983,0
piquet,Nelson Piquet,9,1,1983,9
giacomelli,Bruno Giacomelli,0,1,1983,0
cheever,Eddie Cheever,0,1,1983,0
ghinzani,Piercarlo Ghinzani,0,1,1983,0
arnoux,René Arnoux,0,1,1983,0
laffite,Jacques Laffite,3,1,1983,3
angelis,Elio de Angelis,0,1,1983,0
tambay,Patrick Tambay,2,1,1983,2
surer,Marc Surer,1,1,1983,1
keke_rosberg,Keke Rosberg,0,1,1983,0
manfred_winkelhock,Manfred Winkelhock,0,1,1983,0
lauda,Niki Lauda,4,1,1983,4
baldi,Mauro Baldi,0,1,1983,0
watson,John Watson,0,1,1983,0
cecotto,Johnny Cecotto,0,1,1983,0
corrado_fabi,Corrado Fabi,0,1,1983,0
serra,Chico Serra,0,1,1983,0
sullivan,Danny Sullivan,0,1,1983,0
salazar,Eliseo Salazar,0,1,1983,0
guerrero,Roberto Guerrero,0,1,1983,0
boesel,Raul Boesel,0,1,1983,0
jarier,Jean-Pierre Jarier,0,1,1983,0
jones,Alan Jones,0,2,1983,0
manfred_winkelhock,Manfred Winkelhock,0,2,1983,0
lauda,Niki Lauda,6,2,1983,10
baldi,Mauro Baldi,0,2,1983,0
watson,John Watson,9,2,1983,9
cecotto,Johnny Cecotto,1,2,1983,1
corrado_fabi,Corrado Fabi,0,2,1983,0
sullivan,Danny Sullivan,0,2,1983,0
salazar,Eliseo Salazar,0,2,1983,0
guerrero,Roberto Guerrero,0,2,1983,0
boesel,Raul Boesel,0,2,1983,0
jarier,Jean-Pierre Jarier,0,2,1983,0
piquet,Nelson Piquet,0,2,1983,9
giacomelli,Bruno Giacomelli,0,2,1983,0
cheever,Eddie Cheever,0,2,1983,0
ghinzani,Piercarlo Ghinzani,0,2,1983,0
arnoux,René Arnoux,4,2,1983,4
laffite,Jacques Laffite,3,2,1983,6
angelis,Elio de Angelis,0,2,1983,0
tambay,Patrick Tambay,0,2,1983,2
surer,Marc Surer,2,2,1983,3
keke_rosberg,Keke Rosberg,0,2,1983,0
mansell,Nigel Mansell,0,2,1983,0
alboreto,Michele Alboreto,0,2,1983,0
cesaris,Andrea de Cesaris,0,2,1983,0
prost,Alain Prost,0,2,1983,0
warwick,Derek Warwick,0,2,1983,0
patrese,Riccardo Patrese,0,2,1983,0
mansell,Nigel Mansell,0,3,1983,0
alboreto,Michele Alboreto,0,3,1983,0
cesaris,Andrea de Cesaris,0,3,1983,0
prost,Alain Prost,9,3,1983,9
warwick,Derek Warwick,0,3,1983,0
patrese,Riccardo Patrese,0,3,1983,0
piquet,Nelson Piquet,6,3,1983,15
giacomelli,Bruno Giacomelli,0,3,1983,0
cheever,Eddie Cheever,4,3,1983,4
ghinzani,Piercarlo Ghinzani,0,3,1983,0
arnoux,René Arnoux,0,3,1983,4
schlesser,Jean-Louis Schlesser,0,3,1983,0
laffite,Jacques Laffite,1,3,1983,7
angelis,Elio de Angelis,0,3,1983,0
tambay,Patrick Tambay,3,3,1983,5
surer,Marc Surer,0,3,1983,3
keke_rosberg,Keke Rosberg,2,3,1983,2
manfred_winkelhock,Manfred Winkelhock,0,3,1983,0
lauda,Niki Lauda,0,3,1983,10
baldi,Mauro Baldi,0,3,1983,0
watson,John Watson,0,3,1983,9
cecotto,Johnny Cecotto,0,3,1983,1
corrado_fabi,Corrado Fabi,0,3,1983,0
serra,Chico Serra,0,3,1983,0
sullivan,Danny Sullivan,0,3,1983,0
salazar,Eliseo Salazar,0,3,1983,0
guerrero,Roberto Guerrero,0,3,1983,0
boesel,Raul Boesel,0,3,1983,0
jarier,Jean-Pierre Jarier,0,3,1983,0
manfred_winkelhock,Manfred Winkelhock,0,4,1983,0
lauda,Niki Lauda,0,4,1983,10
baldi,Mauro Baldi,0,4,1983,0
watson,John Watson,2,4,1983,11
cecotto,Johnny Cecotto,0,4,1983,1
corrado_fabi,Corrado Fabi,0,4,1983,0
serra,Chico Serra,0,4,1983,0
sullivan,Danny Sullivan,0,4,1983,0
salazar,Eliseo Salazar,0,4,1983,0
guerrero,Roberto Guerrero,0,4,1983,0
boesel,Raul Boesel,0,4,1983,0
jarier,Jean-Pierre Jarier,0,4,1983,0
piquet,Nelson Piquet,0,4,1983,15
giacomelli,Bruno Giacomelli,0,4,1983,0
cheever,Eddie Cheever,0,4,1983,4
ghinzani,Piercarlo Ghinzani,0,4,1983,0
arnoux,René Arnoux,4,4,1983,8
laffite,Jacques Laffite,0,4,1983,7
angelis,Elio de Angelis,0,4,1983,0
tambay,Patrick Tambay,9,4,1983,14
surer,Marc Surer,1,4,1983,4
keke_rosberg,Keke Rosberg,3,4,1983,5
mansell,Nigel Mansell,0,4,1983,0
alboreto,Michele Alboreto,0,4,1983,0
cesaris,Andrea de Cesaris,0,4,1983,0
prost,Alain Prost,6,4,1983,15
warwick,Derek Warwick,0,4,1983,0
patrese,Riccardo Patrese,0,4,1983,0
mansell,Nigel Mansell,0,5,1983,0
alboreto,Michele Alboreto,0,5,1983,0
cesaris,Andrea de Cesaris,0,5,1983,0
prost,Alain Prost,4,5,1983,19
warwick,Derek Warwick,0,5,1983,0
patrese,Riccardo Patrese,0,5,1983,0
piquet,Nelson Piquet,6,5,1983,21
giacomelli,Bruno Giacomelli,0,5,1983,0
cheever,Eddie Cheever,0,5,1983,4
ghinzani,Piercarlo Ghinzani,0,5,1983,0
arnoux,René Arnoux,0,5,1983,8
laffite,Jacques Laffite,0,5,1983,7
angelis,Elio de Angelis,0,5,1983,0
tambay,Patrick Tambay,3,5,1983,17
surer,Marc Surer,0,5,1983,4
keke_rosberg,Keke Rosberg,9,5,1983,14
manfred_winkelhock,Manfred Winkelhock,0,5,1983,0
lauda,Niki Lauda,0,5,1983,10
baldi,Mauro Baldi,1,5,1983,1
watson,John Watson,0,5,1983,11
cecotto,Johnny Cecotto,0,5,1983,1
corrado_fabi,Corrado Fabi,0,5,1983,0
serra,Chico Serra,0,5,1983,0
sullivan,Danny Sullivan,2,5,1983,2
salazar,Eliseo Salazar,0,5,1983,0
guerrero,Roberto Guerrero,0,5,1983,0
boesel,Raul Boesel,0,5,1983,0
jarier,Jean-Pierre Jarier,0,5,1983,0
manfred_winkelhock,Manfred Winkelhock,0,6,1983,0
lauda,Niki Lauda,0,6,1983,10
baldi,Mauro Baldi,0,6,1983,1
watson,John Watson,0,6,1983,11
cecotto,Johnny Cecotto,0,6,1983,1
corrado_fabi,Corrado Fabi,0,6,1983,0
sullivan,Danny Sullivan,0,6,1983,2
salazar,Eliseo Salazar,0,6,1983,0
guerrero,Roberto Guerrero,0,6,1983,0
boesel,Raul Boesel,0,6,1983,0
jarier,Jean-Pierre Jarier,0,6,1983,0
piquet,Nelson Piquet,3,6,1983,24
giacomelli,Bruno Giacomelli,0,6,1983,0
cheever,Eddie Cheever,4,6,1983,8
ghinzani,Piercarlo Ghinzani,0,6,1983,0
arnoux,René Arnoux,0,6,1983,8
laffite,Jacques Laffite,1,6,1983,8
angelis,Elio de Angelis,0,6,1983,0
tambay,Patrick Tambay,6,6,1983,23
surer,Marc Surer,0,6,1983,4
keke_rosberg,Keke Rosberg,2,6,1983,16
mansell,Nigel Mansell,0,6,1983,0
alboreto,Michele Alboreto,0,6,1983,0
cesaris,Andrea de Cesaris,0,6,1983,0
prost,Alain Prost,9,6,1983,28
warwick,Derek Warwick,0,6,1983,0
patrese,Riccardo Patrese,0,6,1983,0
boutsen,Thierry Boutsen,0,6,1983,0
mansell,Nigel Mansell,1,7,1983,1
alboreto,Michele Alboreto,9,7,1983,9
cesaris,Andrea de Cesaris,0,7,1983,0
prost,Alain Prost,0,7,1983,28
warwick,Derek Warwick,0,7,1983,0
patrese,Riccardo Patrese,0,7,1983,0
boutsen,Thierry Boutsen,0,7,1983,0
piquet,Nelson Piquet,3,7,1983,27
giacomelli,Bruno Giacomelli,0,7,1983,0
cheever,Eddie Cheever,0,7,1983,8
ghinzani,Piercarlo Ghinzani,0,7,1983,0
arnoux,René Arnoux,0,7,1983,8
laffite,Jacques Laffite,2,7,1983,10
angelis,Elio de Angelis,0,7,1983,0
tambay,Patrick Tambay,0,7,1983,23
surer,Marc Surer,0,7,1983,4
keke_rosberg,Keke Rosberg,6,7,1983,22
manfred_winkelhock,Manfred Winkelhock,0,7,1983,0
lauda,Niki Lauda,0,7,1983,10
baldi,Mauro Baldi,0,7,1983,1
watson,John Watson,4,7,1983,15
cecotto,Johnny Cecotto,0,7,1983,1
corrado_fabi,Corrado Fabi,0,7,1983,0
sullivan,Danny Sullivan,0,7,1983,2
guerrero,Roberto Guerrero,0,7,1983,0
boesel,Raul Boesel,0,7,1983,0
jarier,Jean-Pierre Jarier,0,7,1983,0
manfred_winkelhock,Manfred Winkelhock,0,8,1983,0
lauda,Niki Lauda,0,8,1983,10
baldi,Mauro Baldi,0,8,1983,1
watson,John Watson,1,8,1983,16
cecotto,Johnny Cecotto,0,8,1983,1
corrado_fabi,Corrado Fabi,0,8,1983,0
sullivan,Danny Sullivan,0,8,1983,2
guerrero,Roberto Guerrero,0,8,1983,0
boesel,Raul Boesel,0,8,1983,0
jarier,Jean-Pierre Jarier,0,8,1983,0
villeneuve_sr,Jacques Villeneuve Sr.,0,8,1983,0
piquet,Nelson Piquet,0,8,1983,27
giacomelli,Bruno Giacomelli,0,8,1983,0
cheever,Eddie Cheever,6,8,1983,14
ghinzani,Piercarlo Ghinzani,0,8,1983,0
arnoux,René Arnoux,9,8,1983,17
laffite,Jacques Laffite,0,8,1983,10
angelis,Elio de Angelis,0,8,1983,0
tambay,Patrick Tambay,4,8,1983,27
surer,Marc Surer,0,8,1983,4
keke_rosberg,Keke Rosberg,3,8,1983,25
mansell,Nigel Mansell,0,8,1983,1
alboreto,Michele Alboreto,0,8,1983,9
cesaris,Andrea de Cesaris,0,8,1983,0
prost,Alain Prost,2,8,1983,30
warwick,Derek Warwick,0,8,1983,0
patrese,Riccardo Patrese,0,8,1983,0
boutsen,Thierry Boutsen,0,8,1983,0
mansell,Nigel Mansell,3,9,1983,4
alboreto,Michele Alboreto,0,9,1983,9
cesaris,Andrea de Cesaris,0,9,1983,0
prost,Alain Prost,9,9,1983,39
warwick,Derek Warwick,0,9,1983,0
patrese,Riccardo Patrese,0,9,1983,0
boutsen,Thierry Boutsen,0,9,1983,0
piquet,Nelson Piquet,6,9,1983,33
johansson,Stefan Johansson,0,9,1983,0
giacomelli,Bruno Giacomelli,0,9,1983,0
cheever,Eddie Cheever,0,9,1983,14
ghinzani,Piercarlo Ghinzani,0,9,1983,0
arnoux,René Arnoux,2,9,1983,19
laffite,Jacques Laffite,0,9,1983,10
angelis,Elio de Angelis,0,9,1983,0
tambay,Patrick Tambay,4,9,1983,31
surer,Marc Surer,0,9,1983,4
keke_rosberg,Keke Rosberg,0,9,1983,25
manfred_winkelhock,Manfred Winkelhock,0,9,1983,0
lauda,Niki Lauda,1,9,1983,11
baldi,Mauro Baldi,0,9,1983,1
acheson,Kenny Acheson,0,9,1983,0
watson,John Watson,0,9,1983,16
cecotto,Johnny Cecotto,0,9,1983,1
corrado_fabi,Corrado Fabi,0,9,1983,0
sullivan,Danny Sullivan,0,9,1983,2
guerrero,Roberto Guerrero,0,9,1983,0
boesel,Raul Boesel,0,9,1983,0
jarier,Jean-Pierre Jarier,0,9,1983,0
manfred_winkelhock,Manfred Winkelhock,0,10,1983,0
lauda,Niki Lauda,0,10,1983,11
baldi,Mauro Baldi,0,10,1983,1
acheson,Kenny Acheson,0,10,1983,0
watson,John Watson,2,10,1983,18
cecotto,Johnny Cecotto,0,10,1983,1
corrado_fabi,Corrado Fabi,0,10,1983,0
sullivan,Danny Sullivan,0,10,1983,2
guerrero,Roberto Guerrero,0,10,1983,0
boesel,Raul Boesel,0,10,1983,0
jarier,Jean-Pierre Jarier,0,10,1983,0
piquet,Nelson Piquet,0,10,1983,33
johansson,Stefan Johansson,0,10,1983,0
giacomelli,Bruno Giacomelli,0,10,1983,0
cheever,Eddie Cheever,0,10,1983,14
ghinzani,Piercarlo Ghinzani,0,10,1983,0
arnoux,René Arnoux,9,10,1983,28
laffite,Jacques Laffite,1,10,1983,11
angelis,Elio de Angelis,0,10,1983,0
tambay,Patrick Tambay,0,10,1983,31
surer,Marc Surer,0,10,1983,4
keke_rosberg,Keke Rosberg,0,10,1983,25
mansell,Nigel Mansell,0,10,1983,4
alboreto,Michele Alboreto,0,10,1983,9
cesaris,Andrea de Cesaris,6,10,1983,6
prost,Alain Prost,3,10,1983,42
warwick,Derek Warwick,0,10,1983,0
patrese,Riccardo Patrese,4,10,1983,4
boutsen,Thierry Boutsen,0,10,1983,0
mansell,Nigel Mansell,2,11,1983,6
alboreto,Michele Alboreto,0,11,1983,9
cesaris,Andrea de Cesaris,0,11,1983,6
prost,Alain Prost,9,11,1983,51
warwick,Derek Warwick,0,11,1983,0
patrese,Riccardo Patrese,0,11,1983,4
boutsen,Thierry Boutsen,0,11,1983,0
piquet,Nelson Piquet,4,11,1983,37
johansson,Stefan Johansson,0,11,1983,0
giacomelli,Bruno Giacomelli,0,11,1983,0
cheever,Eddie Cheever,3,11,1983,17
ghinzani,Piercarlo Ghinzani,0,11,1983,0
arnoux,René Arnoux,6,11,1983,34
laffite,Jacques Laffite,0,11,1983,11
angelis,Elio de Angelis,0,11,1983,0
tambay,Patrick Tambay,0,11,1983,31
surer,Marc Surer,0,11,1983,4
keke_rosberg,Keke Rosberg,0,11,1983,25
manfred_winkelhock,Manfred Winkelhock,0,11,1983,0
lauda,Niki Lauda,1,11,1983,12
baldi,Mauro Baldi,0,11,1983,1
acheson,Kenny Acheson,0,11,1983,0
watson,John Watson,0,11,1983,18
cecotto,Johnny Cecotto,0,11,1983,1
corrado_fabi,Corrado Fabi,0,11,1983,0
sullivan,Danny Sullivan,0,11,1983,2
guerrero,Roberto Guerrero,0,11,1983,0
boesel,Raul Boesel,0,11,1983,0
jarier,Jean-Pierre Jarier,0,11,1983,0
manfred_winkelhock,Manfred Winkelhock,0,12,1983,0
lauda,Niki Lauda,0,12,1983,12
baldi,Mauro Baldi,2,12,1983,3
acheson,Kenny Acheson,0,12,1983,0
watson,John Watson,4,12,1983,22
cecotto,Johnny Cecotto,0,12,1983,1
corrado_fabi,Corrado Fabi,0,12,1983,0
sullivan,Danny Sullivan,0,12,1983,2
guerrero,Roberto Guerrero,0,12,1983,0
boesel,Raul Boesel,0,12,1983,0
jarier,Jean-Pierre Jarier,0,12,1983,0
piquet,Nelson Piquet,0,12,1983,37
johansson,Stefan Johansson,0,12,1983,0
giacomelli,Bruno Giacomelli,0,12,1983,0
cheever,Eddie Cheever,0,12,1983,17
ghinzani,Piercarlo Ghinzani,0,12,1983,0
arnoux,René Arnoux,9,12,1983,43
laffite,Jacques Laffite,0,12,1983,11
angelis,Elio de Angelis,0,12,1983,0
tambay,Patrick Tambay,6,12,1983,37
surer,Marc Surer,0,12,1983,4
keke_rosberg,Keke Rosberg,0,12,1983,25
mansell,Nigel Mansell,0,12,1983,6
alboreto,Michele Alboreto,1,12,1983,10
cesaris,Andrea de Cesaris,0,12,1983,6
prost,Alain Prost,0,12,1983,51
warwick,Derek Warwick,3,12,1983,3
patrese,Riccardo Patrese,0,12,1983,4
boutsen,Thierry Boutsen,0,12,1983,0
mansell,Nigel Mansell,0,13,1983,6
alboreto,Michele Alboreto,0,13,1983,10
cesaris,Andrea de Cesaris,0,13,1983,6
prost,Alain Prost,0,13,1983,51
warwick,Derek Warwick,1,13,1983,4
patrese,Riccardo Patrese,0,13,1983,4
boutsen,Thierry Boutsen,0,13,1983,0
piquet,Nelson Piquet,9,13,1983,46
johansson,Stefan Johansson,0,13,1983,0
giacomelli,Bruno Giacomelli,0,13,1983,0
cheever,Eddie Cheever,4,13,1983,21
ghinzani,Piercarlo Ghinzani,0,13,1983,0
arnoux,René Arnoux,6,13,1983,49
laffite,Jacques Laffite,0,13,1983,11
angelis,Elio de Angelis,2,13,1983,2
tambay,Patrick Tambay,3,13,1983,40
surer,Marc Surer,0,13,1983,4
keke_rosberg,Keke Rosberg,0,13,1983,25
manfred_winkelhock,Manfred Winkelhock,0,13,1983,0
lauda,Niki Lauda,0,13,1983,12
baldi,Mauro Baldi,0,13,1983,3
acheson,Kenny Acheson,0,13,1983,0
watson,John Watson,0,13,1983,22
cecotto,Johnny Cecotto,0,13,1983,1
corrado_fabi,Corrado Fabi,0,13,1983,0
sullivan,Danny Sullivan,0,13,1983,2
guerrero,Roberto Guerrero,0,13,1983,0
boesel,Raul Boesel,0,13,1983,0
jarier,Jean-Pierre Jarier,0,13,1983,0
manfred_winkelhock,Manfred Winkelhock,0,14,1983,0
lauda,Niki Lauda,0,14,1983,12
baldi,Mauro Baldi,0,14,1983,3
acheson,Kenny Acheson,0,14,1983,0
watson,John Watson,0,14,1983,22
corrado_fabi,Corrado Fabi,0,14,1983,0
sullivan,Danny Sullivan,0,14,1983,2
guerrero,Roberto Guerrero,0,14,1983,0
boesel,Raul Boesel,0,14,1983,0
jarier,Jean-Pierre Jarier,0,14,1983,0
piquet,Nelson Piquet,9,14,1983,55
johansson,Stefan Johansson,0,14,1983,0
giacomelli,Bruno Giacomelli,1,14,1983,1
palmer,Jonathan Palmer,0,14,1983,0
cheever,Eddie Cheever,0,14,1983,21
ghinzani,Piercarlo Ghinzani,0,14,1983,0
arnoux,René Arnoux,0,14,1983,49
laffite,Jacques Laffite,0,14,1983,11
angelis,Elio de Angelis,0,14,1983,2
tambay,Patrick Tambay,0,14,1983,40
surer,Marc Surer,0,14,1983,4
keke_rosberg,Keke Rosberg,0,14,1983,25
mansell,Nigel Mansell,4,14,1983,10
alboreto,Michele Alboreto,0,14,1983,10
cesaris,Andrea de Cesaris,3,14,1983,9
prost,Alain Prost,6,14,1983,57
warwick,Derek Warwick,2,14,1983,6
patrese,Riccardo Patrese,0,14,1983,4
boutsen,Thierry Boutsen,0,14,1983,0
mansell,Nigel Mansell,0,15,1983,10
alboreto,Michele Alboreto,0,15,1983,10
cesaris,Andrea de Cesaris,6,15,1983,15
prost,Alain Prost,0,15,1983,57
warwick,Derek Warwick,3,15,1983,9
patrese,Riccardo Patrese,9,15,1983,13
boutsen,Thierry Boutsen,0,15,1983,0
piquet,Nelson Piquet,4,15,1983,59
giacomelli,Bruno Giacomelli,0,15,1983,1
cheever,Eddie Cheever,1,15,1983,22
ghinzani,Piercarlo Ghinzani,0,15,1983,0
arnoux,René Arnoux,0,15,1983,49
laffite,Jacques Laffite,0,15,1983,11
angelis,Elio de Angelis,0,15,1983,2
tambay,Patrick Tambay,0,15,1983,40
surer,Marc Surer,0,15,1983,4
keke_rosberg,Keke Rosberg,2,15,1983,27
manfred_winkelhock,Manfred Winkelhock,0,15,1983,0
lauda,Niki Lauda,0,15,1983,12
baldi,Mauro Baldi,0,15,1983,3
acheson,Kenny Acheson,0,15,1983,0
watson,John Watson,0,15,1983,22
corrado_fabi,Corrado Fabi,0,15,1983,0
sullivan,Danny Sullivan,0,15,1983,2
boesel,Raul Boesel,0,15,1983,0
jarier,Jean-Pierre Jarier,0,15,1983,0
manfred_winkelhock,Manfred Winkelhock,0,1,1982,0
lauda,Niki Lauda,3,1,1982,3
baldi,Mauro Baldi,0,1,1982,0
watson,John Watson,1,1,1982,1
serra,Chico Serra,0,1,1982,0
salazar,Eliseo Salazar,0,1,1982,0
guerrero,Roberto Guerrero,0,1,1982,0
boesel,Raul Boesel,0,1,1982,0
jarier,Jean-Pierre Jarier,0,1,1982,0
reutemann,Carlos Reutemann,6,1,1982,6
mass,Jochen Mass,0,1,1982,0
borgudd,Slim Borgudd,0,1,1982,0
pironi,Didier Pironi,0,1,1982,0
gilles_villeneuve,Gilles Villeneuve,0,1,1982,0
paletti,Riccardo Paletti,0,1,1982,0
henton,Brian Henton,0,1,1982,0
daly,Derek Daly,0,1,1982,0
piquet,Nelson Piquet,0,1,1982,0
giacomelli,Bruno Giacomelli,0,1,1982,0
cheever,Eddie Cheever,0,1,1982,0
arnoux,René Arnoux,4,1,1982,4
fabi,Teo Fabi,0,1,1982,0
laffite,Jacques Laffite,0,1,1982,0
angelis,Elio de Angelis,0,1,1982,0
keke_rosberg,Keke Rosberg,2,1,1982,2
mansell,Nigel Mansell,0,1,1982,0
alboreto,Michele Alboreto,0,1,1982,0
cesaris,Andrea de Cesaris,0,1,1982,0
prost,Alain Prost,9,1,1982,9
warwick,Derek Warwick,0,1,1982,0
patrese,Riccardo Patrese,0,1,1982,0
mansell,Nigel Mansell,4,2,1982,4
alboreto,Michele Alboreto,3,2,1982,3
cesaris,Andrea de Cesaris,0,2,1982,0
prost,Alain Prost,9,2,1982,18
warwick,Derek Warwick,0,2,1982,0
patrese,Riccardo Patrese,0,2,1982,0
piquet,Nelson Piquet,0,2,1982,0
giacomelli,Bruno Giacomelli,0,2,1982,0
cheever,Eddie Cheever,0,2,1982,0
arnoux,René Arnoux,0,2,1982,4
fabi,Teo Fabi,0,2,1982,0
laffite,Jacques Laffite,0,2,1982,0
angelis,Elio de Angelis,0,2,1982,0
keke_rosberg,Keke Rosberg,0,2,1982,2
manfred_winkelhock,Manfred Winkelhock,2,2,1982,2
lauda,Niki Lauda,0,2,1982,3
baldi,Mauro Baldi,0,2,1982,0
watson,John Watson,6,2,1982,7
serra,Chico Serra,0,2,1982,0
salazar,Eliseo Salazar,0,2,1982,0
guerrero,Roberto Guerrero,0,2,1982,0
boesel,Raul Boesel,0,2,1982,0
jarier,Jean-Pierre Jarier,0,2,1982,0
reutemann,Carlos Reutemann,0,2,1982,6
mass,Jochen Mass,0,2,1982,0
borgudd,Slim Borgudd,0,2,1982,0
pironi,Didier Pironi,1,2,1982,1
gilles_villeneuve,Gilles Villeneuve,0,2,1982,0
paletti,Riccardo Paletti,0,2,1982,0
henton,Brian Henton,0,2,1982,0
daly,Derek Daly,0,2,1982,0
manfred_winkelhock,Manfred Winkelhock,0,3,1982,2
lauda,Niki Lauda,9,3,1982,12
baldi,Mauro Baldi,0,3,1982,0
watson,John Watson,1,3,1982,8
serra,Chico Serra,0,3,1982,0
salazar,Eliseo Salazar,0,3,1982,0
guerrero,Roberto Guerrero,0,3,1982,0
boesel,Raul Boesel,0,3,1982,0
jarier,Jean-Pierre Jarier,0,3,1982,0
mass,Jochen Mass,0,3,1982,0
borgudd,Slim Borgudd,0,3,1982,0
pironi,Didier Pironi,0,3,1982,1
gilles_villeneuve,Gilles Villeneuve,0,3,1982,0
paletti,Riccardo Paletti,0,3,1982,0
henton,Brian Henton,0,3,1982,0
daly,Derek Daly,0,3,1982,0
mario_andretti,Mario Andretti,0,3,1982,0
piquet,Nelson Piquet,0,3,1982,0
giacomelli,Bruno Giacomelli,0,3,1982,0
cheever,Eddie Cheever,0,3,1982,0
arnoux,René Arnoux,0,3,1982,4
fabi,Teo Fabi,0,3,1982,0
laffite,Jacques Laffite,0,3,1982,0
angelis,Elio de Angelis,2,3,1982,2
keke_rosberg,Keke Rosberg,6,3,1982,8
mansell,Nigel Mansell,0,3,1982,4
alboreto,Michele Alboreto,3,3,1982,6
cesaris,Andrea de Cesaris,0,3,1982,0
prost,Alain Prost,0,3,1982,18
warwick,Derek Warwick,0,3,1982,0
patrese,Riccardo Patrese,4,3,1982,4
alboreto,Michele Alboreto,4,4,1982,10
cesaris,Andrea de Cesaris,0,4,1982,0
prost,Alain Prost,0,4,1982,18
warwick,Derek Warwick,0,4,1982,0
giacomelli,Bruno Giacomelli,0,4,1982,0
arnoux,René Arnoux,0,4,1982,4
fabi,Teo Fabi,0,4,1982,0
manfred_winkelhock,Manfred Winkelhock,0,4,1982,2
salazar,Eliseo Salazar,2,4,1982,2
jarier,Jean-Pierre Jarier,3,4,1982,3
pironi,Didier Pironi,9,4,1982,10
gilles_villeneuve,Gilles Villeneuve,6,4,1982,6
paletti,Riccardo Paletti,0,4,1982,0
henton,Brian Henton,0,4,1982,0
manfred_winkelhock,Manfred Winkelhock,0,5,1982,2
lauda,Niki Lauda,0,5,1982,12
baldi,Mauro Baldi,0,5,1982,0
watson,John Watson,9,5,1982,17
serra,Chico Serra,1,5,1982,1
salazar,Eliseo Salazar,0,5,1982,2
guerrero,Roberto Guerrero,0,5,1982,0
boesel,Raul Boesel,0,5,1982,0
jarier,Jean-Pierre Jarier,0,5,1982,3
mass,Jochen Mass,0,5,1982,0
pironi,Didier Pironi,0,5,1982,10
gilles_villeneuve,Gilles Villeneuve,0,5,1982,6
paletti,Riccardo Paletti,0,5,1982,0
henton,Brian Henton,0,5,1982,0
daly,Derek Daly,0,5,1982,0
villota,Emilio de Villota,0,5,1982,0
lammers,Jan Lammers,0,5,1982,0
piquet,Nelson Piquet,2,5,1982,2
giacomelli,Bruno Giacomelli,0,5,1982,0
cheever,Eddie Cheever,4,5,1982,4
arnoux,René Arnoux,0,5,1982,4
fabi,Teo Fabi,0,5,1982,0
laffite,Jacques Laffite,0,5,1982,0
angelis,Elio de Angelis,3,5,1982,5
surer,Marc Surer,0,5,1982,0
keke_rosberg,Keke Rosberg,6,5,1982,14
mansell,Nigel Mansell,0,5,1982,4
alboreto,Michele Alboreto,0,5,1982,10
cesaris,Andrea de Cesaris,0,5,1982,0
prost,Alain Prost,0,5,1982,18
warwick,Derek Warwick,0,5,1982,0
patrese,Riccardo Patrese,0,5,1982,4
mansell,Nigel Mansell,3,6,1982,7
alboreto,Michele Alboreto,0,6,1982,10
cesaris,Andrea de Cesaris,4,6,1982,4
prost,Alain Prost,0,6,1982,18
warwick,Derek Warwick,0,6,1982,0
patrese,Riccardo Patrese,9,6,1982,13
lammers,Jan Lammers,0,6,1982,0
piquet,Nelson Piquet,0,6,1982,2
giacomelli,Bruno Giacomelli,0,6,1982,0
cheever,Eddie Cheever,0,6,1982,4
arnoux,René Arnoux,0,6,1982,4
fabi,Teo Fabi,0,6,1982,0
laffite,Jacques Laffite,0,6,1982,0
angelis,Elio de Angelis,2,6,1982,7
surer,Marc Surer,0,6,1982,0
keke_rosberg,Keke Rosberg,0,6,1982,14
manfred_winkelhock,Manfred Winkelhock,0,6,1982,2
lauda,Niki Lauda,0,6,1982,12
baldi,Mauro Baldi,0,6,1982,0
watson,John Watson,0,6,1982,17
serra,Chico Serra,0,6,1982,1
salazar,Eliseo Salazar,0,6,1982,2
guerrero,Roberto Guerrero,0,6,1982,0
boesel,Raul Boesel,0,6,1982,0
jarier,Jean-Pierre Jarier,0,6,1982,3
mass,Jochen Mass,0,6,1982,0
pironi,Didier Pironi,6,6,1982,16
paletti,Riccardo Paletti,0,6,1982,0
henton,Brian Henton,0,6,1982,0
daly,Derek Daly,1,6,1982,1
villota,Emilio de Villota,0,6,1982,0
manfred_winkelhock,Manfred Winkelhock,0,7,1982,2
lauda,Niki Lauda,0,7,1982,12
baldi,Mauro Baldi,0,7,1982,0
watson,John Watson,9,7,1982,26
serra,Chico Serra,0,7,1982,1
salazar,Eliseo Salazar,0,7,1982,2
guerrero,Roberto Guerrero,0,7,1982,0
boesel,Raul Boesel,0,7,1982,0
jarier,Jean-Pierre Jarier,0,7,1982,3
mass,Jochen Mass,0,7,1982,0
pironi,Didier Pironi,4,7,1982,20
paletti,Riccardo Paletti,0,7,1982,0
henton,Brian Henton,0,7,1982,0
daly,Derek Daly,2,7,1982,3
villota,Emilio de Villota,0,7,1982,0
lammers,Jan Lammers,0,7,1982,0
piquet,Nelson Piquet,0,7,1982,2
giacomelli,Bruno Giacomelli,0,7,1982,0
cheever,Eddie Cheever,6,7,1982,10
arnoux,René Arnoux,0,7,1982,4
laffite,Jacques Laffite,1,7,1982,1
angelis,Elio de Angelis,0,7,1982,7
surer,Marc Surer,0,7,1982,0
keke_rosberg,Keke Rosberg,3,7,1982,17
mansell,Nigel Mansell,0,7,1982,7
alboreto,Michele Alboreto,0,7,1982,10
cesaris,Andrea de Cesaris,0,7,1982,4
prost,Alain Prost,0,7,1982,18
patrese,Riccardo Patrese,0,7,1982,13
mansell,Nigel Mansell,0,8,1982,7
alboreto,Michele Alboreto,0,8,1982,10
cesaris,Andrea de Cesaris,1,8,1982,5
prost,Alain Prost,0,8,1982,18
patrese,Riccardo Patrese,6,8,1982,19
piquet,Nelson Piquet,9,8,1982,11
giacomelli,Bruno Giacomelli,0,8,1982,0
cheever,Eddie Cheever,0,8,1982,10
arnoux,René Arnoux,0,8,1982,4
laffite,Jacques Laffite,0,8,1982,1
angelis,Elio de Angelis,3,8,1982,10
surer,Marc Surer,2,8,1982,2
keke_rosberg,Keke Rosberg,0,8,1982,17
manfred_winkelhock,Manfred Winkelhock,0,8,1982,2
lauda,Niki Lauda,0,8,1982,12
baldi,Mauro Baldi,0,8,1982,0
watson,John Watson,4,8,1982,30
serra,Chico Serra,0,8,1982,1
salazar,Eliseo Salazar,0,8,1982,2
guerrero,Roberto Guerrero,0,8,1982,0
boesel,Raul Boesel,0,8,1982,0
jarier,Jean-Pierre Jarier,0,8,1982,3
mass,Jochen Mass,0,8,1982,0
pironi,Didier Pironi,0,8,1982,20
paletti,Riccardo Paletti,0,8,1982,0
henton,Brian Henton,0,8,1982,0
daly,Derek Daly,0,8,1982,3
villota,Emilio de Villota,0,8,1982,0
lees,Geoff Lees,0,8,1982,0
manfred_winkelhock,Manfred Winkelhock,0,9,1982,2
lauda,Niki Lauda,3,9,1982,15
baldi,Mauro Baldi,1,9,1982,1
watson,John Watson,0,9,1982,30
serra,Chico Serra,0,9,1982,1
salazar,Eliseo Salazar,0,9,1982,2
guerrero,Roberto Guerrero,0,9,1982,0
boesel,Raul Boesel,0,9,1982,0
jarier,Jean-Pierre Jarier,0,9,1982,3
mass,Jochen Mass,0,9,1982,0
pironi,Didier Pironi,9,9,1982,29
henton,Brian Henton,0,9,1982,0
daly,Derek Daly,2,9,1982,5
villota,Emilio de Villota,0,9,1982,0
lammers,Jan Lammers,0,9,1982,0
piquet,Nelson Piquet,6,9,1982,17
giacomelli,Bruno Giacomelli,0,9,1982,0
cheever,Eddie Cheever,0,9,1982,10
arnoux,René Arnoux,0,9,1982,4
fabi,Teo Fabi,0,9,1982,0
laffite,Jacques Laffite,0,9,1982,1
angelis,Elio de Angelis,0,9,1982,10
tambay,Patrick Tambay,0,9,1982,0
surer,Marc Surer,0,9,1982,2
keke_rosberg,Keke Rosberg,4,9,1982,21
moreno,Roberto Moreno,0,9,1982,0
alboreto,Michele Alboreto,0,9,1982,10
cesaris,Andrea de Cesaris,0,9,1982,5
prost,Alain Prost,0,9,1982,18
warwick,Derek Warwick,0,9,1982,0
patrese,Riccardo Patrese,0,9,1982,19
mansell,Nigel Mansell,0,10,1982,7
alboreto,Michele Alboreto,0,10,1982,10
cesaris,Andrea de Cesaris,0,10,1982,5
prost,Alain Prost,1,10,1982,19
warwick,Derek Warwick,0,10,1982,0
patrese,Riccardo Patrese,0,10,1982,19
lammers,Jan Lammers,0,10,1982,0
piquet,Nelson Piquet,0,10,1982,17
giacomelli,Bruno Giacomelli,0,10,1982,0
cheever,Eddie Cheever,0,10,1982,10
arnoux,René Arnoux,0,10,1982,4
fabi,Teo Fabi,0,10,1982,0
laffite,Jacques Laffite,0,10,1982,1
angelis,Elio de Angelis,3,10,1982,13
tambay,Patrick Tambay,4,10,1982,4
surer,Marc Surer,0,10,1982,2
keke_rosberg,Keke Rosberg,0,10,1982,21
manfred_winkelhock,Manfred Winkelhock,0,10,1982,2
lauda,Niki Lauda,9,10,1982,24
baldi,Mauro Baldi,0,10,1982,1
watson,John Watson,0,10,1982,30
serra,Chico Serra,0,10,1982,1
salazar,Eliseo Salazar,0,10,1982,2
guerrero,Roberto Guerrero,0,10,1982,0
boesel,Raul Boesel,0,10,1982,0
jarier,Jean-Pierre Jarier,0,10,1982,3
mass,Jochen Mass,0,10,1982,0
pironi,Didier Pironi,6,10,1982,35
henton,Brian Henton,0,10,1982,0
daly,Derek Daly,2,10,1982,7
manfred_winkelhock,Manfred Winkelhock,0,11,1982,2
lauda,Niki Lauda,0,11,1982,24
baldi,Mauro Baldi,0,11,1982,1
watson,John Watson,0,11,1982,30
salazar,Eliseo Salazar,0,11,1982,2
guerrero,Roberto Guerrero,0,11,1982,0
boesel,Raul Boesel,0,11,1982,0
jarier,Jean-Pierre Jarier,0,11,1982,3
mass,Jochen Mass,0,11,1982,0
pironi,Didier Pironi,4,11,1982,39
henton,Brian Henton,0,11,1982,0
daly,Derek Daly,0,11,1982,7
lees,Geoff Lees,0,11,1982,0
lammers,Jan Lammers,0,11,1982,0
piquet,Nelson Piquet,0,11,1982,17
giacomelli,Bruno Giacomelli,0,11,1982,0
cheever,Eddie Cheever,0,11,1982,10
arnoux,René Arnoux,9,11,1982,13
fabi,Teo Fabi,0,11,1982,0
laffite,Jacques Laffite,0,11,1982,1
angelis,Elio de Angelis,0,11,1982,13
tambay,Patrick Tambay,3,11,1982,7
surer,Marc Surer,0,11,1982,2
keke_rosberg,Keke Rosberg,2,11,1982,23
alboreto,Michele Alboreto,1,11,1982,11
cesaris,Andrea de Cesaris,0,11,1982,5
prost,Alain Prost,6,11,1982,25
warwick,Derek Warwick,0,11,1982,0
patrese,Riccardo Patrese,0,11,1982,19
mansell,Nigel Mansell,0,12,1982,7
alboreto,Michele Alboreto,3,12,1982,14
cesaris,Andrea de Cesaris,0,12,1982,5
prost,Alain Prost,0,12,1982,25
warwick,Derek Warwick,0,12,1982,0
patrese,Riccardo Patrese,0,12,1982,19
piquet,Nelson Piquet,0,12,1982,17
giacomelli,Bruno Giacomelli,2,12,1982,2
cheever,Eddie Cheever,0,12,1982,10
arnoux,René Arnoux,6,12,1982,19
fabi,Teo Fabi,0,12,1982,0
laffite,Jacques Laffite,0,12,1982,1
angelis,Elio de Angelis,0,12,1982,13
tambay,Patrick Tambay,9,12,1982,16
surer,Marc Surer,1,12,1982,3
keke_rosberg,Keke Rosberg,4,12,1982,27
manfred_winkelhock,Manfred Winkelhock,0,12,1982,2
baldi,Mauro Baldi,0,12,1982,1
watson,John Watson,0,12,1982,30
serra,Chico Serra,0,12,1982,1
salazar,Eliseo Salazar,0,12,1982,2
guerrero,Roberto Guerrero,0,12,1982,0
boesel,Raul Boesel,0,12,1982,0
jarier,Jean-Pierre Jarier,0,12,1982,3
pironi,Didier Pironi,0,12,1982,39
henton,Brian Henton,0,12,1982,0
daly,Derek Daly,0,12,1982,7
byrne,Tommy Byrne,0,12,1982,0
keegan,Rupert Keegan,0,12,1982,0
manfred_winkelhock,Manfred Winkelhock,0,13,1982,2
lauda,Niki Lauda,2,13,1982,26
baldi,Mauro Baldi,1,13,1982,2
watson,John Watson,0,13,1982,30
serra,Chico Serra,0,13,1982,1
salazar,Eliseo Salazar,0,13,1982,2
guerrero,Roberto Guerrero,0,13,1982,0
boesel,Raul Boesel,0,13,1982,0
jarier,Jean-Pierre Jarier,0,13,1982,3
henton,Brian Henton,0,13,1982,0
daly,Derek Daly,0,13,1982,7
byrne,Tommy Byrne,0,13,1982,0
keegan,Rupert Keegan,0,13,1982,0
piquet,Nelson Piquet,0,13,1982,17
giacomelli,Bruno Giacomelli,0,13,1982,2
cheever,Eddie Cheever,0,13,1982,10
arnoux,René Arnoux,0,13,1982,19
fabi,Teo Fabi,0,13,1982,0
laffite,Jacques Laffite,4,13,1982,5
angelis,Elio de Angelis,9,13,1982,22
tambay,Patrick Tambay,3,13,1982,19
surer,Marc Surer,0,13,1982,3
keke_rosberg,Keke Rosberg,6,13,1982,33
mansell,Nigel Mansell,0,13,1982,7
alboreto,Michele Alboreto,0,13,1982,14
cesaris,Andrea de Cesaris,0,13,1982,5
prost,Alain Prost,0,13,1982,25
warwick,Derek Warwick,0,13,1982,0
patrese,Riccardo Patrese,0,13,1982,19
mansell,Nigel Mansell,0,14,1982,7
alboreto,Michele Alboreto,0,14,1982,14
cesaris,Andrea de Cesaris,0,14,1982,5
prost,Alain Prost,6,14,1982,31
warwick,Derek Warwick,0,14,1982,0
patrese,Riccardo Patrese,2,14,1982,21
piquet,Nelson Piquet,3,14,1982,20
giacomelli,Bruno Giacomelli,0,14,1982,2
cheever,Eddie Cheever,0,14,1982,10
arnoux,René Arnoux,0,14,1982,19
fabi,Teo Fabi,0,14,1982,0
laffite,Jacques Laffite,0,14,1982,5
angelis,Elio de Angelis,1,14,1982,23
tambay,Patrick Tambay,0,14,1982,19
surer,Marc Surer,0,14,1982,3
keke_rosberg,Keke Rosberg,9,14,1982,42
manfred_winkelhock,Manfred Winkelhock,0,14,1982,2
lauda,Niki Lauda,4,14,1982,30
baldi,Mauro Baldi,0,14,1982,2
watson,John Watson,0,14,1982,30
serra,Chico Serra,0,14,1982,1
salazar,Eliseo Salazar,0,14,1982,2
guerrero,Roberto Guerrero,0,14,1982,0
boesel,Raul Boesel,0,14,1982,0
jarier,Jean-Pierre Jarier,0,14,1982,3
henton,Brian Henton,0,14,1982,0
daly,Derek Daly,0,14,1982,7
byrne,Tommy Byrne,0,14,1982,0
keegan,Rupert Keegan,0,14,1982,0
manfred_winkelhock,Manfred Winkelhock,0,15,1982,2
lauda,Niki Lauda,0,15,1982,30
baldi,Mauro Baldi,0,15,1982,2
watson,John Watson,3,15,1982,33
serra,Chico Serra,0,15,1982,1
salazar,Eliseo Salazar,0,15,1982,2
guerrero,Roberto Guerrero,0,15,1982,0
boesel,Raul Boesel,0,15,1982,0
jarier,Jean-Pierre Jarier,0,15,1982,3
henton,Brian Henton,0,15,1982,0
daly,Derek Daly,0,15,1982,7
mario_andretti,Mario Andretti,4,15,1982,4
byrne,Tommy Byrne,0,15,1982,0
keegan,Rupert Keegan,0,15,1982,0
piquet,Nelson Piquet,0,15,1982,20
giacomelli,Bruno Giacomelli,0,15,1982,2
cheever,Eddie Cheever,1,15,1982,11
arnoux,René Arnoux,9,15,1982,28
fabi,Teo Fabi,0,15,1982,0
laffite,Jacques Laffite,0,15,1982,5
angelis,Elio de Angelis,0,15,1982,23
tambay,Patrick Tambay,6,15,1982,25
surer,Marc Surer,0,15,1982,3
keke_rosberg,Keke Rosberg,0,15,1982,42
mansell,Nigel Mansell,0,15,1982,7
alboreto,Michele Alboreto,2,15,1982,16
cesaris,Andrea de Cesaris,0,15,1982,5
prost,Alain Prost,0,15,1982,31
warwick,Derek Warwick,0,15,1982,0
patrese,Riccardo Patrese,0,15,1982,21
mansell,Nigel Mansell,0,16,1982,7
alboreto,Michele Alboreto,9,16,1982,25
cesaris,Andrea de Cesaris,0,16,1982,5
prost,Alain Prost,3,16,1982,34
warwick,Derek Warwick,0,16,1982,0
patrese,Riccardo Patrese,0,16,1982,21
piquet,Nelson Piquet,0,16,1982,20
giacomelli,Bruno Giacomelli,0,16,1982,2
cheever,Eddie Cheever,4,16,1982,15
arnoux,René Arnoux,0,16,1982,28
fabi,Teo Fabi,0,16,1982,0
laffite,Jacques Laffite,0,16,1982,5
angelis,Elio de Angelis,0,16,1982,23
tambay,Patrick Tambay,0,16,1982,25
surer,Marc Surer,0,16,1982,3
keke_rosberg,Keke Rosberg,2,16,1982,44
manfred_winkelhock,Manfred Winkelhock,0,16,1982,2
lauda,Niki Lauda,0,16,1982,30
baldi,Mauro Baldi,0,16,1982,2
watson,John Watson,6,16,1982,39
serra,Chico Serra,0,16,1982,1
salazar,Eliseo Salazar,0,16,1982,2
guerrero,Roberto Guerrero,0,16,1982,0
boesel,Raul Boesel,0,16,1982,0
jarier,Jean-Pierre Jarier,0,16,1982,3
henton,Brian Henton,0,16,1982,0
daly,Derek Daly,1,16,1982,8
mario_andretti,Mario Andretti,0,16,1982,4
byrne,Tommy Byrne,0,16,1982,0
keegan,Rupert Keegan,0,16,1982,0
jones,Alan Jones,9,1,1981,9
watson,John Watson,0,1,1981,0
serra,Chico Serra,0,1,1981,0
salazar,Eliseo Salazar,0,1,1981,0
jarier,Jean-Pierre Jarier,0,1,1981,0
reutemann,Carlos Reutemann,6,1,1981,6
pironi,Didier Pironi,0,1,1981,0
gilles_villeneuve,Gilles Villeneuve,0,1,1981,0
daly,Derek Daly,0,1,1981,0
mario_andretti,Mario Andretti,3,1,1981,3
rebaque,Hector Rebaque,0,1,1981,0
gabbiani,Beppe Gabbiani,0,1,1981,0
cogan,Kevin Cogan,0,1,1981,0
guerra,Miguel Ángel Guerra,0,1,1981,0
stohr,Siegfried Stohr,0,1,1981,0
lammers,Jan Lammers,0,1,1981,0
piquet,Nelson Piquet,4,1,1981,4
giacomelli,Bruno Giacomelli,0,1,1981,0
cheever,Eddie Cheever,2,1,1981,2
arnoux,René Arnoux,0,1,1981,0
laffite,Jacques Laffite,0,1,1981,0
angelis,Elio de Angelis,0,1,1981,0
tambay,Patrick Tambay,1,1,1981,1
surer,Marc Surer,0,1,1981,0
keke_rosberg,Keke Rosberg,0,1,1981,0
mansell,Nigel Mansell,0,1,1981,0
cesaris,Andrea de Cesaris,0,1,1981,0
prost,Alain Prost,0,1,1981,0
patrese,Riccardo Patrese,0,1,1981,0
mansell,Nigel Mansell,0,2,1981,0
cesaris,Andrea de Cesaris,0,2,1981,0
prost,Alain Prost,0,2,1981,0
patrese,Riccardo Patrese,4,2,1981,4
lammers,Jan Lammers,0,2,1981,0
piquet,Nelson Piquet,0,2,1981,4
giacomelli,Bruno Giacomelli,0,2,1981,0
cheever,Eddie Cheever,0,2,1981,2
arnoux,René Arnoux,0,2,1981,0
laffite,Jacques Laffite,1,2,1981,1
angelis,Elio de Angelis,2,2,1981,2
tambay,Patrick Tambay,0,2,1981,1
surer,Marc Surer,3,2,1981,3
keke_rosberg,Keke Rosberg,0,2,1981,0
jones,Alan Jones,6,2,1981,15
watson,John Watson,0,2,1981,0
serra,Chico Serra,0,2,1981,0
salazar,Eliseo Salazar,0,2,1981,0
jarier,Jean-Pierre Jarier,0,2,1981,0
reutemann,Carlos Reutemann,9,2,1981,15
pironi,Didier Pironi,0,2,1981,0
gilles_villeneuve,Gilles Villeneuve,0,2,1981,0
daly,Derek Daly,0,2,1981,0
mario_andretti,Mario Andretti,0,2,1981,3
rebaque,Hector Rebaque,0,2,1981,0
gabbiani,Beppe Gabbiani,0,2,1981,0
guerra,Miguel Ángel Guerra,0,2,1981,0
stohr,Siegfried Stohr,0,2,1981,0
zunino,Ricardo Zunino,0,2,1981,0
londono,Ricardo Londoño,0,2,1981,0
jones,Alan Jones,3,3,1981,18
watson,John Watson,0,3,1981,0
serra,Chico Serra,0,3,1981,0
salazar,Eliseo Salazar,0,3,1981,0
reutemann,Carlos Reutemann,6,3,1981,21
pironi,Didier Pironi,0,3,1981,0
gilles_villeneuve,Gilles Villeneuve,0,3,1981,0
daly,Derek Daly,0,3,1981,0
mario_andretti,Mario Andretti,0,3,1981,3
rebaque,Hector Rebaque,0,3,1981,0
gabbiani,Beppe Gabbiani,0,3,1981,0
guerra,Miguel Ángel Guerra,0,3,1981,0
stohr,Siegfried Stohr,0,3,1981,0
zunino,Ricardo Zunino,0,3,1981,0
jabouille,Jean-Pierre Jabouille,0,3,1981,0
lammers,Jan Lammers,0,3,1981,0
piquet,Nelson Piquet,9,3,1981,13
giacomelli,Bruno Giacomelli,0,3,1981,0
cheever,Eddie Cheever,0,3,1981,2
arnoux,René Arnoux,2,3,1981,2
laffite,Jacques Laffite,0,3,1981,1
angelis,Elio de Angelis,1,3,1981,3
tambay,Patrick Tambay,0,3,1981,1
surer,Marc Surer,0,3,1981,3
keke_rosberg,Keke Rosberg,0,3,1981,0
mansell,Nigel Mansell,0,3,1981,0
cesaris,Andrea de Cesaris,0,3,1981,0
prost,Alain Prost,4,3,1981,4
patrese,Riccardo Patrese,0,3,1981,4
mansell,Nigel Mansell,0,4,1981,0
alboreto,Michele Alboreto,0,4,1981,0
cesaris,Andrea de Cesaris,1,4,1981,1
prost,Alain Prost,0,4,1981,4
warwick,Derek Warwick,0,4,1981,0
patrese,Riccardo Patrese,6,4,1981,10
lammers,Jan Lammers,0,4,1981,0
piquet,Nelson Piquet,9,4,1981,22
giacomelli,Bruno Giacomelli,0,4,1981,0
cheever,Eddie Cheever,0,4,1981,2
arnoux,René Arnoux,0,4,1981,2
laffite,Jacques Laffite,0,4,1981,1
angelis,Elio de Angelis,0,4,1981,3
tambay,Patrick Tambay,0,4,1981,1
surer,Marc Surer,0,4,1981,3
keke_rosberg,Keke Rosberg,0,4,1981,0
jones,Alan Jones,0,4,1981,18
watson,John Watson,0,4,1981,0
serra,Chico Serra,0,4,1981,0
salazar,Eliseo Salazar,0,4,1981,0
reutemann,Carlos Reutemann,4,4,1981,25
borgudd,Slim Borgudd,0,4,1981,0
pironi,Didier Pironi,2,4,1981,2
gilles_villeneuve,Gilles Villeneuve,0,4,1981,0
henton,Brian Henton,0,4,1981,0
daly,Derek Daly,0,4,1981,0
mario_andretti,Mario Andretti,0,4,1981,3
rebaque,Hector Rebaque,3,4,1981,3
gabbiani,Beppe Gabbiani,0,4,1981,0
guerra,Miguel Ángel Guerra,0,4,1981,0
stohr,Siegfried Stohr,0,4,1981,0
jabouille,Jean-Pierre Jabouille,0,4,1981,0
jones,Alan Jones,0,5,1981,18
watson,John Watson,0,5,1981,0
serra,Chico Serra,0,5,1981,0
salazar,Eliseo Salazar,0,5,1981,0
reutemann,Carlos Reutemann,9,5,1981,34
borgudd,Slim Borgudd,0,5,1981,0
pironi,Didier Pironi,0,5,1981,2
gilles_villeneuve,Gilles Villeneuve,3,5,1981,3
henton,Brian Henton,0,5,1981,0
daly,Derek Daly,0,5,1981,0
mario_andretti,Mario Andretti,0,5,1981,3
rebaque,Hector Rebaque,0,5,1981,3
gabbiani,Beppe Gabbiani,0,5,1981,0
stohr,Siegfried Stohr,0,5,1981,0
jabouille,Jean-Pierre Jabouille,0,5,1981,0
piquet,Nelson Piquet,0,5,1981,22
giacomelli,Bruno Giacomelli,0,5,1981,0
cheever,Eddie Cheever,1,5,1981,3
ghinzani,Piercarlo Ghinzani,0,5,1981,0
arnoux,René Arnoux,0,5,1981,2
laffite,Jacques Laffite,6,5,1981,7
angelis,Elio de Angelis,2,5,1981,5
tambay,Patrick Tambay,0,5,1981,1
surer,Marc Surer,0,5,1981,3
keke_rosberg,Keke Rosberg,0,5,1981,0
mansell,Nigel Mansell,4,5,1981,4
alboreto,Michele Alboreto,0,5,1981,0
cesaris,Andrea de Cesaris,0,5,1981,1
prost,Alain Prost,0,5,1981,4
warwick,Derek Warwick,0,5,1981,0
patrese,Riccardo Patrese,0,5,1981,10
mansell,Nigel Mansell,0,6,1981,4
alboreto,Michele Alboreto,0,6,1981,0
cesaris,Andrea de Cesaris,0,6,1981,1
prost,Alain Prost,0,6,1981,4
warwick,Derek Warwick,0,6,1981,0
patrese,Riccardo Patrese,0,6,1981,10
piquet,Nelson Piquet,0,6,1981,22
giacomelli,Bruno Giacomelli,0,6,1981,0
cheever,Eddie Cheever,2,6,1981,5
ghinzani,Piercarlo Ghinzani,0,6,1981,0
arnoux,René Arnoux,0,6,1981,2
laffite,Jacques Laffite,4,6,1981,11
angelis,Elio de Angelis,0,6,1981,5
tambay,Patrick Tambay,0,6,1981,1
surer,Marc Surer,1,6,1981,4
keke_rosberg,Keke Rosberg,0,6,1981,0
jones,Alan Jones,6,6,1981,24
watson,John Watson,0,6,1981,0
serra,Chico Serra,0,6,1981,0
salazar,Eliseo Salazar,0,6,1981,0
reutemann,Carlos Reutemann,0,6,1981,34
borgudd,Slim Borgudd,0,6,1981,0
pironi,Didier Pironi,3,6,1981,5
gilles_villeneuve,Gilles Villeneuve,9,6,1981,12
henton,Brian Henton,0,6,1981,0
daly,Derek Daly,0,6,1981,0
mario_andretti,Mario Andretti,0,6,1981,3
rebaque,Hector Rebaque,0,6,1981,3
gabbiani,Beppe Gabbiani,0,6,1981,0
stohr,Siegfried Stohr,0,6,1981,0
jabouille,Jean-Pierre Jabouille,0,6,1981,0
jones,Alan Jones,0,7,1981,24
watson,John Watson,4,7,1981,4
serra,Chico Serra,0,7,1981,0
salazar,Eliseo Salazar,0,7,1981,0
reutemann,Carlos Reutemann,3,7,1981,37
borgudd,Slim Borgudd,0,7,1981,0
pironi,Didier Pironi,0,7,1981,5
gilles_villeneuve,Gilles Villeneuve,9,7,1981,21
henton,Brian Henton,0,7,1981,0
daly,Derek Daly,0,7,1981,0
mario_andretti,Mario Andretti,0,7,1981,3
rebaque,Hector Rebaque,0,7,1981,3
gabbiani,Beppe Gabbiani,0,7,1981,0
stohr,Siegfried Stohr,0,7,1981,0
jabouille,Jean-Pierre Jabouille,0,7,1981,0
francia,Giorgio Francia,0,7,1981,0
piquet,Nelson Piquet,0,7,1981,22
giacomelli,Bruno Giacomelli,0,7,1981,0
cheever,Eddie Cheever,0,7,1981,5
arnoux,René Arnoux,0,7,1981,2
laffite,Jacques Laffite,6,7,1981,17
angelis,Elio de Angelis,2,7,1981,7
tambay,Patrick Tambay,0,7,1981,1
keke_rosberg,Keke Rosberg,0,7,1981,0
mansell,Nigel Mansell,1,7,1981,5
alboreto,Michele Alboreto,0,7,1981,0
cesaris,Andrea de Cesaris,0,7,1981,1
prost,Alain Prost,0,7,1981,4
warwick,Derek Warwick,0,7,1981,0
patrese,Riccardo Patrese,0,7,1981,10
mansell,Nigel Mansell,0,8,1981,5
alboreto,Michele Alboreto,0,8,1981,0
cesaris,Andrea de Cesaris,0,8,1981,1
prost,Alain Prost,9,8,1981,13
warwick,Derek Warwick,0,8,1981,0
patrese,Riccardo Patrese,0,8,1981,10
piquet,Nelson Piquet,4,8,1981,26
giacomelli,Bruno Giacomelli,0,8,1981,0
cheever,Eddie Cheever,0,8,1981,5
arnoux,René Arnoux,3,8,1981,5
laffite,Jacques Laffite,0,8,1981,17
angelis,Elio de Angelis,1,8,1981,8
tambay,Patrick Tambay,0,8,1981,1
surer,Marc Surer,0,8,1981,4
keke_rosberg,Keke Rosberg,0,8,1981,0
jones,Alan Jones,0,8,1981,24
watson,John Watson,6,8,1981,10
serra,Chico Serra,0,8,1981,0
salazar,Eliseo Salazar,0,8,1981,0
reutemann,Carlos Reutemann,0,8,1981,37
borgudd,Slim Borgudd,0,8,1981,0
pironi,Didier Pironi,2,8,1981,7
gilles_villeneuve,Gilles Villeneuve,0,8,1981,21
henton,Brian Henton,0,8,1981,0
daly,Derek Daly,0,8,1981,0
mario_andretti,Mario Andretti,0,8,1981,3
rebaque,Hector Rebaque,0,8,1981,3
gabbiani,Beppe Gabbiani,0,8,1981,0
stohr,Siegfried Stohr,0,8,1981,0
jones,Alan Jones,0,9,1981,24
watson,John Watson,9,9,1981,19
serra,Chico Serra,0,9,1981,0
salazar,Eliseo Salazar,0,9,1981,0
jarier,Jean-Pierre Jarier,0,9,1981,0
reutemann,Carlos Reutemann,6,9,1981,43
borgudd,Slim Borgudd,1,9,1981,1
pironi,Didier Pironi,0,9,1981,7
gilles_villeneuve,Gilles Villeneuve,0,9,1981,21
henton,Brian Henton,0,9,1981,0
daly,Derek Daly,0,9,1981,0
mario_andretti,Mario Andretti,0,9,1981,3
rebaque,Hector Rebaque,2,9,1981,5
gabbiani,Beppe Gabbiani,0,9,1981,0
stohr,Siegfried Stohr,0,9,1981,0
piquet,Nelson Piquet,0,9,1981,26
giacomelli,Bruno Giacomelli,0,9,1981,0
cheever,Eddie Cheever,3,9,1981,8
arnoux,René Arnoux,0,9,1981,5
laffite,Jacques Laffite,4,9,1981,21
angelis,Elio de Angelis,0,9,1981,8
tambay,Patrick Tambay,0,9,1981,1
surer,Marc Surer,0,9,1981,4
keke_rosberg,Keke Rosberg,0,9,1981,0
mansell,Nigel Mansell,0,9,1981,5
alboreto,Michele Alboreto,0,9,1981,0
cesaris,Andrea de Cesaris,0,9,1981,1
prost,Alain Prost,0,9,1981,13
warwick,Derek Warwick,0,9,1981,0
patrese,Riccardo Patrese,0,9,1981,10
mansell,Nigel Mansell,0,10,1981,5
alboreto,Michele Alboreto,0,10,1981,0
cesaris,Andrea de Cesaris,0,10,1981,1
prost,Alain Prost,6,10,1981,19
warwick,Derek Warwick,0,10,1981,0
patrese,Riccardo Patrese,0,10,1981,10
piquet,Nelson Piquet,9,10,1981,35
giacomelli,Bruno Giacomelli,0,10,1981,0
cheever,Eddie Cheever,2,10,1981,10
arnoux,René Arnoux,0,10,1981,5
laffite,Jacques Laffite,4,10,1981,25
angelis,Elio de Angelis,0,10,1981,8
tambay,Patrick Tambay,0,10,1981,1
surer,Marc Surer,0,10,1981,4
keke_rosberg,Keke Rosberg,0,10,1981,0
jones,Alan Jones,0,10,1981,24
watson,John Watson,1,10,1981,20
serra,Chico Serra,0,10,1981,0
salazar,Eliseo Salazar,0,10,1981,0
jarier,Jean-Pierre Jarier,0,10,1981,0
reutemann,Carlos Reutemann,0,10,1981,43
borgudd,Slim Borgudd,0,10,1981,1
pironi,Didier Pironi,0,10,1981,7
gilles_villeneuve,Gilles Villeneuve,0,10,1981,21
henton,Brian Henton,0,10,1981,0
daly,Derek Daly,0,10,1981,0
mario_andretti,Mario Andretti,0,10,1981,3
rebaque,Hector Rebaque,3,10,1981,8
gabbiani,Beppe Gabbiani,0,10,1981,0
stohr,Siegfried Stohr,0,10,1981,0
jones,Alan Jones,3,11,1981,27
watson,John Watson,1,11,1981,21
salazar,Eliseo Salazar,0,11,1981,0
jarier,Jean-Pierre Jarier,0,11,1981,0
reutemann,Carlos Reutemann,2,11,1981,45
borgudd,Slim Borgudd,0,11,1981,1
pironi,Didier Pironi,0,11,1981,7
gilles_villeneuve,Gilles Villeneuve,0,11,1981,21
henton,Brian Henton,0,11,1981,0
daly,Derek Daly,0,11,1981,0
mario_andretti,Mario Andretti,0,11,1981,3
rebaque,Hector Rebaque,0,11,1981,8
gabbiani,Beppe Gabbiani,0,11,1981,0
stohr,Siegfried Stohr,0,11,1981,0
piquet,Nelson Piquet,4,11,1981,39
giacomelli,Bruno Giacomelli,0,11,1981,0
cheever,Eddie Cheever,0,11,1981,10
arnoux,René Arnoux,6,11,1981,11
laffite,Jacques Laffite,9,11,1981,34
angelis,Elio de Angelis,0,11,1981,8
tambay,Patrick Tambay,0,11,1981,1
surer,Marc Surer,0,11,1981,4
mansell,Nigel Mansell,0,11,1981,5
alboreto,Michele Alboreto,0,11,1981,0
cesaris,Andrea de Cesaris,0,11,1981,1
prost,Alain Prost,0,11,1981,19
warwick,Derek Warwick,0,11,1981,0
patrese,Riccardo Patrese,0,11,1981,10
mansell,Nigel Mansell,0,12,1981,5
alboreto,Michele Alboreto,0,12,1981,0
cesaris,Andrea de Cesaris,0,12,1981,1
prost,Alain Prost,9,12,1981,28
warwick,Derek Warwick,0,12,1981,0
patrese,Riccardo Patrese,0,12,1981,10
piquet,Nelson Piquet,6,12,1981,45
giacomelli,Bruno Giacomelli,0,12,1981,0
cheever,Eddie Cheever,0,12,1981,10
arnoux,René Arnoux,0,12,1981,11
laffite,Jacques Laffite,0,12,1981,34
angelis,Elio de Angelis,2,12,1981,10
tambay,Patrick Tambay,0,12,1981,1
surer,Marc Surer,0,12,1981,4
keke_rosberg,Keke Rosberg,0,12,1981,0
jones,Alan Jones,4,12,1981,31
watson,John Watson,0,12,1981,21
serra,Chico Serra,0,12,1981,0
salazar,Eliseo Salazar,1,12,1981,1
jarier,Jean-Pierre Jarier,0,12,1981,0
reutemann,Carlos Reutemann,0,12,1981,45
borgudd,Slim Borgudd,0,12,1981,1
pironi,Didier Pironi,0,12,1981,7
gilles_villeneuve,Gilles Villeneuve,0,12,1981,21
henton,Brian Henton,0,12,1981,0
daly,Derek Daly,0,12,1981,0
mario_andretti,Mario Andretti,0,12,1981,3
rebaque,Hector Rebaque,3,12,1981,11
gabbiani,Beppe Gabbiani,0,12,1981,0
stohr,Siegfried Stohr,0,12,1981,0
jones,Alan Jones,6,13,1981,37
watson,John Watson,0,13,1981,21
serra,Chico Serra,0,13,1981,0
salazar,Eliseo Salazar,0,13,1981,1
jarier,Jean-Pierre Jarier,0,13,1981,0
reutemann,Carlos Reutemann,4,13,1981,49
borgudd,Slim Borgudd,0,13,1981,1
pironi,Didier Pironi,2,13,1981,9
gilles_villeneuve,Gilles Villeneuve,0,13,1981,21
henton,Brian Henton,0,13,1981,0
daly,Derek Daly,0,13,1981,0
mario_andretti,Mario Andretti,0,13,1981,3
rebaque,Hector Rebaque,0,13,1981,11
gabbiani,Beppe Gabbiani,0,13,1981,0
stohr,Siegfried Stohr,0,13,1981,0
piquet,Nelson Piquet,1,13,1981,46
giacomelli,Bruno Giacomelli,0,13,1981,0
cheever,Eddie Cheever,0,13,1981,10
arnoux,René Arnoux,0,13,1981,11
laffite,Jacques Laffite,0,13,1981,34
angelis,Elio de Angelis,3,13,1981,13
tambay,Patrick Tambay,0,13,1981,1
surer,Marc Surer,0,13,1981,4
keke_rosberg,Keke Rosberg,0,13,1981,0
mansell,Nigel Mansell,0,13,1981,5
alboreto,Michele Alboreto,0,13,1981,0
cesaris,Andrea de Cesaris,0,13,1981,1
prost,Alain Prost,9,13,1981,37
warwick,Derek Warwick,0,13,1981,0
patrese,Riccardo Patrese,0,13,1981,10
mansell,Nigel Mansell,0,14,1981,5
alboreto,Michele Alboreto,0,14,1981,0
cesaris,Andrea de Cesaris,0,14,1981,1
prost,Alain Prost,0,14,1981,37
warwick,Derek Warwick,0,14,1981,0
patrese,Riccardo Patrese,0,14,1981,10
piquet,Nelson Piquet,2,14,1981,48
giacomelli,Bruno Giacomelli,3,14,1981,3
cheever,Eddie Cheever,0,14,1981,10
arnoux,René Arnoux,0,14,1981,11
laffite,Jacques Laffite,9,14,1981,43
angelis,Elio de Angelis,1,14,1981,14
tambay,Patrick Tambay,0,14,1981,1
surer,Marc Surer,0,14,1981,4
keke_rosberg,Keke Rosberg,0,14,1981,0
jones,Alan Jones,0,14,1981,37
watson,John Watson,6,14,1981,27
serra,Chico Serra,0,14,1981,0
salazar,Eliseo Salazar,0,14,1981,1
jarier,Jean-Pierre Jarier,0,14,1981,0
villeneuve_sr,Jacques Villeneuve Sr.,0,14,1981,0
reutemann,Carlos Reutemann,0,14,1981,49
borgudd,Slim Borgudd,0,14,1981,1
pironi,Didier Pironi,0,14,1981,9
gilles_villeneuve,Gilles Villeneuve,4,14,1981,25
henton,Brian Henton,0,14,1981,0
daly,Derek Daly,0,14,1981,0
mario_andretti,Mario Andretti,0,14,1981,3
rebaque,Hector Rebaque,0,14,1981,11
gabbiani,Beppe Gabbiani,0,14,1981,0
jones,Alan Jones,9,15,1981,46
watson,John Watson,0,15,1981,27
serra,Chico Serra,0,15,1981,0
salazar,Eliseo Salazar,0,15,1981,1
jarier,Jean-Pierre Jarier,0,15,1981,0
villeneuve_sr,Jacques Villeneuve Sr.,0,15,1981,0
reutemann,Carlos Reutemann,0,15,1981,49
borgudd,Slim Borgudd,0,15,1981,1
pironi,Didier Pironi,0,15,1981,9
gilles_villeneuve,Gilles Villeneuve,0,15,1981,25
henton,Brian Henton,0,15,1981,0
daly,Derek Daly,0,15,1981,0
mario_andretti,Mario Andretti,0,15,1981,3
rebaque,Hector Rebaque,0,15,1981,11
gabbiani,Beppe Gabbiani,0,15,1981,0
piquet,Nelson Piquet,2,15,1981,50
giacomelli,Bruno Giacomelli,4,15,1981,7
cheever,Eddie Cheever,0,15,1981,10
arnoux,René Arnoux,0,15,1981,11
laffite,Jacques Laffite,1,15,1981,44
angelis,Elio de Angelis,0,15,1981,14
tambay,Patrick Tambay,0,15,1981,1
surer,Marc Surer,0,15,1981,4
keke_rosberg,Keke Rosberg,0,15,1981,0
mansell,Nigel Mansell,3,15,1981,8
alboreto,Michele Alboreto,0,15,1981,0
cesaris,Andrea de Cesaris,0,15,1981,1
prost,Alain Prost,6,15,1981,43
warwick,Derek Warwick,0,15,1981,0
patrese,Riccardo Patrese,0,15,1981,10
prost,Alain Prost,1,1,1980,1
patrese,Riccardo Patrese,0,1,1980,0
lammers,Jan Lammers,0,1,1980,0
piquet,Nelson Piquet,6,1,1980,6
johansson,Stefan Johansson,0,1,1980,0
giacomelli,Bruno Giacomelli,2,1,1980,2
cheever,Eddie Cheever,0,1,1980,0
arnoux,René Arnoux,0,1,1980,0
laffite,Jacques Laffite,0,1,1980,0
angelis,Elio de Angelis,0,1,1980,0
surer,Marc Surer,0,1,1980,0
keke_rosberg,Keke Rosberg,4,1,1980,4
jones,Alan Jones,9,1,1980,9
watson,John Watson,0,1,1980,0
jarier,Jean-Pierre Jarier,0,1,1980,0
reutemann,Carlos Reutemann,0,1,1980,0
mass,Jochen Mass,0,1,1980,0
pironi,Didier Pironi,0,1,1980,0
gilles_villeneuve,Gilles Villeneuve,0,1,1980,0
daly,Derek Daly,3,1,1980,3
mario_andretti,Mario Andretti,0,1,1980,0
zunino,Ricardo Zunino,0,1,1980,0
jabouille,Jean-Pierre Jabouille,0,1,1980,0
depailler,Patrick Depailler,0,1,1980,0
scheckter,Jody Scheckter,0,1,1980,0
regazzoni,Clay Regazzoni,0,1,1980,0
emerson_fittipaldi,Emerson Fittipaldi,0,1,1980,0
kennedy,Dave Kennedy,0,1,1980,0
jones,Alan Jones,4,2,1980,13
watson,John Watson,0,2,1980,0
jarier,Jean-Pierre Jarier,0,2,1980,0
reutemann,Carlos Reutemann,0,2,1980,0
mass,Jochen Mass,0,2,1980,0
pironi,Didier Pironi,3,2,1980,3
gilles_villeneuve,Gilles Villeneuve,0,2,1980,0
daly,Derek Daly,0,2,1980,3
mario_andretti,Mario Andretti,0,2,1980,0
zunino,Ricardo Zunino,0,2,1980,0
jabouille,Jean-Pierre Jabouille,0,2,1980,0
depailler,Patrick Depailler,0,2,1980,0
scheckter,Jody Scheckter,0,2,1980,0
regazzoni,Clay Regazzoni,0,2,1980,0
emerson_fittipaldi,Emerson Fittipaldi,0,2,1980,0
kennedy,Dave Kennedy,0,2,1980,0
lammers,Jan Lammers,0,2,1980,0
piquet,Nelson Piquet,0,2,1980,6
johansson,Stefan Johansson,0,2,1980,0
giacomelli,Bruno Giacomelli,0,2,1980,2
cheever,Eddie Cheever,0,2,1980,0
arnoux,René Arnoux,9,2,1980,9
laffite,Jacques Laffite,0,2,1980,0
angelis,Elio de Angelis,6,2,1980,6
surer,Marc Surer,0,2,1980,0
keke_rosberg,Keke Rosberg,0,2,1980,4
prost,Alain Prost,2,2,1980,3
patrese,Riccardo Patrese,1,2,1980,1
prost,Alain Prost,0,3,1980,3
patrese,Riccardo Patrese,0,3,1980,1
lammers,Jan Lammers,0,3,1980,0
piquet,Nelson Piquet,3,3,1980,9
giacomelli,Bruno Giacomelli,0,3,1980,2
cheever,Eddie Cheever,0,3,1980,0
arnoux,René Arnoux,9,3,1980,18
laffite,Jacques Laffite,6,3,1980,6
angelis,Elio de Angelis,0,3,1980,6
surer,Marc Surer,0,3,1980,0
keke_rosberg,Keke Rosberg,0,3,1980,4
jones,Alan Jones,0,3,1980,13
watson,John Watson,0,3,1980,0
jarier,Jean-Pierre Jarier,0,3,1980,0
reutemann,Carlos Reutemann,2,3,1980,2
mass,Jochen Mass,1,3,1980,1
pironi,Didier Pironi,4,3,1980,7
gilles_villeneuve,Gilles Villeneuve,0,3,1980,0
daly,Derek Daly,0,3,1980,3
mario_andretti,Mario Andretti,0,3,1980,0
lees,Geoff Lees,0,3,1980,0
zunino,Ricardo Zunino,0,3,1980,0
jabouille,Jean-Pierre Jabouille,0,3,1980,0
depailler,Patrick Depailler,0,3,1980,0
scheckter,Jody Scheckter,0,3,1980,0
regazzoni,Clay Regazzoni,0,3,1980,0
emerson_fittipaldi,Emerson Fittipaldi,0,3,1980,0
kennedy,Dave Kennedy,0,3,1980,0
jones,Alan Jones,0,4,1980,13
watson,John Watson,3,4,1980,3
jarier,Jean-Pierre Jarier,0,4,1980,0
reutemann,Carlos Reutemann,0,4,1980,2
mass,Jochen Mass,0,4,1980,1
pironi,Didier Pironi,1,4,1980,8
gilles_villeneuve,Gilles Villeneuve,0,4,1980,0
daly,Derek Daly,0,4,1980,3
mario_andretti,Mario Andretti,0,4,1980,0
lees,Geoff Lees,0,4,1980,0
zunino,Ricardo Zunino,0,4,1980,0
jabouille,Jean-Pierre Jabouille,0,4,1980,0
depailler,Patrick Depailler,0,4,1980,0
scheckter,Jody Scheckter,2,4,1980,2
regazzoni,Clay Regazzoni,0,4,1980,0
emerson_fittipaldi,Emerson Fittipaldi,4,4,1980,4
kennedy,Dave Kennedy,0,4,1980,0
south,Stephen South,0,4,1980,0
lammers,Jan Lammers,0,4,1980,0
piquet,Nelson Piquet,9,4,1980,18
giacomelli,Bruno Giacomelli,0,4,1980,2
cheever,Eddie Cheever,0,4,1980,0
arnoux,René Arnoux,0,4,1980,18
laffite,Jacques Laffite,0,4,1980,6
angelis,Elio de Angelis,0,4,1980,6
keke_rosberg,Keke Rosberg,0,4,1980,4
patrese,Riccardo Patrese,6,4,1980,7
prost,Alain Prost,0,5,1980,3
patrese,Riccardo Patrese,0,5,1980,7
lammers,Jan Lammers,0,5,1980,0
piquet,Nelson Piquet,0,5,1980,18
giacomelli,Bruno Giacomelli,0,5,1980,2
cheever,Eddie Cheever,0,5,1980,0
arnoux,René Arnoux,3,5,1980,21
laffite,Jacques Laffite,0,5,1980,6
angelis,Elio de Angelis,0,5,1980,6
keke_rosberg,Keke Rosberg,0,5,1980,4
jones,Alan Jones,6,5,1980,19
watson,John Watson,0,5,1980,3
jarier,Jean-Pierre Jarier,2,5,1980,2
reutemann,Carlos Reutemann,4,5,1980,6
mass,Jochen Mass,0,5,1980,1
pironi,Didier Pironi,9,5,1980,17
gilles_villeneuve,Gilles Villeneuve,1,5,1980,1
daly,Derek Daly,0,5,1980,3
mario_andretti,Mario Andretti,0,5,1980,0
lees,Geoff Lees,0,5,1980,0
zunino,Ricardo Zunino,0,5,1980,0
jabouille,Jean-Pierre Jabouille,0,5,1980,0
depailler,Patrick Depailler,0,5,1980,0
scheckter,Jody Scheckter,0,5,1980,2
emerson_fittipaldi,Emerson Fittipaldi,0,5,1980,4
kennedy,Dave Kennedy,0,5,1980,0
needell,Tiff Needell,0,5,1980,0
jones,Alan Jones,0,6,1980,19
watson,John Watson,0,6,1980,3
jarier,Jean-Pierre Jarier,0,6,1980,2
reutemann,Carlos Reutemann,9,6,1980,15
mass,Jochen Mass,3,6,1980,4
pironi,Didier Pironi,0,6,1980,17
gilles_villeneuve,Gilles Villeneuve,2,6,1980,3
daly,Derek Daly,0,6,1980,3
mario_andretti,Mario Andretti,0,6,1980,0
lees,Geoff Lees,0,6,1980,0
zunino,Ricardo Zunino,0,6,1980,0
jabouille,Jean-Pierre Jabouille,0,6,1980,0
depailler,Patrick Depailler,0,6,1980,0
scheckter,Jody Scheckter,0,6,1980,2
emerson_fittipaldi,Emerson Fittipaldi,1,6,1980,5
kennedy,Dave Kennedy,0,6,1980,0
needell,Tiff Needell,0,6,1980,0
lammers,Jan Lammers,0,6,1980,0
piquet,Nelson Piquet,4,6,1980,22
giacomelli,Bruno Giacomelli,0,6,1980,2
cheever,Eddie Cheever,0,6,1980,0
arnoux,René Arnoux,0,6,1980,21
laffite,Jacques Laffite,6,6,1980,12
angelis,Elio de Angelis,0,6,1980,6
keke_rosberg,Keke Rosberg,0,6,1980,4
prost,Alain Prost,0,6,1980,3
patrese,Riccardo Patrese,0,6,1980,7
prost,Alain Prost,0,7,1980,3
patrese,Riccardo Patrese,0,7,1980,7
lammers,Jan Lammers,0,7,1980,0
piquet,Nelson Piquet,3,7,1980,25
giacomelli,Bruno Giacomelli,0,7,1980,2
cheever,Eddie Cheever,0,7,1980,0
arnoux,René Arnoux,2,7,1980,23
laffite,Jacques Laffite,4,7,1980,16
angelis,Elio de Angelis,0,7,1980,6
surer,Marc Surer,0,7,1980,0
keke_rosberg,Keke Rosberg,0,7,1980,4
jones,Alan Jones,9,7,1980,28
watson,John Watson,0,7,1980,3
jarier,Jean-Pierre Jarier,0,7,1980,2
reutemann,Carlos Reutemann,1,7,1980,16
mass,Jochen Mass,0,7,1980,4
pironi,Didier Pironi,6,7,1980,23
gilles_villeneuve,Gilles Villeneuve,0,7,1980,3
daly,Derek Daly,0,7,1980,3
mario_andretti,Mario Andretti,0,7,1980,0
lees,Geoff Lees,0,7,1980,0
zunino,Ricardo Zunino,0,7,1980,0
jabouille,Jean-Pierre Jabouille,0,7,1980,0
depailler,Patrick Depailler,0,7,1980,0
scheckter,Jody Scheckter,0,7,1980,2
emerson_fittipaldi,Emerson Fittipaldi,0,7,1980,5
kennedy,Dave Kennedy,0,7,1980,0
jones,Alan Jones,9,8,1980,37
watson,John Watson,0,8,1980,3
jarier,Jean-Pierre Jarier,2,8,1980,4
reutemann,Carlos Reutemann,4,8,1980,20
mass,Jochen Mass,0,8,1980,4
pironi,Didier Pironi,0,8,1980,23
gilles_villeneuve,Gilles Villeneuve,0,8,1980,3
daly,Derek Daly,3,8,1980,6
mario_andretti,Mario Andretti,0,8,1980,0
keegan,Rupert Keegan,0,8,1980,0
rebaque,Hector Rebaque,0,8,1980,0
jabouille,Jean-Pierre Jabouille,0,8,1980,0
depailler,Patrick Depailler,0,8,1980,0
scheckter,Jody Scheckter,0,8,1980,2
emerson_fittipaldi,Emerson Fittipaldi,0,8,1980,5
desire_wilson,Desiré Wilson,0,8,1980,0
lammers,Jan Lammers,0,8,1980,0
piquet,Nelson Piquet,6,8,1980,31
giacomelli,Bruno Giacomelli,0,8,1980,2
cheever,Eddie Cheever,0,8,1980,0
arnoux,René Arnoux,0,8,1980,23
laffite,Jacques Laffite,0,8,1980,16
angelis,Elio de Angelis,0,8,1980,6
surer,Marc Surer,0,8,1980,0
keke_rosberg,Keke Rosberg,0,8,1980,4
prost,Alain Prost,1,8,1980,4
patrese,Riccardo Patrese,0,8,1980,7
prost,Alain Prost,0,9,1980,4
patrese,Riccardo Patrese,0,9,1980,7
lammers,Jan Lammers,0,9,1980,0
piquet,Nelson Piquet,3,9,1980,34
giacomelli,Bruno Giacomelli,2,9,1980,4
cheever,Eddie Cheever,0,9,1980,0
arnoux,René Arnoux,0,9,1980,23
laffite,Jacques Laffite,9,9,1980,25
angelis,Elio de Angelis,0,9,1980,6
surer,Marc Surer,0,9,1980,0
keke_rosberg,Keke Rosberg,0,9,1980,4
jones,Alan Jones,4,9,1980,41
watson,John Watson,0,9,1980,3
jarier,Jean-Pierre Jarier,0,9,1980,4
reutemann,Carlos Reutemann,6,9,1980,26
mass,Jochen Mass,0,9,1980,4
pironi,Didier Pironi,0,9,1980,23
gilles_villeneuve,Gilles Villeneuve,1,9,1980,4
daly,Derek Daly,0,9,1980,6
mario_andretti,Mario Andretti,0,9,1980,0
keegan,Rupert Keegan,0,9,1980,0
rebaque,Hector Rebaque,0,9,1980,0
jabouille,Jean-Pierre Jabouille,0,9,1980,0
scheckter,Jody Scheckter,0,9,1980,2
emerson_fittipaldi,Emerson Fittipaldi,0,9,1980,5
ertl,Harald Ertl,0,9,1980,0
jones,Alan Jones,6,10,1980,47
watson,John Watson,0,10,1980,3
jarier,Jean-Pierre Jarier,0,10,1980,4
reutemann,Carlos Reutemann,4,10,1980,30
mass,Jochen Mass,0,10,1980,4
pironi,Didier Pironi,0,10,1980,23
gilles_villeneuve,Gilles Villeneuve,0,10,1980,4
daly,Derek Daly,0,10,1980,6
mario_andretti,Mario Andretti,0,10,1980,0
keegan,Rupert Keegan,0,10,1980,0
rebaque,Hector Rebaque,0,10,1980,0
jabouille,Jean-Pierre Jabouille,9,10,1980,9
scheckter,Jody Scheckter,0,10,1980,2
emerson_fittipaldi,Emerson Fittipaldi,0,10,1980,5
lammers,Jan Lammers,0,10,1980,0
piquet,Nelson Piquet,2,10,1980,36
giacomelli,Bruno Giacomelli,0,10,1980,4
cheever,Eddie Cheever,0,10,1980,0
arnoux,René Arnoux,0,10,1980,23
laffite,Jacques Laffite,3,10,1980,28
angelis,Elio de Angelis,1,10,1980,7
surer,Marc Surer,0,10,1980,0
keke_rosberg,Keke Rosberg,0,10,1980,4
mansell,Nigel Mansell,0,10,1980,0
prost,Alain Prost,0,10,1980,4
patrese,Riccardo Patrese,0,10,1980,7
mansell,Nigel Mansell,0,11,1980,0
prost,Alain Prost,1,11,1980,5
patrese,Riccardo Patrese,0,11,1980,7
lammers,Jan Lammers,0,11,1980,0
piquet,Nelson Piquet,9,11,1980,45
giacomelli,Bruno Giacomelli,0,11,1980,4
cheever,Eddie Cheever,0,11,1980,0
arnoux,René Arnoux,6,11,1980,29
laffite,Jacques Laffite,4,11,1980,32
angelis,Elio de Angelis,0,11,1980,7
surer,Marc Surer,0,11,1980,0
keke_rosberg,Keke Rosberg,0,11,1980,4
jones,Alan Jones,0,11,1980,47
watson,John Watson,0,11,1980,3
thackwell,Mike Thackwell,0,11,1980,0
jarier,Jean-Pierre Jarier,2,11,1980,6
reutemann,Carlos Reutemann,3,11,1980,33
mass,Jochen Mass,0,11,1980,4
pironi,Didier Pironi,0,11,1980,23
gilles_villeneuve,Gilles Villeneuve,0,11,1980,4
daly,Derek Daly,0,11,1980,6
mario_andretti,Mario Andretti,0,11,1980,0
lees,Geoff Lees,0,11,1980,0
keegan,Rupert Keegan,0,11,1980,0
rebaque,Hector Rebaque,0,11,1980,0
jabouille,Jean-Pierre Jabouille,0,11,1980,9
scheckter,Jody Scheckter,0,11,1980,2
emerson_fittipaldi,Emerson Fittipaldi,0,11,1980,5
brambilla,Vittorio Brambilla,0,11,1980,0
jones,Alan Jones,6,12,1980,53
manfred_winkelhock,Manfred Winkelhock,0,12,1980,0
watson,John Watson,0,12,1980,3
jarier,Jean-Pierre Jarier,0,12,1980,6
reutemann,Carlos Reutemann,4,12,1980,37
pironi,Didier Pironi,1,12,1980,24
gilles_villeneuve,Gilles Villeneuve,0,12,1980,4
daly,Derek Daly,0,12,1980,6
mario_andretti,Mario Andretti,0,12,1980,0
lees,Geoff Lees,0,12,1980,0
keegan,Rupert Keegan,0,12,1980,0
rebaque,Hector Rebaque,0,12,1980,0
jabouille,Jean-Pierre Jabouille,0,12,1980,9
scheckter,Jody Scheckter,0,12,1980,2
emerson_fittipaldi,Emerson Fittipaldi,0,12,1980,5
brambilla,Vittorio Brambilla,0,12,1980,0
lammers,Jan Lammers,0,12,1980,0
piquet,Nelson Piquet,9,12,1980,54
giacomelli,Bruno Giacomelli,0,12,1980,4
cheever,Eddie Cheever,0,12,1980,0
arnoux,René Arnoux,0,12,1980,29
laffite,Jacques Laffite,0,12,1980,32
angelis,Elio de Angelis,3,12,1980,10
surer,Marc Surer,0,12,1980,0
keke_rosberg,Keke Rosberg,2,12,1980,6
mansell,Nigel Mansell,0,12,1980,0
prost,Alain Prost,0,12,1980,5
patrese,Riccardo Patrese,0,12,1980,7
cesaris,Andrea de Cesaris,0,13,1980,0
prost,Alain Prost,0,13,1980,5
patrese,Riccardo Patrese,0,13,1980,7
lammers,Jan Lammers,0,13,1980,0
piquet,Nelson Piquet,0,13,1980,54
giacomelli,Bruno Giacomelli,0,13,1980,4
cheever,Eddie Cheever,0,13,1980,0
arnoux,René Arnoux,0,13,1980,29
laffite,Jacques Laffite,0,13,1980,32
angelis,Elio de Angelis,0,13,1980,10
surer,Marc Surer,0,13,1980,0
keke_rosberg,Keke Rosberg,0,13,1980,6
jones,Alan Jones,9,13,1980,62
watson,John Watson,3,13,1980,6
thackwell,Mike Thackwell,0,13,1980,0
jarier,Jean-Pierre Jarier,0,13,1980,6
reutemann,Carlos Reutemann,6,13,1980,43
mass,Jochen Mass,0,13,1980,4
pironi,Didier Pironi,4,13,1980,28
gilles_villeneuve,Gilles Villeneuve,2,13,1980,6
daly,Derek Daly,0,13,1980,6
mario_andretti,Mario Andretti,0,13,1980,0
keegan,Rupert Keegan,0,13,1980,0
rebaque,Hector Rebaque,1,13,1980,1
cogan,Kevin Cogan,0,13,1980,0
jabouille,Jean-Pierre Jabouille,0,13,1980,9
scheckter,Jody Scheckter,0,13,1980,2
emerson_fittipaldi,Emerson Fittipaldi,0,13,1980,5
jones,Alan Jones,9,14,1980,71
watson,John Watson,0,14,1980,6
thackwell,Mike Thackwell,0,14,1980,0
jarier,Jean-Pierre Jarier,0,14,1980,6
reutemann,Carlos Reutemann,6,14,1980,49
mass,Jochen Mass,0,14,1980,4
pironi,Didier Pironi,4,14,1980,32
gilles_villeneuve,Gilles Villeneuve,0,14,1980,6
daly,Derek Daly,0,14,1980,6
mario_andretti,Mario Andretti,1,14,1980,1
lees,Geoff Lees,0,14,1980,0
keegan,Rupert Keegan,0,14,1980,0
rebaque,Hector Rebaque,0,14,1980,1
scheckter,Jody Scheckter,0,14,1980,2
emerson_fittipaldi,Emerson Fittipaldi,0,14,1980,5
lammers,Jan Lammers,0,14,1980,0
piquet,Nelson Piquet,0,14,1980,54
giacomelli,Bruno Giacomelli,0,14,1980,4
cheever,Eddie Cheever,0,14,1980,0
arnoux,René Arnoux,0,14,1980,29
laffite,Jacques Laffite,2,14,1980,34
angelis,Elio de Angelis,3,14,1980,13
surer,Marc Surer,0,14,1980,0
keke_rosberg,Keke Rosberg,0,14,1980,6
cesaris,Andrea de Cesaris,0,14,1980,0
prost,Alain Prost,0,14,1980,5
patrese,Riccardo Patrese,0,14,1980,7
patrese,Riccardo Patrese,0,1,1979,0
lammers,Jan Lammers,0,1,1979,0
piquet,Nelson Piquet,0,1,1979,0
arnoux,René Arnoux,0,1,1979,0
laffite,Jacques Laffite,9,1,1979,9
angelis,Elio de Angelis,0,1,1979,0
tambay,Patrick Tambay,0,1,1979,0
jones,Alan Jones,0,1,1979,0
lauda,Niki Lauda,0,1,1979,0
watson,John Watson,4,1,1979,4
jarier,Jean-Pierre Jarier,0,1,1979,0
reutemann,Carlos Reutemann,6,1,1979,6
mass,Jochen Mass,0,1,1979,0
pironi,Didier Pironi,0,1,1979,0
gilles_villeneuve,Gilles Villeneuve,0,1,1979,0
daly,Derek Daly,0,1,1979,0
mario_andretti,Mario Andretti,2,1,1979,2
rebaque,Hector Rebaque,0,1,1979,0
jabouille,Jean-Pierre Jabouille,0,1,1979,0
depailler,Patrick Depailler,3,1,1979,3
scheckter,Jody Scheckter,0,1,1979,0
regazzoni,Clay Regazzoni,0,1,1979,0
emerson_fittipaldi,Emerson Fittipaldi,1,1,1979,1
hunt,James Hunt,0,1,1979,0
merzario,Arturo Merzario,0,1,1979,0
stuck,Hans-Joachim Stuck,0,1,1979,0
lauda,Niki Lauda,0,2,1979,0
watson,John Watson,0,2,1979,4
jarier,Jean-Pierre Jarier,0,2,1979,0
reutemann,Carlos Reutemann,4,2,1979,10
mass,Jochen Mass,0,2,1979,0
pironi,Didier Pironi,3,2,1979,3
gilles_villeneuve,Gilles Villeneuve,2,2,1979,2
daly,Derek Daly,0,2,1979,0
mario_andretti,Mario Andretti,0,2,1979,2
rebaque,Hector Rebaque,0,2,1979,0
jabouille,Jean-Pierre Jabouille,0,2,1979,0
depailler,Patrick Depailler,6,2,1979,9
scheckter,Jody Scheckter,1,2,1979,1
regazzoni,Clay Regazzoni,0,2,1979,0
emerson_fittipaldi,Emerson Fittipaldi,0,2,1979,1
hunt,James Hunt,0,2,1979,0
merzario,Arturo Merzario,0,2,1979,0
stuck,Hans-Joachim Stuck,0,2,1979,0
lammers,Jan Lammers,0,2,1979,0
piquet,Nelson Piquet,0,2,1979,0
arnoux,René Arnoux,0,2,1979,0
laffite,Jacques Laffite,9,2,1979,18
angelis,Elio de Angelis,0,2,1979,0
tambay,Patrick Tambay,0,2,1979,0
jones,Alan Jones,0,2,1979,0
patrese,Riccardo Patrese,0,2,1979,0
patrese,Riccardo Patrese,0,3,1979,0
lammers,Jan Lammers,0,3,1979,0
piquet,Nelson Piquet,0,3,1979,0
arnoux,René Arnoux,0,3,1979,0
laffite,Jacques Laffite,0,3,1979,18
angelis,Elio de Angelis,0,3,1979,0
tambay,Patrick Tambay,0,3,1979,0
jones,Alan Jones,0,3,1979,0
lauda,Niki Lauda,1,3,1979,1
watson,John Watson,0,3,1979,4
jarier,Jean-Pierre Jarier,4,3,1979,4
reutemann,Carlos Reutemann,2,3,1979,12
mass,Jochen Mass,0,3,1979,0
pironi,Didier Pironi,0,3,1979,3
gilles_villeneuve,Gilles Villeneuve,9,3,1979,11
daly,Derek Daly,0,3,1979,0
mario_andretti,Mario Andretti,3,3,1979,5
rebaque,Hector Rebaque,0,3,1979,0
jabouille,Jean-Pierre Jabouille,0,3,1979,0
depailler,Patrick Depailler,0,3,1979,9
scheckter,Jody Scheckter,6,3,1979,7
regazzoni,Clay Regazzoni,0,3,1979,0
emerson_fittipaldi,Emerson Fittipaldi,0,3,1979,1
hunt,James Hunt,0,3,1979,0
merzario,Arturo Merzario,0,3,1979,0
stuck,Hans-Joachim Stuck,0,3,1979,0
lauda,Niki Lauda,0,4,1979,1
watson,John Watson,0,4,1979,4
jarier,Jean-Pierre Jarier,1,4,1979,5
reutemann,Carlos Reutemann,0,4,1979,12
mass,Jochen Mass,0,4,1979,0
pironi,Didier Pironi,0,4,1979,3
gilles_villeneuve,Gilles Villeneuve,9,4,1979,20
daly,Derek Daly,0,4,1979,0
mario_andretti,Mario Andretti,3,4,1979,8
rebaque,Hector Rebaque,0,4,1979,0
jabouille,Jean-Pierre Jabouille,0,4,1979,0
depailler,Patrick Depailler,2,4,1979,11
scheckter,Jody Scheckter,6,4,1979,13
regazzoni,Clay Regazzoni,0,4,1979,0
emerson_fittipaldi,Emerson Fittipaldi,0,4,1979,1
hunt,James Hunt,0,4,1979,0
merzario,Arturo Merzario,0,4,1979,0
stuck,Hans-Joachim Stuck,0,4,1979,0
lammers,Jan Lammers,0,4,1979,0
piquet,Nelson Piquet,0,4,1979,0
arnoux,René Arnoux,0,4,1979,0
laffite,Jacques Laffite,0,4,1979,18
angelis,Elio de Angelis,0,4,1979,0
tambay,Patrick Tambay,0,4,1979,0
jones,Alan Jones,4,4,1979,4
patrese,Riccardo Patrese,0,4,1979,0
patrese,Riccardo Patrese,0,5,1979,0
lammers,Jan Lammers,0,5,1979,0
piquet,Nelson Piquet,0,5,1979,0
arnoux,René Arnoux,0,5,1979,0
laffite,Jacques Laffite,0,5,1979,18
angelis,Elio de Angelis,0,5,1979,0
tambay,Patrick Tambay,0,5,1979,0
jones,Alan Jones,0,5,1979,4
lauda,Niki Lauda,0,5,1979,1
watson,John Watson,0,5,1979,4
jarier,Jean-Pierre Jarier,2,5,1979,7
reutemann,Carlos Reutemann,6,5,1979,18
mass,Jochen Mass,0,5,1979,0
pironi,Didier Pironi,1,5,1979,4
gilles_villeneuve,Gilles Villeneuve,0,5,1979,20
daly,Derek Daly,0,5,1979,0
mario_andretti,Mario Andretti,4,5,1979,12
rebaque,Hector Rebaque,0,5,1979,0
jabouille,Jean-Pierre Jabouille,0,5,1979,0
depailler,Patrick Depailler,9,5,1979,20
scheckter,Jody Scheckter,3,5,1979,16
regazzoni,Clay Regazzoni,0,5,1979,0
emerson_fittipaldi,Emerson Fittipaldi,0,5,1979,1
hunt,James Hunt,0,5,1979,0
merzario,Arturo Merzario,0,5,1979,0
stuck,Hans-Joachim Stuck,0,5,1979,0
brancatelli,Gianfranco Brancatelli,0,5,1979,0
jones,Alan Jones,0,6,1979,4
lauda,Niki Lauda,0,6,1979,1
watson,John Watson,1,6,1979,5
jarier,Jean-Pierre Jarier,0,6,1979,7
reutemann,Carlos Reutemann,3,6,1979,21
mass,Jochen Mass,0,6,1979,0
pironi,Didier Pironi,4,6,1979,8
gilles_villeneuve,Gilles Villeneuve,0,6,1979,20
daly,Derek Daly,0,6,1979,0
mario_andretti,Mario Andretti,0,6,1979,12
rebaque,Hector Rebaque,0,6,1979,0
jabouille,Jean-Pierre Jabouille,0,6,1979,0
depailler,Patrick Depailler,0,6,1979,20
scheckter,Jody Scheckter,9,6,1979,25
regazzoni,Clay Regazzoni,0,6,1979,0
emerson_fittipaldi,Emerson Fittipaldi,0,6,1979,1
hunt,James Hunt,0,6,1979,0
merzario,Arturo Merzario,0,6,1979,0
stuck,Hans-Joachim Stuck,0,6,1979,0
brancatelli,Gianfranco Brancatelli,0,6,1979,0
lammers,Jan Lammers,0,6,1979,0
piquet,Nelson Piquet,0,6,1979,0
giacomelli,Bruno Giacomelli,0,6,1979,0
arnoux,René Arnoux,0,6,1979,0
laffite,Jacques Laffite,6,6,1979,24
angelis,Elio de Angelis,0,6,1979,0
tambay,Patrick Tambay,0,6,1979,0
patrese,Riccardo Patrese,2,6,1979,2
patrese,Riccardo Patrese,0,7,1979,2
lammers,Jan Lammers,0,7,1979,0
piquet,Nelson Piquet,0,7,1979,0
arnoux,René Arnoux,0,7,1979,0
laffite,Jacques Laffite,0,7,1979,24
angelis,Elio de Angelis,0,7,1979,0
tambay,Patrick Tambay,0,7,1979,0
jones,Alan Jones,0,7,1979,4
lauda,Niki Lauda,0,7,1979,1
watson,John Watson,3,7,1979,8
jarier,Jean-Pierre Jarier,0,7,1979,7
reutemann,Carlos Reutemann,4,7,1979,25
mass,Jochen Mass,1,7,1979,1
pironi,Didier Pironi,0,7,1979,8
gilles_villeneuve,Gilles Villeneuve,0,7,1979,20
daly,Derek Daly,0,7,1979,0
mario_andretti,Mario Andretti,0,7,1979,12
jabouille,Jean-Pierre Jabouille,0,7,1979,0
depailler,Patrick Depailler,2,7,1979,22
scheckter,Jody Scheckter,9,7,1979,34
regazzoni,Clay Regazzoni,6,7,1979,6
emerson_fittipaldi,Emerson Fittipaldi,0,7,1979,1
hunt,James Hunt,0,7,1979,0
stuck,Hans-Joachim Stuck,0,7,1979,0
brancatelli,Gianfranco Brancatelli,0,7,1979,0
jones,Alan Jones,3,8,1979,7
lauda,Niki Lauda,0,8,1979,1
watson,John Watson,0,8,1979,8
jarier,Jean-Pierre Jarier,2,8,1979,9
reutemann,Carlos Reutemann,0,8,1979,25
mass,Jochen Mass,0,8,1979,1
pironi,Didier Pironi,0,8,1979,8
gilles_villeneuve,Gilles Villeneuve,6,8,1979,26
mario_andretti,Mario Andretti,0,8,1979,12
rebaque,Hector Rebaque,0,8,1979,0
jabouille,Jean-Pierre Jabouille,9,8,1979,9
scheckter,Jody Scheckter,0,8,1979,34
regazzoni,Clay Regazzoni,1,8,1979,7
emerson_fittipaldi,Emerson Fittipaldi,0,8,1979,1
merzario,Arturo Merzario,0,8,1979,0
stuck,Hans-Joachim Stuck,0,8,1979,0
ickx,Jacky Ickx,0,8,1979,0
gaillard,Patrick Gaillard,0,8,1979,0
lammers,Jan Lammers,0,8,1979,0
piquet,Nelson Piquet,0,8,1979,0
giacomelli,Bruno Giacomelli,0,8,1979,0
arnoux,René Arnoux,4,8,1979,4
laffite,Jacques Laffite,0,8,1979,24
angelis,Elio de Angelis,0,8,1979,0
tambay,Patrick Tambay,0,8,1979,0
keke_rosberg,Keke Rosberg,0,8,1979,0
patrese,Riccardo Patrese,0,8,1979,2
patrese,Riccardo Patrese,0,9,1979,2
jones,Alan Jones,0,9,1979,7
lauda,Niki Lauda,0,9,1979,1
watson,John Watson,3,9,1979,11
jarier,Jean-Pierre Jarier,4,9,1979,13
reutemann,Carlos Reutemann,0,9,1979,25
mass,Jochen Mass,0,9,1979,1
pironi,Didier Pironi,0,9,1979,8
gilles_villeneuve,Gilles Villeneuve,0,9,1979,26
mario_andretti,Mario Andretti,0,9,1979,12
rebaque,Hector Rebaque,0,9,1979,0
jabouille,Jean-Pierre Jabouille,0,9,1979,9
scheckter,Jody Scheckter,2,9,1979,36
regazzoni,Clay Regazzoni,9,9,1979,16
emerson_fittipaldi,Emerson Fittipaldi,0,9,1979,1
merzario,Arturo Merzario,0,9,1979,0
stuck,Hans-Joachim Stuck,0,9,1979,0
lammers,Jan Lammers,0,9,1979,0
piquet,Nelson Piquet,0,9,1979,0
arnoux,René Arnoux,6,9,1979,10
laffite,Jacques Laffite,0,9,1979,24
angelis,Elio de Angelis,0,9,1979,0
tambay,Patrick Tambay,0,9,1979,0
keke_rosberg,Keke Rosberg,0,9,1979,0
ickx,Jacky Ickx,1,9,1979,1
gaillard,Patrick Gaillard,0,9,1979,0
ickx,Jacky Ickx,0,10,1979,1
gaillard,Patrick Gaillard,0,10,1979,0
patrese,Riccardo Patrese,0,10,1979,2
lammers,Jan Lammers,0,10,1979,0
piquet,Nelson Piquet,0,10,1979,0
arnoux,René Arnoux,0,10,1979,10
laffite,Jacques Laffite,4,10,1979,28
angelis,Elio de Angelis,0,10,1979,0
tambay,Patrick Tambay,0,10,1979,0
keke_rosberg,Keke Rosberg,0,10,1979,0
jones,Alan Jones,9,10,1979,16
lauda,Niki Lauda,0,10,1979,1
watson,John Watson,2,10,1979,13
reutemann,Carlos Reutemann,0,10,1979,25
mass,Jochen Mass,1,10,1979,2
pironi,Didier Pironi,0,10,1979,8
gilles_villeneuve,Gilles Villeneuve,0,10,1979,26
mario_andretti,Mario Andretti,0,10,1979,12
lees,Geoff Lees,0,10,1979,0
rebaque,Hector Rebaque,0,10,1979,0
jabouille,Jean-Pierre Jabouille,0,10,1979,9
scheckter,Jody Scheckter,3,10,1979,39
regazzoni,Clay Regazzoni,6,10,1979,22
emerson_fittipaldi,Emerson Fittipaldi,0,10,1979,1
merzario,Arturo Merzario,0,10,1979,0
stuck,Hans-Joachim Stuck,0,10,1979,0
jones,Alan Jones,9,11,1979,25
lauda,Niki Lauda,0,11,1979,1
watson,John Watson,0,11,1979,13
reutemann,Carlos Reutemann,0,11,1979,25
mass,Jochen Mass,0,11,1979,2
pironi,Didier Pironi,0,11,1979,8
gilles_villeneuve,Gilles Villeneuve,6,11,1979,32
daly,Derek Daly,0,11,1979,0
mario_andretti,Mario Andretti,0,11,1979,12
rebaque,Hector Rebaque,0,11,1979,0
jabouille,Jean-Pierre Jabouille,0,11,1979,9
scheckter,Jody Scheckter,3,11,1979,42
regazzoni,Clay Regazzoni,2,11,1979,24
emerson_fittipaldi,Emerson Fittipaldi,0,11,1979,1
merzario,Arturo Merzario,0,11,1979,0
stuck,Hans-Joachim Stuck,0,11,1979,0
ickx,Jacky Ickx,0,11,1979,1
gaillard,Patrick Gaillard,0,11,1979,0
lammers,Jan Lammers,0,11,1979,0
piquet,Nelson Piquet,0,11,1979,0
arnoux,René Arnoux,1,11,1979,11
laffite,Jacques Laffite,4,11,1979,32
angelis,Elio de Angelis,0,11,1979,0
tambay,Patrick Tambay,0,11,1979,0
keke_rosberg,Keke Rosberg,0,11,1979,0
patrese,Riccardo Patrese,0,11,1979,2
patrese,Riccardo Patrese,0,12,1979,2
jones,Alan Jones,9,12,1979,34
lauda,Niki Lauda,0,12,1979,1
watson,John Watson,0,12,1979,13
jarier,Jean-Pierre Jarier,0,12,1979,13
reutemann,Carlos Reutemann,0,12,1979,25
mass,Jochen Mass,1,12,1979,3
pironi,Didier Pironi,0,12,1979,8
gilles_villeneuve,Gilles Villeneuve,0,12,1979,32
mario_andretti,Mario Andretti,0,12,1979,12
rebaque,Hector Rebaque,0,12,1979,0
jabouille,Jean-Pierre Jabouille,0,12,1979,9
scheckter,Jody Scheckter,6,12,1979,48
regazzoni,Clay Regazzoni,0,12,1979,24
emerson_fittipaldi,Emerson Fittipaldi,0,12,1979,1
merzario,Arturo Merzario,0,12,1979,0
stuck,Hans-Joachim Stuck,0,12,1979,0
lammers,Jan Lammers,0,12,1979,0
piquet,Nelson Piquet,3,12,1979,3
arnoux,René Arnoux,0,12,1979,11
laffite,Jacques Laffite,4,12,1979,36
angelis,Elio de Angelis,0,12,1979,0
tambay,Patrick Tambay,0,12,1979,0
keke_rosberg,Keke Rosberg,0,12,1979,0
ickx,Jacky Ickx,2,12,1979,3
gaillard,Patrick Gaillard,0,12,1979,0
ickx,Jacky Ickx,0,13,1979,3
patrese,Riccardo Patrese,0,13,1979,2
lammers,Jan Lammers,0,13,1979,0
piquet,Nelson Piquet,0,13,1979,3
giacomelli,Bruno Giacomelli,0,13,1979,0
arnoux,René Arnoux,0,13,1979,11
laffite,Jacques Laffite,0,13,1979,36
angelis,Elio de Angelis,0,13,1979,0
tambay,Patrick Tambay,0,13,1979,0
surer,Marc Surer,0,13,1979,0
keke_rosberg,Keke Rosberg,0,13,1979,0
jones,Alan Jones,0,13,1979,34
lauda,Niki Lauda,3,13,1979,4
watson,John Watson,0,13,1979,13
jarier,Jean-Pierre Jarier,1,13,1979,14
reutemann,Carlos Reutemann,0,13,1979,25
mass,Jochen Mass,0,13,1979,3
pironi,Didier Pironi,0,13,1979,8
gilles_villeneuve,Gilles Villeneuve,6,13,1979,38
mario_andretti,Mario Andretti,2,13,1979,14
rebaque,Hector Rebaque,0,13,1979,0
jabouille,Jean-Pierre Jabouille,0,13,1979,9
scheckter,Jody Scheckter,9,13,1979,57
regazzoni,Clay Regazzoni,4,13,1979,28
emerson_fittipaldi,Emerson Fittipaldi,0,13,1979,1
brambilla,Vittorio Brambilla,0,13,1979,0
merzario,Arturo Merzario,0,13,1979,0
stuck,Hans-Joachim Stuck,0,13,1979,0
jones,Alan Jones,9,14,1979,43
lauda,Niki Lauda,0,14,1979,4
watson,John Watson,1,14,1979,14
jarier,Jean-Pierre Jarier,0,14,1979,14
reutemann,Carlos Reutemann,0,14,1979,25
mass,Jochen Mass,0,14,1979,3
pironi,Didier Pironi,2,14,1979,10
gilles_villeneuve,Gilles Villeneuve,6,14,1979,44
daly,Derek Daly,0,14,1979,0
mario_andretti,Mario Andretti,0,14,1979,14
rebaque,Hector Rebaque,0,14,1979,0
zunino,Ricardo Zunino,0,14,1979,0
jabouille,Jean-Pierre Jabouille,0,14,1979,9
scheckter,Jody Scheckter,3,14,1979,60
regazzoni,Clay Regazzoni,4,14,1979,32
emerson_fittipaldi,Emerson Fittipaldi,0,14,1979,1
brambilla,Vittorio Brambilla,0,14,1979,0
merzario,Arturo Merzario,0,14,1979,0
stuck,Hans-Joachim Stuck,0,14,1979,0
ickx,Jacky Ickx,0,14,1979,3
ribeiro,Alex Ribeiro,0,14,1979,0
lammers,Jan Lammers,0,14,1979,0
piquet,Nelson Piquet,0,14,1979,3
arnoux,René Arnoux,0,14,1979,11
laffite,Jacques Laffite,0,14,1979,36
angelis,Elio de Angelis,0,14,1979,0
tambay,Patrick Tambay,0,14,1979,0
surer,Marc Surer,0,14,1979,0
keke_rosberg,Keke Rosberg,0,14,1979,0
patrese,Riccardo Patrese,0,14,1979,2
patrese,Riccardo Patrese,0,15,1979,2
jones,Alan Jones,0,15,1979,43
watson,John Watson,1,15,1979,15
jarier,Jean-Pierre Jarier,0,15,1979,14
reutemann,Carlos Reutemann,0,15,1979,25
mass,Jochen Mass,0,15,1979,3
pironi,Didier Pironi,4,15,1979,14
gilles_villeneuve,Gilles Villeneuve,9,15,1979,53
daly,Derek Daly,0,15,1979,0
mario_andretti,Mario Andretti,0,15,1979,14
rebaque,Hector Rebaque,0,15,1979,0
zunino,Ricardo Zunino,0,15,1979,0
jabouille,Jean-Pierre Jabouille,0,15,1979,9
scheckter,Jody Scheckter,0,15,1979,60
regazzoni,Clay Regazzoni,0,15,1979,32
emerson_fittipaldi,Emerson Fittipaldi,0,15,1979,1
brambilla,Vittorio Brambilla,0,15,1979,0
merzario,Arturo Merzario,0,15,1979,0
stuck,Hans-Joachim Stuck,2,15,1979,2
lammers,Jan Lammers,0,15,1979,0
piquet,Nelson Piquet,0,15,1979,3
giacomelli,Bruno Giacomelli,0,15,1979,0
arnoux,René Arnoux,6,15,1979,17
laffite,Jacques Laffite,0,15,1979,36
angelis,Elio de Angelis,3,15,1979,3
tambay,Patrick Tambay,0,15,1979,0
surer,Marc Surer,0,15,1979,0
keke_rosberg,Keke Rosberg,0,15,1979,0
ickx,Jacky Ickx,0,15,1979,3
ribeiro,Alex Ribeiro,0,15,1979,0
peterson,Ronnie Peterson,2,1,1978,2
lunger,Brett Lunger,0,1,1978,0
ongais,Danny Ongais,0,1,1978,0
leoni,Lamberto Leoni,0,1,1978,0
galica,Divina Galica,0,1,1978,0
cheever,Eddie Cheever,0,1,1978,0
laffite,Jacques Laffite,0,1,1978,0
tambay,Patrick Tambay,1,1,1978,1
jones,Alan Jones,0,1,1978,0
lauda,Niki Lauda,6,1,1978,6
watson,John Watson,0,1,1978,0
jarier,Jean-Pierre Jarier,0,1,1978,0
reutemann,Carlos Reutemann,0,1,1978,0
mass,Jochen Mass,0,1,1978,0
pironi,Didier Pironi,0,1,1978,0
gilles_villeneuve,Gilles Villeneuve,0,1,1978,0
mario_andretti,Mario Andretti,9,1,1978,9
keegan,Rupert Keegan,0,1,1978,0
rebaque,Hector Rebaque,0,1,1978,0
depailler,Patrick Depailler,4,1,1978,4
scheckter,Jody Scheckter,0,1,1978,0
regazzoni,Clay Regazzoni,0,1,1978,0
emerson_fittipaldi,Emerson Fittipaldi,0,1,1978,0
brambilla,Vittorio Brambilla,0,1,1978,0
hunt,James Hunt,3,1,1978,3
merzario,Arturo Merzario,0,1,1978,0
stuck,Hans-Joachim Stuck,0,1,1978,0
lauda,Niki Lauda,4,2,1978,10
watson,John Watson,0,2,1978,0
jarier,Jean-Pierre Jarier,0,2,1978,0
reutemann,Carlos Reutemann,9,2,1978,9
mass,Jochen Mass,0,2,1978,0
pironi,Didier Pironi,1,2,1978,1
gilles_villeneuve,Gilles Villeneuve,0,2,1978,0
mario_andretti,Mario Andretti,3,2,1978,12
keegan,Rupert Keegan,0,2,1978,0
rebaque,Hector Rebaque,0,2,1978,0
depailler,Patrick Depailler,0,2,1978,4
scheckter,Jody Scheckter,0,2,1978,0
regazzoni,Clay Regazzoni,2,2,1978,2
emerson_fittipaldi,Emerson Fittipaldi,6,2,1978,6
brambilla,Vittorio Brambilla,0,2,1978,0
hunt,James Hunt,0,2,1978,3
merzario,Arturo Merzario,0,2,1978,0
stuck,Hans-Joachim Stuck,0,2,1978,0
patrese,Riccardo Patrese,0,2,1978,0
cheever,Eddie Cheever,0,2,1978,0
laffite,Jacques Laffite,0,2,1978,0
tambay,Patrick Tambay,0,2,1978,1
jones,Alan Jones,0,2,1978,0
peterson,Ronnie Peterson,0,2,1978,2
lunger,Brett Lunger,0,2,1978,0
ongais,Danny Ongais,0,2,1978,0
leoni,Lamberto Leoni,0,2,1978,0
galica,Divina Galica,0,2,1978,0
peterson,Ronnie Peterson,9,3,1978,11
lunger,Brett Lunger,0,3,1978,0
leoni,Lamberto Leoni,0,3,1978,0
stommelen,Rolf Stommelen,0,3,1978,0
lauda,Niki Lauda,0,3,1978,10
watson,John Watson,4,3,1978,4
jarier,Jean-Pierre Jarier,0,3,1978,0
reutemann,Carlos Reutemann,0,3,1978,9
mass,Jochen Mass,0,3,1978,0
pironi,Didier Pironi,1,3,1978,2
gilles_villeneuve,Gilles Villeneuve,0,3,1978,0
mario_andretti,Mario Andretti,0,3,1978,12
keegan,Rupert Keegan,0,3,1978,0
rebaque,Hector Rebaque,0,3,1978,0
jabouille,Jean-Pierre Jabouille,0,3,1978,0
depailler,Patrick Depailler,6,3,1978,10
scheckter,Jody Scheckter,0,3,1978,0
regazzoni,Clay Regazzoni,0,3,1978,2
emerson_fittipaldi,Emerson Fittipaldi,0,3,1978,6
brambilla,Vittorio Brambilla,0,3,1978,0
hunt,James Hunt,0,3,1978,3
merzario,Arturo Merzario,0,3,1978,0
stuck,Hans-Joachim Stuck,0,3,1978,0
cheever,Eddie Cheever,0,3,1978,0
arnoux,René Arnoux,0,3,1978,0
laffite,Jacques Laffite,2,3,1978,2
tambay,Patrick Tambay,0,3,1978,1
keke_rosberg,Keke Rosberg,0,3,1978,0
jones,Alan Jones,3,3,1978,3
patrese,Riccardo Patrese,0,3,1978,0
patrese,Riccardo Patrese,1,4,1978,1
peterson,Ronnie Peterson,3,4,1978,14
lunger,Brett Lunger,0,4,1978,0
ongais,Danny Ongais,0,4,1978,0
leoni,Lamberto Leoni,0,4,1978,0
stommelen,Rolf Stommelen,0,4,1978,0
laffite,Jacques Laffite,2,4,1978,4
tambay,Patrick Tambay,0,4,1978,1
keke_rosberg,Keke Rosberg,0,4,1978,0
jones,Alan Jones,0,4,1978,3
lauda,Niki Lauda,0,4,1978,10
watson,John Watson,0,4,1978,4
jarier,Jean-Pierre Jarier,0,4,1978,0
reutemann,Carlos Reutemann,9,4,1978,18
mass,Jochen Mass,0,4,1978,0
pironi,Didier Pironi,0,4,1978,2
gilles_villeneuve,Gilles Villeneuve,0,4,1978,0
daly,Derek Daly,0,4,1978,0
mario_andretti,Mario Andretti,6,4,1978,18
keegan,Rupert Keegan,0,4,1978,0
rebaque,Hector Rebaque,0,4,1978,0
jabouille,Jean-Pierre Jabouille,0,4,1978,0
depailler,Patrick Depailler,4,4,1978,14
scheckter,Jody Scheckter,0,4,1978,0
regazzoni,Clay Regazzoni,0,4,1978,2
emerson_fittipaldi,Emerson Fittipaldi,0,4,1978,6
brambilla,Vittorio Brambilla,0,4,1978,0
hunt,James Hunt,0,4,1978,3
merzario,Arturo Merzario,0,4,1978,0
stuck,Hans-Joachim Stuck,0,4,1978,0
lauda,Niki Lauda,6,5,1978,16
watson,John Watson,3,5,1978,7
jarier,Jean-Pierre Jarier,0,5,1978,0
reutemann,Carlos Reutemann,0,5,1978,18
mass,Jochen Mass,0,5,1978,0
pironi,Didier Pironi,2,5,1978,4
gilles_villeneuve,Gilles Villeneuve,0,5,1978,0
daly,Derek Daly,0,5,1978,0
mario_andretti,Mario Andretti,0,5,1978,18
keegan,Rupert Keegan,0,5,1978,0
rebaque,Hector Rebaque,0,5,1978,0
jabouille,Jean-Pierre Jabouille,0,5,1978,0
depailler,Patrick Depailler,9,5,1978,23
scheckter,Jody Scheckter,4,5,1978,4
regazzoni,Clay Regazzoni,0,5,1978,2
emerson_fittipaldi,Emerson Fittipaldi,0,5,1978,6
brambilla,Vittorio Brambilla,0,5,1978,0
hunt,James Hunt,0,5,1978,3
merzario,Arturo Merzario,0,5,1978,0
stuck,Hans-Joachim Stuck,0,5,1978,0
patrese,Riccardo Patrese,1,5,1978,2
arnoux,René Arnoux,0,5,1978,0
laffite,Jacques Laffite,0,5,1978,4
tambay,Patrick Tambay,0,5,1978,1
keke_rosberg,Keke Rosberg,0,5,1978,0
jones,Alan Jones,0,5,1978,3
ickx,Jacky Ickx,0,5,1978,0
peterson,Ronnie Peterson,0,5,1978,14
lunger,Brett Lunger,0,5,1978,0
stommelen,Rolf Stommelen,0,5,1978,0
ickx,Jacky Ickx,0,6,1978,0
peterson,Ronnie Peterson,6,6,1978,20
lunger,Brett Lunger,0,6,1978,0
stommelen,Rolf Stommelen,0,6,1978,0
colombo,Alberto Colombo,0,6,1978,0
lauda,Niki Lauda,0,6,1978,16
watson,John Watson,0,6,1978,7
reutemann,Carlos Reutemann,4,6,1978,22
mass,Jochen Mass,0,6,1978,0
pironi,Didier Pironi,1,6,1978,5
gilles_villeneuve,Gilles Villeneuve,3,6,1978,3
daly,Derek Daly,0,6,1978,0
mario_andretti,Mario Andretti,9,6,1978,27
keegan,Rupert Keegan,0,6,1978,0
rebaque,Hector Rebaque,0,6,1978,0
jabouille,Jean-Pierre Jabouille,0,6,1978,0
depailler,Patrick Depailler,0,6,1978,23
scheckter,Jody Scheckter,0,6,1978,4
regazzoni,Clay Regazzoni,0,6,1978,2
emerson_fittipaldi,Emerson Fittipaldi,0,6,1978,6
brambilla,Vittorio Brambilla,0,6,1978,0
hunt,James Hunt,0,6,1978,3
merzario,Arturo Merzario,0,6,1978,0
stuck,Hans-Joachim Stuck,0,6,1978,0
giacomelli,Bruno Giacomelli,0,6,1978,0
arnoux,René Arnoux,0,6,1978,0
laffite,Jacques Laffite,2,6,1978,6
keke_rosberg,Keke Rosberg,0,6,1978,0
jones,Alan Jones,0,6,1978,3
patrese,Riccardo Patrese,0,6,1978,2
patrese,Riccardo Patrese,0,7,1978,2
ickx,Jacky Ickx,0,7,1978,0
peterson,Ronnie Peterson,6,7,1978,26
lunger,Brett Lunger,0,7,1978,0
stommelen,Rolf Stommelen,0,7,1978,0
colombo,Alberto Colombo,0,7,1978,0
laffite,Jacques Laffite,4,7,1978,10
tambay,Patrick Tambay,0,7,1978,1
keke_rosberg,Keke Rosberg,0,7,1978,0
jones,Alan Jones,0,7,1978,3
lauda,Niki Lauda,0,7,1978,16
watson,John Watson,2,7,1978,9
reutemann,Carlos Reutemann,0,7,1978,22
mass,Jochen Mass,0,7,1978,0
pironi,Didier Pironi,0,7,1978,5
gilles_villeneuve,Gilles Villeneuve,0,7,1978,3
mario_andretti,Mario Andretti,9,7,1978,36
villota,Emilio de Villota,0,7,1978,0
keegan,Rupert Keegan,0,7,1978,0
rebaque,Hector Rebaque,0,7,1978,0
jabouille,Jean-Pierre Jabouille,0,7,1978,0
depailler,Patrick Depailler,0,7,1978,23
scheckter,Jody Scheckter,3,7,1978,7
regazzoni,Clay Regazzoni,0,7,1978,2
emerson_fittipaldi,Emerson Fittipaldi,0,7,1978,6
brambilla,Vittorio Brambilla,0,7,1978,0
hunt,James Hunt,1,7,1978,4
merzario,Arturo Merzario,0,7,1978,0
stuck,Hans-Joachim Stuck,0,7,1978,0
lauda,Niki Lauda,9,8,1978,25
watson,John Watson,0,8,1978,9
reutemann,Carlos Reutemann,0,8,1978,22
mass,Jochen Mass,0,8,1978,0
pironi,Didier Pironi,0,8,1978,5
gilles_villeneuve,Gilles Villeneuve,0,8,1978,3
mario_andretti,Mario Andretti,0,8,1978,36
keegan,Rupert Keegan,0,8,1978,0
rebaque,Hector Rebaque,0,8,1978,0
jabouille,Jean-Pierre Jabouille,0,8,1978,0
depailler,Patrick Depailler,0,8,1978,23
scheckter,Jody Scheckter,0,8,1978,7
regazzoni,Clay Regazzoni,2,8,1978,4
emerson_fittipaldi,Emerson Fittipaldi,1,8,1978,7
brambilla,Vittorio Brambilla,0,8,1978,0
hunt,James Hunt,0,8,1978,4
merzario,Arturo Merzario,0,8,1978,0
stuck,Hans-Joachim Stuck,0,8,1978,0
patrese,Riccardo Patrese,6,8,1978,8
laffite,Jacques Laffite,0,8,1978,10
tambay,Patrick Tambay,3,8,1978,4
keke_rosberg,Keke Rosberg,0,8,1978,0
jones,Alan Jones,0,8,1978,3
ickx,Jacky Ickx,0,8,1978,0
peterson,Ronnie Peterson,4,8,1978,30
lunger,Brett Lunger,0,8,1978,0
stommelen,Rolf Stommelen,0,8,1978,0
peterson,Ronnie Peterson,6,9,1978,36
lunger,Brett Lunger,0,9,1978,0
stommelen,Rolf Stommelen,0,9,1978,0
lauda,Niki Lauda,0,9,1978,25
watson,John Watson,3,9,1978,12
reutemann,Carlos Reutemann,0,9,1978,22
mass,Jochen Mass,0,9,1978,0
pironi,Didier Pironi,0,9,1978,5
gilles_villeneuve,Gilles Villeneuve,0,9,1978,3
daly,Derek Daly,0,9,1978,0
mario_andretti,Mario Andretti,9,9,1978,45
keegan,Rupert Keegan,0,9,1978,0
rebaque,Hector Rebaque,0,9,1978,0
jabouille,Jean-Pierre Jabouille,0,9,1978,0
depailler,Patrick Depailler,0,9,1978,23
scheckter,Jody Scheckter,1,9,1978,8
regazzoni,Clay Regazzoni,0,9,1978,4
emerson_fittipaldi,Emerson Fittipaldi,0,9,1978,7
brambilla,Vittorio Brambilla,0,9,1978,0
hunt,James Hunt,4,9,1978,8
merzario,Arturo Merzario,0,9,1978,0
stuck,Hans-Joachim Stuck,0,9,1978,0
giacomelli,Bruno Giacomelli,0,9,1978,0
arnoux,René Arnoux,0,9,1978,0
laffite,Jacques Laffite,0,9,1978,10
tambay,Patrick Tambay,0,9,1978,4
keke_rosberg,Keke Rosberg,0,9,1978,0
jones,Alan Jones,2,9,1978,5
patrese,Riccardo Patrese,0,9,1978,8
patrese,Riccardo Patrese,0,10,1978,8
peterson,Ronnie Peterson,0,10,1978,36
lunger,Brett Lunger,0,10,1978,0
stommelen,Rolf Stommelen,0,10,1978,0
trimmer,Tony Trimmer,0,10,1978,0
giacomelli,Bruno Giacomelli,0,10,1978,0
laffite,Jacques Laffite,0,10,1978,10
tambay,Patrick Tambay,1,10,1978,5
keke_rosberg,Keke Rosberg,0,10,1978,0
jones,Alan Jones,0,10,1978,5
lauda,Niki Lauda,6,10,1978,31
watson,John Watson,4,10,1978,16
reutemann,Carlos Reutemann,9,10,1978,31
mass,Jochen Mass,0,10,1978,0
pironi,Didier Pironi,0,10,1978,5
gilles_villeneuve,Gilles Villeneuve,0,10,1978,3
daly,Derek Daly,0,10,1978,0
mario_andretti,Mario Andretti,0,10,1978,45
lees,Geoff Lees,0,10,1978,0
keegan,Rupert Keegan,0,10,1978,0
rebaque,Hector Rebaque,0,10,1978,0
jabouille,Jean-Pierre Jabouille,0,10,1978,0
depailler,Patrick Depailler,3,10,1978,26
scheckter,Jody Scheckter,0,10,1978,8
regazzoni,Clay Regazzoni,0,10,1978,4
emerson_fittipaldi,Emerson Fittipaldi,0,10,1978,7
brambilla,Vittorio Brambilla,0,10,1978,0
hunt,James Hunt,0,10,1978,8
merzario,Arturo Merzario,0,10,1978,0
stuck,Hans-Joachim Stuck,2,10,1978,2
lauda,Niki Lauda,0,11,1978,31
watson,John Watson,0,11,1978,16
jarier,Jean-Pierre Jarier,0,11,1978,0
reutemann,Carlos Reutemann,0,11,1978,31
mass,Jochen Mass,0,11,1978,0
pironi,Didier Pironi,2,11,1978,7
gilles_villeneuve,Gilles Villeneuve,0,11,1978,3
mario_andretti,Mario Andretti,9,11,1978,54
keegan,Rupert Keegan,0,11,1978,0
rebaque,Hector Rebaque,1,11,1978,1
jabouille,Jean-Pierre Jabouille,0,11,1978,0
depailler,Patrick Depailler,0,11,1978,26
scheckter,Jody Scheckter,6,11,1978,14
regazzoni,Clay Regazzoni,0,11,1978,4
emerson_fittipaldi,Emerson Fittipaldi,3,11,1978,10
ertl,Harald Ertl,0,11,1978,0
brambilla,Vittorio Brambilla,0,11,1978,0
hunt,James Hunt,0,11,1978,8
merzario,Arturo Merzario,0,11,1978,0
stuck,Hans-Joachim Stuck,0,11,1978,2
patrese,Riccardo Patrese,0,11,1978,8
piquet,Nelson Piquet,0,11,1978,0
arnoux,René Arnoux,0,11,1978,0
laffite,Jacques Laffite,4,11,1978,14
tambay,Patrick Tambay,0,11,1978,5
keke_rosberg,Keke Rosberg,0,11,1978,0
jones,Alan Jones,0,11,1978,5
peterson,Ronnie Peterson,0,11,1978,36
lunger,Brett Lunger,0,11,1978,0
stommelen,Rolf Stommelen,0,11,1978,0
peterson,Ronnie Peterson,9,12,1978,45
lunger,Brett Lunger,0,12,1978,0
stommelen,Rolf Stommelen,0,12,1978,0
binder,Hans Binder,0,12,1978,0
lauda,Niki Lauda,0,12,1978,31
watson,John Watson,0,12,1978,16
reutemann,Carlos Reutemann,0,12,1978,31
mass,Jochen Mass,0,12,1978,0
pironi,Didier Pironi,0,12,1978,7
gilles_villeneuve,Gilles Villeneuve,4,12,1978,7
daly,Derek Daly,0,12,1978,0
mario_andretti,Mario Andretti,0,12,1978,54
keegan,Rupert Keegan,0,12,1978,0
rebaque,Hector Rebaque,0,12,1978,1
jabouille,Jean-Pierre Jabouille,0,12,1978,0
depailler,Patrick Depailler,6,12,1978,32
scheckter,Jody Scheckter,0,12,1978,14
regazzoni,Clay Regazzoni,0,12,1978,4
emerson_fittipaldi,Emerson Fittipaldi,3,12,1978,13
ertl,Harald Ertl,0,12,1978,0
brambilla,Vittorio Brambilla,1,12,1978,1
hunt,James Hunt,0,12,1978,8
merzario,Arturo Merzario,0,12,1978,0
stuck,Hans-Joachim Stuck,0,12,1978,2
piquet,Nelson Piquet,0,12,1978,0
arnoux,René Arnoux,0,12,1978,0
laffite,Jacques Laffite,2,12,1978,16
tambay,Patrick Tambay,0,12,1978,5
keke_rosberg,Keke Rosberg,0,12,1978,0
jones,Alan Jones,0,12,1978,5
patrese,Riccardo Patrese,0,12,1978,8
patrese,Riccardo Patrese,0,13,1978,8
peterson,Ronnie Peterson,6,13,1978,51
lunger,Brett Lunger,0,13,1978,0
ongais,Danny Ongais,0,13,1978,0
stommelen,Rolf Stommelen,0,13,1978,0
bleekemolen,Michael Bleekemolen,0,13,1978,0
piquet,Nelson Piquet,0,13,1978,0
giacomelli,Bruno Giacomelli,0,13,1978,0
arnoux,René Arnoux,0,13,1978,0
laffite,Jacques Laffite,0,13,1978,16
tambay,Patrick Tambay,0,13,1978,5
keke_rosberg,Keke Rosberg,0,13,1978,0
jones,Alan Jones,0,13,1978,5
lauda,Niki Lauda,4,13,1978,35
watson,John Watson,3,13,1978,19
reutemann,Carlos Reutemann,0,13,1978,31
mass,Jochen Mass,0,13,1978,0
pironi,Didier Pironi,0,13,1978,7
gilles_villeneuve,Gilles Villeneuve,1,13,1978,8
daly,Derek Daly,0,13,1978,0
mario_andretti,Mario Andretti,9,13,1978,63
keegan,Rupert Keegan,0,13,1978,0
rebaque,Hector Rebaque,0,13,1978,1
jabouille,Jean-Pierre Jabouille,0,13,1978,0
depailler,Patrick Depailler,0,13,1978,32
scheckter,Jody Scheckter,0,13,1978,14
regazzoni,Clay Regazzoni,0,13,1978,4
emerson_fittipaldi,Emerson Fittipaldi,2,13,1978,15
ertl,Harald Ertl,0,13,1978,0
brambilla,Vittorio Brambilla,0,13,1978,1
hunt,James Hunt,0,13,1978,8
merzario,Arturo Merzario,0,13,1978,0
stuck,Hans-Joachim Stuck,0,13,1978,2
lauda,Niki Lauda,9,14,1978,44
watson,John Watson,6,14,1978,25
reutemann,Carlos Reutemann,4,14,1978,35
pironi,Didier Pironi,0,14,1978,7
gilles_villeneuve,Gilles Villeneuve,0,14,1978,8
daly,Derek Daly,0,14,1978,0
mario_andretti,Mario Andretti,1,14,1978,64
rebaque,Hector Rebaque,0,14,1978,1
jabouille,Jean-Pierre Jabouille,0,14,1978,0
depailler,Patrick Depailler,0,14,1978,32
scheckter,Jody Scheckter,0,14,1978,14
regazzoni,Clay Regazzoni,0,14,1978,4
emerson_fittipaldi,Emerson Fittipaldi,0,14,1978,15
ertl,Harald Ertl,0,14,1978,0
ertl,Harald Ertl,0,14,1978,0
brambilla,Vittorio Brambilla,0,14,1978,1
hunt,James Hunt,0,14,1978,8
merzario,Arturo Merzario,0,14,1978,0
stuck,Hans-Joachim Stuck,0,14,1978,2
patrese,Riccardo Patrese,0,14,1978,8
piquet,Nelson Piquet,0,14,1978,0
giacomelli,Bruno Giacomelli,0,14,1978,0
laffite,Jacques Laffite,3,14,1978,19
tambay,Patrick Tambay,2,14,1978,7
keke_rosberg,Keke Rosberg,0,14,1978,0
jones,Alan Jones,0,14,1978,5
peterson,Ronnie Peterson,0,14,1978,51
lunger,Brett Lunger,0,14,1978,0
stommelen,Rolf Stommelen,0,14,1978,0
colombo,Alberto Colombo,0,14,1978,0
bleekemolen,Michael Bleekemolen,0,14,1978,0
gimax,Carlo Franchi,0,14,1978,0
lunger,Brett Lunger,0,15,1978,0
stommelen,Rolf Stommelen,0,15,1978,0
bleekemolen,Michael Bleekemolen,0,15,1978,0
rahal,Bobby Rahal,0,15,1978,0
lauda,Niki Lauda,0,15,1978,44
watson,John Watson,0,15,1978,25
jarier,Jean-Pierre Jarier,0,15,1978,0
reutemann,Carlos Reutemann,9,15,1978,44
pironi,Didier Pironi,0,15,1978,7
gilles_villeneuve,Gilles Villeneuve,0,15,1978,8
daly,Derek Daly,0,15,1978,0
mario_andretti,Mario Andretti,0,15,1978,64
rebaque,Hector Rebaque,0,15,1978,1
gabbiani,Beppe Gabbiani,0,15,1978,0
jabouille,Jean-Pierre Jabouille,3,15,1978,3
depailler,Patrick Depailler,0,15,1978,32
scheckter,Jody Scheckter,4,15,1978,18
regazzoni,Clay Regazzoni,0,15,1978,4
emerson_fittipaldi,Emerson Fittipaldi,2,15,1978,17
hunt,James Hunt,0,15,1978,8
merzario,Arturo Merzario,0,15,1978,0
stuck,Hans-Joachim Stuck,0,15,1978,2
arnoux,René Arnoux,0,15,1978,0
laffite,Jacques Laffite,0,15,1978,19
tambay,Patrick Tambay,1,15,1978,8
keke_rosberg,Keke Rosberg,0,15,1978,0
jones,Alan Jones,6,15,1978,11
piquet,Nelson Piquet,0,16,1978,0
arnoux,René Arnoux,0,16,1978,0
laffite,Jacques Laffite,0,16,1978,19
tambay,Patrick Tambay,0,16,1978,8
keke_rosberg,Keke Rosberg,0,16,1978,0
jones,Alan Jones,0,16,1978,11
stommelen,Rolf Stommelen,0,16,1978,0
bleekemolen,Michael Bleekemolen,0,16,1978,0
rahal,Bobby Rahal,0,16,1978,0
lauda,Niki Lauda,0,16,1978,44
watson,John Watson,0,16,1978,25
jarier,Jean-Pierre Jarier,0,16,1978,0
reutemann,Carlos Reutemann,4,16,1978,48
pironi,Didier Pironi,0,16,1978,7
gilles_villeneuve,Gilles Villeneuve,9,16,1978,17
daly,Derek Daly,1,16,1978,1
mario_andretti,Mario Andretti,0,16,1978,64
rebaque,Hector Rebaque,0,16,1978,1
gabbiani,Beppe Gabbiani,0,16,1978,0
jabouille,Jean-Pierre Jabouille,0,16,1978,3
depailler,Patrick Depailler,2,16,1978,34
scheckter,Jody Scheckter,6,16,1978,24
regazzoni,Clay Regazzoni,0,16,1978,4
emerson_fittipaldi,Emerson Fittipaldi,0,16,1978,17
hunt,James Hunt,0,16,1978,8
merzario,Arturo Merzario,0,16,1978,0
stuck,Hans-Joachim Stuck,0,16,1978,2
patrese,Riccardo Patrese,3,16,1978,11
laffite,Jacques Laffite,0,1,1977,0
lauda,Niki Lauda,0,1,1977,0
watson,John Watson,0,1,1977,0
reutemann,Carlos Reutemann,4,1,1977,4
mass,Jochen Mass,0,1,1977,0
mario_andretti,Mario Andretti,2,1,1977,2
depailler,Patrick Depailler,0,1,1977,0
scheckter,Jody Scheckter,9,1,1977,9
regazzoni,Clay Regazzoni,1,1,1977,1
emerson_fittipaldi,Emerson Fittipaldi,3,1,1977,3
brambilla,Vittorio Brambilla,0,1,1977,0
hunt,James Hunt,0,1,1977,0
ribeiro,Alex Ribeiro,0,1,1977,0
peterson,Ronnie Peterson,0,1,1977,0
binder,Hans Binder,0,1,1977,0
pace,Carlos Pace,6,1,1977,6
ian_scheckter,Ian Scheckter,0,1,1977,0
pryce,Tom Pryce,0,1,1977,0
hoffmann,Ingo Hoffmann,0,1,1977,0
zorzi,Renzo Zorzi,0,1,1977,0
nilsson,Gunnar Nilsson,0,1,1977,0
ribeiro,Alex Ribeiro,0,2,1977,0
peterson,Ronnie Peterson,0,2,1977,0
binder,Hans Binder,0,2,1977,0
pace,Carlos Pace,0,2,1977,6
ian_scheckter,Ian Scheckter,0,2,1977,0
pryce,Tom Pryce,0,2,1977,0
hoffmann,Ingo Hoffmann,0,2,1977,0
zorzi,Renzo Zorzi,1,2,1977,1
nilsson,Gunnar Nilsson,2,2,1977,2
perkins,Larry Perkins,0,2,1977,0
lauda,Niki Lauda,4,2,1977,4
watson,John Watson,0,2,1977,0
reutemann,Carlos Reutemann,9,2,1977,13
mass,Jochen Mass,0,2,1977,0
mario_andretti,Mario Andretti,0,2,1977,2
depailler,Patrick Depailler,0,2,1977,0
scheckter,Jody Scheckter,0,2,1977,9
regazzoni,Clay Regazzoni,0,2,1977,1
emerson_fittipaldi,Emerson Fittipaldi,3,2,1977,6
brambilla,Vittorio Brambilla,0,2,1977,0
hunt,James Hunt,6,2,1977,6
laffite,Jacques Laffite,0,2,1977,0
laffite,Jacques Laffite,0,3,1977,0
lauda,Niki Lauda,9,3,1977,13
watson,John Watson,1,3,1977,1
reutemann,Carlos Reutemann,0,3,1977,13
mass,Jochen Mass,2,3,1977,2
mario_andretti,Mario Andretti,0,3,1977,2
depailler,Patrick Depailler,4,3,1977,4
scheckter,Jody Scheckter,6,3,1977,15
regazzoni,Clay Regazzoni,0,3,1977,1
emerson_fittipaldi,Emerson Fittipaldi,0,3,1977,6
brambilla,Vittorio Brambilla,0,3,1977,0
hunt,James Hunt,3,3,1977,9
stuck,Hans-Joachim Stuck,0,3,1977,0
ribeiro,Alex Ribeiro,0,3,1977,0
peterson,Ronnie Peterson,0,3,1977,0
lunger,Brett Lunger,0,3,1977,0
binder,Hans Binder,0,3,1977,0
pace,Carlos Pace,0,3,1977,6
pryce,Tom Pryce,0,3,1977,0
zorzi,Renzo Zorzi,0,3,1977,1
nilsson,Gunnar Nilsson,0,3,1977,2
perkins,Larry Perkins,0,3,1977,0
hayje,Boy Lunger,0,3,1977,0
ribeiro,Alex Ribeiro,0,4,1977,0
peterson,Ronnie Peterson,0,4,1977,0
lunger,Brett Lunger,0,4,1977,0
binder,Hans Binder,0,4,1977,0
zorzi,Renzo Zorzi,0,4,1977,1
nilsson,Gunnar Nilsson,0,4,1977,2
lauda,Niki Lauda,6,4,1977,19
watson,John Watson,0,4,1977,1
jarier,Jean-Pierre Jarier,1,4,1977,1
reutemann,Carlos Reutemann,0,4,1977,13
mass,Jochen Mass,0,4,1977,2
henton,Brian Henton,0,4,1977,0
mario_andretti,Mario Andretti,9,4,1977,11
depailler,Patrick Depailler,3,4,1977,7
scheckter,Jody Scheckter,4,4,1977,19
regazzoni,Clay Regazzoni,0,4,1977,1
emerson_fittipaldi,Emerson Fittipaldi,2,4,1977,8
brambilla,Vittorio Brambilla,0,4,1977,0
hunt,James Hunt,0,4,1977,9
stuck,Hans-Joachim Stuck,0,4,1977,0
laffite,Jacques Laffite,0,4,1977,0
jones,Alan Jones,0,4,1977,0
laffite,Jacques Laffite,0,5,1977,0
jones,Alan Jones,0,5,1977,0
lauda,Niki Lauda,0,5,1977,19
watson,John Watson,0,5,1977,1
jarier,Jean-Pierre Jarier,0,5,1977,1
reutemann,Carlos Reutemann,6,5,1977,19
mass,Jochen Mass,3,5,1977,5
henton,Brian Henton,0,5,1977,0
mario_andretti,Mario Andretti,9,5,1977,20
villota,Emilio de Villota,0,5,1977,0
keegan,Rupert Keegan,0,5,1977,0
depailler,Patrick Depailler,0,5,1977,7
scheckter,Jody Scheckter,4,5,1977,23
regazzoni,Clay Regazzoni,0,5,1977,1
emerson_fittipaldi,Emerson Fittipaldi,0,5,1977,8
ertl,Harald Ertl,0,5,1977,0
brambilla,Vittorio Brambilla,0,5,1977,0
hunt,James Hunt,0,5,1977,9
merzario,Arturo Merzario,0,5,1977,0
stuck,Hans-Joachim Stuck,1,5,1977,1
ribeiro,Alex Ribeiro,0,5,1977,0
peterson,Ronnie Peterson,0,5,1977,0
lunger,Brett Lunger,0,5,1977,0
binder,Hans Binder,0,5,1977,0
ian_scheckter,Ian Scheckter,0,5,1977,0
zorzi,Renzo Zorzi,0,5,1977,1
nilsson,Gunnar Nilsson,2,5,1977,4
hayje,Boy Lunger,0,5,1977,0
neve,Patrick Nève,0,5,1977,0
purley,David Purley,0,5,1977,0
andersson,Conny Andersson,0,5,1977,0
ickx,Jacky Ickx,0,6,1977,0
ribeiro,Alex Ribeiro,0,6,1977,0
peterson,Ronnie Peterson,0,6,1977,0
binder,Hans Binder,0,6,1977,0
ian_scheckter,Ian Scheckter,0,6,1977,0
nilsson,Gunnar Nilsson,0,6,1977,4
hayje,Boy Lunger,0,6,1977,0
patrese,Riccardo Patrese,0,6,1977,0
lauda,Niki Lauda,6,6,1977,25
watson,John Watson,0,6,1977,1
jarier,Jean-Pierre Jarier,0,6,1977,1
reutemann,Carlos Reutemann,4,6,1977,23
mass,Jochen Mass,3,6,1977,8
mario_andretti,Mario Andretti,2,6,1977,22
keegan,Rupert Keegan,0,6,1977,0
depailler,Patrick Depailler,0,6,1977,7
scheckter,Jody Scheckter,9,6,1977,32
regazzoni,Clay Regazzoni,0,6,1977,1
emerson_fittipaldi,Emerson Fittipaldi,0,6,1977,8
ertl,Harald Ertl,0,6,1977,0
brambilla,Vittorio Brambilla,0,6,1977,0
hunt,James Hunt,0,6,1977,9
merzario,Arturo Merzario,0,6,1977,0
stuck,Hans-Joachim Stuck,0,6,1977,1
laffite,Jacques Laffite,0,6,1977,0
jones,Alan Jones,1,6,1977,1
laffite,Jacques Laffite,0,7,1977,0
jones,Alan Jones,2,7,1977,3
ribeiro,Alex Ribeiro,0,7,1977,0
peterson,Ronnie Peterson,4,7,1977,4
ian_scheckter,Ian Scheckter,0,7,1977,0
nilsson,Gunnar Nilsson,9,7,1977,13
perkins,Larry Perkins,0,7,1977,0
hayje,Boy Lunger,0,7,1977,0
neve,Patrick Nève,0,7,1977,0
purley,David Purley,0,7,1977,0
andersson,Conny Andersson,0,7,1977,0
dryver,Bernard de Dryver,0,7,1977,0
lauda,Niki Lauda,6,7,1977,31
watson,John Watson,0,7,1977,1
jarier,Jean-Pierre Jarier,0,7,1977,1
reutemann,Carlos Reutemann,0,7,1977,23
mass,Jochen Mass,0,7,1977,8
mario_andretti,Mario Andretti,0,7,1977,22
villota,Emilio de Villota,0,7,1977,0
keegan,Rupert Keegan,0,7,1977,0
rebaque,Hector Rebaque,0,7,1977,0
depailler,Patrick Depailler,0,7,1977,7
scheckter,Jody Scheckter,0,7,1977,32
regazzoni,Clay Regazzoni,0,7,1977,1
emerson_fittipaldi,Emerson Fittipaldi,0,7,1977,8
ertl,Harald Ertl,0,7,1977,0
brambilla,Vittorio Brambilla,3,7,1977,3
hunt,James Hunt,0,7,1977,9
merzario,Arturo Merzario,0,7,1977,0
stuck,Hans-Joachim Stuck,1,7,1977,2
patrese,Riccardo Patrese,0,7,1977,0
laffite,Jacques Laffite,9,8,1977,9
jones,Alan Jones,0,8,1977,3
lauda,Niki Lauda,0,8,1977,31
watson,John Watson,2,8,1977,3
jarier,Jean-Pierre Jarier,0,8,1977,1
reutemann,Carlos Reutemann,4,8,1977,27
mass,Jochen Mass,6,8,1977,14
mario_andretti,Mario Andretti,1,8,1977,23
villota,Emilio de Villota,0,8,1977,0
keegan,Rupert Keegan,0,8,1977,0
rebaque,Hector Rebaque,0,8,1977,0
depailler,Patrick Depailler,3,8,1977,10
scheckter,Jody Scheckter,0,8,1977,32
regazzoni,Clay Regazzoni,0,8,1977,1
emerson_fittipaldi,Emerson Fittipaldi,0,8,1977,8
ertl,Harald Ertl,0,8,1977,0
brambilla,Vittorio Brambilla,0,8,1977,3
hunt,James Hunt,0,8,1977,9
stuck,Hans-Joachim Stuck,0,8,1977,2
ribeiro,Alex Ribeiro,0,8,1977,0
peterson,Ronnie Peterson,0,8,1977,4
lunger,Brett Lunger,0,8,1977,0
ian_scheckter,Ian Scheckter,0,8,1977,0
nilsson,Gunnar Nilsson,0,8,1977,13
perkins,Larry Perkins,0,8,1977,0
hayje,Boy Lunger,0,8,1977,0
neve,Patrick Nève,0,8,1977,0
purley,David Purley,0,8,1977,0
andersson,Conny Andersson,0,8,1977,0
oliver,Jackie Oliver,0,8,1977,0
kozarowitzky,Mikko Kozarowitzky,0,8,1977,0
ribeiro,Alex Ribeiro,0,9,1977,0
peterson,Ronnie Peterson,0,9,1977,4
lunger,Brett Lunger,0,9,1977,0
ian_scheckter,Ian Scheckter,0,9,1977,0
nilsson,Gunnar Nilsson,3,9,1977,16
perkins,Larry Perkins,0,9,1977,0
neve,Patrick Nève,0,9,1977,0
purley,David Purley,0,9,1977,0
andersson,Conny Andersson,0,9,1977,0
patrese,Riccardo Patrese,0,9,1977,0
lauda,Niki Lauda,2,9,1977,33
watson,John Watson,6,9,1977,9
jarier,Jean-Pierre Jarier,0,9,1977,1
reutemann,Carlos Reutemann,1,9,1977,28
mass,Jochen Mass,0,9,1977,14
mario_andretti,Mario Andretti,9,9,1977,32
keegan,Rupert Keegan,0,9,1977,0
rebaque,Hector Rebaque,0,9,1977,0
depailler,Patrick Depailler,0,9,1977,10
scheckter,Jody Scheckter,0,9,1977,32
regazzoni,Clay Regazzoni,0,9,1977,1
emerson_fittipaldi,Emerson Fittipaldi,0,9,1977,8
ertl,Harald Ertl,0,9,1977,0
brambilla,Vittorio Brambilla,0,9,1977,3
hunt,James Hunt,4,9,1977,13
merzario,Arturo Merzario,0,9,1977,0
stuck,Hans-Joachim Stuck,0,9,1977,2
laffite,Jacques Laffite,0,9,1977,9
tambay,Patrick Tambay,0,9,1977,0
jones,Alan Jones,0,9,1977,3
laffite,Jacques Laffite,1,10,1977,10
tambay,Patrick Tambay,0,10,1977,0
jones,Alan Jones,0,10,1977,3
ribeiro,Alex Ribeiro,0,10,1977,0
peterson,Ronnie Peterson,0,10,1977,4
lunger,Brett Lunger,0,10,1977,0
trimmer,Tony Trimmer,0,10,1977,0
ian_scheckter,Ian Scheckter,0,10,1977,0
nilsson,Gunnar Nilsson,4,10,1977,20
neve,Patrick Nève,0,10,1977,0
purley,David Purley,0,10,1977,0
kozarowitzky,Mikko Kozarowitzky,0,10,1977,0
sutcliffe,Andy Sutcliffe,0,10,1977,0
edwards,Guy Edwards,0,10,1977,0
mcguire,Brian McGuire,0,10,1977,0
schuppan,Vern Schuppan,0,10,1977,0
lauda,Niki Lauda,6,10,1977,39
watson,John Watson,0,10,1977,9
jarier,Jean-Pierre Jarier,0,10,1977,1
reutemann,Carlos Reutemann,0,10,1977,28
mass,Jochen Mass,3,10,1977,17
gilles_villeneuve,Gilles Villeneuve,0,10,1977,0
henton,Brian Henton,0,10,1977,0
mario_andretti,Mario Andretti,0,10,1977,32
villota,Emilio de Villota,0,10,1977,0
keegan,Rupert Keegan,0,10,1977,0
jabouille,Jean-Pierre Jabouille,0,10,1977,0
depailler,Patrick Depailler,0,10,1977,10
scheckter,Jody Scheckter,0,10,1977,32
regazzoni,Clay Regazzoni,0,10,1977,1
emerson_fittipaldi,Emerson Fittipaldi,0,10,1977,8
brambilla,Vittorio Brambilla,0,10,1977,3
hunt,James Hunt,9,10,1977,22
merzario,Arturo Merzario,0,10,1977,0
stuck,Hans-Joachim Stuck,2,10,1977,4
patrese,Riccardo Patrese,0,10,1977,0
patrese,Riccardo Patrese,0,11,1977,0
laffite,Jacques Laffite,0,11,1977,10
tambay,Patrick Tambay,1,11,1977,1
jones,Alan Jones,0,11,1977,3
lauda,Niki Lauda,9,11,1977,48
watson,John Watson,0,11,1977,9
jarier,Jean-Pierre Jarier,0,11,1977,1
reutemann,Carlos Reutemann,3,11,1977,31
mass,Jochen Mass,0,11,1977,17
mario_andretti,Mario Andretti,0,11,1977,32
villota,Emilio de Villota,0,11,1977,0
keegan,Rupert Keegan,0,11,1977,0
rebaque,Hector Rebaque,0,11,1977,0
depailler,Patrick Depailler,0,11,1977,10
scheckter,Jody Scheckter,6,11,1977,38
emerson_fittipaldi,Emerson Fittipaldi,0,11,1977,8
brambilla,Vittorio Brambilla,2,11,1977,5
hunt,James Hunt,0,11,1977,22
merzario,Arturo Merzario,0,11,1977,0
stuck,Hans-Joachim Stuck,4,11,1977,8
ribeiro,Alex Ribeiro,0,11,1977,0
peterson,Ronnie Peterson,0,11,1977,4
lunger,Brett Lunger,0,11,1977,0
ian_scheckter,Ian Scheckter,0,11,1977,0
nilsson,Gunnar Nilsson,0,11,1977,20
neve,Patrick Nève,0,11,1977,0
schuppan,Vern Schuppan,0,11,1977,0
heyer,Hans Heyer,0,11,1977,0
pilette,Teddy Pilette,0,11,1977,0
ribeiro,Alex Ribeiro,0,12,1977,0
peterson,Ronnie Peterson,2,12,1977,6
lunger,Brett Lunger,0,12,1977,0
binder,Hans Binder,0,12,1977,0
ian_scheckter,Ian Scheckter,0,12,1977,0
nilsson,Gunnar Nilsson,0,12,1977,20
neve,Patrick Nève,0,12,1977,0
schuppan,Vern Schuppan,0,12,1977,0
ashley,Ian Ashley,0,12,1977,0
lauda,Niki Lauda,6,12,1977,54
watson,John Watson,0,12,1977,9
jarier,Jean-Pierre Jarier,0,12,1977,1
reutemann,Carlos Reutemann,3,12,1977,34
mass,Jochen Mass,1,12,1977,18
henton,Brian Henton,0,12,1977,0
mario_andretti,Mario Andretti,0,12,1977,32
villota,Emilio de Villota,0,12,1977,0
keegan,Rupert Keegan,0,12,1977,0
rebaque,Hector Rebaque,0,12,1977,0
depailler,Patrick Depailler,0,12,1977,10
scheckter,Jody Scheckter,0,12,1977,38
regazzoni,Clay Regazzoni,0,12,1977,1
emerson_fittipaldi,Emerson Fittipaldi,0,12,1977,8
brambilla,Vittorio Brambilla,0,12,1977,5
hunt,James Hunt,0,12,1977,22
merzario,Arturo Merzario,0,12,1977,0
stuck,Hans-Joachim Stuck,4,12,1977,12
laffite,Jacques Laffite,0,12,1977,10
tambay,Patrick Tambay,0,12,1977,1
jones,Alan Jones,9,12,1977,12
laffite,Jacques Laffite,6,13,1977,16
tambay,Patrick Tambay,2,13,1977,3
jones,Alan Jones,0,13,1977,12
patrese,Riccardo Patrese,0,13,1977,0
lauda,Niki Lauda,9,13,1977,63
watson,John Watson,0,13,1977,9
jarier,Jean-Pierre Jarier,0,13,1977,1
reutemann,Carlos Reutemann,1,13,1977,35
mass,Jochen Mass,0,13,1977,18
henton,Brian Henton,0,13,1977,0
mario_andretti,Mario Andretti,0,13,1977,32
keegan,Rupert Keegan,0,13,1977,0
rebaque,Hector Rebaque,0,13,1977,0
jabouille,Jean-Pierre Jabouille,0,13,1977,0
depailler,Patrick Depailler,0,13,1977,10
scheckter,Jody Scheckter,4,13,1977,42
regazzoni,Clay Regazzoni,0,13,1977,1
emerson_fittipaldi,Emerson Fittipaldi,3,13,1977,11
brambilla,Vittorio Brambilla,0,13,1977,5
hunt,James Hunt,0,13,1977,22
merzario,Arturo Merzario,0,13,1977,0
stuck,Hans-Joachim Stuck,0,13,1977,12
ribeiro,Alex Ribeiro,0,13,1977,0
peterson,Ronnie Peterson,0,13,1977,6
lunger,Brett Lunger,0,13,1977,0
binder,Hans Binder,0,13,1977,0
bleekemolen,Michael Bleekemolen,0,13,1977,0
ian_scheckter,Ian Scheckter,0,13,1977,0
nilsson,Gunnar Nilsson,0,13,1977,20
hayje,Boy Lunger,0,13,1977,0
neve,Patrick Nève,0,13,1977,0
schuppan,Vern Schuppan,0,13,1977,0
pilette,Teddy Pilette,0,13,1977,0
ashley,Ian Ashley,0,13,1977,0
ribeiro,Alex Ribeiro,0,14,1977,0
peterson,Ronnie Peterson,1,14,1977,7
lunger,Brett Lunger,0,14,1977,0
leoni,Lamberto Leoni,0,14,1977,0
binder,Hans Binder,0,14,1977,0
ian_scheckter,Ian Scheckter,0,14,1977,0
nilsson,Gunnar Nilsson,0,14,1977,20
neve,Patrick Nève,0,14,1977,0
pilette,Teddy Pilette,0,14,1977,0
ashley,Ian Ashley,0,14,1977,0
kessel,Loris Kessel,0,14,1977,0
giacomelli,Bruno Giacomelli,0,14,1977,0
laffite,Jacques Laffite,0,14,1977,16
tambay,Patrick Tambay,0,14,1977,3
jones,Alan Jones,4,14,1977,16
lauda,Niki Lauda,6,14,1977,69
watson,John Watson,0,14,1977,9
jarier,Jean-Pierre Jarier,0,14,1977,1
reutemann,Carlos Reutemann,0,14,1977,35
mass,Jochen Mass,3,14,1977,21
henton,Brian Henton,0,14,1977,0
mario_andretti,Mario Andretti,9,14,1977,41
villota,Emilio de Villota,0,14,1977,0
keegan,Rupert Keegan,0,14,1977,0
jabouille,Jean-Pierre Jabouille,0,14,1977,0
francia,Giorgio Francia,0,14,1977,0
depailler,Patrick Depailler,0,14,1977,10
scheckter,Jody Scheckter,0,14,1977,42
regazzoni,Clay Regazzoni,2,14,1977,3
emerson_fittipaldi,Emerson Fittipaldi,0,14,1977,11
brambilla,Vittorio Brambilla,0,14,1977,5
hunt,James Hunt,0,14,1977,22
stuck,Hans-Joachim Stuck,0,14,1977,12
patrese,Riccardo Patrese,0,14,1977,0
ribeiro,Alex Ribeiro,0,15,1977,0
peterson,Ronnie Peterson,0,15,1977,7
lunger,Brett Lunger,0,15,1977,0
ongais,Danny Ongais,0,15,1977,0
binder,Hans Binder,0,15,1977,0
ian_scheckter,Ian Scheckter,0,15,1977,0
nilsson,Gunnar Nilsson,0,15,1977,20
neve,Patrick Nève,0,15,1977,0
ashley,Ian Ashley,0,15,1977,0
lauda,Niki Lauda,3,15,1977,72
watson,John Watson,0,15,1977,9
jarier,Jean-Pierre Jarier,0,15,1977,1
reutemann,Carlos Reutemann,1,15,1977,36
mass,Jochen Mass,0,15,1977,21
mario_andretti,Mario Andretti,6,15,1977,47
keegan,Rupert Keegan,0,15,1977,0
jabouille,Jean-Pierre Jabouille,0,15,1977,0
depailler,Patrick Depailler,0,15,1977,10
scheckter,Jody Scheckter,4,15,1977,46
regazzoni,Clay Regazzoni,2,15,1977,5
emerson_fittipaldi,Emerson Fittipaldi,0,15,1977,11
brambilla,Vittorio Brambilla,0,15,1977,5
hunt,James Hunt,9,15,1977,31
stuck,Hans-Joachim Stuck,0,15,1977,12
laffite,Jacques Laffite,0,15,1977,16
tambay,Patrick Tambay,0,15,1977,3
jones,Alan Jones,0,15,1977,16
laffite,Jacques Laffite,0,16,1977,16
tambay,Patrick Tambay,2,16,1977,5
jones,Alan Jones,3,16,1977,19
patrese,Riccardo Patrese,0,16,1977,0
watson,John Watson,0,16,1977,9
reutemann,Carlos Reutemann,0,16,1977,36
mass,Jochen Mass,4,16,1977,25
gilles_villeneuve,Gilles Villeneuve,0,16,1977,0
mario_andretti,Mario Andretti,0,16,1977,47
keegan,Rupert Keegan,0,16,1977,0
jabouille,Jean-Pierre Jabouille,0,16,1977,0
depailler,Patrick Depailler,6,16,1977,16
scheckter,Jody Scheckter,9,16,1977,55
regazzoni,Clay Regazzoni,0,16,1977,5
emerson_fittipaldi,Emerson Fittipaldi,0,16,1977,11
brambilla,Vittorio Brambilla,1,16,1977,6
hunt,James Hunt,0,16,1977,31
stuck,Hans-Joachim Stuck,0,16,1977,12
ribeiro,Alex Ribeiro,0,16,1977,0
peterson,Ronnie Peterson,0,16,1977,7
lunger,Brett Lunger,0,16,1977,0
ongais,Danny Ongais,0,16,1977,0
binder,Hans Binder,0,16,1977,0
ian_scheckter,Ian Scheckter,0,16,1977,0
nilsson,Gunnar Nilsson,0,16,1977,20
neve,Patrick Nève,0,16,1977,0
ashley,Ian Ashley,0,16,1977,0
ribeiro,Alex Ribeiro,0,17,1977,0
peterson,Ronnie Peterson,0,17,1977,7
binder,Hans Binder,0,17,1977,0
nilsson,Gunnar Nilsson,0,17,1977,20
takahashi,Kunimitsu Takahashi,0,17,1977,0
hoshino,Kazuyoshi Hoshino,0,17,1977,0
takahara,Noritake Takahara,0,17,1977,0
laffite,Jacques Laffite,2,17,1977,18
tambay,Patrick Tambay,0,17,1977,5
jones,Alan Jones,3,17,1977,22
watson,John Watson,0,17,1977,9
jarier,Jean-Pierre Jarier,0,17,1977,1
reutemann,Carlos Reutemann,6,17,1977,42
mass,Jochen Mass,0,17,1977,25
gilles_villeneuve,Gilles Villeneuve,0,17,1977,0
mario_andretti,Mario Andretti,0,17,1977,47
depailler,Patrick Depailler,4,17,1977,20
scheckter,Jody Scheckter,0,17,1977,55
regazzoni,Clay Regazzoni,0,17,1977,5
brambilla,Vittorio Brambilla,0,17,1977,6
hunt,James Hunt,9,17,1977,40
stuck,Hans-Joachim Stuck,0,17,1977,12
patrese,Riccardo Patrese,1,17,1977,1
laffite,Jacques Laffite,0,1,1976,0
ickx,Jacky Ickx,0,1,1976,0
peterson,Ronnie Peterson,0,1,1976,0
pace,Carlos Pace,0,1,1976,0
pryce,Tom Pryce,4,1,1976,4
hoffmann,Ingo Hoffmann,0,1,1976,0
zorzi,Renzo Zorzi,0,1,1976,0
ashley,Ian Ashley,0,1,1976,0
lombardi,Lella Lombardi,0,1,1976,0
lauda,Niki Lauda,9,1,1976,9
watson,John Watson,0,1,1976,0
jarier,Jean-Pierre Jarier,0,1,1976,0
reutemann,Carlos Reutemann,0,1,1976,0
mass,Jochen Mass,1,1,1976,1
mario_andretti,Mario Andretti,0,1,1976,0
depailler,Patrick Depailler,6,1,1976,6
scheckter,Jody Scheckter,2,1,1976,2
regazzoni,Clay Regazzoni,0,1,1976,0
emerson_fittipaldi,Emerson Fittipaldi,0,1,1976,0
brambilla,Vittorio Brambilla,0,1,1976,0
hunt,James Hunt,0,1,1976,0
stuck,Hans-Joachim Stuck,3,1,1976,3
lauda,Niki Lauda,9,2,1976,18
watson,John Watson,2,2,1976,2
jarier,Jean-Pierre Jarier,0,2,1976,0
reutemann,Carlos Reutemann,0,2,1976,0
mass,Jochen Mass,4,2,1976,5
mario_andretti,Mario Andretti,1,2,1976,1
depailler,Patrick Depailler,0,2,1976,6
scheckter,Jody Scheckter,3,2,1976,5
regazzoni,Clay Regazzoni,0,2,1976,0
emerson_fittipaldi,Emerson Fittipaldi,0,2,1976,0
ertl,Harald Ertl,0,2,1976,0
brambilla,Vittorio Brambilla,0,2,1976,0
hunt,James Hunt,6,2,1976,6
stuck,Hans-Joachim Stuck,0,2,1976,3
laffite,Jacques Laffite,0,2,1976,0
ickx,Jacky Ickx,0,2,1976,0
peterson,Ronnie Peterson,0,2,1976,0
lunger,Brett Lunger,0,2,1976,0
pace,Carlos Pace,0,2,1976,0
ian_scheckter,Ian Scheckter,0,2,1976,0
pryce,Tom Pryce,0,2,1976,4
nilsson,Gunnar Nilsson,0,2,1976,0
evans,Bob Evans,0,2,1976,0
leclere,Michel Leclère,0,2,1976,0
amon,Chris Amon,0,2,1976,0
ickx,Jacky Ickx,0,3,1976,0
peterson,Ronnie Peterson,0,3,1976,0
lunger,Brett Lunger,0,3,1976,0
pace,Carlos Pace,0,3,1976,0
pryce,Tom Pryce,0,3,1976,4
hoffmann,Ingo Hoffmann,0,3,1976,0
nilsson,Gunnar Nilsson,0,3,1976,0
evans,Bob Evans,0,3,1976,0
leclere,Michel Leclère,0,3,1976,0
amon,Chris Amon,0,3,1976,0
lauda,Niki Lauda,6,3,1976,24
watson,John Watson,0,3,1976,2
jarier,Jean-Pierre Jarier,0,3,1976,0
reutemann,Carlos Reutemann,0,3,1976,0
mass,Jochen Mass,2,3,1976,7
mario_andretti,Mario Andretti,0,3,1976,1
depailler,Patrick Depailler,4,3,1976,10
scheckter,Jody Scheckter,0,3,1976,5
regazzoni,Clay Regazzoni,9,3,1976,9
emerson_fittipaldi,Emerson Fittipaldi,1,3,1976,1
ertl,Harald Ertl,0,3,1976,0
brambilla,Vittorio Brambilla,0,3,1976,0
hunt,James Hunt,0,3,1976,6
merzario,Arturo Merzario,0,3,1976,0
stuck,Hans-Joachim Stuck,0,3,1976,3
laffite,Jacques Laffite,3,3,1976,3
jones,Alan Jones,0,3,1976,0
laffite,Jacques Laffite,0,4,1976,3
jones,Alan Jones,0,4,1976,0
ickx,Jacky Ickx,0,4,1976,0
peterson,Ronnie Peterson,0,4,1976,0
lunger,Brett Lunger,0,4,1976,0
pace,Carlos Pace,1,4,1976,1
pryce,Tom Pryce,0,4,1976,4
hoffmann,Ingo Hoffmann,0,4,1976,0
nilsson,Gunnar Nilsson,4,4,1976,4
perkins,Larry Perkins,0,4,1976,0
kessel,Loris Kessel,0,4,1976,0
leclere,Michel Leclère,0,4,1976,0
amon,Chris Amon,2,4,1976,2
zapico,Emilio Zapico,0,4,1976,0
lauda,Niki Lauda,6,4,1976,30
watson,John Watson,0,4,1976,2
jarier,Jean-Pierre Jarier,0,4,1976,0
reutemann,Carlos Reutemann,3,4,1976,3
mass,Jochen Mass,0,4,1976,7
mario_andretti,Mario Andretti,0,4,1976,1
villota,Emilio de Villota,0,4,1976,0
depailler,Patrick Depailler,0,4,1976,10
scheckter,Jody Scheckter,0,4,1976,5
regazzoni,Clay Regazzoni,0,4,1976,9
emerson_fittipaldi,Emerson Fittipaldi,0,4,1976,1
ertl,Harald Ertl,0,4,1976,0
brambilla,Vittorio Brambilla,0,4,1976,0
hunt,James Hunt,9,4,1976,15
merzario,Arturo Merzario,0,4,1976,0
stuck,Hans-Joachim Stuck,0,4,1976,3
lauda,Niki Lauda,9,5,1976,39
watson,John Watson,0,5,1976,2
jarier,Jean-Pierre Jarier,0,5,1976,0
reutemann,Carlos Reutemann,0,5,1976,3
mass,Jochen Mass,1,5,1976,8
mario_andretti,Mario Andretti,0,5,1976,1
depailler,Patrick Depailler,0,5,1976,10
scheckter,Jody Scheckter,3,5,1976,8
regazzoni,Clay Regazzoni,6,5,1976,15
emerson_fittipaldi,Emerson Fittipaldi,0,5,1976,1
ertl,Harald Ertl,0,5,1976,0
brambilla,Vittorio Brambilla,0,5,1976,0
hunt,James Hunt,0,5,1976,15
merzario,Arturo Merzario,0,5,1976,0
stuck,Hans-Joachim Stuck,0,5,1976,3
laffite,Jacques Laffite,4,5,1976,7
jones,Alan Jones,2,5,1976,2
ickx,Jacky Ickx,0,5,1976,0
peterson,Ronnie Peterson,0,5,1976,0
lunger,Brett Lunger,0,5,1976,0
pace,Carlos Pace,0,5,1976,1
pryce,Tom Pryce,0,5,1976,4
nilsson,Gunnar Nilsson,0,5,1976,4
perkins,Larry Perkins,0,5,1976,0
neve,Patrick Nève,0,5,1976,0
edwards,Guy Edwards,0,5,1976,0
kessel,Loris Kessel,0,5,1976,0
leclere,Michel Leclère,0,5,1976,0
amon,Chris Amon,0,5,1976,2
ickx,Jacky Ickx,0,6,1976,0
peterson,Ronnie Peterson,0,6,1976,0
pace,Carlos Pace,0,6,1976,1
pryce,Tom Pryce,0,6,1976,4
nilsson,Gunnar Nilsson,0,6,1976,4
perkins,Larry Perkins,0,6,1976,0
leclere,Michel Leclère,0,6,1976,0
amon,Chris Amon,0,6,1976,2
pescarolo,Henri Pescarolo,0,6,1976,0
lauda,Niki Lauda,9,6,1976,48
watson,John Watson,0,6,1976,2
jarier,Jean-Pierre Jarier,0,6,1976,0
reutemann,Carlos Reutemann,0,6,1976,3
mass,Jochen Mass,2,6,1976,10
depailler,Patrick Depailler,4,6,1976,14
scheckter,Jody Scheckter,6,6,1976,14
regazzoni,Clay Regazzoni,0,6,1976,15
emerson_fittipaldi,Emerson Fittipaldi,1,6,1976,2
ertl,Harald Ertl,0,6,1976,0
brambilla,Vittorio Brambilla,0,6,1976,0
hunt,James Hunt,0,6,1976,15
merzario,Arturo Merzario,0,6,1976,0
stuck,Hans-Joachim Stuck,3,6,1976,6
laffite,Jacques Laffite,0,6,1976,7
jones,Alan Jones,0,6,1976,2
laffite,Jacques Laffite,3,7,1976,10
jones,Alan Jones,0,7,1976,2
peterson,Ronnie Peterson,0,7,1976,0
lunger,Brett Lunger,0,7,1976,0
pace,Carlos Pace,0,7,1976,1
pryce,Tom Pryce,0,7,1976,4
nilsson,Gunnar Nilsson,0,7,1976,4
perkins,Larry Perkins,0,7,1976,0
kessel,Loris Kessel,0,7,1976,0
leclere,Michel Leclère,0,7,1976,0
amon,Chris Amon,0,7,1976,2
nelleman,Jac Nelleman,0,7,1976,0
lauda,Niki Lauda,4,7,1976,52
watson,John Watson,0,7,1976,2
jarier,Jean-Pierre Jarier,0,7,1976,0
reutemann,Carlos Reutemann,0,7,1976,3
mass,Jochen Mass,0,7,1976,10
mario_andretti,Mario Andretti,0,7,1976,1
depailler,Patrick Depailler,6,7,1976,20
scheckter,Jody Scheckter,9,7,1976,23
regazzoni,Clay Regazzoni,1,7,1976,16
emerson_fittipaldi,Emerson Fittipaldi,0,7,1976,2
ertl,Harald Ertl,0,7,1976,0
brambilla,Vittorio Brambilla,0,7,1976,0
hunt,James Hunt,2,7,1976,17
merzario,Arturo Merzario,0,7,1976,0
stuck,Hans-Joachim Stuck,0,7,1976,6
lauda,Niki Lauda,0,8,1976,52
watson,John Watson,4,8,1976,6
jarier,Jean-Pierre Jarier,0,8,1976,0
reutemann,Carlos Reutemann,0,8,1976,3
mass,Jochen Mass,0,8,1976,10
mario_andretti,Mario Andretti,2,8,1976,3
depailler,Patrick Depailler,6,8,1976,26
scheckter,Jody Scheckter,1,8,1976,24
regazzoni,Clay Regazzoni,0,8,1976,16
emerson_fittipaldi,Emerson Fittipaldi,0,8,1976,2
ertl,Harald Ertl,0,8,1976,0
brambilla,Vittorio Brambilla,0,8,1976,0
hunt,James Hunt,9,8,1976,26
merzario,Arturo Merzario,0,8,1976,0
stuck,Hans-Joachim Stuck,0,8,1976,6
laffite,Jacques Laffite,0,8,1976,10
jones,Alan Jones,0,8,1976,2
ickx,Jacky Ickx,0,8,1976,0
peterson,Ronnie Peterson,0,8,1976,0
lunger,Brett Lunger,0,8,1976,0
pace,Carlos Pace,3,8,1976,4
pryce,Tom Pryce,0,8,1976,4
hoffmann,Ingo Hoffmann,0,8,1976,0
nilsson,Gunnar Nilsson,0,8,1976,4
neve,Patrick Nève,0,8,1976,0
edwards,Guy Edwards,0,8,1976,0
kessel,Loris Kessel,0,8,1976,0
leclere,Michel Leclère,0,8,1976,0
pescarolo,Henri Pescarolo,0,8,1976,0
magee,Damien Magee,0,8,1976,0
ickx,Jacky Ickx,0,9,1976,0
peterson,Ronnie Peterson,0,9,1976,0
lunger,Brett Lunger,0,9,1976,0
galica,Divina Galica,0,9,1976,0
pace,Carlos Pace,0,9,1976,4
pryce,Tom Pryce,3,9,1976,7
nilsson,Gunnar Nilsson,0,9,1976,4
edwards,Guy Edwards,0,9,1976,0
lombardi,Lella Lombardi,0,9,1976,0
evans,Bob Evans,0,9,1976,0
amon,Chris Amon,0,9,1976,2
pescarolo,Henri Pescarolo,0,9,1976,0
wilds,Mike Wilds,0,9,1976,0
lauda,Niki Lauda,9,9,1976,61
watson,John Watson,4,9,1976,10
jarier,Jean-Pierre Jarier,0,9,1976,0
reutemann,Carlos Reutemann,0,9,1976,3
mass,Jochen Mass,0,9,1976,10
mario_andretti,Mario Andretti,0,9,1976,3
depailler,Patrick Depailler,0,9,1976,26
scheckter,Jody Scheckter,6,9,1976,30
regazzoni,Clay Regazzoni,0,9,1976,16
emerson_fittipaldi,Emerson Fittipaldi,1,9,1976,3
ertl,Harald Ertl,0,9,1976,0
brambilla,Vittorio Brambilla,0,9,1976,0
hunt,James Hunt,0,9,1976,26
merzario,Arturo Merzario,0,9,1976,0
stuck,Hans-Joachim Stuck,0,9,1976,6
laffite,Jacques Laffite,0,9,1976,10
jones,Alan Jones,2,9,1976,4
laffite,Jacques Laffite,0,10,1976,10
jones,Alan Jones,0,10,1976,4
peterson,Ronnie Peterson,0,10,1976,0
lunger,Brett Lunger,0,10,1976,0
stommelen,Rolf Stommelen,1,10,1976,1
pace,Carlos Pace,3,10,1976,7
pryce,Tom Pryce,0,10,1976,7
nilsson,Gunnar Nilsson,2,10,1976,6
edwards,Guy Edwards,0,10,1976,0
lombardi,Lella Lombardi,0,10,1976,0
amon,Chris Amon,0,10,1976,2
pescarolo,Henri Pescarolo,0,10,1976,0
pesenti_rossi,Alessandro Pesenti-Rossi,0,10,1976,0
lauda,Niki Lauda,0,10,1976,61
watson,John Watson,0,10,1976,10
jarier,Jean-Pierre Jarier,0,10,1976,0
reutemann,Carlos Reutemann,0,10,1976,3
mass,Jochen Mass,4,10,1976,14
mario_andretti,Mario Andretti,0,10,1976,3
depailler,Patrick Depailler,0,10,1976,26
scheckter,Jody Scheckter,6,10,1976,36
regazzoni,Clay Regazzoni,0,10,1976,16
emerson_fittipaldi,Emerson Fittipaldi,0,10,1976,3
ertl,Harald Ertl,0,10,1976,0
brambilla,Vittorio Brambilla,0,10,1976,0
hunt,James Hunt,9,10,1976,35
merzario,Arturo Merzario,0,10,1976,0
stuck,Hans-Joachim Stuck,0,10,1976,6
watson,John Watson,9,11,1976,19
jarier,Jean-Pierre Jarier,0,11,1976,0
reutemann,Carlos Reutemann,0,11,1976,3
mass,Jochen Mass,0,11,1976,14
mario_andretti,Mario Andretti,2,11,1976,5
depailler,Patrick Depailler,0,11,1976,26
scheckter,Jody Scheckter,0,11,1976,36
emerson_fittipaldi,Emerson Fittipaldi,0,11,1976,3
ertl,Harald Ertl,0,11,1976,0
brambilla,Vittorio Brambilla,0,11,1976,0
hunt,James Hunt,3,11,1976,38
merzario,Arturo Merzario,0,11,1976,0
stuck,Hans-Joachim Stuck,0,11,1976,6
laffite,Jacques Laffite,6,11,1976,16
jones,Alan Jones,0,11,1976,4
peterson,Ronnie Peterson,1,11,1976,1
lunger,Brett Lunger,0,11,1976,0
binder,Hans Binder,0,11,1976,0
pace,Carlos Pace,0,11,1976,7
pryce,Tom Pryce,0,11,1976,7
nilsson,Gunnar Nilsson,4,11,1976,10
kessel,Loris Kessel,0,11,1976,0
lombardi,Lella Lombardi,0,11,1976,0
pescarolo,Henri Pescarolo,0,11,1976,0
pesenti_rossi,Alessandro Pesenti-Rossi,0,11,1976,0
ickx,Jacky Ickx,0,12,1976,0
peterson,Ronnie Peterson,0,12,1976,1
stommelen,Rolf Stommelen,0,12,1976,1
pace,Carlos Pace,0,12,1976,7
pryce,Tom Pryce,3,12,1976,10
nilsson,Gunnar Nilsson,0,12,1976,10
perkins,Larry Perkins,0,12,1976,0
hayje,Boy Lunger,0,12,1976,0
andersson,Conny Andersson,0,12,1976,0
pescarolo,Henri Pescarolo,0,12,1976,0
pesenti_rossi,Alessandro Pesenti-Rossi,0,12,1976,0
watson,John Watson,0,12,1976,19
jarier,Jean-Pierre Jarier,0,12,1976,0
reutemann,Carlos Reutemann,0,12,1976,3
mass,Jochen Mass,0,12,1976,14
mario_andretti,Mario Andretti,4,12,1976,9
depailler,Patrick Depailler,0,12,1976,26
scheckter,Jody Scheckter,2,12,1976,38
regazzoni,Clay Regazzoni,6,12,1976,22
emerson_fittipaldi,Emerson Fittipaldi,0,12,1976,3
ertl,Harald Ertl,0,12,1976,0
brambilla,Vittorio Brambilla,1,12,1976,1
hunt,James Hunt,9,12,1976,47
merzario,Arturo Merzario,0,12,1976,0
stuck,Hans-Joachim Stuck,0,12,1976,6
laffite,Jacques Laffite,0,12,1976,16
jones,Alan Jones,0,12,1976,4
laffite,Jacques Laffite,4,13,1976,20
jones,Alan Jones,0,13,1976,4
ickx,Jacky Ickx,0,13,1976,0
peterson,Ronnie Peterson,9,13,1976,10
lunger,Brett Lunger,0,13,1976,0
stommelen,Rolf Stommelen,0,13,1976,1
pace,Carlos Pace,0,13,1976,7
pryce,Tom Pryce,0,13,1976,10
nilsson,Gunnar Nilsson,0,13,1976,10
perkins,Larry Perkins,0,13,1976,0
edwards,Guy Edwards,0,13,1976,0
pescarolo,Henri Pescarolo,0,13,1976,0
pesenti_rossi,Alessandro Pesenti-Rossi,0,13,1976,0
stuppacher,Otto Stuppacher,0,13,1976,0
lauda,Niki Lauda,3,13,1976,64
watson,John Watson,0,13,1976,19
jarier,Jean-Pierre Jarier,0,13,1976,0
reutemann,Carlos Reutemann,0,13,1976,3
mass,Jochen Mass,0,13,1976,14
mario_andretti,Mario Andretti,0,13,1976,9
depailler,Patrick Depailler,1,13,1976,27
scheckter,Jody Scheckter,2,13,1976,40
regazzoni,Clay Regazzoni,6,13,1976,28
emerson_fittipaldi,Emerson Fittipaldi,0,13,1976,3
ertl,Harald Ertl,0,13,1976,0
brambilla,Vittorio Brambilla,0,13,1976,1
hunt,James Hunt,0,13,1976,47
merzario,Arturo Merzario,0,13,1976,0
stuck,Hans-Joachim Stuck,0,13,1976,6
lauda,Niki Lauda,0,14,1976,64
watson,John Watson,0,14,1976,19
jarier,Jean-Pierre Jarier,0,14,1976,0
mass,Jochen Mass,2,14,1976,16
mario_andretti,Mario Andretti,4,14,1976,13
depailler,Patrick Depailler,6,14,1976,33
scheckter,Jody Scheckter,3,14,1976,43
regazzoni,Clay Regazzoni,1,14,1976,29
emerson_fittipaldi,Emerson Fittipaldi,0,14,1976,3
ertl,Harald Ertl,0,14,1976,0
brambilla,Vittorio Brambilla,0,14,1976,1
hunt,James Hunt,9,14,1976,56
merzario,Arturo Merzario,0,14,1976,0
stuck,Hans-Joachim Stuck,0,14,1976,6
laffite,Jacques Laffite,0,14,1976,20
jones,Alan Jones,0,14,1976,4
ickx,Jacky Ickx,0,14,1976,0
peterson,Ronnie Peterson,0,14,1976,10
lunger,Brett Lunger,0,14,1976,0
pace,Carlos Pace,0,14,1976,7
pryce,Tom Pryce,0,14,1976,10
nilsson,Gunnar Nilsson,0,14,1976,10
perkins,Larry Perkins,0,14,1976,0
edwards,Guy Edwards,0,14,1976,0
amon,Chris Amon,0,14,1976,2
pescarolo,Henri Pescarolo,0,14,1976,0
stuppacher,Otto Stuppacher,0,14,1976,0
ickx,Jacky Ickx,0,15,1976,0
ribeiro,Alex Ribeiro,0,15,1976,0
peterson,Ronnie Peterson,0,15,1976,10
lunger,Brett Lunger,0,15,1976,0
pace,Carlos Pace,0,15,1976,7
pryce,Tom Pryce,0,15,1976,10
nilsson,Gunnar Nilsson,0,15,1976,10
perkins,Larry Perkins,0,15,1976,0
pescarolo,Henri Pescarolo,0,15,1976,0
stuppacher,Otto Stuppacher,0,15,1976,0
brown,Warwick Brown,0,15,1976,0
lauda,Niki Lauda,4,15,1976,68
watson,John Watson,1,15,1976,20
jarier,Jean-Pierre Jarier,0,15,1976,0
mass,Jochen Mass,3,15,1976,19
mario_andretti,Mario Andretti,0,15,1976,13
depailler,Patrick Depailler,0,15,1976,33
scheckter,Jody Scheckter,6,15,1976,49
regazzoni,Clay Regazzoni,0,15,1976,29
emerson_fittipaldi,Emerson Fittipaldi,0,15,1976,3
ertl,Harald Ertl,0,15,1976,0
brambilla,Vittorio Brambilla,0,15,1976,1
hunt,James Hunt,9,15,1976,65
merzario,Arturo Merzario,0,15,1976,0
stuck,Hans-Joachim Stuck,2,15,1976,8
laffite,Jacques Laffite,0,15,1976,20
jones,Alan Jones,0,15,1976,4
laffite,Jacques Laffite,0,16,1976,20
jones,Alan Jones,3,16,1976,7
peterson,Ronnie Peterson,0,16,1976,10
trimmer,Tony Trimmer,0,16,1976,0
binder,Hans Binder,0,16,1976,0
pace,Carlos Pace,0,16,1976,7
pryce,Tom Pryce,0,16,1976,10
nilsson,Gunnar Nilsson,1,16,1976,11
perkins,Larry Perkins,0,16,1976,0
hoshino,Kazuyoshi Hoshino,0,16,1976,0
takahara,Noritake Takahara,0,16,1976,0
hasemi,Masahiro Hasemi,0,16,1976,0
lauda,Niki Lauda,0,16,1976,68
watson,John Watson,0,16,1976,20
jarier,Jean-Pierre Jarier,0,16,1976,0
mass,Jochen Mass,0,16,1976,19
mario_andretti,Mario Andretti,9,16,1976,22
depailler,Patrick Depailler,6,16,1976,39
scheckter,Jody Scheckter,0,16,1976,49
regazzoni,Clay Regazzoni,2,16,1976,31
emerson_fittipaldi,Emerson Fittipaldi,0,16,1976,3
ertl,Harald Ertl,0,16,1976,0
brambilla,Vittorio Brambilla,0,16,1976,1
hunt,James Hunt,4,16,1976,69
merzario,Arturo Merzario,0,16,1976,0
stuck,Hans-Joachim Stuck,0,16,1976,8
lauda,Niki Lauda,1,1,1975,1
watson,John Watson,0,1,1975,0
jarier,Jean-Pierre Jarier,0,1,1975,0
reutemann,Carlos Reutemann,4,1,1975,4
mass,Jochen Mass,0,1,1975,0
mario_andretti,Mario Andretti,0,1,1975,0
depailler,Patrick Depailler,2,1,1975,2
scheckter,Jody Scheckter,0,1,1975,0
regazzoni,Clay Regazzoni,3,1,1975,3
emerson_fittipaldi,Emerson Fittipaldi,9,1,1975,9
brambilla,Vittorio Brambilla,0,1,1975,0
hunt,James Hunt,6,1,1975,6
merzario,Arturo Merzario,0,1,1975,0
laffite,Jacques Laffite,0,1,1975,0
ickx,Jacky Ickx,0,1,1975,0
peterson,Ronnie Peterson,0,1,1975,0
stommelen,Rolf Stommelen,0,1,1975,0
pace,Carlos Pace,0,1,1975,0
pryce,Tom Pryce,0,1,1975,0
wilds,Mike Wilds,0,1,1975,0
donohue,Mark Donohue,0,1,1975,0
hill,Graham Hill,0,1,1975,0
wilson_fittipaldi,Wilson Fittipaldi,0,1,1975,0
ickx,Jacky Ickx,0,2,1975,0
peterson,Ronnie Peterson,0,2,1975,0
stommelen,Rolf Stommelen,0,2,1975,0
pace,Carlos Pace,9,2,1975,9
pryce,Tom Pryce,0,2,1975,0
wilds,Mike Wilds,0,2,1975,0
donohue,Mark Donohue,0,2,1975,0
hill,Graham Hill,0,2,1975,0
wilson_fittipaldi,Wilson Fittipaldi,0,2,1975,0
lauda,Niki Lauda,2,2,1975,3
watson,John Watson,0,2,1975,0
jarier,Jean-Pierre Jarier,0,2,1975,0
reutemann,Carlos Reutemann,0,2,1975,4
mass,Jochen Mass,4,2,1975,4
mario_andretti,Mario Andretti,0,2,1975,0
depailler,Patrick Depailler,0,2,1975,2
scheckter,Jody Scheckter,0,2,1975,0
regazzoni,Clay Regazzoni,3,2,1975,6
emerson_fittipaldi,Emerson Fittipaldi,6,2,1975,15
brambilla,Vittorio Brambilla,0,2,1975,0
hunt,James Hunt,1,2,1975,7
merzario,Arturo Merzario,0,2,1975,0
laffite,Jacques Laffite,0,2,1975,0
laffite,Jacques Laffite,0,3,1975,0
ickx,Jacky Ickx,0,3,1975,0
peterson,Ronnie Peterson,0,3,1975,0
stommelen,Rolf Stommelen,0,3,1975,0
pace,Carlos Pace,3,3,1975,12
ian_scheckter,Ian Scheckter,0,3,1975,0
pryce,Tom Pryce,0,3,1975,0
lombardi,Lella Lombardi,0,3,1975,0
evans,Bob Evans,0,3,1975,0
donohue,Mark Donohue,0,3,1975,0
hill,Graham Hill,0,3,1975,0
wilson_fittipaldi,Wilson Fittipaldi,0,3,1975,0
tunmer,Guy Tunmer,0,3,1975,0
keizan,Eddie Keizan,0,3,1975,0
charlton,Dave Charlton,0,3,1975,0
lauda,Niki Lauda,2,3,1975,5
watson,John Watson,0,3,1975,0
jarier,Jean-Pierre Jarier,0,3,1975,0
reutemann,Carlos Reutemann,6,3,1975,10
mass,Jochen Mass,1,3,1975,5
mario_andretti,Mario Andretti,0,3,1975,0
depailler,Patrick Depailler,4,3,1975,6
scheckter,Jody Scheckter,9,3,1975,9
regazzoni,Clay Regazzoni,0,3,1975,6
emerson_fittipaldi,Emerson Fittipaldi,0,3,1975,15
brambilla,Vittorio Brambilla,0,3,1975,0
hunt,James Hunt,0,3,1975,7
merzario,Arturo Merzario,0,3,1975,0
lauda,Niki Lauda,0,4,1975,5
watson,John Watson,0,4,1975,0
jarier,Jean-Pierre Jarier,1,4,1975,1
reutemann,Carlos Reutemann,2,4,1975,12
mass,Jochen Mass,4,4,1975,9
mario_andretti,Mario Andretti,0,4,1975,0
depailler,Patrick Depailler,0,4,1975,6
scheckter,Jody Scheckter,0,4,1975,9
regazzoni,Clay Regazzoni,0,4,1975,6
emerson_fittipaldi,Emerson Fittipaldi,0,4,1975,15
brambilla,Vittorio Brambilla,1,4,1975,1
hunt,James Hunt,0,4,1975,7
merzario,Arturo Merzario,0,4,1975,0
jones,Alan Jones,0,4,1975,0
ickx,Jacky Ickx,3,4,1975,3
peterson,Ronnie Peterson,0,4,1975,0
stommelen,Rolf Stommelen,0,4,1975,0
pace,Carlos Pace,0,4,1975,12
pryce,Tom Pryce,0,4,1975,0
lombardi,Lella Lombardi,0,4,1975,0
evans,Bob Evans,0,4,1975,0
donohue,Mark Donohue,0,4,1975,0
wilson_fittipaldi,Wilson Fittipaldi,0,4,1975,0
brise,Tony Brise,0,4,1975,0
wunderink,Roelof Wunderink,0,4,1975,0
migault,François Migault,0,4,1975,0
ickx,Jacky Ickx,0,5,1975,3
peterson,Ronnie Peterson,3,5,1975,3
pace,Carlos Pace,4,5,1975,16
pryce,Tom Pryce,0,5,1975,0
lombardi,Lella Lombardi,0,5,1975,0
evans,Bob Evans,0,5,1975,0
donohue,Mark Donohue,0,5,1975,0
hill,Graham Hill,0,5,1975,0
wilson_fittipaldi,Wilson Fittipaldi,0,5,1975,0
wunderink,Roelof Wunderink,0,5,1975,0
palm,Torsten Palm,0,5,1975,0
lauda,Niki Lauda,9,5,1975,14
watson,John Watson,0,5,1975,0
jarier,Jean-Pierre Jarier,0,5,1975,1
reutemann,Carlos Reutemann,0,5,1975,12
mass,Jochen Mass,1,5,1975,10
mario_andretti,Mario Andretti,0,5,1975,0
depailler,Patrick Depailler,2,5,1975,8
scheckter,Jody Scheckter,0,5,1975,9
regazzoni,Clay Regazzoni,0,5,1975,6
emerson_fittipaldi,Emerson Fittipaldi,6,5,1975,21
brambilla,Vittorio Brambilla,0,5,1975,1
hunt,James Hunt,0,5,1975,7
merzario,Arturo Merzario,0,5,1975,0
laffite,Jacques Laffite,0,5,1975,0
jones,Alan Jones,0,5,1975,0
laffite,Jacques Laffite,0,6,1975,0
jones,Alan Jones,0,6,1975,0
ickx,Jacky Ickx,0,6,1975,3
peterson,Ronnie Peterson,0,6,1975,3
pace,Carlos Pace,0,6,1975,16
pryce,Tom Pryce,1,6,1975,1
lombardi,Lella Lombardi,0,6,1975,0
evans,Bob Evans,0,6,1975,0
donohue,Mark Donohue,0,6,1975,0
wilson_fittipaldi,Wilson Fittipaldi,0,6,1975,0
brise,Tony Brise,0,6,1975,0
migault,François Migault,0,6,1975,0
lauda,Niki Lauda,9,6,1975,23
watson,John Watson,0,6,1975,0
jarier,Jean-Pierre Jarier,0,6,1975,1
reutemann,Carlos Reutemann,4,6,1975,16
mass,Jochen Mass,0,6,1975,10
depailler,Patrick Depailler,3,6,1975,11
scheckter,Jody Scheckter,6,6,1975,15
regazzoni,Clay Regazzoni,2,6,1975,8
emerson_fittipaldi,Emerson Fittipaldi,0,6,1975,21
brambilla,Vittorio Brambilla,0,6,1975,1
hunt,James Hunt,0,6,1975,7
merzario,Arturo Merzario,0,6,1975,0
lauda,Niki Lauda,9,7,1975,32
watson,John Watson,0,7,1975,0
jarier,Jean-Pierre Jarier,0,7,1975,1
reutemann,Carlos Reutemann,6,7,1975,22
mass,Jochen Mass,0,7,1975,10
mario_andretti,Mario Andretti,3,7,1975,3
depailler,Patrick Depailler,0,7,1975,11
scheckter,Jody Scheckter,0,7,1975,15
regazzoni,Clay Regazzoni,4,7,1975,12
emerson_fittipaldi,Emerson Fittipaldi,0,7,1975,21
brambilla,Vittorio Brambilla,0,7,1975,1
hunt,James Hunt,0,7,1975,7
jones,Alan Jones,0,7,1975,0
ickx,Jacky Ickx,0,7,1975,3
peterson,Ronnie Peterson,0,7,1975,3
pace,Carlos Pace,0,7,1975,16
ian_scheckter,Ian Scheckter,0,7,1975,0
pryce,Tom Pryce,0,7,1975,1
schuppan,Vern Schuppan,0,7,1975,0
lombardi,Lella Lombardi,0,7,1975,0
evans,Bob Evans,0,7,1975,0
magee,Damien Magee,0,7,1975,0
donohue,Mark Donohue,2,7,1975,2
wilson_fittipaldi,Wilson Fittipaldi,0,7,1975,0
brise,Tony Brise,1,7,1975,1
palm,Torsten Palm,0,7,1975,0
ickx,Jacky Ickx,0,8,1975,3
peterson,Ronnie Peterson,0,8,1975,3
pace,Carlos Pace,2,8,1975,18
ian_scheckter,Ian Scheckter,0,8,1975,0
pryce,Tom Pryce,1,8,1975,2
lombardi,Lella Lombardi,0,8,1975,0
evans,Bob Evans,0,8,1975,0
donohue,Mark Donohue,0,8,1975,2
wilson_fittipaldi,Wilson Fittipaldi,0,8,1975,0
brise,Tony Brise,0,8,1975,1
lennep,Gijs van Lennep,0,8,1975,0
fushida,Hiroshi Fushida,0,8,1975,0
lauda,Niki Lauda,6,8,1975,38
watson,John Watson,0,8,1975,0
jarier,Jean-Pierre Jarier,0,8,1975,1
reutemann,Carlos Reutemann,3,8,1975,25
mass,Jochen Mass,0,8,1975,10
depailler,Patrick Depailler,0,8,1975,11
scheckter,Jody Scheckter,0,8,1975,15
regazzoni,Clay Regazzoni,4,8,1975,16
emerson_fittipaldi,Emerson Fittipaldi,0,8,1975,21
brambilla,Vittorio Brambilla,0,8,1975,1
hunt,James Hunt,9,8,1975,16
laffite,Jacques Laffite,0,8,1975,0
jones,Alan Jones,0,8,1975,0
laffite,Jacques Laffite,0,9,1975,0
jones,Alan Jones,0,9,1975,0
ickx,Jacky Ickx,0,9,1975,3
peterson,Ronnie Peterson,0,9,1975,3
pace,Carlos Pace,0,9,1975,18
pryce,Tom Pryce,0,9,1975,2
lombardi,Lella Lombardi,0,9,1975,0
evans,Bob Evans,0,9,1975,0
donohue,Mark Donohue,0,9,1975,2
wilson_fittipaldi,Wilson Fittipaldi,0,9,1975,0
brise,Tony Brise,0,9,1975,1
migault,François Migault,0,9,1975,0
lennep,Gijs van Lennep,0,9,1975,0
lauda,Niki Lauda,9,9,1975,47
watson,John Watson,0,9,1975,0
jarier,Jean-Pierre Jarier,0,9,1975,1
reutemann,Carlos Reutemann,0,9,1975,25
mass,Jochen Mass,4,9,1975,14
mario_andretti,Mario Andretti,2,9,1975,5
jabouille,Jean-Pierre Jabouille,0,9,1975,0
depailler,Patrick Depailler,1,9,1975,12
scheckter,Jody Scheckter,0,9,1975,15
regazzoni,Clay Regazzoni,0,9,1975,16
emerson_fittipaldi,Emerson Fittipaldi,3,9,1975,24
brambilla,Vittorio Brambilla,0,9,1975,1
hunt,James Hunt,6,9,1975,22
lauda,Niki Lauda,0,10,1975,47
watson,John Watson,0,10,1975,0
jarier,Jean-Pierre Jarier,0,10,1975,1
reutemann,Carlos Reutemann,0,10,1975,25
mass,Jochen Mass,0,10,1975,14
henton,Brian Henton,0,10,1975,0
mario_andretti,Mario Andretti,0,10,1975,5
depailler,Patrick Depailler,0,10,1975,12
scheckter,Jody Scheckter,4,10,1975,19
regazzoni,Clay Regazzoni,0,10,1975,16
emerson_fittipaldi,Emerson Fittipaldi,9,10,1975,33
brambilla,Vittorio Brambilla,1,10,1975,2
hunt,James Hunt,3,10,1975,25
stuck,Hans-Joachim Stuck,0,10,1975,0
laffite,Jacques Laffite,0,10,1975,0
jones,Alan Jones,0,10,1975,0
peterson,Ronnie Peterson,0,10,1975,3
pace,Carlos Pace,6,10,1975,24
pryce,Tom Pryce,0,10,1975,2
lombardi,Lella Lombardi,0,10,1975,0
donohue,Mark Donohue,2,10,1975,4
wilson_fittipaldi,Wilson Fittipaldi,0,10,1975,0
brise,Tony Brise,0,10,1975,1
wunderink,Roelof Wunderink,0,10,1975,0
fushida,Hiroshi Fushida,0,10,1975,0
nicholson,John Nicholson,0,10,1975,0
morgan,Dave Morgan,0,10,1975,0
crawford,Jim Crawford,0,10,1975,0
peterson,Ronnie Peterson,0,11,1975,3
trimmer,Tony Trimmer,0,11,1975,0
pace,Carlos Pace,0,11,1975,24
pryce,Tom Pryce,3,11,1975,5
ashley,Ian Ashley,0,11,1975,0
lombardi,Lella Lombardi,0,11,1975,0
donohue,Mark Donohue,0,11,1975,4
wilson_fittipaldi,Wilson Fittipaldi,0,11,1975,0
brise,Tony Brise,0,11,1975,1
lennep,Gijs van Lennep,1,11,1975,1
lauda,Niki Lauda,4,11,1975,51
watson,John Watson,0,11,1975,0
jarier,Jean-Pierre Jarier,0,11,1975,1
reutemann,Carlos Reutemann,9,11,1975,34
mass,Jochen Mass,0,11,1975,14
mario_andretti,Mario Andretti,0,11,1975,5
depailler,Patrick Depailler,0,11,1975,12
scheckter,Jody Scheckter,0,11,1975,19
regazzoni,Clay Regazzoni,0,11,1975,16
emerson_fittipaldi,Emerson Fittipaldi,0,11,1975,33
ertl,Harald Ertl,0,11,1975,0
brambilla,Vittorio Brambilla,0,11,1975,2
hunt,James Hunt,0,11,1975,25
stuck,Hans-Joachim Stuck,0,11,1975,0
laffite,Jacques Laffite,6,11,1975,6
jones,Alan Jones,2,11,1975,2
laffite,Jacques Laffite,0,12,1975,6
peterson,Ronnie Peterson,1,12,1975,4
lunger,Brett Lunger,0,12,1975,0
stommelen,Rolf Stommelen,0,12,1975,0
trimmer,Tony Trimmer,0,12,1975,0
pace,Carlos Pace,0,12,1975,24
pryce,Tom Pryce,2,12,1975,7
lombardi,Lella Lombardi,0,12,1975,0
evans,Bob Evans,0,12,1975,0
amon,Chris Amon,0,12,1975,0
donohue,Mark Donohue,0,12,1975,4
wilson_fittipaldi,Wilson Fittipaldi,0,12,1975,0
brise,Tony Brise,0,12,1975,1
wunderink,Roelof Wunderink,0,12,1975,0
vonlanthen,Jo Vonlanthen,0,12,1975,0
lauda,Niki Lauda,0,12,1975,51
watson,John Watson,0,12,1975,0
jarier,Jean-Pierre Jarier,0,12,1975,1
reutemann,Carlos Reutemann,0,12,1975,34
mass,Jochen Mass,1,12,1975,15
henton,Brian Henton,0,12,1975,0
mario_andretti,Mario Andretti,0,12,1975,5
depailler,Patrick Depailler,0,12,1975,12
scheckter,Jody Scheckter,0,12,1975,19
regazzoni,Clay Regazzoni,0,12,1975,16
emerson_fittipaldi,Emerson Fittipaldi,0,12,1975,33
ertl,Harald Ertl,0,12,1975,0
brambilla,Vittorio Brambilla,4,12,1975,6
hunt,James Hunt,3,12,1975,28
stuck,Hans-Joachim Stuck,0,12,1975,0
lauda,Niki Lauda,4,13,1975,55
jarier,Jean-Pierre Jarier,0,13,1975,1
reutemann,Carlos Reutemann,3,13,1975,37
mass,Jochen Mass,0,13,1975,15
mario_andretti,Mario Andretti,0,13,1975,5
depailler,Patrick Depailler,0,13,1975,12
scheckter,Jody Scheckter,0,13,1975,19
regazzoni,Clay Regazzoni,9,13,1975,25
emerson_fittipaldi,Emerson Fittipaldi,6,13,1975,39
ertl,Harald Ertl,0,13,1975,0
brambilla,Vittorio Brambilla,0,13,1975,6
hunt,James Hunt,2,13,1975,30
merzario,Arturo Merzario,0,13,1975,0
stuck,Hans-Joachim Stuck,0,13,1975,0
laffite,Jacques Laffite,0,13,1975,6
peterson,Ronnie Peterson,0,13,1975,4
lunger,Brett Lunger,0,13,1975,0
stommelen,Rolf Stommelen,0,13,1975,0
trimmer,Tony Trimmer,0,13,1975,0
pace,Carlos Pace,0,13,1975,24
pryce,Tom Pryce,1,13,1975,8
zorzi,Renzo Zorzi,0,13,1975,0
lombardi,Lella Lombardi,0,13,1975,0
evans,Bob Evans,0,13,1975,0
amon,Chris Amon,0,13,1975,0
brise,Tony Brise,0,13,1975,1
wunderink,Roelof Wunderink,0,13,1975,0
crawford,Jim Crawford,0,13,1975,0
peterson,Ronnie Peterson,2,14,1975,6
lunger,Brett Lunger,0,14,1975,0
pace,Carlos Pace,0,14,1975,24
pryce,Tom Pryce,0,14,1975,8
lombardi,Lella Lombardi,0,14,1975,0
leclere,Michel Leclère,0,14,1975,0
wilson_fittipaldi,Wilson Fittipaldi,0,14,1975,0
brise,Tony Brise,0,14,1975,1
wunderink,Roelof Wunderink,0,14,1975,0
lauda,Niki Lauda,9,14,1975,64
watson,John Watson,0,14,1975,0
jarier,Jean-Pierre Jarier,0,14,1975,1
reutemann,Carlos Reutemann,0,14,1975,37
mass,Jochen Mass,4,14,1975,19
henton,Brian Henton,0,14,1975,0
mario_andretti,Mario Andretti,0,14,1975,5
depailler,Patrick Depailler,0,14,1975,12
scheckter,Jody Scheckter,1,14,1975,20
regazzoni,Clay Regazzoni,0,14,1975,25
emerson_fittipaldi,Emerson Fittipaldi,6,14,1975,45
brambilla,Vittorio Brambilla,0,14,1975,6
hunt,James Hunt,3,14,1975,33
stuck,Hans-Joachim Stuck,0,14,1975,0
laffite,Jacques Laffite,0,14,1975,6
peterson,Ronnie Peterson,0,1,1974,0
pace,Carlos Pace,0,1,1974,0
edwards,Guy Edwards,0,1,1974,0
pescarolo,Henri Pescarolo,0,1,1974,0
hill,Graham Hill,0,1,1974,0
migault,François Migault,0,1,1974,0
hulme,Denny Hulme,9,1,1974,9
hailwood,Mike Hailwood,3,1,1974,3
beltoise,Jean-Pierre Beltoise,2,1,1974,2
ganley,Howden Ganley,0,1,1974,0
robarts,Richard Robarts,0,1,1974,0
revson,Peter Revson,0,1,1974,0
lauda,Niki Lauda,6,1,1974,6
watson,John Watson,0,1,1974,0
jarier,Jean-Pierre Jarier,0,1,1974,0
reutemann,Carlos Reutemann,0,1,1974,0
mass,Jochen Mass,0,1,1974,0
depailler,Patrick Depailler,1,1,1974,1
scheckter,Jody Scheckter,0,1,1974,0
regazzoni,Clay Regazzoni,4,1,1974,4
emerson_fittipaldi,Emerson Fittipaldi,0,1,1974,0
hunt,James Hunt,0,1,1974,0
merzario,Arturo Merzario,0,1,1974,0
stuck,Hans-Joachim Stuck,0,1,1974,0
ickx,Jacky Ickx,0,1,1974,0
lauda,Niki Lauda,0,2,1974,6
watson,John Watson,0,2,1974,0
jarier,Jean-Pierre Jarier,0,2,1974,0
reutemann,Carlos Reutemann,0,2,1974,0
mass,Jochen Mass,0,2,1974,0
depailler,Patrick Depailler,0,2,1974,1
scheckter,Jody Scheckter,0,2,1974,0
regazzoni,Clay Regazzoni,6,2,1974,10
emerson_fittipaldi,Emerson Fittipaldi,9,2,1974,9
hunt,James Hunt,0,2,1974,0
merzario,Arturo Merzario,0,2,1974,0
stuck,Hans-Joachim Stuck,0,2,1974,0
ickx,Jacky Ickx,4,2,1974,4
peterson,Ronnie Peterson,1,2,1974,1
pace,Carlos Pace,3,2,1974,3
edwards,Guy Edwards,0,2,1974,0
pescarolo,Henri Pescarolo,0,2,1974,0
hill,Graham Hill,0,2,1974,0
migault,François Migault,0,2,1974,0
hulme,Denny Hulme,0,2,1974,9
hailwood,Mike Hailwood,2,2,1974,5
beltoise,Jean-Pierre Beltoise,0,2,1974,2
ganley,Howden Ganley,0,2,1974,0
robarts,Richard Robarts,0,2,1974,0
revson,Peter Revson,0,2,1974,0
peterson,Ronnie Peterson,0,3,1974,1
pace,Carlos Pace,0,3,1974,3
ian_scheckter,Ian Scheckter,0,3,1974,0
pescarolo,Henri Pescarolo,0,3,1974,0
hill,Graham Hill,0,3,1974,0
keizan,Eddie Keizan,0,3,1974,0
charlton,Dave Charlton,0,3,1974,0
migault,François Migault,0,3,1974,0
hulme,Denny Hulme,0,3,1974,9
hailwood,Mike Hailwood,4,3,1974,9
beltoise,Jean-Pierre Beltoise,6,3,1974,8
robarts,Richard Robarts,0,3,1974,0
driver,Paddy Driver,0,3,1974,0
belso,Tom Belsø,0,3,1974,0
lauda,Niki Lauda,0,3,1974,6
watson,John Watson,0,3,1974,0
reutemann,Carlos Reutemann,9,3,1974,9
mass,Jochen Mass,0,3,1974,0
depailler,Patrick Depailler,3,3,1974,4
scheckter,Jody Scheckter,0,3,1974,0
regazzoni,Clay Regazzoni,0,3,1974,10
emerson_fittipaldi,Emerson Fittipaldi,0,3,1974,9
brambilla,Vittorio Brambilla,0,3,1974,0
hunt,James Hunt,0,3,1974,0
merzario,Arturo Merzario,1,3,1974,1
stuck,Hans-Joachim Stuck,2,3,1974,2
ickx,Jacky Ickx,0,3,1974,4
lauda,Niki Lauda,9,4,1974,15
watson,John Watson,0,4,1974,0
jarier,Jean-Pierre Jarier,0,4,1974,0
reutemann,Carlos Reutemann,0,4,1974,9
mass,Jochen Mass,0,4,1974,0
depailler,Patrick Depailler,0,4,1974,4
scheckter,Jody Scheckter,2,4,1974,2
regazzoni,Clay Regazzoni,6,4,1974,16
emerson_fittipaldi,Emerson Fittipaldi,4,4,1974,13
hunt,James Hunt,0,4,1974,0
merzario,Arturo Merzario,0,4,1974,1
stuck,Hans-Joachim Stuck,3,4,1974,5
ickx,Jacky Ickx,0,4,1974,4
peterson,Ronnie Peterson,0,4,1974,1
pace,Carlos Pace,0,4,1974,3
edwards,Guy Edwards,0,4,1974,0
amon,Chris Amon,0,4,1974,0
pescarolo,Henri Pescarolo,0,4,1974,0
hill,Graham Hill,0,4,1974,0
migault,François Migault,0,4,1974,0
hulme,Denny Hulme,1,4,1974,10
hailwood,Mike Hailwood,0,4,1974,9
beltoise,Jean-Pierre Beltoise,0,4,1974,8
belso,Tom Belsø,0,4,1974,0
redman,Brian Redman,0,4,1974,0
opel,Rikky von Opel,0,4,1974,0
schenken,Tim Schenken,0,4,1974,0
peterson,Ronnie Peterson,0,5,1974,1
pace,Carlos Pace,0,5,1974,3
pryce,Tom Pryce,0,5,1974,0
edwards,Guy Edwards,0,5,1974,0
schuppan,Vern Schuppan,0,5,1974,0
pilette,Teddy Pilette,0,5,1974,0
pescarolo,Henri Pescarolo,0,5,1974,0
hill,Graham Hill,0,5,1974,0
migault,François Migault,0,5,1974,0
lennep,Gijs van Lennep,0,5,1974,0
hulme,Denny Hulme,1,5,1974,11
hailwood,Mike Hailwood,0,5,1974,9
beltoise,Jean-Pierre Beltoise,2,5,1974,10
redman,Brian Redman,0,5,1974,0
opel,Rikky von Opel,0,5,1974,0
schenken,Tim Schenken,0,5,1974,0
larrousse,Gérard Larrousse,0,5,1974,0
kinnunen,Leo Kinnunen,0,5,1974,0
lauda,Niki Lauda,6,5,1974,21
watson,John Watson,0,5,1974,0
jarier,Jean-Pierre Jarier,0,5,1974,0
reutemann,Carlos Reutemann,0,5,1974,9
mass,Jochen Mass,0,5,1974,0
depailler,Patrick Depailler,0,5,1974,4
scheckter,Jody Scheckter,4,5,1974,6
regazzoni,Clay Regazzoni,3,5,1974,19
emerson_fittipaldi,Emerson Fittipaldi,9,5,1974,22
brambilla,Vittorio Brambilla,0,5,1974,0
hunt,James Hunt,0,5,1974,0
merzario,Arturo Merzario,0,5,1974,1
stuck,Hans-Joachim Stuck,0,5,1974,5
ickx,Jacky Ickx,0,5,1974,4
lauda,Niki Lauda,0,6,1974,21
watson,John Watson,1,6,1974,1
jarier,Jean-Pierre Jarier,4,6,1974,4
reutemann,Carlos Reutemann,0,6,1974,9
mass,Jochen Mass,0,6,1974,0
depailler,Patrick Depailler,0,6,1974,4
scheckter,Jody Scheckter,6,6,1974,12
regazzoni,Clay Regazzoni,3,6,1974,22
emerson_fittipaldi,Emerson Fittipaldi,2,6,1974,24
brambilla,Vittorio Brambilla,0,6,1974,0
hunt,James Hunt,0,6,1974,0
merzario,Arturo Merzario,0,6,1974,1
stuck,Hans-Joachim Stuck,0,6,1974,5
ickx,Jacky Ickx,0,6,1974,4
peterson,Ronnie Peterson,9,6,1974,10
pace,Carlos Pace,0,6,1974,3
edwards,Guy Edwards,0,6,1974,0
schuppan,Vern Schuppan,0,6,1974,0
amon,Chris Amon,0,6,1974,0
pescarolo,Henri Pescarolo,0,6,1974,0
hill,Graham Hill,0,6,1974,0
migault,François Migault,0,6,1974,0
hulme,Denny Hulme,0,6,1974,11
hailwood,Mike Hailwood,0,6,1974,9
beltoise,Jean-Pierre Beltoise,0,6,1974,10
redman,Brian Redman,0,6,1974,0
opel,Rikky von Opel,0,6,1974,0
schenken,Tim Schenken,0,6,1974,0
peterson,Ronnie Peterson,0,7,1974,10
pace,Carlos Pace,0,7,1974,3
edwards,Guy Edwards,0,7,1974,0
schuppan,Vern Schuppan,0,7,1974,0
pescarolo,Henri Pescarolo,0,7,1974,0
hill,Graham Hill,1,7,1974,1
hulme,Denny Hulme,0,7,1974,11
hailwood,Mike Hailwood,0,7,1974,9
beltoise,Jean-Pierre Beltoise,0,7,1974,10
robarts,Richard Robarts,0,7,1974,0
belso,Tom Belsø,0,7,1974,0
opel,Rikky von Opel,0,7,1974,0
kinnunen,Leo Kinnunen,0,7,1974,0
wisell,Reine Wisell,0,7,1974,0
roos,Bertil Roos,0,7,1974,0
lauda,Niki Lauda,0,7,1974,21
watson,John Watson,0,7,1974,1
jarier,Jean-Pierre Jarier,2,7,1974,6
reutemann,Carlos Reutemann,0,7,1974,9
mass,Jochen Mass,0,7,1974,0
depailler,Patrick Depailler,6,7,1974,10
scheckter,Jody Scheckter,9,7,1974,21
regazzoni,Clay Regazzoni,0,7,1974,22
emerson_fittipaldi,Emerson Fittipaldi,3,7,1974,27
brambilla,Vittorio Brambilla,0,7,1974,0
hunt,James Hunt,4,7,1974,4
ickx,Jacky Ickx,0,7,1974,4
lauda,Niki Lauda,9,8,1974,30
watson,John Watson,0,8,1974,1
jarier,Jean-Pierre Jarier,0,8,1974,6
reutemann,Carlos Reutemann,0,8,1974,9
mass,Jochen Mass,0,8,1974,0
depailler,Patrick Depailler,1,8,1974,11
scheckter,Jody Scheckter,2,8,1974,23
regazzoni,Clay Regazzoni,6,8,1974,28
emerson_fittipaldi,Emerson Fittipaldi,4,8,1974,31
brambilla,Vittorio Brambilla,0,8,1974,0
hunt,James Hunt,0,8,1974,4
merzario,Arturo Merzario,0,8,1974,1
stuck,Hans-Joachim Stuck,0,8,1974,5
ickx,Jacky Ickx,0,8,1974,4
peterson,Ronnie Peterson,0,8,1974,10
pryce,Tom Pryce,0,8,1974,0
edwards,Guy Edwards,0,8,1974,0
schuppan,Vern Schuppan,0,8,1974,0
pescarolo,Henri Pescarolo,0,8,1974,0
hill,Graham Hill,0,8,1974,1
migault,François Migault,0,8,1974,0
lennep,Gijs van Lennep,0,8,1974,0
hulme,Denny Hulme,0,8,1974,11
hailwood,Mike Hailwood,3,8,1974,12
beltoise,Jean-Pierre Beltoise,0,8,1974,10
opel,Rikky von Opel,0,8,1974,0
schenken,Tim Schenken,0,8,1974,0
peterson,Ronnie Peterson,9,9,1974,19
pace,Carlos Pace,0,9,1974,3
pryce,Tom Pryce,0,9,1974,0
edwards,Guy Edwards,0,9,1974,0
schuppan,Vern Schuppan,0,9,1974,0
pescarolo,Henri Pescarolo,0,9,1974,0
hill,Graham Hill,0,9,1974,1
migault,François Migault,0,9,1974,0
hulme,Denny Hulme,1,9,1974,12
hailwood,Mike Hailwood,0,9,1974,12
beltoise,Jean-Pierre Beltoise,0,9,1974,10
opel,Rikky von Opel,0,9,1974,0
larrousse,Gérard Larrousse,0,9,1974,0
kinnunen,Leo Kinnunen,0,9,1974,0
dolhem,José Dolhem,0,9,1974,0
lauda,Niki Lauda,6,9,1974,36
watson,John Watson,0,9,1974,1
jarier,Jean-Pierre Jarier,0,9,1974,6
reutemann,Carlos Reutemann,0,9,1974,9
mass,Jochen Mass,0,9,1974,0
jabouille,Jean-Pierre Jabouille,0,9,1974,0
depailler,Patrick Depailler,0,9,1974,11
scheckter,Jody Scheckter,3,9,1974,26
regazzoni,Clay Regazzoni,4,9,1974,32
emerson_fittipaldi,Emerson Fittipaldi,0,9,1974,31
brambilla,Vittorio Brambilla,0,9,1974,0
hunt,James Hunt,0,9,1974,4
merzario,Arturo Merzario,0,9,1974,1
stuck,Hans-Joachim Stuck,0,9,1974,5
ickx,Jacky Ickx,2,9,1974,6
lauda,Niki Lauda,2,10,1974,38
watson,John Watson,0,10,1974,1
jarier,Jean-Pierre Jarier,0,10,1974,6
reutemann,Carlos Reutemann,1,10,1974,10
mass,Jochen Mass,0,10,1974,0
depailler,Patrick Depailler,0,10,1974,11
scheckter,Jody Scheckter,9,10,1974,35
regazzoni,Clay Regazzoni,3,10,1974,35
emerson_fittipaldi,Emerson Fittipaldi,6,10,1974,37
brambilla,Vittorio Brambilla,0,10,1974,0
hunt,James Hunt,0,10,1974,4
merzario,Arturo Merzario,0,10,1974,1
stuck,Hans-Joachim Stuck,0,10,1974,5
ickx,Jacky Ickx,4,10,1974,10
peterson,Ronnie Peterson,0,10,1974,19
pace,Carlos Pace,0,10,1974,3
pryce,Tom Pryce,0,10,1974,0
purley,David Purley,0,10,1974,0
schuppan,Vern Schuppan,0,10,1974,0
lombardi,Lella Lombardi,0,10,1974,0
pescarolo,Henri Pescarolo,0,10,1974,0
wilds,Mike Wilds,0,10,1974,0
hill,Graham Hill,0,10,1974,1
migault,François Migault,0,10,1974,0
nicholson,John Nicholson,0,10,1974,0
hulme,Denny Hulme,0,10,1974,12
hailwood,Mike Hailwood,0,10,1974,12
beltoise,Jean-Pierre Beltoise,0,10,1974,10
ganley,Howden Ganley,0,10,1974,0
belso,Tom Belsø,0,10,1974,0
schenken,Tim Schenken,0,10,1974,0
kinnunen,Leo Kinnunen,0,10,1974,0
gethin,Peter Gethin,0,10,1974,0
bell,Derek Bell,0,10,1974,0
peterson,Ronnie Peterson,3,11,1974,22
pace,Carlos Pace,0,11,1974,3
pryce,Tom Pryce,1,11,1974,1
perkins,Larry Perkins,0,11,1974,0
edwards,Guy Edwards,0,11,1974,0
schuppan,Vern Schuppan,0,11,1974,0
ashley,Ian Ashley,0,11,1974,0
amon,Chris Amon,0,11,1974,0
pescarolo,Henri Pescarolo,0,11,1974,0
hill,Graham Hill,0,11,1974,1
migault,François Migault,0,11,1974,0
hulme,Denny Hulme,0,11,1974,12
hailwood,Mike Hailwood,0,11,1974,12
beltoise,Jean-Pierre Beltoise,0,11,1974,10
ganley,Howden Ganley,0,11,1974,0
schenken,Tim Schenken,0,11,1974,0
bell,Derek Bell,0,11,1974,0
laffite,Jacques Laffite,0,11,1974,0
lauda,Niki Lauda,0,11,1974,38
watson,John Watson,0,11,1974,1
jarier,Jean-Pierre Jarier,0,11,1974,6
reutemann,Carlos Reutemann,4,11,1974,14
mass,Jochen Mass,0,11,1974,0
depailler,Patrick Depailler,0,11,1974,11
scheckter,Jody Scheckter,6,11,1974,41
regazzoni,Clay Regazzoni,9,11,1974,44
emerson_fittipaldi,Emerson Fittipaldi,0,11,1974,37
brambilla,Vittorio Brambilla,0,11,1974,0
hunt,James Hunt,0,11,1974,4
merzario,Arturo Merzario,0,11,1974,1
stuck,Hans-Joachim Stuck,0,11,1974,5
ickx,Jacky Ickx,2,11,1974,12
lauda,Niki Lauda,0,12,1974,38
watson,John Watson,3,12,1974,4
jarier,Jean-Pierre Jarier,0,12,1974,6
reutemann,Carlos Reutemann,9,12,1974,23
jabouille,Jean-Pierre Jabouille,0,12,1974,0
depailler,Patrick Depailler,0,12,1974,11
scheckter,Jody Scheckter,0,12,1974,41
regazzoni,Clay Regazzoni,2,12,1974,46
emerson_fittipaldi,Emerson Fittipaldi,0,12,1974,37
brambilla,Vittorio Brambilla,1,12,1974,1
hunt,James Hunt,4,12,1974,8
merzario,Arturo Merzario,0,12,1974,1
stuck,Hans-Joachim Stuck,0,12,1974,5
ickx,Jacky Ickx,0,12,1974,12
peterson,Ronnie Peterson,0,12,1974,22
stommelen,Rolf Stommelen,0,12,1974,0
pace,Carlos Pace,0,12,1974,3
ian_scheckter,Ian Scheckter,0,12,1974,0
pryce,Tom Pryce,0,12,1974,1
ashley,Ian Ashley,0,12,1974,0
wilds,Mike Wilds,0,12,1974,0
hill,Graham Hill,0,12,1974,1
hulme,Denny Hulme,6,12,1974,18
beltoise,Jean-Pierre Beltoise,0,12,1974,10
schenken,Tim Schenken,0,12,1974,0
kinnunen,Leo Kinnunen,0,12,1974,0
bell,Derek Bell,0,12,1974,0
hobbs,David Hobbs,0,12,1974,0
quester,Dieter Quester,0,12,1974,0
koinigg,Helmuth Koinigg,0,12,1974,0
laffite,Jacques Laffite,0,12,1974,0
laffite,Jacques Laffite,0,13,1974,0
lauda,Niki Lauda,0,13,1974,38
watson,John Watson,0,13,1974,4
jarier,Jean-Pierre Jarier,0,13,1974,6
reutemann,Carlos Reutemann,0,13,1974,23
depailler,Patrick Depailler,0,13,1974,11
scheckter,Jody Scheckter,4,13,1974,45
regazzoni,Clay Regazzoni,0,13,1974,46
emerson_fittipaldi,Emerson Fittipaldi,6,13,1974,43
brambilla,Vittorio Brambilla,0,13,1974,1
hunt,James Hunt,0,13,1974,8
merzario,Arturo Merzario,3,13,1974,4
stuck,Hans-Joachim Stuck,0,13,1974,5
ickx,Jacky Ickx,0,13,1974,12
peterson,Ronnie Peterson,9,13,1974,31
stommelen,Rolf Stommelen,0,13,1974,0
pace,Carlos Pace,2,13,1974,5
pryce,Tom Pryce,0,13,1974,1
amon,Chris Amon,0,13,1974,0
pescarolo,Henri Pescarolo,0,13,1974,0
wilds,Mike Wilds,0,13,1974,0
hill,Graham Hill,0,13,1974,1
migault,François Migault,0,13,1974,0
hulme,Denny Hulme,1,13,1974,19
beltoise,Jean-Pierre Beltoise,0,13,1974,10
schenken,Tim Schenken,0,13,1974,0
kinnunen,Leo Kinnunen,0,13,1974,0
dolhem,José Dolhem,0,13,1974,0
bell,Derek Bell,0,13,1974,0
hobbs,David Hobbs,0,13,1974,0
facetti,Carlo Facetti,0,13,1974,0
ickx,Jacky Ickx,0,14,1974,12
peterson,Ronnie Peterson,4,14,1974,35
stommelen,Rolf Stommelen,0,14,1974,0
pace,Carlos Pace,0,14,1974,5
pryce,Tom Pryce,0,14,1974,1
ashley,Ian Ashley,0,14,1974,0
amon,Chris Amon,0,14,1974,0
wilds,Mike Wilds,0,14,1974,0
donohue,Mark Donohue,0,14,1974,0
hill,Graham Hill,0,14,1974,1
hulme,Denny Hulme,1,14,1974,20
beltoise,Jean-Pierre Beltoise,0,14,1974,10
bell,Derek Bell,0,14,1974,0
koinigg,Helmuth Koinigg,0,14,1974,0
wietzes,Eppie Wietzes,0,14,1974,0
laffite,Jacques Laffite,0,14,1974,0
lauda,Niki Lauda,0,14,1974,38
watson,John Watson,0,14,1974,4
jarier,Jean-Pierre Jarier,0,14,1974,6
reutemann,Carlos Reutemann,0,14,1974,23
mass,Jochen Mass,0,14,1974,0
mario_andretti,Mario Andretti,0,14,1974,0
depailler,Patrick Depailler,2,14,1974,13
scheckter,Jody Scheckter,0,14,1974,45
regazzoni,Clay Regazzoni,6,14,1974,52
emerson_fittipaldi,Emerson Fittipaldi,9,14,1974,52
brambilla,Vittorio Brambilla,0,14,1974,1
hunt,James Hunt,3,14,1974,11
merzario,Arturo Merzario,0,14,1974,4
stuck,Hans-Joachim Stuck,0,14,1974,5
lauda,Niki Lauda,0,15,1974,38
watson,John Watson,2,15,1974,6
jarier,Jean-Pierre Jarier,0,15,1974,6
reutemann,Carlos Reutemann,9,15,1974,32
mass,Jochen Mass,0,15,1974,0
mario_andretti,Mario Andretti,0,15,1974,0
depailler,Patrick Depailler,1,15,1974,14
scheckter,Jody Scheckter,0,15,1974,45
regazzoni,Clay Regazzoni,0,15,1974,52
emerson_fittipaldi,Emerson Fittipaldi,3,15,1974,55
brambilla,Vittorio Brambilla,0,15,1974,1
hunt,James Hunt,4,15,1974,15
merzario,Arturo Merzario,0,15,1974,4
stuck,Hans-Joachim Stuck,0,15,1974,5
ickx,Jacky Ickx,0,15,1974,12
peterson,Ronnie Peterson,0,15,1974,35
stommelen,Rolf Stommelen,0,15,1974,0
pace,Carlos Pace,6,15,1974,11
pryce,Tom Pryce,0,15,1974,1
ashley,Ian Ashley,0,15,1974,0
amon,Chris Amon,0,15,1974,0
wilds,Mike Wilds,0,15,1974,0
donohue,Mark Donohue,0,15,1974,0
hill,Graham Hill,0,15,1974,1
hulme,Denny Hulme,0,15,1974,20
beltoise,Jean-Pierre Beltoise,0,15,1974,10
schenken,Tim Schenken,0,15,1974,0
dolhem,José Dolhem,0,15,1974,0
koinigg,Helmuth Koinigg,0,15,1974,0
laffite,Jacques Laffite,0,15,1974,0
lauda,Niki Lauda,0,1,1973,0
jarier,Jean-Pierre Jarier,0,1,1973,0
reutemann,Carlos Reutemann,0,1,1973,0
regazzoni,Clay Regazzoni,0,1,1973,0
emerson_fittipaldi,Emerson Fittipaldi,9,1,1973,9
merzario,Arturo Merzario,0,1,1973,0
ickx,Jacky Ickx,3,1,1973,3
peterson,Ronnie Peterson,0,1,1973,0
pace,Carlos Pace,0,1,1973,0
wilson_fittipaldi,Wilson Fittipaldi,1,1,1973,1
hulme,Denny Hulme,2,1,1973,2
hailwood,Mike Hailwood,0,1,1973,0
beltoise,Jean-Pierre Beltoise,0,1,1973,0
ganley,Howden Ganley,0,1,1973,0
revson,Peter Revson,0,1,1973,0
cevert,François Cevert,6,1,1973,6
stewart,Jackie Stewart,4,1,1973,4
beuttler,Mike Beuttler,0,1,1973,0
galli,Nanni Galli,0,1,1973,0
peterson,Ronnie Peterson,0,2,1973,0
pace,Carlos Pace,0,2,1973,0
wilson_fittipaldi,Wilson Fittipaldi,0,2,1973,1
hulme,Denny Hulme,4,2,1973,6
hailwood,Mike Hailwood,0,2,1973,0
beltoise,Jean-Pierre Beltoise,0,2,1973,0
ganley,Howden Ganley,0,2,1973,0
revson,Peter Revson,0,2,1973,0
cevert,François Cevert,0,2,1973,6
stewart,Jackie Stewart,6,2,1973,10
beuttler,Mike Beuttler,0,2,1973,0
galli,Nanni Galli,0,2,1973,0
bueno,Luiz Bueno,0,2,1973,0
lauda,Niki Lauda,0,2,1973,0
jarier,Jean-Pierre Jarier,0,2,1973,0
reutemann,Carlos Reutemann,0,2,1973,0
regazzoni,Clay Regazzoni,1,2,1973,1
emerson_fittipaldi,Emerson Fittipaldi,9,2,1973,18
merzario,Arturo Merzario,3,2,1973,3
ickx,Jacky Ickx,2,2,1973,5
lauda,Niki Lauda,0,3,1973,0
jarier,Jean-Pierre Jarier,0,3,1973,0
reutemann,Carlos Reutemann,0,3,1973,0
scheckter,Jody Scheckter,0,3,1973,0
regazzoni,Clay Regazzoni,0,3,1973,1
emerson_fittipaldi,Emerson Fittipaldi,4,3,1973,22
merzario,Arturo Merzario,3,3,1973,6
ickx,Jacky Ickx,0,3,1973,5
peterson,Ronnie Peterson,0,3,1973,0
pace,Carlos Pace,0,3,1973,0
oliver,Jackie Oliver,0,3,1973,0
wilson_fittipaldi,Wilson Fittipaldi,0,3,1973,1
keizan,Eddie Keizan,0,3,1973,0
charlton,Dave Charlton,0,3,1973,0
hulme,Denny Hulme,2,3,1973,8
hailwood,Mike Hailwood,0,3,1973,0
beltoise,Jean-Pierre Beltoise,0,3,1973,0
ganley,Howden Ganley,0,3,1973,0
revson,Peter Revson,6,3,1973,6
cevert,François Cevert,0,3,1973,6
stewart,Jackie Stewart,9,3,1973,19
beuttler,Mike Beuttler,0,3,1973,0
follmer,George Follmer,1,3,1973,1
adamich,Andrea de Adamich,0,3,1973,0
pretorius,Jackie Pretorius,0,3,1973,0
peterson,Ronnie Peterson,0,4,1973,0
pace,Carlos Pace,0,4,1973,0
oliver,Jackie Oliver,0,4,1973,0
pescarolo,Henri Pescarolo,0,4,1973,0
hill,Graham Hill,0,4,1973,0
wilson_fittipaldi,Wilson Fittipaldi,0,4,1973,1
hulme,Denny Hulme,1,4,1973,9
hailwood,Mike Hailwood,0,4,1973,0
beltoise,Jean-Pierre Beltoise,2,4,1973,2
ganley,Howden Ganley,0,4,1973,0
revson,Peter Revson,3,4,1973,9
cevert,François Cevert,6,4,1973,12
stewart,Jackie Stewart,0,4,1973,19
beuttler,Mike Beuttler,0,4,1973,0
galli,Nanni Galli,0,4,1973,0
follmer,George Follmer,4,4,1973,5
adamich,Andrea de Adamich,0,4,1973,0
lauda,Niki Lauda,0,4,1973,0
reutemann,Carlos Reutemann,0,4,1973,0
regazzoni,Clay Regazzoni,0,4,1973,1
emerson_fittipaldi,Emerson Fittipaldi,9,4,1973,31
ickx,Jacky Ickx,0,4,1973,5
lauda,Niki Lauda,2,5,1973,2
jarier,Jean-Pierre Jarier,0,5,1973,0
reutemann,Carlos Reutemann,0,5,1973,0
regazzoni,Clay Regazzoni,0,5,1973,1
emerson_fittipaldi,Emerson Fittipaldi,4,5,1973,35
ickx,Jacky Ickx,0,5,1973,5
peterson,Ronnie Peterson,0,5,1973,0
pace,Carlos Pace,0,5,1973,0
oliver,Jackie Oliver,0,5,1973,0
amon,Chris Amon,1,5,1973,1
hill,Graham Hill,0,5,1973,0
wilson_fittipaldi,Wilson Fittipaldi,0,5,1973,1
hulme,Denny Hulme,0,5,1973,9
hailwood,Mike Hailwood,0,5,1973,0
beltoise,Jean-Pierre Beltoise,0,5,1973,2
ganley,Howden Ganley,0,5,1973,0
revson,Peter Revson,0,5,1973,9
cevert,François Cevert,6,5,1973,18
stewart,Jackie Stewart,9,5,1973,28
beuttler,Mike Beuttler,0,5,1973,0
galli,Nanni Galli,0,5,1973,0
follmer,George Follmer,0,5,1973,5
adamich,Andrea de Adamich,3,5,1973,3
peterson,Ronnie Peterson,4,6,1973,4
pace,Carlos Pace,0,6,1973,0
purley,David Purley,0,6,1973,0
oliver,Jackie Oliver,0,6,1973,0
amon,Chris Amon,0,6,1973,1
hill,Graham Hill,0,6,1973,0
wilson_fittipaldi,Wilson Fittipaldi,0,6,1973,1
hulme,Denny Hulme,1,6,1973,10
hailwood,Mike Hailwood,0,6,1973,0
beltoise,Jean-Pierre Beltoise,0,6,1973,2
ganley,Howden Ganley,0,6,1973,0
revson,Peter Revson,2,6,1973,11
cevert,François Cevert,3,6,1973,21
stewart,Jackie Stewart,9,6,1973,37
beuttler,Mike Beuttler,0,6,1973,0
galli,Nanni Galli,0,6,1973,0
adamich,Andrea de Adamich,0,6,1973,3
lauda,Niki Lauda,0,6,1973,2
jarier,Jean-Pierre Jarier,0,6,1973,0
reutemann,Carlos Reutemann,0,6,1973,0
regazzoni,Clay Regazzoni,0,6,1973,1
emerson_fittipaldi,Emerson Fittipaldi,6,6,1973,41
hunt,James Hunt,0,6,1973,0
merzario,Arturo Merzario,0,6,1973,6
ickx,Jacky Ickx,0,6,1973,5
lauda,Niki Lauda,0,7,1973,2
jarier,Jean-Pierre Jarier,0,7,1973,0
reutemann,Carlos Reutemann,3,7,1973,3
regazzoni,Clay Regazzoni,0,7,1973,1
emerson_fittipaldi,Emerson Fittipaldi,0,7,1973,41
ickx,Jacky Ickx,1,7,1973,6
peterson,Ronnie Peterson,6,7,1973,10
pace,Carlos Pace,0,7,1973,0
oliver,Jackie Oliver,0,7,1973,0
hill,Graham Hill,0,7,1973,0
wilson_fittipaldi,Wilson Fittipaldi,0,7,1973,1
hulme,Denny Hulme,9,7,1973,19
hailwood,Mike Hailwood,0,7,1973,0
beltoise,Jean-Pierre Beltoise,0,7,1973,2
ganley,Howden Ganley,0,7,1973,0
revson,Peter Revson,0,7,1973,11
wisell,Reine Wisell,0,7,1973,0
cevert,François Cevert,4,7,1973,25
stewart,Jackie Stewart,2,7,1973,39
beuttler,Mike Beuttler,0,7,1973,0
follmer,George Follmer,0,7,1973,5
peterson,Ronnie Peterson,9,8,1973,19
pace,Carlos Pace,0,8,1973,0
oliver,Jackie Oliver,0,8,1973,0
pescarolo,Henri Pescarolo,0,8,1973,0
hill,Graham Hill,0,8,1973,0
wilson_fittipaldi,Wilson Fittipaldi,0,8,1973,1
hulme,Denny Hulme,0,8,1973,19
hailwood,Mike Hailwood,0,8,1973,0
beltoise,Jean-Pierre Beltoise,0,8,1973,2
ganley,Howden Ganley,0,8,1973,0
opel,Rikky von Opel,0,8,1973,0
wisell,Reine Wisell,0,8,1973,0
cevert,François Cevert,6,8,1973,31
stewart,Jackie Stewart,3,8,1973,42
follmer,George Follmer,0,8,1973,5
adamich,Andrea de Adamich,0,8,1973,3
lauda,Niki Lauda,0,8,1973,2
jarier,Jean-Pierre Jarier,0,8,1973,0
reutemann,Carlos Reutemann,4,8,1973,7
scheckter,Jody Scheckter,0,8,1973,0
regazzoni,Clay Regazzoni,0,8,1973,1
emerson_fittipaldi,Emerson Fittipaldi,0,8,1973,41
hunt,James Hunt,1,8,1973,1
merzario,Arturo Merzario,0,8,1973,6
ickx,Jacky Ickx,2,8,1973,8
lauda,Niki Lauda,0,9,1973,2
watson,John Watson,0,9,1973,0
reutemann,Carlos Reutemann,1,9,1973,8
mass,Jochen Mass,0,9,1973,0
scheckter,Jody Scheckter,0,9,1973,0
regazzoni,Clay Regazzoni,0,9,1973,1
emerson_fittipaldi,Emerson Fittipaldi,0,9,1973,41
hunt,James Hunt,3,9,1973,4
ickx,Jacky Ickx,0,9,1973,8
peterson,Ronnie Peterson,6,9,1973,25
pace,Carlos Pace,0,9,1973,0
purley,David Purley,0,9,1973,0
oliver,Jackie Oliver,0,9,1973,0
amon,Chris Amon,0,9,1973,1
hill,Graham Hill,0,9,1973,0
wilson_fittipaldi,Wilson Fittipaldi,0,9,1973,1
hulme,Denny Hulme,4,9,1973,23
hailwood,Mike Hailwood,0,9,1973,0
beltoise,Jean-Pierre Beltoise,0,9,1973,2
ganley,Howden Ganley,0,9,1973,0
revson,Peter Revson,9,9,1973,20
opel,Rikky von Opel,0,9,1973,0
cevert,François Cevert,2,9,1973,33
stewart,Jackie Stewart,0,9,1973,42
beuttler,Mike Beuttler,0,9,1973,0
follmer,George Follmer,0,9,1973,5
adamich,Andrea de Adamich,0,9,1973,3
williamson,Roger Williamson,0,9,1973,0
mcrae,Graham McRae,0,9,1973,0
peterson,Ronnie Peterson,0,10,1973,25
pace,Carlos Pace,0,10,1973,0
purley,David Purley,0,10,1973,0
oliver,Jackie Oliver,0,10,1973,0
amon,Chris Amon,0,10,1973,1
hill,Graham Hill,0,10,1973,0
wilson_fittipaldi,Wilson Fittipaldi,0,10,1973,1
lennep,Gijs van Lennep,1,10,1973,1
hulme,Denny Hulme,0,10,1973,23
hailwood,Mike Hailwood,0,10,1973,0
beltoise,Jean-Pierre Beltoise,2,10,1973,4
ganley,Howden Ganley,0,10,1973,0
revson,Peter Revson,3,10,1973,23
opel,Rikky von Opel,0,10,1973,0
cevert,François Cevert,6,10,1973,39
stewart,Jackie Stewart,9,10,1973,51
beuttler,Mike Beuttler,0,10,1973,0
follmer,George Follmer,0,10,1973,5
williamson,Roger Williamson,0,10,1973,0
lauda,Niki Lauda,0,10,1973,2
reutemann,Carlos Reutemann,0,10,1973,8
regazzoni,Clay Regazzoni,0,10,1973,1
emerson_fittipaldi,Emerson Fittipaldi,0,10,1973,41
hunt,James Hunt,4,10,1973,8
lauda,Niki Lauda,0,11,1973,2
reutemann,Carlos Reutemann,0,11,1973,8
mass,Jochen Mass,0,11,1973,0
regazzoni,Clay Regazzoni,0,11,1973,1
emerson_fittipaldi,Emerson Fittipaldi,1,11,1973,42
ickx,Jacky Ickx,4,11,1973,12
peterson,Ronnie Peterson,0,11,1973,25
stommelen,Rolf Stommelen,0,11,1973,0
pace,Carlos Pace,3,11,1973,3
purley,David Purley,0,11,1973,0
oliver,Jackie Oliver,0,11,1973,0
pescarolo,Henri Pescarolo,0,11,1973,0
hill,Graham Hill,0,11,1973,0
wilson_fittipaldi,Wilson Fittipaldi,2,11,1973,3
hulme,Denny Hulme,0,11,1973,23
hailwood,Mike Hailwood,0,11,1973,0
beltoise,Jean-Pierre Beltoise,0,11,1973,4
revson,Peter Revson,0,11,1973,23
cevert,François Cevert,6,11,1973,45
stewart,Jackie Stewart,9,11,1973,60
beuttler,Mike Beuttler,0,11,1973,0
follmer,George Follmer,0,11,1973,5
peterson,Ronnie Peterson,9,12,1973,34
stommelen,Rolf Stommelen,0,12,1973,0
pace,Carlos Pace,4,12,1973,7
oliver,Jackie Oliver,0,12,1973,0
hill,Graham Hill,0,12,1973,0
wilson_fittipaldi,Wilson Fittipaldi,0,12,1973,3
lennep,Gijs van Lennep,0,12,1973,1
hulme,Denny Hulme,0,12,1973,23
hailwood,Mike Hailwood,0,12,1973,0
beltoise,Jean-Pierre Beltoise,2,12,1973,6
ganley,Howden Ganley,0,12,1973,0
revson,Peter Revson,0,12,1973,23
opel,Rikky von Opel,0,12,1973,0
cevert,François Cevert,0,12,1973,45
stewart,Jackie Stewart,6,12,1973,66
beuttler,Mike Beuttler,0,12,1973,0
follmer,George Follmer,0,12,1973,5
jarier,Jean-Pierre Jarier,0,12,1973,0
reutemann,Carlos Reutemann,3,12,1973,11
regazzoni,Clay Regazzoni,1,12,1973,2
emerson_fittipaldi,Emerson Fittipaldi,0,12,1973,42
hunt,James Hunt,0,12,1973,8
merzario,Arturo Merzario,0,12,1973,6
lauda,Niki Lauda,0,13,1973,2
reutemann,Carlos Reutemann,1,13,1973,12
regazzoni,Clay Regazzoni,0,13,1973,2
emerson_fittipaldi,Emerson Fittipaldi,6,13,1973,48
hunt,James Hunt,0,13,1973,8
merzario,Arturo Merzario,0,13,1973,6
ickx,Jacky Ickx,0,13,1973,12
peterson,Ronnie Peterson,9,13,1973,43
stommelen,Rolf Stommelen,0,13,1973,0
pace,Carlos Pace,0,13,1973,7
purley,David Purley,0,13,1973,0
oliver,Jackie Oliver,0,13,1973,0
hill,Graham Hill,0,13,1973,0
wilson_fittipaldi,Wilson Fittipaldi,0,13,1973,3
lennep,Gijs van Lennep,0,13,1973,1
hulme,Denny Hulme,0,13,1973,23
hailwood,Mike Hailwood,0,13,1973,0
beltoise,Jean-Pierre Beltoise,0,13,1973,6
ganley,Howden Ganley,0,13,1973,0
revson,Peter Revson,4,13,1973,27
opel,Rikky von Opel,0,13,1973,0
cevert,François Cevert,2,13,1973,47
stewart,Jackie Stewart,3,13,1973,69
beuttler,Mike Beuttler,0,13,1973,0
follmer,George Follmer,0,13,1973,5
peterson,Ronnie Peterson,0,14,1973,43
stommelen,Rolf Stommelen,0,14,1973,0
pace,Carlos Pace,0,14,1973,7
oliver,Jackie Oliver,4,14,1973,4
amon,Chris Amon,0,14,1973,1
hill,Graham Hill,0,14,1973,0
wilson_fittipaldi,Wilson Fittipaldi,0,14,1973,3
hulme,Denny Hulme,0,14,1973,23
hailwood,Mike Hailwood,0,14,1973,0
beltoise,Jean-Pierre Beltoise,3,14,1973,9
ganley,Howden Ganley,1,14,1973,1
revson,Peter Revson,9,14,1973,36
opel,Rikky von Opel,0,14,1973,0
schenken,Tim Schenken,0,14,1973,0
gethin,Peter Gethin,0,14,1973,0
cevert,François Cevert,0,14,1973,47
stewart,Jackie Stewart,2,14,1973,71
beuttler,Mike Beuttler,0,14,1973,0
follmer,George Follmer,0,14,1973,5
lauda,Niki Lauda,0,14,1973,2
jarier,Jean-Pierre Jarier,0,14,1973,0
reutemann,Carlos Reutemann,0,14,1973,12
scheckter,Jody Scheckter,0,14,1973,0
emerson_fittipaldi,Emerson Fittipaldi,6,14,1973,54
hunt,James Hunt,0,14,1973,8
merzario,Arturo Merzario,0,14,1973,6
lauda,Niki Lauda,0,15,1973,2
watson,John Watson,0,15,1973,0
jarier,Jean-Pierre Jarier,0,15,1973,0
reutemann,Carlos Reutemann,4,15,1973,16
mass,Jochen Mass,0,15,1973,0
scheckter,Jody Scheckter,0,15,1973,0
regazzoni,Clay Regazzoni,0,15,1973,2
emerson_fittipaldi,Emerson Fittipaldi,1,15,1973,55
hunt,James Hunt,6,15,1973,14
merzario,Arturo Merzario,0,15,1973,6
ickx,Jacky Ickx,0,15,1973,12
peterson,Ronnie Peterson,9,15,1973,52
pace,Carlos Pace,0,15,1973,7
oliver,Jackie Oliver,0,15,1973,4
amon,Chris Amon,0,15,1973,1
hill,Graham Hill,0,15,1973,0
wilson_fittipaldi,Wilson Fittipaldi,0,15,1973,3
hulme,Denny Hulme,3,15,1973,26
hailwood,Mike Hailwood,0,15,1973,0
beltoise,Jean-Pierre Beltoise,0,15,1973,9
ganley,Howden Ganley,0,15,1973,1
revson,Peter Revson,2,15,1973,38
redman,Brian Redman,0,15,1973,0
opel,Rikky von Opel,0,15,1973,0
cevert,François Cevert,0,15,1973,47
stewart,Jackie Stewart,0,15,1973,71
beuttler,Mike Beuttler,0,15,1973,0
follmer,George Follmer,0,15,1973,5
peterson,Ronnie Peterson,1,1,1972,1
amon,Chris Amon,0,1,1972,0
pescarolo,Henri Pescarolo,0,1,1972,0
hill,Graham Hill,0,1,1972,0
hulme,Denny Hulme,6,1,1972,6
ganley,Howden Ganley,0,1,1972,0
revson,Peter Revson,0,1,1972,0
schenken,Tim Schenken,2,1,1972,2
wisell,Reine Wisell,0,1,1972,0
gethin,Peter Gethin,0,1,1972,0
cevert,François Cevert,0,1,1972,0
stewart,Jackie Stewart,9,1,1972,9
adamich,Andrea de Adamich,0,1,1972,0
marko,Helmut Marko,0,1,1972,0
walker,David Walker,0,1,1972,0
roig,Alex Soler-Roig,0,1,1972,0
lauda,Niki Lauda,0,1,1972,0
reutemann,Carlos Reutemann,0,1,1972,0
mario_andretti,Mario Andretti,0,1,1972,0
regazzoni,Clay Regazzoni,3,1,1972,3
emerson_fittipaldi,Emerson Fittipaldi,0,1,1972,0
ickx,Jacky Ickx,4,1,1972,4
lauda,Niki Lauda,0,2,1972,0
reutemann,Carlos Reutemann,0,2,1972,0
mario_andretti,Mario Andretti,3,2,1972,3
regazzoni,Clay Regazzoni,0,2,1972,3
emerson_fittipaldi,Emerson Fittipaldi,6,2,1972,6
ickx,Jacky Ickx,0,2,1972,4
peterson,Ronnie Peterson,2,2,1972,3
stommelen,Rolf Stommelen,0,2,1972,0
pace,Carlos Pace,0,2,1972,0
amon,Chris Amon,0,2,1972,0
pescarolo,Henri Pescarolo,0,2,1972,0
hill,Graham Hill,1,2,1972,1
charlton,Dave Charlton,0,2,1972,0
hulme,Denny Hulme,9,2,1972,15
hailwood,Mike Hailwood,0,2,1972,0
beltoise,Jean-Pierre Beltoise,0,2,1972,0
ganley,Howden Ganley,0,2,1972,0
revson,Peter Revson,4,2,1972,4
schenken,Tim Schenken,0,2,1972,2
gethin,Peter Gethin,0,2,1972,0
cevert,François Cevert,0,2,1972,0
stewart,Jackie Stewart,0,2,1972,9
adamich,Andrea de Adamich,0,2,1972,0
marko,Helmut Marko,0,2,1972,0
walker,David Walker,0,2,1972,0
love,John Love,0,2,1972,0
peterson,Ronnie Peterson,0,3,1972,3
stommelen,Rolf Stommelen,0,3,1972,0
pace,Carlos Pace,1,3,1972,1
amon,Chris Amon,0,3,1972,0
pescarolo,Henri Pescarolo,0,3,1972,0
hill,Graham Hill,0,3,1972,1
wilson_fittipaldi,Wilson Fittipaldi,0,3,1972,0
hulme,Denny Hulme,0,3,1972,15
hailwood,Mike Hailwood,0,3,1972,0
beltoise,Jean-Pierre Beltoise,0,3,1972,0
ganley,Howden Ganley,0,3,1972,0
revson,Peter Revson,2,3,1972,6
schenken,Tim Schenken,0,3,1972,2
wisell,Reine Wisell,0,3,1972,0
gethin,Peter Gethin,0,3,1972,0
cevert,François Cevert,0,3,1972,0
stewart,Jackie Stewart,0,3,1972,9
beuttler,Mike Beuttler,0,3,1972,0
adamich,Andrea de Adamich,3,3,1972,3
walker,David Walker,0,3,1972,0
roig,Alex Soler-Roig,0,3,1972,0
lauda,Niki Lauda,0,3,1972,0
mario_andretti,Mario Andretti,0,3,1972,3
regazzoni,Clay Regazzoni,4,3,1972,7
emerson_fittipaldi,Emerson Fittipaldi,9,3,1972,15
ickx,Jacky Ickx,6,3,1972,10
lauda,Niki Lauda,0,4,1972,0
regazzoni,Clay Regazzoni,0,4,1972,7
emerson_fittipaldi,Emerson Fittipaldi,4,4,1972,19
ickx,Jacky Ickx,6,4,1972,16
peterson,Ronnie Peterson,0,4,1972,3
stommelen,Rolf Stommelen,0,4,1972,0
pace,Carlos Pace,0,4,1972,1
amon,Chris Amon,1,4,1972,1
pescarolo,Henri Pescarolo,0,4,1972,0
hill,Graham Hill,0,4,1972,1
wilson_fittipaldi,Wilson Fittipaldi,0,4,1972,0
hulme,Denny Hulme,0,4,1972,15
hailwood,Mike Hailwood,0,4,1972,0
beltoise,Jean-Pierre Beltoise,9,4,1972,9
ganley,Howden Ganley,0,4,1972,0
redman,Brian Redman,2,4,1972,2
schenken,Tim Schenken,0,4,1972,2
wisell,Reine Wisell,0,4,1972,0
gethin,Peter Gethin,0,4,1972,0
cevert,François Cevert,0,4,1972,0
stewart,Jackie Stewart,3,4,1972,12
beuttler,Mike Beuttler,0,4,1972,0
adamich,Andrea de Adamich,0,4,1972,3
marko,Helmut Marko,0,4,1972,0
walker,David Walker,0,4,1972,0
peterson,Ronnie Peterson,0,5,1972,3
stommelen,Rolf Stommelen,0,5,1972,0
pace,Carlos Pace,2,5,1972,3
amon,Chris Amon,1,5,1972,2
pescarolo,Henri Pescarolo,0,5,1972,0
hill,Graham Hill,0,5,1972,1
wilson_fittipaldi,Wilson Fittipaldi,0,5,1972,0
hulme,Denny Hulme,4,5,1972,19
hailwood,Mike Hailwood,3,5,1972,3
beltoise,Jean-Pierre Beltoise,0,5,1972,9
ganley,Howden Ganley,0,5,1972,0
revson,Peter Revson,0,5,1972,6
schenken,Tim Schenken,0,5,1972,2
gethin,Peter Gethin,0,5,1972,0
cevert,François Cevert,6,5,1972,6
beuttler,Mike Beuttler,0,5,1972,0
galli,Nanni Galli,0,5,1972,0
adamich,Andrea de Adamich,0,5,1972,3
marko,Helmut Marko,0,5,1972,0
walker,David Walker,0,5,1972,0
lauda,Niki Lauda,0,5,1972,0
reutemann,Carlos Reutemann,0,5,1972,0
regazzoni,Clay Regazzoni,0,5,1972,7
emerson_fittipaldi,Emerson Fittipaldi,9,5,1972,28
ickx,Jacky Ickx,0,5,1972,16
lauda,Niki Lauda,0,6,1972,0
reutemann,Carlos Reutemann,0,6,1972,0
depailler,Patrick Depailler,0,6,1972,0
emerson_fittipaldi,Emerson Fittipaldi,6,6,1972,34
ickx,Jacky Ickx,0,6,1972,16
peterson,Ronnie Peterson,2,6,1972,5
stommelen,Rolf Stommelen,0,6,1972,0
pace,Carlos Pace,0,6,1972,3
amon,Chris Amon,4,6,1972,6
hill,Graham Hill,0,6,1972,1
wilson_fittipaldi,Wilson Fittipaldi,0,6,1972,0
charlton,Dave Charlton,0,6,1972,0
hulme,Denny Hulme,0,6,1972,19
hailwood,Mike Hailwood,1,6,1972,4
beltoise,Jean-Pierre Beltoise,0,6,1972,9
redman,Brian Redman,0,6,1972,2
schenken,Tim Schenken,0,6,1972,2
wisell,Reine Wisell,0,6,1972,0
cevert,François Cevert,3,6,1972,9
stewart,Jackie Stewart,9,6,1972,21
beuttler,Mike Beuttler,0,6,1972,0
galli,Nanni Galli,0,6,1972,0
adamich,Andrea de Adamich,0,6,1972,3
marko,Helmut Marko,0,6,1972,0
walker,David Walker,0,6,1972,0
peterson,Ronnie Peterson,0,7,1972,5
stommelen,Rolf Stommelen,0,7,1972,0
pace,Carlos Pace,0,7,1972,3
oliver,Jackie Oliver,0,7,1972,0
amon,Chris Amon,3,7,1972,9
pescarolo,Henri Pescarolo,0,7,1972,0
hill,Graham Hill,0,7,1972,1
wilson_fittipaldi,Wilson Fittipaldi,0,7,1972,0
charlton,Dave Charlton,0,7,1972,0
hulme,Denny Hulme,2,7,1972,21
hailwood,Mike Hailwood,0,7,1972,4
beltoise,Jean-Pierre Beltoise,0,7,1972,9
revson,Peter Revson,4,7,1972,10
schenken,Tim Schenken,0,7,1972,2
gethin,Peter Gethin,0,7,1972,0
cevert,François Cevert,0,7,1972,9
stewart,Jackie Stewart,6,7,1972,27
beuttler,Mike Beuttler,0,7,1972,0
galli,Nanni Galli,0,7,1972,0
adamich,Andrea de Adamich,0,7,1972,3
walker,David Walker,0,7,1972,0
lauda,Niki Lauda,0,7,1972,0
reutemann,Carlos Reutemann,0,7,1972,0
emerson_fittipaldi,Emerson Fittipaldi,9,7,1972,43
merzario,Arturo Merzario,1,7,1972,1
ickx,Jacky Ickx,0,7,1972,16
lauda,Niki Lauda,0,8,1972,0
reutemann,Carlos Reutemann,0,8,1972,0
regazzoni,Clay Regazzoni,6,8,1972,13
emerson_fittipaldi,Emerson Fittipaldi,0,8,1972,43
merzario,Arturo Merzario,0,8,1972,1
ickx,Jacky Ickx,9,8,1972,25
peterson,Ronnie Peterson,4,8,1972,9
stommelen,Rolf Stommelen,0,8,1972,0
pace,Carlos Pace,0,8,1972,3
amon,Chris Amon,0,8,1972,9
pescarolo,Henri Pescarolo,0,8,1972,0
hill,Graham Hill,1,8,1972,2
wilson_fittipaldi,Wilson Fittipaldi,0,8,1972,0
charlton,Dave Charlton,0,8,1972,0
hulme,Denny Hulme,0,8,1972,21
hailwood,Mike Hailwood,0,8,1972,4
beltoise,Jean-Pierre Beltoise,0,8,1972,9
ganley,Howden Ganley,3,8,1972,3
redman,Brian Redman,2,8,1972,4
schenken,Tim Schenken,0,8,1972,2
wisell,Reine Wisell,0,8,1972,0
bell,Derek Bell,0,8,1972,0
cevert,François Cevert,0,8,1972,9
stewart,Jackie Stewart,0,8,1972,27
beuttler,Mike Beuttler,0,8,1972,0
adamich,Andrea de Adamich,0,8,1972,3
walker,David Walker,0,8,1972,0
peterson,Ronnie Peterson,0,9,1972,9
stommelen,Rolf Stommelen,0,9,1972,0
pace,Carlos Pace,0,9,1972,3
amon,Chris Amon,2,9,1972,11
hill,Graham Hill,0,9,1972,2
wilson_fittipaldi,Wilson Fittipaldi,0,9,1972,0
migault,François Migault,0,9,1972,0
hulme,Denny Hulme,6,9,1972,27
hailwood,Mike Hailwood,3,9,1972,7
beltoise,Jean-Pierre Beltoise,0,9,1972,9
ganley,Howden Ganley,1,9,1972,4
revson,Peter Revson,4,9,1972,14
schenken,Tim Schenken,0,9,1972,2
gethin,Peter Gethin,0,9,1972,0
cevert,François Cevert,0,9,1972,9
stewart,Jackie Stewart,0,9,1972,27
beuttler,Mike Beuttler,0,9,1972,0
galli,Nanni Galli,0,9,1972,0
adamich,Andrea de Adamich,0,9,1972,3
walker,David Walker,0,9,1972,0
lauda,Niki Lauda,0,9,1972,0
reutemann,Carlos Reutemann,0,9,1972,0
regazzoni,Clay Regazzoni,0,9,1972,13
emerson_fittipaldi,Emerson Fittipaldi,9,9,1972,52
ickx,Jacky Ickx,0,9,1972,25
lauda,Niki Lauda,0,10,1972,0
reutemann,Carlos Reutemann,0,10,1972,0
mario_andretti,Mario Andretti,0,10,1972,3
regazzoni,Clay Regazzoni,0,10,1972,13
emerson_fittipaldi,Emerson Fittipaldi,9,10,1972,61
ickx,Jacky Ickx,0,10,1972,25
peterson,Ronnie Peterson,0,10,1972,9
pace,Carlos Pace,0,10,1972,3
amon,Chris Amon,0,10,1972,11
pescarolo,Henri Pescarolo,0,10,1972,0
hill,Graham Hill,2,10,1972,4
wilson_fittipaldi,Wilson Fittipaldi,0,10,1972,0
hulme,Denny Hulme,4,10,1972,31
hailwood,Mike Hailwood,6,10,1972,13
beltoise,Jean-Pierre Beltoise,0,10,1972,9
ganley,Howden Ganley,0,10,1972,4
revson,Peter Revson,3,10,1972,17
schenken,Tim Schenken,0,10,1972,2
wisell,Reine Wisell,0,10,1972,0
gethin,Peter Gethin,1,10,1972,1
bell,Derek Bell,0,10,1972,0
cevert,François Cevert,0,10,1972,9
stewart,Jackie Stewart,0,10,1972,27
beuttler,Mike Beuttler,0,10,1972,0
galli,Nanni Galli,0,10,1972,0
adamich,Andrea de Adamich,0,10,1972,3
surtees,John Surtees,0,10,1972,0
peterson,Ronnie Peterson,0,11,1972,9
pace,Carlos Pace,0,11,1972,3
amon,Chris Amon,1,11,1972,12
pescarolo,Henri Pescarolo,0,11,1972,0
hill,Graham Hill,0,11,1972,4
wilson_fittipaldi,Wilson Fittipaldi,0,11,1972,0
hulme,Denny Hulme,4,11,1972,35
beltoise,Jean-Pierre Beltoise,0,11,1972,9
ganley,Howden Ganley,0,11,1972,4
revson,Peter Revson,6,11,1972,23
schenken,Tim Schenken,0,11,1972,2
wisell,Reine Wisell,0,11,1972,0
gethin,Peter Gethin,0,11,1972,1
cevert,François Cevert,0,11,1972,9
stewart,Jackie Stewart,9,11,1972,36
beuttler,Mike Beuttler,0,11,1972,0
adamich,Andrea de Adamich,0,11,1972,3
barber,Skip Barber,0,11,1972,0
brack,Bill Brack,0,11,1972,0
lauda,Niki Lauda,0,11,1972,0
reutemann,Carlos Reutemann,3,11,1972,3
regazzoni,Clay Regazzoni,2,11,1972,15
emerson_fittipaldi,Emerson Fittipaldi,0,11,1972,61
ickx,Jacky Ickx,0,11,1972,25
lauda,Niki Lauda,0,12,1972,0
reutemann,Carlos Reutemann,0,12,1972,3
mario_andretti,Mario Andretti,1,12,1972,4
depailler,Patrick Depailler,0,12,1972,0
scheckter,Jody Scheckter,0,12,1972,0
regazzoni,Clay Regazzoni,0,12,1972,15
emerson_fittipaldi,Emerson Fittipaldi,0,12,1972,61
ickx,Jacky Ickx,2,12,1972,27
peterson,Ronnie Peterson,3,12,1972,12
pace,Carlos Pace,0,12,1972,3
amon,Chris Amon,0,12,1972,12
pescarolo,Henri Pescarolo,0,12,1972,0
hill,Graham Hill,0,12,1972,4
wilson_fittipaldi,Wilson Fittipaldi,0,12,1972,0
hulme,Denny Hulme,4,12,1972,39
hailwood,Mike Hailwood,0,12,1972,13
beltoise,Jean-Pierre Beltoise,0,12,1972,9
ganley,Howden Ganley,0,12,1972,4
revson,Peter Revson,0,12,1972,23
redman,Brian Redman,0,12,1972,4
schenken,Tim Schenken,0,12,1972,2
wisell,Reine Wisell,0,12,1972,0
gethin,Peter Gethin,0,12,1972,1
bell,Derek Bell,0,12,1972,0
cevert,François Cevert,6,12,1972,15
stewart,Jackie Stewart,9,12,1972,45
beuttler,Mike Beuttler,0,12,1972,0
adamich,Andrea de Adamich,0,12,1972,3
walker,David Walker,0,12,1972,0
barber,Skip Barber,0,12,1972,0
posey,Sam Posey,0,12,1972,0
peterson,Ronnie Peterson,0,1,1971,0
stommelen,Rolf Stommelen,0,1,1971,0
amon,Chris Amon,2,1,1971,2
pescarolo,Henri Pescarolo,0,1,1971,0
hill,Graham Hill,0,1,1971,0
charlton,Dave Charlton,0,1,1971,0
hulme,Denny Hulme,1,1,1971,1
ganley,Howden Ganley,0,1,1971,0
redman,Brian Redman,0,1,1971,0
wisell,Reine Wisell,3,1,1971,3
gethin,Peter Gethin,0,1,1971,0
cevert,François Cevert,0,1,1971,0
stewart,Jackie Stewart,6,1,1971,6
adamich,Andrea de Adamich,0,1,1971,0
pretorius,Jackie Pretorius,0,1,1971,0
roig,Alex Soler-Roig,0,1,1971,0
love,John Love,0,1,1971,0
surtees,John Surtees,0,1,1971,0
rodriguez,Pedro Rodríguez,0,1,1971,0
siffert,Jo Siffert,0,1,1971,0
bonnier,Jo Bonnier,0,1,1971,0
mario_andretti,Mario Andretti,9,1,1971,9
regazzoni,Clay Regazzoni,4,1,1971,4
emerson_fittipaldi,Emerson Fittipaldi,0,1,1971,0
ickx,Jacky Ickx,0,1,1971,0
mario_andretti,Mario Andretti,0,2,1971,9
regazzoni,Clay Regazzoni,0,2,1971,4
emerson_fittipaldi,Emerson Fittipaldi,0,2,1971,0
ickx,Jacky Ickx,6,2,1971,6
peterson,Ronnie Peterson,0,2,1971,0
stommelen,Rolf Stommelen,0,2,1971,0
amon,Chris Amon,4,2,1971,6
pescarolo,Henri Pescarolo,0,2,1971,0
hill,Graham Hill,0,2,1971,0
hulme,Denny Hulme,2,2,1971,3
beltoise,Jean-Pierre Beltoise,1,2,1971,1
ganley,Howden Ganley,0,2,1971,0
schenken,Tim Schenken,0,2,1971,0
wisell,Reine Wisell,0,2,1971,3
gethin,Peter Gethin,0,2,1971,0
cevert,François Cevert,0,2,1971,0
stewart,Jackie Stewart,9,2,1971,15
adamich,Andrea de Adamich,0,2,1971,0
roig,Alex Soler-Roig,0,2,1971,0
surtees,John Surtees,0,2,1971,0
rodriguez,Pedro Rodríguez,3,2,1971,3
siffert,Jo Siffert,0,2,1971,0
peterson,Ronnie Peterson,6,3,1971,6
stommelen,Rolf Stommelen,1,3,1971,1
amon,Chris Amon,0,3,1971,6
pescarolo,Henri Pescarolo,0,3,1971,0
hill,Graham Hill,0,3,1971,0
hulme,Denny Hulme,3,3,1971,6
beltoise,Jean-Pierre Beltoise,0,3,1971,1
ganley,Howden Ganley,0,3,1971,0
schenken,Tim Schenken,0,3,1971,0
wisell,Reine Wisell,0,3,1971,3
gethin,Peter Gethin,0,3,1971,0
cevert,François Cevert,0,3,1971,0
stewart,Jackie Stewart,9,3,1971,24
roig,Alex Soler-Roig,0,3,1971,0
surtees,John Surtees,0,3,1971,0
barber,Skip Barber,0,3,1971,0
rodriguez,Pedro Rodríguez,0,3,1971,3
siffert,Jo Siffert,0,3,1971,0
mario_andretti,Mario Andretti,0,3,1971,9
regazzoni,Clay Regazzoni,0,3,1971,4
emerson_fittipaldi,Emerson Fittipaldi,2,3,1971,2
ickx,Jacky Ickx,4,3,1971,10
mario_andretti,Mario Andretti,0,4,1971,9
regazzoni,Clay Regazzoni,4,4,1971,8
ickx,Jacky Ickx,9,4,1971,19
peterson,Ronnie Peterson,3,4,1971,9
stommelen,Rolf Stommelen,0,4,1971,1
amon,Chris Amon,0,4,1971,6
pescarolo,Henri Pescarolo,0,4,1971,0
hill,Graham Hill,0,4,1971,0
lennep,Gijs van Lennep,0,4,1971,0
hulme,Denny Hulme,0,4,1971,6
beltoise,Jean-Pierre Beltoise,0,4,1971,1
ganley,Howden Ganley,0,4,1971,0
schenken,Tim Schenken,0,4,1971,0
wisell,Reine Wisell,0,4,1971,3
gethin,Peter Gethin,0,4,1971,0
cevert,François Cevert,0,4,1971,0
stewart,Jackie Stewart,0,4,1971,24
walker,David Walker,0,4,1971,0
roig,Alex Soler-Roig,0,4,1971,0
surtees,John Surtees,2,4,1971,2
barber,Skip Barber,0,4,1971,0
rodriguez,Pedro Rodríguez,6,4,1971,9
siffert,Jo Siffert,1,4,1971,1
peterson,Ronnie Peterson,0,5,1971,9
stommelen,Rolf Stommelen,0,5,1971,1
amon,Chris Amon,2,5,1971,8
pescarolo,Henri Pescarolo,0,5,1971,0
hill,Graham Hill,0,5,1971,0
hulme,Denny Hulme,0,5,1971,6
beltoise,Jean-Pierre Beltoise,0,5,1971,1
ganley,Howden Ganley,0,5,1971,0
schenken,Tim Schenken,0,5,1971,0
wisell,Reine Wisell,1,5,1971,4
gethin,Peter Gethin,0,5,1971,0
cevert,François Cevert,6,5,1971,6
stewart,Jackie Stewart,9,5,1971,33
adamich,Andrea de Adamich,0,5,1971,0
roig,Alex Soler-Roig,0,5,1971,0
surtees,John Surtees,0,5,1971,2
rodriguez,Pedro Rodríguez,0,5,1971,9
siffert,Jo Siffert,3,5,1971,4
mazet,François Mazet,0,5,1971,0
jean,Max Jean,0,5,1971,0
regazzoni,Clay Regazzoni,0,5,1971,8
emerson_fittipaldi,Emerson Fittipaldi,4,5,1971,6
ickx,Jacky Ickx,0,5,1971,19
regazzoni,Clay Regazzoni,0,6,1971,8
emerson_fittipaldi,Emerson Fittipaldi,4,6,1971,10
ickx,Jacky Ickx,0,6,1971,19
peterson,Ronnie Peterson,6,6,1971,15
stommelen,Rolf Stommelen,2,6,1971,3
oliver,Jackie Oliver,0,6,1971,0
amon,Chris Amon,0,6,1971,8
pescarolo,Henri Pescarolo,3,6,1971,3
hill,Graham Hill,0,6,1971,0
charlton,Dave Charlton,0,6,1971,0
hulme,Denny Hulme,0,6,1971,6
beltoise,Jean-Pierre Beltoise,0,6,1971,1
ganley,Howden Ganley,0,6,1971,0
schenken,Tim Schenken,0,6,1971,0
wisell,Reine Wisell,0,6,1971,4
gethin,Peter Gethin,0,6,1971,0
bell,Derek Bell,0,6,1971,0
cevert,François Cevert,0,6,1971,6
stewart,Jackie Stewart,9,6,1971,42
beuttler,Mike Beuttler,0,6,1971,0
galli,Nanni Galli,0,6,1971,0
adamich,Andrea de Adamich,0,6,1971,0
surtees,John Surtees,1,6,1971,3
siffert,Jo Siffert,0,6,1971,4
peterson,Ronnie Peterson,2,7,1971,17
stommelen,Rolf Stommelen,0,7,1971,3
amon,Chris Amon,0,7,1971,8
pescarolo,Henri Pescarolo,0,7,1971,3
hill,Graham Hill,0,7,1971,0
hulme,Denny Hulme,0,7,1971,6
ganley,Howden Ganley,0,7,1971,0
schenken,Tim Schenken,1,7,1971,1
wisell,Reine Wisell,0,7,1971,4
gethin,Peter Gethin,0,7,1971,0
cevert,François Cevert,6,7,1971,12
stewart,Jackie Stewart,9,7,1971,51
beuttler,Mike Beuttler,0,7,1971,0
galli,Nanni Galli,0,7,1971,0
adamich,Andrea de Adamich,0,7,1971,0
surtees,John Surtees,0,7,1971,3
siffert,Jo Siffert,0,7,1971,4
bonnier,Jo Bonnier,0,7,1971,0
elford,Vic Elford,0,7,1971,0
mario_andretti,Mario Andretti,3,7,1971,12
regazzoni,Clay Regazzoni,4,7,1971,12
emerson_fittipaldi,Emerson Fittipaldi,0,7,1971,10
ickx,Jacky Ickx,0,7,1971,19
lauda,Niki Lauda,0,8,1971,0
regazzoni,Clay Regazzoni,0,8,1971,12
emerson_fittipaldi,Emerson Fittipaldi,6,8,1971,16
ickx,Jacky Ickx,0,8,1971,19
peterson,Ronnie Peterson,0,8,1971,17
stommelen,Rolf Stommelen,0,8,1971,3
oliver,Jackie Oliver,0,8,1971,0
pescarolo,Henri Pescarolo,1,8,1971,4
hill,Graham Hill,2,8,1971,2
hulme,Denny Hulme,0,8,1971,6
ganley,Howden Ganley,0,8,1971,0
schenken,Tim Schenken,4,8,1971,5
wisell,Reine Wisell,3,8,1971,7
gethin,Peter Gethin,0,8,1971,0
cevert,François Cevert,0,8,1971,12
stewart,Jackie Stewart,0,8,1971,51
beuttler,Mike Beuttler,0,8,1971,0
galli,Nanni Galli,0,8,1971,0
marko,Helmut Marko,0,8,1971,0
surtees,John Surtees,0,8,1971,3
siffert,Jo Siffert,9,8,1971,13
bonnier,Jo Bonnier,0,8,1971,0
peterson,Ronnie Peterson,6,9,1971,23
stommelen,Rolf Stommelen,0,9,1971,3
oliver,Jackie Oliver,0,9,1971,0
amon,Chris Amon,1,9,1971,9
pescarolo,Henri Pescarolo,0,9,1971,4
hill,Graham Hill,0,9,1971,2
hailwood,Mike Hailwood,3,9,1971,3
ganley,Howden Ganley,2,9,1971,2
schenken,Tim Schenken,0,9,1971,5
gethin,Peter Gethin,9,9,1971,9
cevert,François Cevert,4,9,1971,16
stewart,Jackie Stewart,0,9,1971,51
beuttler,Mike Beuttler,0,9,1971,0
galli,Nanni Galli,0,9,1971,0
adamich,Andrea de Adamich,0,9,1971,0
marko,Helmut Marko,0,9,1971,0
surtees,John Surtees,0,9,1971,3
siffert,Jo Siffert,0,9,1971,13
bonnier,Jo Bonnier,0,9,1971,0
moser,Silvio Moser,0,9,1971,0
jarier,Jean-Pierre Jarier,0,9,1971,0
regazzoni,Clay Regazzoni,0,9,1971,12
emerson_fittipaldi,Emerson Fittipaldi,0,9,1971,16
ickx,Jacky Ickx,0,9,1971,19
mario_andretti,Mario Andretti,0,10,1971,12
regazzoni,Clay Regazzoni,0,10,1971,12
emerson_fittipaldi,Emerson Fittipaldi,0,10,1971,16
ickx,Jacky Ickx,0,10,1971,19
peterson,Ronnie Peterson,6,10,1971,29
stommelen,Rolf Stommelen,0,10,1971,3
amon,Chris Amon,0,10,1971,9
donohue,Mark Donohue,4,10,1971,4
hill,Graham Hill,0,10,1971,2
hulme,Denny Hulme,3,10,1971,9
beltoise,Jean-Pierre Beltoise,0,10,1971,1
ganley,Howden Ganley,0,10,1971,2
schenken,Tim Schenken,0,10,1971,5
wisell,Reine Wisell,2,10,1971,9
gethin,Peter Gethin,0,10,1971,9
cevert,François Cevert,1,10,1971,17
stewart,Jackie Stewart,9,10,1971,60
beuttler,Mike Beuttler,0,10,1971,0
galli,Nanni Galli,0,10,1971,0
marko,Helmut Marko,0,10,1971,0
surtees,John Surtees,0,10,1971,3
barber,Skip Barber,0,10,1971,0
siffert,Jo Siffert,0,10,1971,13
eaton,George Eaton,0,10,1971,0
lovely,Pete Lovely,0,10,1971,0
craft,Chris Craft,0,10,1971,0
peterson,Ronnie Peterson,4,11,1971,33
amon,Chris Amon,0,11,1971,9
pescarolo,Henri Pescarolo,0,11,1971,4
hill,Graham Hill,0,11,1971,2
hulme,Denny Hulme,0,11,1971,9
hailwood,Mike Hailwood,0,11,1971,3
beltoise,Jean-Pierre Beltoise,0,11,1971,1
ganley,Howden Ganley,3,11,1971,5
revson,Peter Revson,0,11,1971,0
schenken,Tim Schenken,0,11,1971,5
wisell,Reine Wisell,0,11,1971,9
gethin,Peter Gethin,0,11,1971,9
hobbs,David Hobbs,0,11,1971,0
cevert,François Cevert,9,11,1971,26
stewart,Jackie Stewart,2,11,1971,62
galli,Nanni Galli,0,11,1971,0
adamich,Andrea de Adamich,0,11,1971,0
marko,Helmut Marko,0,11,1971,0
surtees,John Surtees,0,11,1971,3
barber,Skip Barber,0,11,1971,0
posey,Sam Posey,0,11,1971,0
siffert,Jo Siffert,6,11,1971,19
bonnier,Jo Bonnier,0,11,1971,0
lovely,Pete Lovely,0,11,1971,0
craft,Chris Craft,0,11,1971,0
Cannoc,John Cannon,0,11,1971,0
regazzoni,Clay Regazzoni,1,11,1971,13
emerson_fittipaldi,Emerson Fittipaldi,0,11,1971,16
ickx,Jacky Ickx,0,11,1971,19
mario_andretti,Mario Andretti,0,1,1970,0
ickx,Jacky Ickx,0,1,1970,0
stommelen,Rolf Stommelen,0,1,1970,0
oliver,Jackie Oliver,0,1,1970,0
amon,Chris Amon,0,1,1970,0
pescarolo,Henri Pescarolo,0,1,1970,0
hill,Graham Hill,1,1,1970,1
charlton,Dave Charlton,0,1,1970,0
hulme,Denny Hulme,6,1,1970,6
beltoise,Jean-Pierre Beltoise,3,1,1970,3
stewart,Jackie Stewart,4,1,1970,4
love,John Love,0,1,1970,0
surtees,John Surtees,0,1,1970,0
rodriguez,Pedro Rodríguez,0,1,1970,0
siffert,Jo Siffert,0,1,1970,0
eaton,George Eaton,0,1,1970,0
jack_brabham,Jack Brabham,9,1,1970,9
miles,John Miles,2,1,1970,2
rindt,Jochen Rindt,0,1,1970,0
gavin,Johnny Servoz-Gavin,0,1,1970,0
mclaren,Bruce McLaren,0,1,1970,0
courage,Piers Courage,0,1,1970,0
klerk,Peter de Klerk,0,1,1970,0
stommelen,Rolf Stommelen,0,2,1970,0
oliver,Jackie Oliver,0,2,1970,0
amon,Chris Amon,0,2,1970,0
pescarolo,Henri Pescarolo,0,2,1970,0
hill,Graham Hill,3,2,1970,4
hulme,Denny Hulme,0,2,1970,6
beltoise,Jean-Pierre Beltoise,0,2,1970,3
stewart,Jackie Stewart,9,2,1970,13
adamich,Andrea de Adamich,0,2,1970,0
roig,Alex Soler-Roig,0,2,1970,0
surtees,John Surtees,0,2,1970,0
rodriguez,Pedro Rodríguez,0,2,1970,0
siffert,Jo Siffert,0,2,1970,0
eaton,George Eaton,0,2,1970,0
jack_brabham,Jack Brabham,0,2,1970,9
miles,John Miles,0,2,1970,2
rindt,Jochen Rindt,0,2,1970,0
gavin,Johnny Servoz-Gavin,2,2,1970,2
mclaren,Bruce McLaren,6,2,1970,6
courage,Piers Courage,0,2,1970,0
mario_andretti,Mario Andretti,4,2,1970,4
ickx,Jacky Ickx,0,2,1970,0
ickx,Jacky Ickx,0,3,1970,0
peterson,Ronnie Peterson,0,3,1970,0
stommelen,Rolf Stommelen,0,3,1970,0
oliver,Jackie Oliver,0,3,1970,0
amon,Chris Amon,0,3,1970,0
pescarolo,Henri Pescarolo,4,3,1970,4
hill,Graham Hill,2,3,1970,6
hulme,Denny Hulme,3,3,1970,9
beltoise,Jean-Pierre Beltoise,0,3,1970,3
stewart,Jackie Stewart,0,3,1970,13
adamich,Andrea de Adamich,0,3,1970,0
surtees,John Surtees,0,3,1970,0
rodriguez,Pedro Rodríguez,1,3,1970,1
siffert,Jo Siffert,0,3,1970,0
eaton,George Eaton,0,3,1970,0
jack_brabham,Jack Brabham,6,3,1970,15
miles,John Miles,0,3,1970,2
rindt,Jochen Rindt,9,3,1970,9
gavin,Johnny Servoz-Gavin,0,3,1970,2
mclaren,Bruce McLaren,0,3,1970,6
courage,Piers Courage,0,3,1970,0
peterson,Ronnie Peterson,0,4,1970,0
stommelen,Rolf Stommelen,2,4,1970,2
oliver,Jackie Oliver,0,4,1970,0
amon,Chris Amon,6,4,1970,6
pescarolo,Henri Pescarolo,1,4,1970,5
hill,Graham Hill,0,4,1970,6
beltoise,Jean-Pierre Beltoise,4,4,1970,7
bell,Derek Bell,0,4,1970,0
stewart,Jackie Stewart,0,4,1970,13
rodriguez,Pedro Rodríguez,9,4,1970,10
siffert,Jo Siffert,0,4,1970,0
jack_brabham,Jack Brabham,0,4,1970,15
miles,John Miles,0,4,1970,2
rindt,Jochen Rindt,0,4,1970,9
courage,Piers Courage,0,4,1970,0
giunti,Ignazio Giunti,3,4,1970,3
ickx,Jacky Ickx,0,4,1970,0
regazzoni,Clay Regazzoni,3,5,1970,3
ickx,Jacky Ickx,4,5,1970,4
gurney,Dan Gurney,0,5,1970,0
peterson,Ronnie Peterson,0,5,1970,0
stommelen,Rolf Stommelen,0,5,1970,2
oliver,Jackie Oliver,0,5,1970,0
amon,Chris Amon,0,5,1970,6
pescarolo,Henri Pescarolo,0,5,1970,5
hill,Graham Hill,0,5,1970,6
beltoise,Jean-Pierre Beltoise,2,5,1970,9
gethin,Peter Gethin,0,5,1970,0
cevert,François Cevert,0,5,1970,0
stewart,Jackie Stewart,6,5,1970,19
adamich,Andrea de Adamich,0,5,1970,0
surtees,John Surtees,1,5,1970,1
rodriguez,Pedro Rodríguez,0,5,1970,10
siffert,Jo Siffert,0,5,1970,0
moser,Silvio Moser,0,5,1970,0
eaton,George Eaton,0,5,1970,0
lovely,Pete Lovely,0,5,1970,0
jack_brabham,Jack Brabham,0,5,1970,15
miles,John Miles,0,5,1970,2
rindt,Jochen Rindt,9,5,1970,18
courage,Piers Courage,0,5,1970,0
peterson,Ronnie Peterson,0,6,1970,0
stommelen,Rolf Stommelen,0,6,1970,2
oliver,Jackie Oliver,0,6,1970,0
amon,Chris Amon,6,6,1970,12
pescarolo,Henri Pescarolo,2,6,1970,7
hill,Graham Hill,0,6,1970,6
hulme,Denny Hulme,3,6,1970,12
beltoise,Jean-Pierre Beltoise,0,6,1970,9
cevert,François Cevert,0,6,1970,0
stewart,Jackie Stewart,0,6,1970,19
adamich,Andrea de Adamich,0,6,1970,0
roig,Alex Soler-Roig,0,6,1970,0
rodriguez,Pedro Rodríguez,0,6,1970,10
siffert,Jo Siffert,0,6,1970,0
moser,Silvio Moser,0,6,1970,0
eaton,George Eaton,0,6,1970,0
lovely,Pete Lovely,0,6,1970,0
jack_brabham,Jack Brabham,4,6,1970,19
miles,John Miles,0,6,1970,2
rindt,Jochen Rindt,9,6,1970,27
giunti,Ignazio Giunti,0,6,1970,3
ickx,Jacky Ickx,0,6,1970,4
gurney,Dan Gurney,1,6,1970,1
gurney,Dan Gurney,0,7,1970,1
peterson,Ronnie Peterson,0,7,1970,0
oliver,Jackie Oliver,0,7,1970,0
amon,Chris Amon,2,7,1970,14
pescarolo,Henri Pescarolo,0,7,1970,7
hill,Graham Hill,1,7,1970,7
hulme,Denny Hulme,4,7,1970,16
beltoise,Jean-Pierre Beltoise,0,7,1970,9
cevert,François Cevert,0,7,1970,0
stewart,Jackie Stewart,0,7,1970,19
adamich,Andrea de Adamich,0,7,1970,0
surtees,John Surtees,0,7,1970,1
rodriguez,Pedro Rodríguez,0,7,1970,10
siffert,Jo Siffert,0,7,1970,0
eaton,George Eaton,0,7,1970,0
lovely,Pete Lovely,0,7,1970,0
jack_brabham,Jack Brabham,6,7,1970,25
miles,John Miles,0,7,1970,2
rindt,Jochen Rindt,9,7,1970,36
mario_andretti,Mario Andretti,0,7,1970,4
regazzoni,Clay Regazzoni,3,7,1970,6
emerson_fittipaldi,Emerson Fittipaldi,0,7,1970,0
ickx,Jacky Ickx,0,7,1970,4
mario_andretti,Mario Andretti,0,8,1970,4
regazzoni,Clay Regazzoni,0,8,1970,6
emerson_fittipaldi,Emerson Fittipaldi,3,8,1970,3
ickx,Jacky Ickx,6,8,1970,10
hahne,Hubert Hahne,0,8,1970,0
peterson,Ronnie Peterson,0,8,1970,0
stommelen,Rolf Stommelen,2,8,1970,4
oliver,Jackie Oliver,0,8,1970,0
amon,Chris Amon,0,8,1970,14
pescarolo,Henri Pescarolo,1,8,1970,8
hill,Graham Hill,0,8,1970,7
hulme,Denny Hulme,4,8,1970,20
beltoise,Jean-Pierre Beltoise,0,8,1970,9
redman,Brian Redman,0,8,1970,0
gethin,Peter Gethin,0,8,1970,0
cevert,François Cevert,0,8,1970,0
stewart,Jackie Stewart,0,8,1970,19
adamich,Andrea de Adamich,0,8,1970,0
surtees,John Surtees,0,8,1970,1
rodriguez,Pedro Rodríguez,0,8,1970,10
siffert,Jo Siffert,0,8,1970,0
moser,Silvio Moser,0,8,1970,0
jack_brabham,Jack Brabham,0,8,1970,25
miles,John Miles,0,8,1970,2
rindt,Jochen Rindt,9,8,1970,45
stommelen,Rolf Stommelen,4,9,1970,8
oliver,Jackie Oliver,2,9,1970,2
amon,Chris Amon,0,9,1970,14
pescarolo,Henri Pescarolo,0,9,1970,8
hulme,Denny Hulme,0,9,1970,20
beltoise,Jean-Pierre Beltoise,1,9,1970,10
schenken,Tim Schenken,0,9,1970,0
gethin,Peter Gethin,0,9,1970,0
cevert,François Cevert,0,9,1970,0
stewart,Jackie Stewart,0,9,1970,19
adamich,Andrea de Adamich,0,9,1970,0
surtees,John Surtees,0,9,1970,1
rodriguez,Pedro Rodríguez,3,9,1970,13
siffert,Jo Siffert,0,9,1970,0
moser,Silvio Moser,0,9,1970,0
eaton,George Eaton,0,9,1970,0
jack_brabham,Jack Brabham,0,9,1970,25
miles,John Miles,0,9,1970,2
rindt,Jochen Rindt,0,9,1970,45
giunti,Ignazio Giunti,0,9,1970,3
mario_andretti,Mario Andretti,0,9,1970,4
regazzoni,Clay Regazzoni,6,9,1970,12
emerson_fittipaldi,Emerson Fittipaldi,0,9,1970,3
ickx,Jacky Ickx,9,9,1970,19
regazzoni,Clay Regazzoni,9,10,1970,21
emerson_fittipaldi,Emerson Fittipaldi,0,10,1970,3
ickx,Jacky Ickx,0,10,1970,19
peterson,Ronnie Peterson,0,10,1970,0
stommelen,Rolf Stommelen,2,10,1970,10
oliver,Jackie Oliver,0,10,1970,2
amon,Chris Amon,0,10,1970,14
pescarolo,Henri Pescarolo,0,10,1970,8
hill,Graham Hill,0,10,1970,7
hulme,Denny Hulme,3,10,1970,23
beltoise,Jean-Pierre Beltoise,4,10,1970,14
schenken,Tim Schenken,0,10,1970,0
gethin,Peter Gethin,0,10,1970,0
cevert,François Cevert,1,10,1970,1
stewart,Jackie Stewart,6,10,1970,25
galli,Nanni Galli,0,10,1970,0
adamich,Andrea de Adamich,0,10,1970,0
surtees,John Surtees,0,10,1970,1
rodriguez,Pedro Rodríguez,0,10,1970,13
siffert,Jo Siffert,0,10,1970,0
bonnier,Jo Bonnier,0,10,1970,0
moser,Silvio Moser,0,10,1970,0
eaton,George Eaton,0,10,1970,0
jack_brabham,Jack Brabham,0,10,1970,25
miles,John Miles,0,10,1970,2
rindt,Jochen Rindt,0,10,1970,45
giunti,Ignazio Giunti,0,10,1970,3
peterson,Ronnie Peterson,0,11,1970,0
stommelen,Rolf Stommelen,0,11,1970,10
oliver,Jackie Oliver,0,11,1970,2
amon,Chris Amon,4,11,1970,18
pescarolo,Henri Pescarolo,0,11,1970,8
hill,Graham Hill,0,11,1970,7
hulme,Denny Hulme,0,11,1970,23
beltoise,Jean-Pierre Beltoise,0,11,1970,14
schenken,Tim Schenken,0,11,1970,0
gethin,Peter Gethin,1,11,1970,1
cevert,François Cevert,0,11,1970,1
stewart,Jackie Stewart,0,11,1970,25
adamich,Andrea de Adamich,0,11,1970,0
surtees,John Surtees,2,11,1970,3
rodriguez,Pedro Rodríguez,3,11,1970,16
siffert,Jo Siffert,0,11,1970,0
eaton,George Eaton,0,11,1970,0
jack_brabham,Jack Brabham,0,11,1970,25
regazzoni,Clay Regazzoni,6,11,1970,27
ickx,Jacky Ickx,9,11,1970,28
regazzoni,Clay Regazzoni,0,12,1970,27
emerson_fittipaldi,Emerson Fittipaldi,9,12,1970,12
ickx,Jacky Ickx,3,12,1970,31
peterson,Ronnie Peterson,0,12,1970,0
stommelen,Rolf Stommelen,0,12,1970,10
oliver,Jackie Oliver,0,12,1970,2
amon,Chris Amon,2,12,1970,20
pescarolo,Henri Pescarolo,0,12,1970,8
hill,Graham Hill,0,12,1970,7
hulme,Denny Hulme,0,12,1970,23
beltoise,Jean-Pierre Beltoise,0,12,1970,14
schenken,Tim Schenken,0,12,1970,0
wisell,Reine Wisell,4,12,1970,4
gethin,Peter Gethin,0,12,1970,1
bell,Derek Bell,1,12,1970,1
cevert,François Cevert,0,12,1970,1
stewart,Jackie Stewart,0,12,1970,25
adamich,Andrea de Adamich,0,12,1970,0
surtees,John Surtees,0,12,1970,3
rodriguez,Pedro Rodríguez,6,12,1970,22
siffert,Jo Siffert,0,12,1970,0
bonnier,Jo Bonnier,0,12,1970,0
eaton,George Eaton,0,12,1970,0
lovely,Pete Lovely,0,12,1970,0
jack_brabham,Jack Brabham,0,12,1970,25
hutchison,Gus Hutchison,0,12,1970,0
westbury,Peter Westbury,0,12,1970,0
regazzoni,Clay Regazzoni,6,13,1970,33
emerson_fittipaldi,Emerson Fittipaldi,0,13,1970,12
ickx,Jacky Ickx,9,13,1970,40
stommelen,Rolf Stommelen,0,13,1970,10
oliver,Jackie Oliver,0,13,1970,2
amon,Chris Amon,3,13,1970,23
pescarolo,Henri Pescarolo,0,13,1970,8
hill,Graham Hill,0,13,1970,7
hulme,Denny Hulme,4,13,1970,27
beltoise,Jean-Pierre Beltoise,2,13,1970,16
wisell,Reine Wisell,0,13,1970,4
gethin,Peter Gethin,0,13,1970,1
cevert,François Cevert,0,13,1970,1
stewart,Jackie Stewart,0,13,1970,25
surtees,John Surtees,0,13,1970,3
rodriguez,Pedro Rodríguez,1,13,1970,23
siffert,Jo Siffert,0,13,1970,0
jack_brabham,Jack Brabham,0,13,1970,25
oliver,Jackie Oliver,0,1,1969,0
amon,Chris Amon,0,1,1969,0
hill,Graham Hill,6,1,1969,6
hulme,Denny Hulme,4,1,1969,4
beltoise,Jean-Pierre Beltoise,1,1,1969,1
stewart,Jackie Stewart,9,1,1969,9
love,John Love,0,1,1969,0
surtees,John Surtees,0,1,1969,0
rodriguez,Pedro Rodríguez,0,1,1969,0
siffert,Jo Siffert,3,1,1969,3
jack_brabham,Jack Brabham,0,1,1969,0
rindt,Jochen Rindt,0,1,1969,0
mclaren,Bruce McLaren,2,1,1969,2
klerk,Peter de Klerk,0,1,1969,0
tingle,Sam Tingle,0,1,1969,0
rooyen,Basil van Rooyen,0,1,1969,0
mario_andretti,Mario Andretti,0,1,1969,0
ickx,Jacky Ickx,0,1,1969,0
ickx,Jacky Ickx,1,2,1969,1
oliver,Jackie Oliver,0,2,1969,0
amon,Chris Amon,0,2,1969,0
hill,Graham Hill,0,2,1969,6
hulme,Denny Hulme,3,2,1969,7
beltoise,Jean-Pierre Beltoise,4,2,1969,5
stewart,Jackie Stewart,9,2,1969,18
surtees,John Surtees,2,2,1969,2
rodriguez,Pedro Rodríguez,0,2,1969,0
siffert,Jo Siffert,0,2,1969,3
jack_brabham,Jack Brabham,0,2,1969,0
rindt,Jochen Rindt,0,2,1969,0
mclaren,Bruce McLaren,6,2,1969,8
courage,Piers Courage,0,2,1969,0
oliver,Jackie Oliver,0,3,1969,0
amon,Chris Amon,0,3,1969,0
hill,Graham Hill,9,3,1969,15
hulme,Denny Hulme,1,3,1969,8
beltoise,Jean-Pierre Beltoise,0,3,1969,5
stewart,Jackie Stewart,0,3,1969,18
surtees,John Surtees,0,3,1969,2
rodriguez,Pedro Rodríguez,0,3,1969,0
siffert,Jo Siffert,4,3,1969,7
elford,Vic Elford,0,3,1969,0
moser,Silvio Moser,0,3,1969,0
jack_brabham,Jack Brabham,0,3,1969,0
mclaren,Bruce McLaren,2,3,1969,10
courage,Piers Courage,6,3,1969,6
ickx,Jacky Ickx,0,3,1969,1
attwood,Richard Attwood,3,3,1969,3
oliver,Jackie Oliver,0,4,1969,0
amon,Chris Amon,4,4,1969,4
hill,Graham Hill,0,4,1969,15
hulme,Denny Hulme,3,4,1969,11
beltoise,Jean-Pierre Beltoise,0,4,1969,5
stewart,Jackie Stewart,9,4,1969,27
surtees,John Surtees,0,4,1969,2
siffert,Jo Siffert,6,4,1969,13
elford,Vic Elford,0,4,1969,0
moser,Silvio Moser,0,4,1969,0
jack_brabham,Jack Brabham,1,4,1969,1
rindt,Jochen Rindt,0,4,1969,0
mclaren,Bruce McLaren,0,4,1969,10
courage,Piers Courage,0,4,1969,6
ickx,Jacky Ickx,2,4,1969,3
ickx,Jacky Ickx,4,5,1969,7
amon,Chris Amon,0,5,1969,4
hill,Graham Hill,1,5,1969,16
hulme,Denny Hulme,0,5,1969,11
beltoise,Jean-Pierre Beltoise,6,5,1969,11
stewart,Jackie Stewart,9,5,1969,36
siffert,Jo Siffert,0,5,1969,13
elford,Vic Elford,2,5,1969,2
moser,Silvio Moser,0,5,1969,0
miles,John Miles,0,5,1969,0
rindt,Jochen Rindt,0,5,1969,0
mclaren,Bruce McLaren,3,5,1969,13
courage,Piers Courage,0,5,1969,6
oliver,Jackie Oliver,0,6,1969,0
amon,Chris Amon,0,6,1969,4
hill,Graham Hill,0,6,1969,16
hulme,Denny Hulme,0,6,1969,11
beltoise,Jean-Pierre Beltoise,0,6,1969,11
bell,Derek Bell,0,6,1969,0
stewart,Jackie Stewart,9,6,1969,45
surtees,John Surtees,0,6,1969,2
rodriguez,Pedro Rodríguez,0,6,1969,0
siffert,Jo Siffert,0,6,1969,13
bonnier,Jo Bonnier,0,6,1969,0
elford,Vic Elford,1,6,1969,3
miles,John Miles,0,6,1969,0
rindt,Jochen Rindt,3,6,1969,3
mclaren,Bruce McLaren,4,6,1969,17
courage,Piers Courage,2,6,1969,8
ickx,Jacky Ickx,6,6,1969,13
mario_andretti,Mario Andretti,0,7,1969,0
ickx,Jacky Ickx,9,7,1969,22
oliver,Jackie Oliver,0,7,1969,0
hill,Graham Hill,3,7,1969,19
hulme,Denny Hulme,0,7,1969,11
beltoise,Jean-Pierre Beltoise,1,7,1969,12
stewart,Jackie Stewart,6,7,1969,51
surtees,John Surtees,0,7,1969,2
siffert,Jo Siffert,2,7,1969,15
bonnier,Jo Bonnier,0,7,1969,0
elford,Vic Elford,0,7,1969,3
rindt,Jochen Rindt,0,7,1969,3
mclaren,Bruce McLaren,4,7,1969,21
courage,Piers Courage,0,7,1969,8
oliver,Jackie Oliver,0,8,1969,0
hill,Graham Hill,0,8,1969,19
hulme,Denny Hulme,0,8,1969,11
beltoise,Jean-Pierre Beltoise,4,8,1969,16
stewart,Jackie Stewart,9,8,1969,60
surtees,John Surtees,0,8,1969,2
rodriguez,Pedro Rodríguez,1,8,1969,1
siffert,Jo Siffert,0,8,1969,15
moser,Silvio Moser,0,8,1969,0
jack_brabham,Jack Brabham,0,8,1969,1
miles,John Miles,0,8,1969,0
rindt,Jochen Rindt,6,8,1969,9
mclaren,Bruce McLaren,3,8,1969,24
courage,Piers Courage,2,8,1969,10
ickx,Jacky Ickx,0,8,1969,22
ickx,Jacky Ickx,9,9,1969,31
pease,Al Pease,0,9,1969,0
cordts,John Cordts,0,9,1969,0
oliver,Jackie Oliver,0,9,1969,0
hill,Graham Hill,0,9,1969,19
hulme,Denny Hulme,0,9,1969,11
beltoise,Jean-Pierre Beltoise,3,9,1969,19
stewart,Jackie Stewart,0,9,1969,60
surtees,John Surtees,0,9,1969,2
brack,Bill Brack,0,9,1969,0
rodriguez,Pedro Rodríguez,0,9,1969,1
siffert,Jo Siffert,0,9,1969,15
moser,Silvio Moser,0,9,1969,0
lovely,Pete Lovely,0,9,1969,0
jack_brabham,Jack Brabham,6,9,1969,7
miles,John Miles,0,9,1969,0
rindt,Jochen Rindt,4,9,1969,13
gavin,Johnny Servoz-Gavin,1,9,1969,1
mclaren,Bruce McLaren,2,9,1969,26
courage,Piers Courage,0,9,1969,10
oliver,Jackie Oliver,0,10,1969,0
hill,Graham Hill,0,10,1969,19
hulme,Denny Hulme,0,10,1969,11
beltoise,Jean-Pierre Beltoise,0,10,1969,19
stewart,Jackie Stewart,0,10,1969,60
surtees,John Surtees,4,10,1969,6
rodriguez,Pedro Rodríguez,2,10,1969,3
siffert,Jo Siffert,0,10,1969,15
moser,Silvio Moser,1,10,1969,1
eaton,George Eaton,0,10,1969,0
lovely,Pete Lovely,0,10,1969,0
jack_brabham,Jack Brabham,3,10,1969,10
rindt,Jochen Rindt,9,10,1969,22
gavin,Johnny Servoz-Gavin,0,10,1969,1
mclaren,Bruce McLaren,0,10,1969,26
courage,Piers Courage,6,10,1969,16
mario_andretti,Mario Andretti,0,10,1969,0
ickx,Jacky Ickx,0,10,1969,31
ickx,Jacky Ickx,6,11,1969,37
oliver,Jackie Oliver,1,11,1969,1
hulme,Denny Hulme,9,11,1969,20
beltoise,Jean-Pierre Beltoise,2,11,1969,21
stewart,Jackie Stewart,3,11,1969,63
surtees,John Surtees,0,11,1969,6
rodriguez,Pedro Rodríguez,0,11,1969,3
siffert,Jo Siffert,0,11,1969,15
moser,Silvio Moser,0,11,1969,1
eaton,George Eaton,0,11,1969,0
lovely,Pete Lovely,0,11,1969,0
jack_brabham,Jack Brabham,4,11,1969,14
miles,John Miles,0,11,1969,0
rindt,Jochen Rindt,0,11,1969,22
gavin,Johnny Servoz-Gavin,0,11,1969,1
mclaren,Bruce McLaren,0,11,1969,26
courage,Piers Courage,0,11,1969,16
amon,Chris Amon,3,1,1968,3
hill,Graham Hill,6,1,1968,6
charlton,Dave Charlton,0,1,1968,0
hulme,Denny Hulme,2,1,1968,2
beltoise,Jean-Pierre Beltoise,1,1,1968,1
redman,Brian Redman,0,1,1968,0
stewart,Jackie Stewart,0,1,1968,0
adamich,Andrea de Adamich,0,1,1968,0
pretorius,Jackie Pretorius,0,1,1968,0
love,John Love,0,1,1968,0
surtees,John Surtees,0,1,1968,0
rodriguez,Pedro Rodríguez,0,1,1968,0
siffert,Jo Siffert,0,1,1968,0
bonnier,Jo Bonnier,0,1,1968,0
jack_brabham,Jack Brabham,0,1,1968,0
rindt,Jochen Rindt,4,1,1968,4
gurney,Dan Gurney,0,1,1968,0
ickx,Jacky Ickx,0,1,1968,0
tingle,Sam Tingle,0,1,1968,0
rooyen,Basil van Rooyen,0,1,1968,0
clark,Jim Clark,9,1,1968,9
spence,Mike Spence,0,1,1968,0
scarfiotti,Ludovico Scarfiotti,0,1,1968,0
scarfiotti,Ludovico Scarfiotti,3,2,1968,3
amon,Chris Amon,0,2,1968,3
hill,Graham Hill,9,2,1968,15
hulme,Denny Hulme,6,2,1968,8
beltoise,Jean-Pierre Beltoise,2,2,1968,3
redman,Brian Redman,4,2,1968,4
surtees,John Surtees,0,2,1968,0
rodriguez,Pedro Rodríguez,0,2,1968,0
siffert,Jo Siffert,0,2,1968,0
jack_brabham,Jack Brabham,0,2,1968,0
rindt,Jochen Rindt,0,2,1968,4
mclaren,Bruce McLaren,0,2,1968,0
courage,Piers Courage,0,2,1968,0
ickx,Jacky Ickx,0,2,1968,0
gurney,Dan Gurney,0,3,1968,0
attwood,Richard Attwood,6,3,1968,6
scarfiotti,Ludovico Scarfiotti,3,3,1968,6
bianchi,Lucien Bianchi,4,3,1968,4
oliver,Jackie Oliver,0,3,1968,0
hill,Graham Hill,9,3,1968,24
hulme,Denny Hulme,2,3,1968,10
beltoise,Jean-Pierre Beltoise,0,3,1968,3
surtees,John Surtees,0,3,1968,0
rodriguez,Pedro Rodríguez,0,3,1968,0
siffert,Jo Siffert,0,3,1968,0
bonnier,Jo Bonnier,0,3,1968,0
moser,Silvio Moser,0,3,1968,0
jack_brabham,Jack Brabham,0,3,1968,0
rindt,Jochen Rindt,0,3,1968,4
gavin,Johnny Servoz-Gavin,0,3,1968,0
mclaren,Bruce McLaren,0,3,1968,0
courage,Piers Courage,0,3,1968,0
oliver,Jackie Oliver,2,4,1968,2
amon,Chris Amon,0,4,1968,3
hill,Graham Hill,0,4,1968,24
hulme,Denny Hulme,0,4,1968,10
beltoise,Jean-Pierre Beltoise,0,4,1968,3
redman,Brian Redman,0,4,1968,4
stewart,Jackie Stewart,3,4,1968,3
surtees,John Surtees,0,4,1968,0
rodriguez,Pedro Rodríguez,6,4,1968,6
siffert,Jo Siffert,0,4,1968,0
bonnier,Jo Bonnier,0,4,1968,0
jack_brabham,Jack Brabham,0,4,1968,0
rindt,Jochen Rindt,0,4,1968,4
mclaren,Bruce McLaren,9,4,1968,9
courage,Piers Courage,0,4,1968,0
ickx,Jacky Ickx,4,4,1968,4
attwood,Richard Attwood,0,4,1968,6
bianchi,Lucien Bianchi,1,4,1968,5
gurney,Dan Gurney,0,5,1968,0
attwood,Richard Attwood,0,5,1968,6
bianchi,Lucien Bianchi,0,5,1968,5
oliver,Jackie Oliver,0,5,1968,2
amon,Chris Amon,1,5,1968,4
hill,Graham Hill,0,5,1968,24
hulme,Denny Hulme,0,5,1968,10
beltoise,Jean-Pierre Beltoise,6,5,1968,9
stewart,Jackie Stewart,9,5,1968,12
surtees,John Surtees,0,5,1968,0
rodriguez,Pedro Rodríguez,4,5,1968,10
siffert,Jo Siffert,0,5,1968,0
bonnier,Jo Bonnier,0,5,1968,0
moser,Silvio Moser,2,5,1968,2
jack_brabham,Jack Brabham,0,5,1968,0
rindt,Jochen Rindt,0,5,1968,4
mclaren,Bruce McLaren,0,5,1968,9
courage,Piers Courage,0,5,1968,0
ickx,Jacky Ickx,3,5,1968,7
ickx,Jacky Ickx,9,6,1968,16
attwood,Richard Attwood,0,6,1968,6
jo_schlesser,Jo Schlesser,0,6,1968,0
amon,Chris Amon,0,6,1968,4
hill,Graham Hill,0,6,1968,24
hulme,Denny Hulme,2,6,1968,12
beltoise,Jean-Pierre Beltoise,0,6,1968,9
stewart,Jackie Stewart,4,6,1968,16
surtees,John Surtees,6,6,1968,6
rodriguez,Pedro Rodríguez,0,6,1968,10
siffert,Jo Siffert,0,6,1968,0
elford,Vic Elford,3,6,1968,3
jack_brabham,Jack Brabham,0,6,1968,0
rindt,Jochen Rindt,0,6,1968,4
gavin,Johnny Servoz-Gavin,0,6,1968,0
mclaren,Bruce McLaren,0,6,1968,9
courage,Piers Courage,1,6,1968,1
oliver,Jackie Oliver,0,7,1968,2
amon,Chris Amon,6,7,1968,10
hill,Graham Hill,0,7,1968,24
hulme,Denny Hulme,3,7,1968,15
beltoise,Jean-Pierre Beltoise,0,7,1968,9
stewart,Jackie Stewart,1,7,1968,17
surtees,John Surtees,2,7,1968,8
rodriguez,Pedro Rodríguez,0,7,1968,10
siffert,Jo Siffert,9,7,1968,9
bonnier,Jo Bonnier,0,7,1968,0
elford,Vic Elford,0,7,1968,3
moser,Silvio Moser,0,7,1968,2
jack_brabham,Jack Brabham,0,7,1968,0
rindt,Jochen Rindt,0,7,1968,4
mclaren,Bruce McLaren,0,7,1968,9
courage,Piers Courage,0,7,1968,1
ickx,Jacky Ickx,4,7,1968,20
gurney,Dan Gurney,0,7,1968,0
attwood,Richard Attwood,0,7,1968,6
widdows,Robin Widdows,0,7,1968,0
gurney,Dan Gurney,0,8,1968,0
hahne,Hubert Hahne,0,8,1968,0
attwood,Richard Attwood,0,8,1968,6
bianchi,Lucien Bianchi,0,8,1968,5
ahrens,Kurt Ahrens,0,8,1968,0
oliver,Jackie Oliver,0,8,1968,2
amon,Chris Amon,0,8,1968,10
hill,Graham Hill,6,8,1968,30
hulme,Denny Hulme,0,8,1968,15
beltoise,Jean-Pierre Beltoise,0,8,1968,9
stewart,Jackie Stewart,9,8,1968,26
surtees,John Surtees,0,8,1968,8
rodriguez,Pedro Rodríguez,1,8,1968,11
siffert,Jo Siffert,0,8,1968,9
elford,Vic Elford,0,8,1968,3
jack_brabham,Jack Brabham,2,8,1968,2
rindt,Jochen Rindt,4,8,1968,8
mclaren,Bruce McLaren,0,8,1968,9
courage,Piers Courage,0,8,1968,1
ickx,Jacky Ickx,3,8,1968,23
ickx,Jacky Ickx,4,9,1968,27
gurney,Dan Gurney,0,9,1968,0
gardner,Frank Gardner,0,9,1968,0
oliver,Jackie Oliver,0,9,1968,2
amon,Chris Amon,0,9,1968,10
hill,Graham Hill,0,9,1968,30
hulme,Denny Hulme,9,9,1968,24
beltoise,Jean-Pierre Beltoise,2,9,1968,11
bell,Derek Bell,0,9,1968,0
hobbs,David Hobbs,0,9,1968,0
stewart,Jackie Stewart,0,9,1968,26
surtees,John Surtees,0,9,1968,8
rodriguez,Pedro Rodríguez,0,9,1968,11
siffert,Jo Siffert,0,9,1968,9
bonnier,Jo Bonnier,1,9,1968,1
elford,Vic Elford,0,9,1968,3
moser,Silvio Moser,0,9,1968,2
jack_brabham,Jack Brabham,0,9,1968,2
rindt,Jochen Rindt,0,9,1968,8
gavin,Johnny Servoz-Gavin,6,9,1968,6
mclaren,Bruce McLaren,0,9,1968,9
courage,Piers Courage,3,9,1968,4
oliver,Jackie Oliver,0,10,1968,2
amon,Chris Amon,0,10,1968,10
pescarolo,Henri Pescarolo,0,10,1968,0
hill,Graham Hill,3,10,1968,33
hulme,Denny Hulme,9,10,1968,33
beltoise,Jean-Pierre Beltoise,0,10,1968,11
stewart,Jackie Stewart,1,10,1968,27
surtees,John Surtees,0,10,1968,8
brack,Bill Brack,0,10,1968,0
rodriguez,Pedro Rodríguez,4,10,1968,15
siffert,Jo Siffert,0,10,1968,9
bonnier,Jo Bonnier,0,10,1968,1
elford,Vic Elford,2,10,1968,5
jack_brabham,Jack Brabham,0,10,1968,2
rindt,Jochen Rindt,0,10,1968,8
gavin,Johnny Servoz-Gavin,0,10,1968,6
mclaren,Bruce McLaren,6,10,1968,15
courage,Piers Courage,0,10,1968,4
ickx,Jacky Ickx,0,10,1968,27
gurney,Dan Gurney,0,10,1968,0
bianchi,Lucien Bianchi,0,10,1968,5
gurney,Dan Gurney,3,11,1968,3
bianchi,Lucien Bianchi,0,11,1968,5
unser,Bobby Unser,0,11,1968,0
oliver,Jackie Oliver,0,11,1968,2
amon,Chris Amon,0,11,1968,10
hill,Graham Hill,6,11,1968,39
hulme,Denny Hulme,0,11,1968,33
beltoise,Jean-Pierre Beltoise,0,11,1968,11
bell,Derek Bell,0,11,1968,0
stewart,Jackie Stewart,9,11,1968,36
surtees,John Surtees,4,11,1968,12
rodriguez,Pedro Rodríguez,0,11,1968,15
siffert,Jo Siffert,2,11,1968,11
bonnier,Jo Bonnier,0,11,1968,1
elford,Vic Elford,0,11,1968,5
jack_brabham,Jack Brabham,0,11,1968,2
rindt,Jochen Rindt,0,11,1968,8
mclaren,Bruce McLaren,1,11,1968,16
courage,Piers Courage,0,11,1968,4
mario_andretti,Mario Andretti,0,11,1968,0
ickx,Jacky Ickx,0,12,1968,27
gurney,Dan Gurney,0,12,1968,3
bianchi,Lucien Bianchi,0,12,1968,5
solana,Moisés Solana,0,12,1968,0
oliver,Jackie Oliver,4,12,1968,6
amon,Chris Amon,0,12,1968,10
pescarolo,Henri Pescarolo,0,12,1968,0
hill,Graham Hill,9,12,1968,48
hulme,Denny Hulme,0,12,1968,33
beltoise,Jean-Pierre Beltoise,0,12,1968,11
stewart,Jackie Stewart,0,12,1968,36
surtees,John Surtees,0,12,1968,12
rodriguez,Pedro Rodríguez,3,12,1968,18
siffert,Jo Siffert,1,12,1968,12
bonnier,Jo Bonnier,2,12,1968,3
elford,Vic Elford,0,12,1968,5
jack_brabham,Jack Brabham,0,12,1968,2
rindt,Jochen Rindt,0,12,1968,8
gavin,Johnny Servoz-Gavin,0,12,1968,6
mclaren,Bruce McLaren,6,12,1968,22
courage,Piers Courage,0,12,1968,4
hill,Graham Hill,0,1,1967,0
charlton,Dave Charlton,0,1,1967,0
hulme,Denny Hulme,3,1,1967,3
stewart,Jackie Stewart,0,1,1967,0
love,John Love,6,1,1967,6
surtees,John Surtees,4,1,1967,4
rodriguez,Pedro Rodríguez,9,1,1967,9
siffert,Jo Siffert,0,1,1967,0
bonnier,Jo Bonnier,0,1,1967,0
jack_brabham,Jack Brabham,1,1,1967,1
rindt,Jochen Rindt,0,1,1967,0
courage,Piers Courage,0,1,1967,0
gurney,Dan Gurney,0,1,1967,0
tingle,Sam Tingle,0,1,1967,0
clark,Jim Clark,0,1,1967,0
spence,Mike Spence,0,1,1967,0
anderson,Bob Anderson,2,1,1967,2
botha,Luki Botha,0,1,1967,0
clark,Jim Clark,0,2,1967,0
spence,Mike Spence,1,2,1967,1
anderson,Bob Anderson,0,2,1967,2
bandini,Lorenzo Bandini,0,2,1967,0
ginther,Richie Ginther,0,2,1967,0
amon,Chris Amon,4,2,1967,4
hill,Graham Hill,6,2,1967,6
hulme,Denny Hulme,9,2,1967,12
beltoise,Jean-Pierre Beltoise,0,2,1967,0
stewart,Jackie Stewart,0,2,1967,0
surtees,John Surtees,0,2,1967,4
rodriguez,Pedro Rodríguez,2,2,1967,11
siffert,Jo Siffert,0,2,1967,0
jack_brabham,Jack Brabham,0,2,1967,1
rindt,Jochen Rindt,0,2,1967,0
gavin,Johnny Servoz-Gavin,0,2,1967,0
mclaren,Bruce McLaren,3,2,1967,3
courage,Piers Courage,0,2,1967,0
gurney,Dan Gurney,0,2,1967,0
amon,Chris Amon,3,3,1967,7
hill,Graham Hill,0,3,1967,6
hulme,Denny Hulme,4,3,1967,16
stewart,Jackie Stewart,0,3,1967,0
surtees,John Surtees,0,3,1967,4
rodriguez,Pedro Rodríguez,0,3,1967,11
siffert,Jo Siffert,0,3,1967,0
jack_brabham,Jack Brabham,6,3,1967,7
rindt,Jochen Rindt,0,3,1967,0
mclaren,Bruce McLaren,0,3,1967,3
gurney,Dan Gurney,0,3,1967,0
clark,Jim Clark,9,3,1967,9
spence,Mike Spence,0,3,1967,1
scarfiotti,Ludovico Scarfiotti,1,3,1967,1
anderson,Bob Anderson,0,3,1967,2
parkes,Mike Parkes,2,3,1967,2
irwin,Chris Irwin,0,3,1967,0
clark,Jim Clark,1,4,1967,10
spence,Mike Spence,2,4,1967,3
scarfiotti,Ludovico Scarfiotti,0,4,1967,1
anderson,Bob Anderson,0,4,1967,2
parkes,Mike Parkes,0,4,1967,2
irwin,Chris Irwin,0,4,1967,0
ligier,Guy Ligier,0,4,1967,0
amon,Chris Amon,4,4,1967,11
hill,Graham Hill,0,4,1967,6
hulme,Denny Hulme,0,4,1967,16
stewart,Jackie Stewart,6,4,1967,6
surtees,John Surtees,0,4,1967,4
rodriguez,Pedro Rodríguez,0,4,1967,11
siffert,Jo Siffert,0,4,1967,0
bonnier,Jo Bonnier,0,4,1967,0
jack_brabham,Jack Brabham,0,4,1967,7
rindt,Jochen Rindt,3,4,1967,3
gurney,Dan Gurney,9,4,1967,9
amon,Chris Amon,0,5,1967,11
hill,Graham Hill,0,5,1967,6
hulme,Denny Hulme,6,5,1967,22
stewart,Jackie Stewart,4,5,1967,10
rodriguez,Pedro Rodríguez,1,5,1967,12
siffert,Jo Siffert,3,5,1967,3
jack_brabham,Jack Brabham,9,5,1967,16
rindt,Jochen Rindt,0,5,1967,3
mclaren,Bruce McLaren,0,5,1967,3
gurney,Dan Gurney,0,5,1967,9
clark,Jim Clark,0,5,1967,10
spence,Mike Spence,0,5,1967,3
anderson,Bob Anderson,0,5,1967,2
irwin,Chris Irwin,2,5,1967,2
ligier,Guy Ligier,0,5,1967,0
clark,Jim Clark,9,6,1967,19
spence,Mike Spence,0,6,1967,3
anderson,Bob Anderson,0,6,1967,2
irwin,Chris Irwin,0,6,1967,2
ligier,Guy Ligier,0,6,1967,0
rees,Alan Rees,0,6,1967,0
amon,Chris Amon,4,6,1967,15
hill,Graham Hill,0,6,1967,6
hulme,Denny Hulme,6,6,1967,28
hobbs,David Hobbs,0,6,1967,0
stewart,Jackie Stewart,0,6,1967,10
surtees,John Surtees,1,6,1967,5
rodriguez,Pedro Rodríguez,2,6,1967,14
siffert,Jo Siffert,0,6,1967,3
bonnier,Jo Bonnier,0,6,1967,0
moser,Silvio Moser,0,6,1967,0
jack_brabham,Jack Brabham,3,6,1967,19
rindt,Jochen Rindt,0,6,1967,3
mclaren,Bruce McLaren,0,6,1967,3
courage,Piers Courage,0,6,1967,0
gurney,Dan Gurney,0,6,1967,9
oliver,Jackie Oliver,0,7,1967,0
amon,Chris Amon,4,7,1967,19
hill,Graham Hill,0,7,1967,6
hulme,Denny Hulme,9,7,1967,37
hobbs,David Hobbs,0,7,1967,0
stewart,Jackie Stewart,0,7,1967,10
surtees,John Surtees,3,7,1967,8
rodriguez,Pedro Rodríguez,0,7,1967,14
siffert,Jo Siffert,0,7,1967,3
bonnier,Jo Bonnier,2,7,1967,2
jack_brabham,Jack Brabham,6,7,1967,25
rindt,Jochen Rindt,0,7,1967,3
mclaren,Bruce McLaren,0,7,1967,3
gurney,Dan Gurney,0,7,1967,9
ickx,Jacky Ickx,0,7,1967,0
hahne,Hubert Hahne,0,7,1967,0
clark,Jim Clark,0,7,1967,19
spence,Mike Spence,0,7,1967,3
jo_schlesser,Jo Schlesser,0,7,1967,0
ahrens,Kurt Ahrens,0,7,1967,0
irwin,Chris Irwin,0,7,1967,2
ligier,Guy Ligier,1,7,1967,1
rees,Alan Rees,0,7,1967,0
hart,Brian Hart,0,7,1967,0
attwood,Richard Attwood,0,8,1967,0
pease,Al Pease,0,8,1967,0
clark,Jim Clark,0,8,1967,19
spence,Mike Spence,2,8,1967,5
irwin,Chris Irwin,0,8,1967,2
fisher,Mike Fisher,0,8,1967,0
tom_jones,Tom Jones,0,8,1967,0
amon,Chris Amon,1,8,1967,20
hill,Graham Hill,3,8,1967,9
hulme,Denny Hulme,6,8,1967,43
hobbs,David Hobbs,0,8,1967,0
wietzes,Eppie Wietzes,0,8,1967,0
stewart,Jackie Stewart,0,8,1967,10
bonnier,Jo Bonnier,0,8,1967,2
jack_brabham,Jack Brabham,9,8,1967,34
rindt,Jochen Rindt,0,8,1967,3
mclaren,Bruce McLaren,0,8,1967,3
gurney,Dan Gurney,4,8,1967,13
amon,Chris Amon,0,9,1967,20
hill,Graham Hill,0,9,1967,9
hulme,Denny Hulme,0,9,1967,43
stewart,Jackie Stewart,0,9,1967,10
surtees,John Surtees,9,9,1967,17
siffert,Jo Siffert,0,9,1967,3
bonnier,Jo Bonnier,0,9,1967,2
jack_brabham,Jack Brabham,6,9,1967,40
rindt,Jochen Rindt,3,9,1967,6
mclaren,Bruce McLaren,0,9,1967,3
gurney,Dan Gurney,0,9,1967,13
clark,Jim Clark,4,9,1967,23
spence,Mike Spence,2,9,1967,7
scarfiotti,Ludovico Scarfiotti,0,9,1967,1
irwin,Chris Irwin,0,9,1967,2
ligier,Guy Ligier,0,9,1967,1
baghetti,Giancarlo Baghetti,0,9,1967,0
ickx,Jacky Ickx,1,9,1967,1
ickx,Jacky Ickx,0,10,1967,1
amon,Chris Amon,0,10,1967,20
hill,Graham Hill,6,10,1967,15
hulme,Denny Hulme,4,10,1967,47
beltoise,Jean-Pierre Beltoise,0,10,1967,0
stewart,Jackie Stewart,0,10,1967,10
surtees,John Surtees,0,10,1967,17
siffert,Jo Siffert,3,10,1967,6
bonnier,Jo Bonnier,1,10,1967,3
jack_brabham,Jack Brabham,2,10,1967,42
rindt,Jochen Rindt,0,10,1967,6
mclaren,Bruce McLaren,0,10,1967,3
gurney,Dan Gurney,0,10,1967,13
clark,Jim Clark,9,10,1967,32
spence,Mike Spence,0,10,1967,7
solana,Moisés Solana,0,10,1967,0
irwin,Chris Irwin,0,10,1967,2
ligier,Guy Ligier,0,10,1967,1
clark,Jim Clark,9,11,1967,41
spence,Mike Spence,2,11,1967,9
solana,Moisés Solana,0,11,1967,0
irwin,Chris Irwin,0,11,1967,2
ligier,Guy Ligier,0,11,1967,1
fisher,Mike Fisher,0,11,1967,0
williams,Jonathan Williams,0,11,1967,0
amon,Chris Amon,0,11,1967,20
hill,Graham Hill,0,11,1967,15
hulme,Denny Hulme,4,11,1967,51
beltoise,Jean-Pierre Beltoise,0,11,1967,0
stewart,Jackie Stewart,0,11,1967,10
surtees,John Surtees,3,11,1967,20
rodriguez,Pedro Rodríguez,1,11,1967,15
siffert,Jo Siffert,0,11,1967,6
bonnier,Jo Bonnier,0,11,1967,3
jack_brabham,Jack Brabham,6,11,1967,48
mclaren,Bruce McLaren,0,11,1967,3
gurney,Dan Gurney,0,11,1967,13
hill,Graham Hill,4,1,1966,4
hulme,Denny Hulme,0,1,1966,0
stewart,Jackie Stewart,9,1,1966,9
surtees,John Surtees,0,1,1966,0
siffert,Jo Siffert,0,1,1966,0
bonnier,Jo Bonnier,0,1,1966,0
jack_brabham,Jack Brabham,0,1,1966,0
rindt,Jochen Rindt,0,1,1966,0
mclaren,Bruce McLaren,0,1,1966,0
clark,Jim Clark,0,1,1966,0
spence,Mike Spence,0,1,1966,0
anderson,Bob Anderson,0,1,1966,0
bandini,Lorenzo Bandini,6,1,1966,6
ginther,Richie Ginther,0,1,1966,0
ligier,Guy Ligier,0,1,1966,0
bondurant,Bob Bondurant,3,1,1966,3
clark,Jim Clark,0,2,1966,0
spence,Mike Spence,0,2,1966,0
bandini,Lorenzo Bandini,4,2,1966,10
ginther,Richie Ginther,2,2,1966,2
ligier,Guy Ligier,0,2,1966,0
bondurant,Bob Bondurant,0,2,1966,3
arundell,Peter Arundell,0,2,1966,0
vic_wilson,Vic Wilson,0,2,1966,0
hill,Graham Hill,0,2,1966,4
hulme,Denny Hulme,0,2,1966,0
stewart,Jackie Stewart,0,2,1966,9
surtees,John Surtees,9,2,1966,9
siffert,Jo Siffert,0,2,1966,0
bonnier,Jo Bonnier,0,2,1966,0
jack_brabham,Jack Brabham,3,2,1966,3
rindt,Jochen Rindt,6,2,1966,6
mclaren,Bruce McLaren,0,2,1966,0
gurney,Dan Gurney,0,2,1966,0
amon,Chris Amon,0,3,1966,0
hill,Graham Hill,0,3,1966,4
hulme,Denny Hulme,4,3,1966,4
surtees,John Surtees,0,3,1966,9
rodriguez,Pedro Rodríguez,0,3,1966,0
siffert,Jo Siffert,0,3,1966,0
bonnier,Jo Bonnier,0,3,1966,0
jack_brabham,Jack Brabham,9,3,1966,12
rindt,Jochen Rindt,3,3,1966,9
gurney,Dan Gurney,2,3,1966,2
spence,Mike Spence,0,3,1966,0
anderson,Bob Anderson,0,3,1966,0
bandini,Lorenzo Bandini,0,3,1966,10
parkes,Mike Parkes,6,3,1966,6
ligier,Guy Ligier,0,3,1966,0
arundell,Peter Arundell,0,3,1966,0
taylor,John Taylor,1,3,1966,1
clark,Jim Clark,3,4,1966,3
spence,Mike Spence,0,4,1966,0
anderson,Bob Anderson,0,4,1966,0
irwin,Chris Irwin,0,4,1966,0
ligier,Guy Ligier,0,4,1966,0
bondurant,Bob Bondurant,0,4,1966,3
arundell,Peter Arundell,0,4,1966,0
taylor,John Taylor,0,4,1966,1
lawrence,Chris Lawrence,0,4,1966,0
trevor_taylor,Trevor Taylor,0,4,1966,0
hill,Graham Hill,4,4,1966,8
hulme,Denny Hulme,6,4,1966,10
stewart,Jackie Stewart,0,4,1966,9
surtees,John Surtees,0,4,1966,9
siffert,Jo Siffert,0,4,1966,0
bonnier,Jo Bonnier,0,4,1966,0
jack_brabham,Jack Brabham,9,4,1966,21
rindt,Jochen Rindt,2,4,1966,11
mclaren,Bruce McLaren,1,4,1966,1
gurney,Dan Gurney,0,4,1966,2
hill,Graham Hill,6,5,1966,14
hulme,Denny Hulme,0,5,1966,10
stewart,Jackie Stewart,3,5,1966,12
surtees,John Surtees,0,5,1966,9
siffert,Jo Siffert,0,5,1966,0
bonnier,Jo Bonnier,0,5,1966,0
jack_brabham,Jack Brabham,9,5,1966,30
rindt,Jochen Rindt,0,5,1966,11
gurney,Dan Gurney,0,5,1966,2
clark,Jim Clark,4,5,1966,7
spence,Mike Spence,2,5,1966,2
anderson,Bob Anderson,0,5,1966,0
bandini,Lorenzo Bandini,1,5,1966,11
parkes,Mike Parkes,0,5,1966,6
ligier,Guy Ligier,0,5,1966,0
arundell,Peter Arundell,0,5,1966,0
taylor,John Taylor,0,5,1966,1
clark,Jim Clark,0,6,1966,7
spence,Mike Spence,0,6,1966,2
scarfiotti,Ludovico Scarfiotti,0,6,1966,0
anderson,Bob Anderson,0,6,1966,0
bandini,Lorenzo Bandini,1,6,1966,12
parkes,Mike Parkes,0,6,1966,6
ligier,Guy Ligier,0,6,1966,0
bondurant,Bob Bondurant,0,6,1966,3
arundell,Peter Arundell,0,6,1966,0
taylor,John Taylor,0,6,1966,1
lawrence,Chris Lawrence,0,6,1966,0
hill,Graham Hill,3,6,1966,17
hulme,Denny Hulme,0,6,1966,10
stewart,Jackie Stewart,2,6,1966,14
surtees,John Surtees,6,6,1966,15
bonnier,Jo Bonnier,0,6,1966,0
jack_brabham,Jack Brabham,9,6,1966,39
rindt,Jochen Rindt,4,6,1966,15
gurney,Dan Gurney,0,6,1966,2
amon,Chris Amon,0,7,1966,0
hill,Graham Hill,0,7,1966,17
hulme,Denny Hulme,4,7,1966,14
stewart,Jackie Stewart,0,7,1966,14
surtees,John Surtees,0,7,1966,15
siffert,Jo Siffert,0,7,1966,0
bonnier,Jo Bonnier,0,7,1966,0
jack_brabham,Jack Brabham,0,7,1966,39
rindt,Jochen Rindt,3,7,1966,18
gurney,Dan Gurney,0,7,1966,2
clark,Jim Clark,0,7,1966,7
spence,Mike Spence,2,7,1966,4
scarfiotti,Ludovico Scarfiotti,9,7,1966,9
anderson,Bob Anderson,1,7,1966,1
bandini,Lorenzo Bandini,0,7,1966,12
ginther,Richie Ginther,0,7,1966,2
parkes,Mike Parkes,6,7,1966,12
baghetti,Giancarlo Baghetti,0,7,1966,0
bondurant,Bob Bondurant,0,7,1966,3
arundell,Peter Arundell,0,7,1966,0
geki,Giacomo Russo,0,7,1966,0
phil_hill,Phil Hill,0,7,1966,0
clark,Jim Clark,9,8,1966,16
spence,Mike Spence,0,8,1966,4
bandini,Lorenzo Bandini,0,8,1966,12
ginther,Richie Ginther,0,8,1966,2
bondurant,Bob Bondurant,0,8,1966,3
arundell,Peter Arundell,1,8,1966,1
ireland,Innes Ireland,0,8,1966,0
bucknum,Ronnie Bucknum,0,8,1966,0
hill,Graham Hill,0,8,1966,17
hulme,Denny Hulme,0,8,1966,14
stewart,Jackie Stewart,0,8,1966,14
surtees,John Surtees,4,8,1966,19
rodriguez,Pedro Rodríguez,0,8,1966,0
siffert,Jo Siffert,3,8,1966,3
bonnier,Jo Bonnier,0,8,1966,0
jack_brabham,Jack Brabham,0,8,1966,39
rindt,Jochen Rindt,6,8,1966,24
mclaren,Bruce McLaren,2,8,1966,3
gurney,Dan Gurney,0,8,1966,2
hill,Graham Hill,0,9,1966,17
hulme,Denny Hulme,4,9,1966,18
stewart,Jackie Stewart,0,9,1966,14
surtees,John Surtees,9,9,1966,28
rodriguez,Pedro Rodríguez,0,9,1966,0
siffert,Jo Siffert,0,9,1966,3
bonnier,Jo Bonnier,1,9,1966,1
jack_brabham,Jack Brabham,6,9,1966,45
rindt,Jochen Rindt,0,9,1966,24
mclaren,Bruce McLaren,0,9,1966,3
gurney,Dan Gurney,2,9,1966,4
clark,Jim Clark,0,9,1966,16
solana,Moisés Solana,0,9,1966,0
ginther,Richie Ginther,3,9,1966,5
bondurant,Bob Bondurant,0,9,1966,3
arundell,Peter Arundell,0,9,1966,1
ireland,Innes Ireland,0,9,1966,0
bucknum,Ronnie Bucknum,0,9,1966,0
tingle,Sam Tingle,0,1,1965,0
clark,Jim Clark,9,1,1965,9
spence,Mike Spence,3,1,1965,3
gardner,Frank Gardner,0,1,1965,0
anderson,Bob Anderson,0,1,1965,0
bandini,Lorenzo Bandini,0,1,1965,0
hawkins,Paul Hawkins,0,1,1965,0
prophet,David Prophet,0,1,1965,0
maggs,Tony Maggs,0,1,1965,0
blokdyk,Trevor Blokdyk,0,1,1965,0
lederle,Neville Lederle,0,1,1965,0
serrurier,Doug Serrurier,0,1,1965,0
niemann,Brausch Niemann,0,1,1965,0
pieterse,Ernie Pieterse,0,1,1965,0
puzey,Clive Puzey,0,1,1965,0
reed,Ray Reed,0,1,1965,0
clapham,David Clapham,0,1,1965,0
blignaut,Alex Blignaut,0,1,1965,0
hill,Graham Hill,4,1,1965,4
charlton,Dave Charlton,0,1,1965,0
stewart,Jackie Stewart,1,1,1965,1
pretorius,Jackie Pretorius,0,1,1965,0
love,John Love,0,1,1965,0
surtees,John Surtees,6,1,1965,6
siffert,Jo Siffert,0,1,1965,0
bonnier,Jo Bonnier,0,1,1965,0
jack_brabham,Jack Brabham,0,1,1965,0
rindt,Jochen Rindt,0,1,1965,0
mclaren,Bruce McLaren,2,1,1965,2
klerk,Peter de Klerk,0,1,1965,0
gurney,Dan Gurney,0,1,1965,0
hill,Graham Hill,9,2,1965,13
hulme,Denny Hulme,0,2,1965,0
hailwood,Mike Hailwood,0,2,1965,0
stewart,Jackie Stewart,4,2,1965,5
surtees,John Surtees,3,2,1965,9
siffert,Jo Siffert,1,2,1965,1
bonnier,Jo Bonnier,0,2,1965,0
jack_brabham,Jack Brabham,0,2,1965,0
rindt,Jochen Rindt,0,2,1965,0
mclaren,Bruce McLaren,2,2,1965,4
attwood,Richard Attwood,0,2,1965,0
gardner,Frank Gardner,0,2,1965,0
anderson,Bob Anderson,0,2,1965,0
bandini,Lorenzo Bandini,6,2,1965,6
ginther,Richie Ginther,0,2,1965,0
bucknum,Ronnie Bucknum,0,2,1965,0
hawkins,Paul Hawkins,0,2,1965,0
attwood,Richard Attwood,0,3,1965,0
clark,Jim Clark,9,3,1965,18
spence,Mike Spence,0,3,1965,3
bianchi,Lucien Bianchi,0,3,1965,0
gardner,Frank Gardner,0,3,1965,0
bandini,Lorenzo Bandini,0,3,1965,6
ginther,Richie Ginther,1,3,1965,1
ireland,Innes Ireland,0,3,1965,0
bucknum,Ronnie Bucknum,0,3,1965,0
gregory,Masten Gregory,0,3,1965,0
hill,Graham Hill,2,3,1965,15
stewart,Jackie Stewart,6,3,1965,11
surtees,John Surtees,0,3,1965,9
siffert,Jo Siffert,0,3,1965,1
bonnier,Jo Bonnier,0,3,1965,0
jack_brabham,Jack Brabham,3,3,1965,3
rindt,Jochen Rindt,0,3,1965,0
mclaren,Bruce McLaren,4,3,1965,8
gurney,Dan Gurney,0,3,1965,0
amon,Chris Amon,0,4,1965,0
hill,Graham Hill,2,4,1965,17
hulme,Denny Hulme,3,4,1965,3
stewart,Jackie Stewart,6,4,1965,17
surtees,John Surtees,4,4,1965,13
siffert,Jo Siffert,1,4,1965,2
bonnier,Jo Bonnier,0,4,1965,0
rindt,Jochen Rindt,0,4,1965,0
mclaren,Bruce McLaren,0,4,1965,8
gurney,Dan Gurney,0,4,1965,0
clark,Jim Clark,9,4,1965,27
spence,Mike Spence,0,4,1965,3
anderson,Bob Anderson,0,4,1965,0
bandini,Lorenzo Bandini,0,4,1965,6
ginther,Richie Ginther,0,4,1965,1
ireland,Innes Ireland,0,4,1965,0
bucknum,Ronnie Bucknum,0,4,1965,0
attwood,Richard Attwood,0,5,1965,0
clark,Jim Clark,9,5,1965,36
spence,Mike Spence,3,5,1965,6
gardner,Frank Gardner,0,5,1965,0
anderson,Bob Anderson,0,5,1965,0
bandini,Lorenzo Bandini,0,5,1965,6
ginther,Richie Ginther,0,5,1965,1
ireland,Innes Ireland,0,5,1965,0
gregory,Masten Gregory,0,5,1965,0
rhodes,John Rhodes,0,5,1965,0
raby,Ian Raby,0,5,1965,0
rollinson,Alan Rollinson,0,5,1965,0
gubby,Brian Gubby,0,5,1965,0
hill,Graham Hill,6,5,1965,23
hulme,Denny Hulme,0,5,1965,3
stewart,Jackie Stewart,2,5,1965,19
surtees,John Surtees,4,5,1965,17
siffert,Jo Siffert,0,5,1965,2
bonnier,Jo Bonnier,0,5,1965,0
jack_brabham,Jack Brabham,0,5,1965,3
rindt,Jochen Rindt,0,5,1965,0
mclaren,Bruce McLaren,0,5,1965,8
gurney,Dan Gurney,1,5,1965,1
hill,Graham Hill,3,6,1965,26
hulme,Denny Hulme,2,6,1965,5
stewart,Jackie Stewart,6,6,1965,25
surtees,John Surtees,0,6,1965,17
siffert,Jo Siffert,0,6,1965,2
bonnier,Jo Bonnier,0,6,1965,0
rindt,Jochen Rindt,0,6,1965,0
mclaren,Bruce McLaren,0,6,1965,8
gurney,Dan Gurney,4,6,1965,5
attwood,Richard Attwood,0,6,1965,0
clark,Jim Clark,9,6,1965,45
spence,Mike Spence,0,6,1965,6
gardner,Frank Gardner,0,6,1965,0
anderson,Bob Anderson,0,6,1965,0
bandini,Lorenzo Bandini,0,6,1965,6
ginther,Richie Ginther,1,6,1965,2
ireland,Innes Ireland,0,6,1965,0
attwood,Richard Attwood,0,7,1965,0
clark,Jim Clark,9,7,1965,54
spence,Mike Spence,0,7,1965,6
gardner,Frank Gardner,0,7,1965,0
bandini,Lorenzo Bandini,1,7,1965,7
hawkins,Paul Hawkins,0,7,1965,0
gregory,Masten Gregory,0,7,1965,0
raby,Ian Raby,0,7,1965,0
mitter,Gerhard Mitter,0,7,1965,0
bussinello,Roberto Bussinello,0,7,1965,0
amon,Chris Amon,0,7,1965,0
hill,Graham Hill,6,7,1965,32
hulme,Denny Hulme,0,7,1965,5
stewart,Jackie Stewart,0,7,1965,25
surtees,John Surtees,0,7,1965,17
siffert,Jo Siffert,0,7,1965,2
bonnier,Jo Bonnier,0,7,1965,0
jack_brabham,Jack Brabham,2,7,1965,5
rindt,Jochen Rindt,3,7,1965,3
mclaren,Bruce McLaren,0,7,1965,8
gurney,Dan Gurney,4,7,1965,9
hill,Graham Hill,6,8,1965,38
hulme,Denny Hulme,0,8,1965,5
stewart,Jackie Stewart,9,8,1965,34
surtees,John Surtees,0,8,1965,17
siffert,Jo Siffert,0,8,1965,2
bonnier,Jo Bonnier,0,8,1965,0
rindt,Jochen Rindt,0,8,1965,3
mclaren,Bruce McLaren,2,8,1965,10
gurney,Dan Gurney,4,8,1965,13
attwood,Richard Attwood,1,8,1965,1
clark,Jim Clark,0,8,1965,54
spence,Mike Spence,0,8,1965,6
gardner,Frank Gardner,0,8,1965,0
bandini,Lorenzo Bandini,3,8,1965,10
ginther,Richie Ginther,0,8,1965,2
baghetti,Giancarlo Baghetti,0,8,1965,0
geki,Giacomo Russo,0,8,1965,0
ireland,Innes Ireland,0,8,1965,0
bucknum,Ronnie Bucknum,0,8,1965,0
gregory,Masten Gregory,0,8,1965,0
bussinello,Roberto Bussinello,0,8,1965,0
vaccarella,Nino Vaccarella,0,8,1965,0
bassi,Giorgio Bassi,0,8,1965,0
attwood,Richard Attwood,0,9,1965,1
clark,Jim Clark,0,9,1965,54
spence,Mike Spence,0,9,1965,6
solana,Moisés Solana,0,9,1965,0
bandini,Lorenzo Bandini,3,9,1965,13
ginther,Richie Ginther,0,9,1965,2
bondurant,Bob Bondurant,0,9,1965,0
ireland,Innes Ireland,0,9,1965,0
bucknum,Ronnie Bucknum,0,9,1965,0
hill,Graham Hill,9,9,1965,47
stewart,Jackie Stewart,0,9,1965,34
rodriguez,Pedro Rodríguez,2,9,1965,2
siffert,Jo Siffert,0,9,1965,2
bonnier,Jo Bonnier,0,9,1965,0
jack_brabham,Jack Brabham,4,9,1965,9
rindt,Jochen Rindt,1,9,1965,4
mclaren,Bruce McLaren,0,9,1965,10
gurney,Dan Gurney,6,9,1965,19
hill,Graham Hill,0,10,1965,47
stewart,Jackie Stewart,0,10,1965,34
rodriguez,Pedro Rodríguez,0,10,1965,2
siffert,Jo Siffert,3,10,1965,5
bonnier,Jo Bonnier,0,10,1965,0
jack_brabham,Jack Brabham,0,10,1965,9
rindt,Jochen Rindt,0,10,1965,4
mclaren,Bruce McLaren,0,10,1965,10
gurney,Dan Gurney,6,10,1965,25
attwood,Richard Attwood,1,10,1965,2
clark,Jim Clark,0,10,1965,54
spence,Mike Spence,4,10,1965,10
scarfiotti,Ludovico Scarfiotti,0,10,1965,0
solana,Moisés Solana,0,10,1965,0
bandini,Lorenzo Bandini,0,10,1965,13
ginther,Richie Ginther,9,10,1965,11
bondurant,Bob Bondurant,0,10,1965,0
ireland,Innes Ireland,0,10,1965,0
bucknum,Ronnie Bucknum,2,10,1965,2
clark,Jim Clark,3,1,1964,3
anderson,Bob Anderson,0,1,1964,0
bandini,Lorenzo Bandini,0,1,1964,0
ginther,Richie Ginther,6,1,1964,6
baghetti,Giancarlo Baghetti,0,1,1964,0
arundell,Peter Arundell,4,1,1964,4
trevor_taylor,Trevor Taylor,0,1,1964,0
phil_hill,Phil Hill,0,1,1964,0
ireland,Innes Ireland,0,1,1964,0
maggs,Tony Maggs,0,1,1964,0
trintignant,Maurice Trintignant,0,1,1964,0
collomb,Bernard Collomb,0,1,1964,0
andre_pilette,André Pilette,0,1,1964,0
amon,Chris Amon,0,1,1964,0
hill,Graham Hill,9,1,1964,9
hailwood,Mike Hailwood,1,1,1964,1
revson,Peter Revson,0,1,1964,0
surtees,John Surtees,0,1,1964,0
siffert,Jo Siffert,0,1,1964,0
bonnier,Jo Bonnier,2,1,1964,2
jack_brabham,Jack Brabham,0,1,1964,0
mclaren,Bruce McLaren,0,1,1964,0
gurney,Dan Gurney,0,1,1964,0
amon,Chris Amon,2,2,1964,2
hill,Graham Hill,3,2,1964,12
hailwood,Mike Hailwood,0,2,1964,1
surtees,John Surtees,6,2,1964,6
siffert,Jo Siffert,0,2,1964,0
bonnier,Jo Bonnier,0,2,1964,2
jack_brabham,Jack Brabham,0,2,1964,0
mclaren,Bruce McLaren,0,2,1964,0
gurney,Dan Gurney,0,2,1964,0
clark,Jim Clark,9,2,1964,12
anderson,Bob Anderson,1,2,1964,1
bandini,Lorenzo Bandini,0,2,1964,0
ginther,Richie Ginther,0,2,1964,6
baghetti,Giancarlo Baghetti,0,2,1964,0
arundell,Peter Arundell,4,2,1964,8
phil_hill,Phil Hill,0,2,1964,0
maggs,Tony Maggs,0,2,1964,0
beaufort,Carel Godin de Beaufort,0,2,1964,0
clark,Jim Clark,9,3,1964,21
bandini,Lorenzo Bandini,0,3,1964,0
ginther,Richie Ginther,3,3,1964,9
baghetti,Giancarlo Baghetti,0,3,1964,0
arundell,Peter Arundell,0,3,1964,8
trevor_taylor,Trevor Taylor,0,3,1964,0
phil_hill,Phil Hill,0,3,1964,0
ireland,Innes Ireland,0,3,1964,0
andre_pilette,André Pilette,0,3,1964,0
amon,Chris Amon,0,3,1964,2
hill,Graham Hill,2,3,1964,14
revson,Peter Revson,0,3,1964,0
surtees,John Surtees,0,3,1964,6
siffert,Jo Siffert,0,3,1964,0
bonnier,Jo Bonnier,0,3,1964,2
jack_brabham,Jack Brabham,4,3,1964,4
mclaren,Bruce McLaren,6,3,1964,6
gurney,Dan Gurney,1,3,1964,1
amon,Chris Amon,0,4,1964,2
hill,Graham Hill,6,4,1964,20
hailwood,Mike Hailwood,0,4,1964,1
surtees,John Surtees,0,4,1964,6
siffert,Jo Siffert,0,4,1964,0
jack_brabham,Jack Brabham,4,4,1964,8
mclaren,Bruce McLaren,1,4,1964,7
gurney,Dan Gurney,9,4,1964,10
clark,Jim Clark,0,4,1964,21
anderson,Bob Anderson,0,4,1964,1
bandini,Lorenzo Bandini,0,4,1964,0
ginther,Richie Ginther,2,4,1964,11
arundell,Peter Arundell,3,4,1964,11
trevor_taylor,Trevor Taylor,0,4,1964,0
phil_hill,Phil Hill,0,4,1964,0
ireland,Innes Ireland,0,4,1964,0
trintignant,Maurice Trintignant,0,4,1964,0
attwood,Richard Attwood,0,5,1964,0
clark,Jim Clark,9,5,1964,30
spence,Mike Spence,0,5,1964,0
gardner,Frank Gardner,0,5,1964,0
anderson,Bob Anderson,0,5,1964,1
bandini,Lorenzo Bandini,2,5,1964,2
ginther,Richie Ginther,0,5,1964,11
baghetti,Giancarlo Baghetti,0,5,1964,0
taylor,John Taylor,0,5,1964,0
trevor_taylor,Trevor Taylor,0,5,1964,0
phil_hill,Phil Hill,1,5,1964,1
ireland,Innes Ireland,0,5,1964,0
maggs,Tony Maggs,0,5,1964,0
raby,Ian Raby,0,5,1964,0
trintignant,Maurice Trintignant,0,5,1964,0
amon,Chris Amon,0,5,1964,2
hill,Graham Hill,6,5,1964,26
hailwood,Mike Hailwood,0,5,1964,1
revson,Peter Revson,0,5,1964,0
surtees,John Surtees,4,5,1964,10
siffert,Jo Siffert,0,5,1964,0
bonnier,Jo Bonnier,0,5,1964,2
jack_brabham,Jack Brabham,3,5,1964,11
mclaren,Bruce McLaren,0,5,1964,7
gurney,Dan Gurney,0,5,1964,10
amon,Chris Amon,0,6,1964,2
hill,Graham Hill,6,6,1964,32
hailwood,Mike Hailwood,0,6,1964,1
revson,Peter Revson,0,6,1964,0
surtees,John Surtees,9,6,1964,19
siffert,Jo Siffert,3,6,1964,3
bonnier,Jo Bonnier,0,6,1964,2
jack_brabham,Jack Brabham,0,6,1964,11
mclaren,Bruce McLaren,0,6,1964,7
gurney,Dan Gurney,0,6,1964,10
clark,Jim Clark,0,6,1964,30
spence,Mike Spence,0,6,1964,0
anderson,Bob Anderson,0,6,1964,1
bandini,Lorenzo Bandini,4,6,1964,6
ginther,Richie Ginther,0,6,1964,11
baghetti,Giancarlo Baghetti,0,6,1964,0
phil_hill,Phil Hill,0,6,1964,1
bucknum,Ronnie Bucknum,0,6,1964,0
maggs,Tony Maggs,1,6,1964,1
mitter,Gerhard Mitter,0,6,1964,0
trintignant,Maurice Trintignant,2,6,1964,2
andre_pilette,André Pilette,0,6,1964,0
barth,Edgar Barth,0,6,1964,0
clark,Jim Clark,0,7,1964,30
spence,Mike Spence,0,7,1964,0
anderson,Bob Anderson,4,7,1964,5
bandini,Lorenzo Bandini,9,7,1964,15
ginther,Richie Ginther,6,7,1964,17
baghetti,Giancarlo Baghetti,0,7,1964,0
trevor_taylor,Trevor Taylor,0,7,1964,0
phil_hill,Phil Hill,0,7,1964,1
ireland,Innes Ireland,2,7,1964,2
maggs,Tony Maggs,3,7,1964,4
amon,Chris Amon,0,7,1964,2
hill,Graham Hill,0,7,1964,32
hailwood,Mike Hailwood,0,7,1964,1
surtees,John Surtees,0,7,1964,19
siffert,Jo Siffert,0,7,1964,3
bonnier,Jo Bonnier,1,7,1964,3
jack_brabham,Jack Brabham,0,7,1964,11
rindt,Jochen Rindt,0,7,1964,0
mclaren,Bruce McLaren,0,7,1964,7
gurney,Dan Gurney,0,7,1964,10
hill,Graham Hill,0,8,1964,32
hailwood,Mike Hailwood,0,8,1964,1
revson,Peter Revson,0,8,1964,0
love,John Love,0,8,1964,0
surtees,John Surtees,9,8,1964,28
siffert,Jo Siffert,0,8,1964,3
bonnier,Jo Bonnier,0,8,1964,3
jack_brabham,Jack Brabham,0,8,1964,11
mclaren,Bruce McLaren,6,8,1964,13
gurney,Dan Gurney,0,8,1964,10
clark,Jim Clark,0,8,1964,30
spence,Mike Spence,1,8,1964,1
scarfiotti,Ludovico Scarfiotti,0,8,1964,0
anderson,Bob Anderson,0,8,1964,5
bandini,Lorenzo Bandini,4,8,1964,19
ginther,Richie Ginther,3,8,1964,20
baghetti,Giancarlo Baghetti,0,8,1964,0
trevor_taylor,Trevor Taylor,0,8,1964,0
geki,Giacomo Russo,0,8,1964,0
ireland,Innes Ireland,2,8,1964,4
bucknum,Ronnie Bucknum,0,8,1964,0
raby,Ian Raby,0,8,1964,0
trintignant,Maurice Trintignant,0,8,1964,2
cabral,Mário de Araújo Cabral,0,8,1964,0
clark,Jim Clark,0,9,1964,30
clark,Jim Clark,0,9,1964,30
spence,Mike Spence,0,9,1964,1
bandini,Lorenzo Bandini,0,9,1964,19
ginther,Richie Ginther,3,9,1964,23
trevor_taylor,Trevor Taylor,1,9,1964,1
phil_hill,Phil Hill,0,9,1964,1
ireland,Innes Ireland,0,9,1964,4
bucknum,Ronnie Bucknum,0,9,1964,0
hansgen,Walt Hansgen,2,9,1964,2
sharp,Hap Sharp,0,9,1964,0
amon,Chris Amon,0,9,1964,2
hill,Graham Hill,9,9,1964,41
hailwood,Mike Hailwood,0,9,1964,1
surtees,John Surtees,6,9,1964,34
siffert,Jo Siffert,4,9,1964,7
bonnier,Jo Bonnier,0,9,1964,3
jack_brabham,Jack Brabham,0,9,1964,11
mclaren,Bruce McLaren,0,9,1964,13
gurney,Dan Gurney,0,9,1964,10
amon,Chris Amon,0,10,1964,2
hill,Graham Hill,0,10,1964,41
hailwood,Mike Hailwood,0,10,1964,1
surtees,John Surtees,6,10,1964,40
rodriguez,Pedro Rodríguez,1,10,1964,1
siffert,Jo Siffert,0,10,1964,7
bonnier,Jo Bonnier,0,10,1964,3
jack_brabham,Jack Brabham,0,10,1964,11
mclaren,Bruce McLaren,0,10,1964,13
gurney,Dan Gurney,9,10,1964,19
clark,Jim Clark,2,10,1964,32
spence,Mike Spence,3,10,1964,4
solana,Moisés Solana,0,10,1964,0
bandini,Lorenzo Bandini,4,10,1964,23
ginther,Richie Ginther,0,10,1964,23
trevor_taylor,Trevor Taylor,0,10,1964,1
phil_hill,Phil Hill,0,10,1964,1
ireland,Innes Ireland,0,10,1964,4
sharp,Hap Sharp,0,10,1964,0
clark,Jim Clark,0,1,1963,0
bandini,Lorenzo Bandini,0,1,1963,0
ginther,Richie Ginther,6,1,1963,6
baghetti,Giancarlo Baghetti,0,1,1963,0
trevor_taylor,Trevor Taylor,1,1,1963,1
phil_hill,Phil Hill,0,1,1963,0
ireland,Innes Ireland,0,1,1963,0
maggs,Tony Maggs,2,1,1963,2
trintignant,Maurice Trintignant,0,1,1963,0
collomb,Bernard Collomb,0,1,1963,0
beaufort,Carel Godin de Beaufort,0,1,1963,0
mairesse,Willy Mairesse,0,1,1963,0
campbell-jones,John Campbell-Jones,0,1,1963,0
burgess,Ian Burgess,0,1,1963,0
settember,Tony Settember,0,1,1963,0
estefano,Nasif Estéfano,0,1,1963,0
hall,Jim Hall,0,1,1963,0
amon,Chris Amon,0,1,1963,0
hill,Graham Hill,9,1,1963,9
surtees,John Surtees,3,1,1963,3
siffert,Jo Siffert,0,1,1963,0
bonnier,Jo Bonnier,0,1,1963,0
jack_brabham,Jack Brabham,0,1,1963,0
mclaren,Bruce McLaren,4,1,1963,4
gurney,Dan Gurney,0,1,1963,0
amon,Chris Amon,0,2,1963,0
hill,Graham Hill,0,2,1963,9
surtees,John Surtees,0,2,1963,3
siffert,Jo Siffert,0,2,1963,0
bonnier,Jo Bonnier,2,2,1963,2
jack_brabham,Jack Brabham,0,2,1963,0
mclaren,Bruce McLaren,6,2,1963,10
gurney,Dan Gurney,4,2,1963,4
clark,Jim Clark,9,2,1963,9
scarfiotti,Ludovico Scarfiotti,0,2,1963,0
bianchi,Lucien Bianchi,0,2,1963,0
bandini,Lorenzo Bandini,0,2,1963,0
ginther,Richie Ginther,3,2,1963,9
baghetti,Giancarlo Baghetti,0,2,1963,0
arundell,Peter Arundell,0,2,1963,0
trevor_taylor,Trevor Taylor,0,2,1963,1
phil_hill,Phil Hill,0,2,1963,0
ireland,Innes Ireland,0,2,1963,0
maggs,Tony Maggs,0,2,1963,2
beaufort,Carel Godin de Beaufort,1,2,1963,1
mairesse,Willy Mairesse,0,2,1963,0
burgess,Ian Burgess,0,2,1963,0
settember,Tony Settember,0,2,1963,0
hall,Jim Hall,0,2,1963,0
clark,Jim Clark,9,3,1963,18
scarfiotti,Ludovico Scarfiotti,1,3,1963,1
ginther,Richie Ginther,2,3,1963,11
baghetti,Giancarlo Baghetti,0,3,1963,0
trevor_taylor,Trevor Taylor,0,3,1963,1
phil_hill,Phil Hill,0,3,1963,0
ireland,Innes Ireland,3,3,1963,3
maggs,Tony Maggs,0,3,1963,2
mitter,Gerhard Mitter,0,3,1963,0
beaufort,Carel Godin de Beaufort,0,3,1963,1
burgess,Ian Burgess,0,3,1963,0
settember,Tony Settember,0,3,1963,0
hall,Jim Hall,0,3,1963,0
amon,Chris Amon,0,3,1963,0
hill,Graham Hill,0,3,1963,9
surtees,John Surtees,4,3,1963,7
siffert,Jo Siffert,0,3,1963,0
bonnier,Jo Bonnier,0,3,1963,2
jack_brabham,Jack Brabham,0,3,1963,0
mclaren,Bruce McLaren,0,3,1963,10
gurney,Dan Gurney,6,3,1963,10
amon,Chris Amon,0,4,1963,0
hill,Graham Hill,0,4,1963,9
surtees,John Surtees,0,4,1963,7
siffert,Jo Siffert,1,4,1963,1
bonnier,Jo Bonnier,0,4,1963,2
jack_brabham,Jack Brabham,3,4,1963,3
mclaren,Bruce McLaren,0,4,1963,10
gurney,Dan Gurney,2,4,1963,12
clark,Jim Clark,9,4,1963,27
scarfiotti,Ludovico Scarfiotti,0,4,1963,1
bandini,Lorenzo Bandini,0,4,1963,0
ginther,Richie Ginther,0,4,1963,11
baghetti,Giancarlo Baghetti,0,4,1963,0
arundell,Peter Arundell,0,4,1963,0
trevor_taylor,Trevor Taylor,0,4,1963,1
phil_hill,Phil Hill,0,4,1963,0
ireland,Innes Ireland,0,4,1963,3
maggs,Tony Maggs,6,4,1963,8
gregory,Masten Gregory,0,4,1963,0
trintignant,Maurice Trintignant,0,4,1963,0
burgess,Ian Burgess,0,4,1963,0
settember,Tony Settember,0,4,1963,0
estefano,Nasif Estéfano,0,4,1963,0
hall,Jim Hall,0,4,1963,0
clark,Jim Clark,9,5,1963,36
anderson,Bob Anderson,0,5,1963,0
bandini,Lorenzo Bandini,2,5,1963,2
ginther,Richie Ginther,3,5,1963,14
baghetti,Giancarlo Baghetti,0,5,1963,0
trevor_taylor,Trevor Taylor,0,5,1963,1
phil_hill,Phil Hill,0,5,1963,0
ireland,Innes Ireland,0,5,1963,3
maggs,Tony Maggs,0,5,1963,8
gregory,Masten Gregory,0,5,1963,0
raby,Ian Raby,0,5,1963,0
beaufort,Carel Godin de Beaufort,0,5,1963,1
campbell-jones,John Campbell-Jones,0,5,1963,0
burgess,Ian Burgess,0,5,1963,0
settember,Tony Settember,0,5,1963,0
estefano,Nasif Estéfano,0,5,1963,0
hall,Jim Hall,1,5,1963,1
amon,Chris Amon,0,5,1963,0
hill,Graham Hill,4,5,1963,13
hailwood,Mike Hailwood,0,5,1963,0
surtees,John Surtees,6,5,1963,13
siffert,Jo Siffert,0,5,1963,1
bonnier,Jo Bonnier,0,5,1963,2
jack_brabham,Jack Brabham,0,5,1963,3
mclaren,Bruce McLaren,0,5,1963,10
gurney,Dan Gurney,0,5,1963,12
amon,Chris Amon,0,6,1963,0
hill,Graham Hill,0,6,1963,13
surtees,John Surtees,9,6,1963,22
siffert,Jo Siffert,0,6,1963,1
bonnier,Jo Bonnier,1,6,1963,3
jack_brabham,Jack Brabham,0,6,1963,3
mclaren,Bruce McLaren,0,6,1963,10
gurney,Dan Gurney,0,6,1963,12
clark,Jim Clark,6,6,1963,42
bandini,Lorenzo Bandini,0,6,1963,2
ginther,Richie Ginther,4,6,1963,18
baghetti,Giancarlo Baghetti,0,6,1963,0
trevor_taylor,Trevor Taylor,0,6,1963,1
phil_hill,Phil Hill,0,6,1963,0
ireland,Innes Ireland,0,6,1963,3
maggs,Tony Maggs,0,6,1963,8
gregory,Masten Gregory,0,6,1963,0
raby,Ian Raby,0,6,1963,0
mitter,Gerhard Mitter,3,6,1963,3
collomb,Bernard Collomb,0,6,1963,0
andre_pilette,André Pilette,0,6,1963,0
beaufort,Carel Godin de Beaufort,0,6,1963,1
cabral,Mário de Araújo Cabral,0,6,1963,0
mairesse,Willy Mairesse,0,6,1963,0
burgess,Ian Burgess,0,6,1963,0
settember,Tony Settember,0,6,1963,0
hall,Jim Hall,2,6,1963,3
parnell,Tim Parnell,0,6,1963,0
kuhnke,Kurt Kuhnke,0,6,1963,0
clark,Jim Clark,9,7,1963,51
spence,Mike Spence,0,7,1963,0
anderson,Bob Anderson,0,7,1963,0
bandini,Lorenzo Bandini,0,7,1963,2
ginther,Richie Ginther,6,7,1963,24
baghetti,Giancarlo Baghetti,0,7,1963,0
phil_hill,Phil Hill,0,7,1963,0
ireland,Innes Ireland,3,7,1963,6
maggs,Tony Maggs,1,7,1963,9
gregory,Masten Gregory,0,7,1963,0
raby,Ian Raby,0,7,1963,0
mitter,Gerhard Mitter,0,7,1963,3
trintignant,Maurice Trintignant,0,7,1963,0
andre_pilette,André Pilette,0,7,1963,0
beaufort,Carel Godin de Beaufort,0,7,1963,1
cabral,Mário de Araújo Cabral,0,7,1963,0
burgess,Ian Burgess,0,7,1963,0
settember,Tony Settember,0,7,1963,0
hall,Jim Hall,0,7,1963,3
ernesto_brambilla,Ernesto Brambilla,0,7,1963,0
lippi,Roberto Lippi,0,7,1963,0
seiffert,Günther Seiffert,0,7,1963,0
abate,Carlo Abate,0,7,1963,0
starrabba,Gaetano Starrabba,0,7,1963,0
amon,Chris Amon,0,7,1963,0
hill,Graham Hill,0,7,1963,13
hailwood,Mike Hailwood,0,7,1963,0
surtees,John Surtees,0,7,1963,22
siffert,Jo Siffert,0,7,1963,1
bonnier,Jo Bonnier,0,7,1963,3
jack_brabham,Jack Brabham,2,7,1963,5
mclaren,Bruce McLaren,4,7,1963,14
gurney,Dan Gurney,0,7,1963,12
hill,Graham Hill,9,8,1963,22
surtees,John Surtees,0,8,1963,22
rodriguez,Pedro Rodríguez,0,8,1963,0
siffert,Jo Siffert,0,8,1963,1
bonnier,Jo Bonnier,0,8,1963,3
jack_brabham,Jack Brabham,3,8,1963,8
mclaren,Bruce McLaren,0,8,1963,14
gurney,Dan Gurney,0,8,1963,12
clark,Jim Clark,4,8,1963,55
bandini,Lorenzo Bandini,2,8,1963,4
ginther,Richie Ginther,6,8,1963,30
baghetti,Giancarlo Baghetti,0,8,1963,0
trevor_taylor,Trevor Taylor,0,8,1963,1
phil_hill,Phil Hill,0,8,1963,0
ireland,Innes Ireland,0,8,1963,6
maggs,Tony Maggs,0,8,1963,9
gregory,Masten Gregory,0,8,1963,0
beaufort,Carel Godin de Beaufort,1,8,1963,2
hansgen,Walt Hansgen,0,8,1963,0
sharp,Hap Sharp,0,8,1963,0
hall,Jim Hall,0,8,1963,3
broeker,Peter Broeker,0,8,1963,0
ward,Rodger Ward,0,8,1963,0
vos,Ernie de Vos,0,8,1963,0
clark,Jim Clark,9,9,1963,64
solana,Moisés Solana,0,9,1963,0
bandini,Lorenzo Bandini,0,9,1963,4
ginther,Richie Ginther,4,9,1963,34
baghetti,Giancarlo Baghetti,0,9,1963,0
trevor_taylor,Trevor Taylor,0,9,1963,1
phil_hill,Phil Hill,0,9,1963,0
ireland,Innes Ireland,0,9,1963,6
maggs,Tony Maggs,0,9,1963,9
gregory,Masten Gregory,0,9,1963,0
beaufort,Carel Godin de Beaufort,0,9,1963,2
hansgen,Walt Hansgen,0,9,1963,0
sharp,Hap Sharp,0,9,1963,0
hall,Jim Hall,0,9,1963,3
dochnal,Frank Dochnal,0,9,1963,0
monarch,Thomas Monarch,0,9,1963,0
amon,Chris Amon,0,9,1963,0
hill,Graham Hill,3,9,1963,25
surtees,John Surtees,0,9,1963,22
rodriguez,Pedro Rodríguez,0,9,1963,0
siffert,Jo Siffert,0,9,1963,1
bonnier,Jo Bonnier,2,9,1963,5
jack_brabham,Jack Brabham,6,9,1963,14
mclaren,Bruce McLaren,0,9,1963,14
gurney,Dan Gurney,1,9,1963,13
hill,Graham Hill,4,10,1963,29
hailwood,Mike Hailwood,0,10,1963,0
driver,Paddy Driver,0,10,1963,0
love,John Love,0,10,1963,0
surtees,John Surtees,0,10,1963,22
bonnier,Jo Bonnier,1,10,1963,6
jack_brabham,Jack Brabham,0,10,1963,14
mclaren,Bruce McLaren,3,10,1963,17
klerk,Peter de Klerk,0,10,1963,0
gurney,Dan Gurney,6,10,1963,19
tingle,Sam Tingle,0,10,1963,0
clark,Jim Clark,9,10,1963,73
bandini,Lorenzo Bandini,2,10,1963,6
ginther,Richie Ginther,0,10,1963,34
trevor_taylor,Trevor Taylor,0,10,1963,1
prophet,David Prophet,0,10,1963,0
maggs,Tony Maggs,0,10,1963,9
blokdyk,Trevor Blokdyk,0,10,1963,0
lederle,Neville Lederle,0,10,1963,0
serrurier,Doug Serrurier,0,10,1963,0
niemann,Brausch Niemann,0,10,1963,0
pieterse,Ernie Pieterse,0,10,1963,0
beaufort,Carel Godin de Beaufort,0,10,1963,2
clark,Jim Clark,0,1,1962,0
ginther,Richie Ginther,0,1,1962,0
baghetti,Giancarlo Baghetti,3,1,1962,3
trevor_taylor,Trevor Taylor,6,1,1962,6
phil_hill,Phil Hill,4,1,1962,4
ireland,Innes Ireland,0,1,1962,0
maggs,Tony Maggs,2,1,1962,2
gregory,Masten Gregory,0,1,1962,0
trintignant,Maurice Trintignant,0,1,1962,0
beaufort,Carel Godin de Beaufort,1,1,1962,1
lewis,Jackie Lewis,0,1,1962,0
ricardo_rodriguez,Ricardo Rodríguez,0,1,1962,0
seidel,Wolfgang Seidel,0,1,1962,0
salvadori,Roy Salvadori,0,1,1962,0
pon,Ben Pon,0,1,1962,0
slotemaker,Rob Slotemaker,0,1,1962,0
hill,Graham Hill,9,1,1962,9
surtees,John Surtees,0,1,1962,0
bonnier,Jo Bonnier,0,1,1962,0
jack_brabham,Jack Brabham,0,1,1962,0
mclaren,Bruce McLaren,0,1,1962,0
gurney,Dan Gurney,0,1,1962,0
hill,Graham Hill,1,2,1962,10
surtees,John Surtees,3,2,1962,3
siffert,Jo Siffert,0,2,1962,0
bonnier,Jo Bonnier,2,2,1962,2
jack_brabham,Jack Brabham,0,2,1962,0
mclaren,Bruce McLaren,9,2,1962,9
gurney,Dan Gurney,0,2,1962,0
clark,Jim Clark,0,2,1962,0
bandini,Lorenzo Bandini,4,2,1962,4
ginther,Richie Ginther,0,2,1962,0
trevor_taylor,Trevor Taylor,0,2,1962,6
phil_hill,Phil Hill,6,2,1962,10
ireland,Innes Ireland,0,2,1962,0
maggs,Tony Maggs,0,2,1962,2
gregory,Masten Gregory,0,2,1962,0
bussinello,Roberto Bussinello,0,2,1962,0
vaccarella,Nino Vaccarella,0,2,1962,0
trintignant,Maurice Trintignant,0,2,1962,0
beaufort,Carel Godin de Beaufort,0,2,1962,1
mairesse,Willy Mairesse,0,2,1962,0
lewis,Jackie Lewis,0,2,1962,0
ricardo_rodriguez,Ricardo Rodríguez,0,2,1962,0
salvadori,Roy Salvadori,0,2,1962,0
marsh,Tony Marsh,0,2,1962,0
clark,Jim Clark,9,3,1962,9
bianchi,Lucien Bianchi,0,3,1962,0
ginther,Richie Ginther,0,3,1962,0
baghetti,Giancarlo Baghetti,0,3,1962,3
trevor_taylor,Trevor Taylor,0,3,1962,6
phil_hill,Phil Hill,4,3,1962,14
ireland,Innes Ireland,0,3,1962,0
maggs,Tony Maggs,0,3,1962,2
gregory,Masten Gregory,0,3,1962,0
trintignant,Maurice Trintignant,0,3,1962,0
beaufort,Carel Godin de Beaufort,0,3,1962,1
mairesse,Willy Mairesse,0,3,1962,0
campbell-jones,John Campbell-Jones,0,3,1962,0
lewis,Jackie Lewis,0,3,1962,0
ricardo_rodriguez,Ricardo Rodríguez,3,3,1962,3
salvadori,Roy Salvadori,0,3,1962,0
marsh,Tony Marsh,0,3,1962,0
ashmore,Gerry Ashmore,0,3,1962,0
schiller,Heinz Schiller,0,3,1962,0
hill,Graham Hill,6,3,1962,16
surtees,John Surtees,2,3,1962,5
siffert,Jo Siffert,0,3,1962,0
bonnier,Jo Bonnier,0,3,1962,2
jack_brabham,Jack Brabham,1,3,1962,1
mclaren,Bruce McLaren,0,3,1962,9
gurney,Dan Gurney,0,3,1962,0
hill,Graham Hill,0,4,1962,16
surtees,John Surtees,2,4,1962,7
siffert,Jo Siffert,0,4,1962,0
bonnier,Jo Bonnier,0,4,1962,2
jack_brabham,Jack Brabham,0,4,1962,1
mclaren,Bruce McLaren,3,4,1962,12
gurney,Dan Gurney,9,4,1962,9
clark,Jim Clark,0,4,1962,9
ginther,Richie Ginther,4,4,1962,4
arundell,Peter Arundell,0,4,1962,0
trevor_taylor,Trevor Taylor,0,4,1962,6
ireland,Innes Ireland,0,4,1962,0
maggs,Tony Maggs,6,4,1962,8
gregory,Masten Gregory,0,4,1962,0
trintignant,Maurice Trintignant,0,4,1962,0
beaufort,Carel Godin de Beaufort,1,4,1962,2
burgess,Ian Burgess,0,4,1962,0
abate,Carlo Abate,0,4,1962,0
lewis,Jackie Lewis,0,4,1962,0
salvadori,Roy Salvadori,0,4,1962,0
marsh,Tony Marsh,0,4,1962,0
davis,Colin Davis,0,4,1962,0
clark,Jim Clark,9,5,1962,18
ginther,Richie Ginther,0,5,1962,4
trevor_taylor,Trevor Taylor,0,5,1962,6
phil_hill,Phil Hill,0,5,1962,14
ireland,Innes Ireland,0,5,1962,0
maggs,Tony Maggs,1,5,1962,9
gregory,Masten Gregory,0,5,1962,0
trintignant,Maurice Trintignant,0,5,1962,0
beaufort,Carel Godin de Beaufort,0,5,1962,2
campbell-jones,John Campbell-Jones,0,5,1962,0
burgess,Ian Burgess,0,5,1962,0
settember,Tony Settember,0,5,1962,0
lewis,Jackie Lewis,0,5,1962,0
seidel,Wolfgang Seidel,0,5,1962,0
salvadori,Roy Salvadori,0,5,1962,0
chamberlain,Jay Chamberlain,0,5,1962,0
shelly,Tony Shelly,0,5,1962,0
greene,Keith Greene,0,5,1962,0
greene,Keith Greene,0,5,1962,0
hill,Graham Hill,3,5,1962,19
surtees,John Surtees,6,5,1962,13
siffert,Jo Siffert,0,5,1962,0
bonnier,Jo Bonnier,0,5,1962,2
jack_brabham,Jack Brabham,2,5,1962,3
mclaren,Bruce McLaren,4,5,1962,16
gurney,Dan Gurney,0,5,1962,9
hill,Graham Hill,9,6,1962,28
surtees,John Surtees,6,6,1962,19
siffert,Jo Siffert,0,6,1962,0
bonnier,Jo Bonnier,0,6,1962,2
jack_brabham,Jack Brabham,0,6,1962,3
mclaren,Bruce McLaren,2,6,1962,18
gurney,Dan Gurney,4,6,1962,13
clark,Jim Clark,3,6,1962,21
bianchi,Lucien Bianchi,0,6,1962,0
bandini,Lorenzo Bandini,0,6,1962,4
ginther,Richie Ginther,0,6,1962,4
baghetti,Giancarlo Baghetti,0,6,1962,3
trevor_taylor,Trevor Taylor,0,6,1962,6
phil_hill,Phil Hill,0,6,1962,14
maggs,Tony Maggs,0,6,1962,9
vaccarella,Nino Vaccarella,0,6,1962,0
trintignant,Maurice Trintignant,0,6,1962,0
collomb,Bernard Collomb,0,6,1962,0
beaufort,Carel Godin de Beaufort,0,6,1962,2
burgess,Ian Burgess,0,6,1962,0
seiffert,Günther Seiffert,0,6,1962,0
lewis,Jackie Lewis,0,6,1962,0
ricardo_rodriguez,Ricardo Rodríguez,1,6,1962,4
seidel,Wolfgang Seidel,0,6,1962,0
salvadori,Roy Salvadori,0,6,1962,0
marsh,Tony Marsh,0,6,1962,0
schiller,Heinz Schiller,0,6,1962,0
chamberlain,Jay Chamberlain,0,6,1962,0
shelly,Tony Shelly,0,6,1962,0
greene,Keith Greene,0,6,1962,0
walter,Heini Walter,0,6,1962,0
clark,Jim Clark,0,7,1962,21
bandini,Lorenzo Bandini,0,7,1962,4
ginther,Richie Ginther,6,7,1962,10
baghetti,Giancarlo Baghetti,2,7,1962,5
trevor_taylor,Trevor Taylor,0,7,1962,6
phil_hill,Phil Hill,0,7,1962,14
ireland,Innes Ireland,0,7,1962,0
maggs,Tony Maggs,0,7,1962,9
gregory,Masten Gregory,0,7,1962,0
vaccarella,Nino Vaccarella,0,7,1962,0
trintignant,Maurice Trintignant,0,7,1962,0
beaufort,Carel Godin de Beaufort,0,7,1962,2
mairesse,Willy Mairesse,3,7,1962,3
burgess,Ian Burgess,0,7,1962,0
settember,Tony Settember,0,7,1962,0
estefano,Nasif Estéfano,0,7,1962,0
kuhnke,Kurt Kuhnke,0,7,1962,0
lippi,Roberto Lippi,0,7,1962,0
ricardo_rodriguez,Ricardo Rodríguez,0,7,1962,4
salvadori,Roy Salvadori,0,7,1962,0
ashmore,Gerry Ashmore,0,7,1962,0
chamberlain,Jay Chamberlain,0,7,1962,0
shelly,Tony Shelly,0,7,1962,0
greene,Keith Greene,0,7,1962,0
prinoth,Ernesto Prinoth,0,7,1962,0
hill,Graham Hill,9,7,1962,37
surtees,John Surtees,0,7,1962,19
siffert,Jo Siffert,0,7,1962,0
bonnier,Jo Bonnier,1,7,1962,3
mclaren,Bruce McLaren,4,7,1962,22
gurney,Dan Gurney,0,7,1962,13
hill,Graham Hill,6,8,1962,43
surtees,John Surtees,0,8,1962,19
bonnier,Jo Bonnier,0,8,1962,3
jack_brabham,Jack Brabham,3,8,1962,6
mclaren,Bruce McLaren,4,8,1962,26
gurney,Dan Gurney,2,8,1962,15
clark,Jim Clark,9,8,1962,30
ginther,Richie Ginther,0,8,1962,10
trevor_taylor,Trevor Taylor,0,8,1962,6
ireland,Innes Ireland,0,8,1962,0
maggs,Tony Maggs,0,8,1962,9
gregory,Masten Gregory,1,8,1962,1
trintignant,Maurice Trintignant,0,8,1962,0
beaufort,Carel Godin de Beaufort,0,8,1962,2
sharp,Hap Sharp,0,8,1962,0
hall,Jim Hall,0,8,1962,0
salvadori,Roy Salvadori,0,8,1962,0
penske,Roger Penske,0,8,1962,0
schroeder,Rob Schroeder,0,8,1962,0
mayer,Timmy Mayer,0,8,1962,0
tingle,Sam Tingle,0,9,1962,0
clark,Jim Clark,0,9,1962,30
ginther,Richie Ginther,0,9,1962,10
trevor_taylor,Trevor Taylor,0,9,1962,6
ireland,Innes Ireland,2,9,1962,2
maggs,Tony Maggs,4,9,1962,13
lederle,Neville Lederle,1,9,1962,1
serrurier,Doug Serrurier,0,9,1962,0
pieterse,Ernie Pieterse,0,9,1962,0
beaufort,Carel Godin de Beaufort,0,9,1962,2
settember,Tony Settember,0,9,1962,0
salvadori,Roy Salvadori,0,9,1962,0
johnstone,Bruce Johnstone,0,9,1962,0
harris,Mike Harris,0,9,1962,0
hocking,Gary Hocking,0,9,1962,0
vyver,Syd van der Vyver,0,9,1962,0
hill,Graham Hill,9,9,1962,52
love,John Love,0,9,1962,0
surtees,John Surtees,0,9,1962,19
jack_brabham,Jack Brabham,3,9,1962,9
mclaren,Bruce McLaren,6,9,1962,32
hill,Graham Hill,0,1,1961,0
surtees,John Surtees,0,1,1961,0
bonnier,Jo Bonnier,0,1,1961,0
jack_brabham,Jack Brabham,0,1,1961,0
mclaren,Bruce McLaren,1,1,1961,1
gurney,Dan Gurney,2,1,1961,2
clark,Jim Clark,0,1,1961,0
bianchi,Lucien Bianchi,0,1,1961,0
ginther,Richie Ginther,6,1,1961,6
phil_hill,Phil Hill,4,1,1961,4
ireland,Innes Ireland,0,1,1961,0
gregory,Masten Gregory,0,1,1961,0
trintignant,Maurice Trintignant,0,1,1961,0
moss,Stirling Moss,9,1,1961,9
trips,Wolfgang von Trips,3,1,1961,3
allison,Cliff Allison,0,1,1961,0
herrmann,Hans Herrmann,0,1,1961,0
brooks,Tony Brooks,0,1,1961,0
may,Michael May,0,1,1961,0
henry_taylor,Henry Taylor,0,1,1961,0
gendebien,Olivier Gendebien,0,1,1961,0
clark,Jim Clark,4,2,1961,4
ginther,Richie Ginther,2,2,1961,8
trevor_taylor,Trevor Taylor,0,2,1961,0
phil_hill,Phil Hill,6,2,1961,10
gregory,Masten Gregory,0,2,1961,0
beaufort,Carel Godin de Beaufort,0,2,1961,0
burgess,Ian Burgess,0,2,1961,0
moss,Stirling Moss,3,2,1961,12
trips,Wolfgang von Trips,9,2,1961,12
herrmann,Hans Herrmann,0,2,1961,0
brooks,Tony Brooks,0,2,1961,0
hill,Graham Hill,0,2,1961,0
surtees,John Surtees,0,2,1961,0
bonnier,Jo Bonnier,0,2,1961,0
jack_brabham,Jack Brabham,1,2,1961,1
mclaren,Bruce McLaren,0,2,1961,1
gurney,Dan Gurney,0,2,1961,2
hill,Graham Hill,0,3,1961,0
surtees,John Surtees,2,3,1961,2
bonnier,Jo Bonnier,0,3,1961,0
jack_brabham,Jack Brabham,0,3,1961,1
mclaren,Bruce McLaren,0,3,1961,1
gurney,Dan Gurney,1,3,1961,3
clark,Jim Clark,0,3,1961,4
bianchi,Lucien Bianchi,0,3,1961,0
bandini,Lorenzo Bandini,0,3,1961,0
ginther,Richie Ginther,4,3,1961,12
phil_hill,Phil Hill,9,3,1961,19
ireland,Innes Ireland,0,3,1961,0
gregory,Masten Gregory,0,3,1961,0
trintignant,Maurice Trintignant,0,3,1961,0
beaufort,Carel Godin de Beaufort,0,3,1961,0
mairesse,Willy Mairesse,0,3,1961,0
burgess,Ian Burgess,0,3,1961,0
lewis,Jackie Lewis,0,3,1961,0
seidel,Wolfgang Seidel,0,3,1961,0
marsh,Tony Marsh,0,3,1961,0
moss,Stirling Moss,0,3,1961,12
trips,Wolfgang von Trips,6,3,1961,18
allison,Cliff Allison,0,3,1961,0
brooks,Tony Brooks,0,3,1961,0
henry_taylor,Henry Taylor,0,3,1961,0
gendebien,Olivier Gendebien,3,3,1961,3
clark,Jim Clark,4,4,1961,8
bianchi,Lucien Bianchi,0,4,1961,0
ginther,Richie Ginther,0,4,1961,12
baghetti,Giancarlo Baghetti,9,4,1961,9
phil_hill,Phil Hill,0,4,1961,19
ireland,Innes Ireland,3,4,1961,3
gregory,Masten Gregory,0,4,1961,0
trintignant,Maurice Trintignant,0,4,1961,0
collomb,Bernard Collomb,0,4,1961,0
beaufort,Carel Godin de Beaufort,0,4,1961,0
mairesse,Willy Mairesse,0,4,1961,0
burgess,Ian Burgess,0,4,1961,0
lewis,Jackie Lewis,0,4,1961,0
seidel,Wolfgang Seidel,0,4,1961,0
salvadori,Roy Salvadori,0,4,1961,0
moss,Stirling Moss,0,4,1961,12
trips,Wolfgang von Trips,0,4,1961,18
herrmann,Hans Herrmann,0,4,1961,0
brooks,Tony Brooks,0,4,1961,0
may,Michael May,0,4,1961,0
henry_taylor,Henry Taylor,0,4,1961,0
gendebien,Olivier Gendebien,0,4,1961,3
scarlatti,Giorgio Scarlatti,0,4,1961,0
naylor,Brian Naylor,0,4,1961,0
bordeu,Juan Manuel Bordeu,0,4,1961,0
hill,Graham Hill,1,4,1961,1
surtees,John Surtees,0,4,1961,2
bonnier,Jo Bonnier,0,4,1961,0
jack_brabham,Jack Brabham,0,4,1961,1
mclaren,Bruce McLaren,2,4,1961,3
gurney,Dan Gurney,6,4,1961,9
hill,Graham Hill,0,5,1961,1
surtees,John Surtees,0,5,1961,2
bonnier,Jo Bonnier,2,5,1961,2
jack_brabham,Jack Brabham,3,5,1961,4
mclaren,Bruce McLaren,0,5,1961,3
gurney,Dan Gurney,0,5,1961,9
clark,Jim Clark,0,5,1961,8
bianchi,Lucien Bianchi,0,5,1961,0
bandini,Lorenzo Bandini,0,5,1961,0
ginther,Richie Ginther,4,5,1961,16
baghetti,Giancarlo Baghetti,0,5,1961,9
phil_hill,Phil Hill,6,5,1961,25
ireland,Innes Ireland,0,5,1961,3
maggs,Tony Maggs,0,5,1961,0
gregory,Masten Gregory,0,5,1961,0
beaufort,Carel Godin de Beaufort,0,5,1961,0
burgess,Ian Burgess,0,5,1961,0
parnell,Tim Parnell,0,5,1961,0
lewis,Jackie Lewis,0,5,1961,0
seidel,Wolfgang Seidel,0,5,1961,0
salvadori,Roy Salvadori,1,5,1961,1
marsh,Tony Marsh,0,5,1961,0
ashmore,Gerry Ashmore,0,5,1961,0
greene,Keith Greene,0,5,1961,0
moss,Stirling Moss,0,5,1961,12
moss,Stirling Moss,0,5,1961,12
trips,Wolfgang von Trips,9,5,1961,27
brooks,Tony Brooks,0,5,1961,0
henry_taylor,Henry Taylor,0,5,1961,0
gendebien,Olivier Gendebien,0,5,1961,3
fairman,Jack Fairman,0,5,1961,0
natili,Massimo Natili,0,5,1961,0
clark,Jim Clark,3,6,1961,11
bandini,Lorenzo Bandini,0,6,1961,0
ginther,Richie Ginther,0,6,1961,16
phil_hill,Phil Hill,4,6,1961,29
ireland,Innes Ireland,0,6,1961,3
maggs,Tony Maggs,0,6,1961,0
gregory,Masten Gregory,0,6,1961,0
trintignant,Maurice Trintignant,0,6,1961,0
collomb,Bernard Collomb,0,6,1961,0
beaufort,Carel Godin de Beaufort,0,6,1961,0
barth,Edgar Barth,0,6,1961,0
mairesse,Willy Mairesse,0,6,1961,0
campbell-jones,John Campbell-Jones,0,6,1961,0
burgess,Ian Burgess,0,6,1961,0
lewis,Jackie Lewis,0,6,1961,0
seidel,Wolfgang Seidel,0,6,1961,0
salvadori,Roy Salvadori,0,6,1961,1
marsh,Tony Marsh,0,6,1961,0
ashmore,Gerry Ashmore,0,6,1961,0
moss,Stirling Moss,9,6,1961,21
trips,Wolfgang von Trips,6,6,1961,33
herrmann,Hans Herrmann,0,6,1961,0
brooks,Tony Brooks,0,6,1961,0
may,Michael May,0,6,1961,0
monteverdi,Peter Monteverdi,0,6,1961,0
pirocchi,Renato Pirocchi,0,6,1961,0
duke,Geoff Duke,0,6,1961,0
hill,Graham Hill,0,6,1961,1
surtees,John Surtees,2,6,1961,4
bonnier,Jo Bonnier,0,6,1961,2
jack_brabham,Jack Brabham,0,6,1961,4
mclaren,Bruce McLaren,1,6,1961,4
gurney,Dan Gurney,0,6,1961,9
hill,Graham Hill,0,7,1961,1
surtees,John Surtees,0,7,1961,4
bonnier,Jo Bonnier,0,7,1961,2
jack_brabham,Jack Brabham,0,7,1961,4
mclaren,Bruce McLaren,4,7,1961,8
gurney,Dan Gurney,6,7,1961,15
clark,Jim Clark,0,7,1961,11
bandini,Lorenzo Bandini,0,7,1961,0
ginther,Richie Ginther,0,7,1961,16
baghetti,Giancarlo Baghetti,0,7,1961,9
phil_hill,Phil Hill,9,7,1961,38
ireland,Innes Ireland,0,7,1961,3
gregory,Masten Gregory,0,7,1961,0
bussinello,Roberto Bussinello,0,7,1961,0
vaccarella,Nino Vaccarella,0,7,1961,0
trintignant,Maurice Trintignant,0,7,1961,0
andre_pilette,André Pilette,0,7,1961,0
beaufort,Carel Godin de Beaufort,0,7,1961,0
barth,Edgar Barth,0,7,1961,0
parnell,Tim Parnell,0,7,1961,0
lippi,Roberto Lippi,0,7,1961,0
starrabba,Gaetano Starrabba,0,7,1961,0
lewis,Jackie Lewis,3,7,1961,3
ricardo_rodriguez,Ricardo Rodríguez,0,7,1961,0
seidel,Wolfgang Seidel,0,7,1961,0
salvadori,Roy Salvadori,1,7,1961,2
ashmore,Gerry Ashmore,0,7,1961,0
prinoth,Ernesto Prinoth,0,7,1961,0
moss,Stirling Moss,0,7,1961,21
trips,Wolfgang von Trips,0,7,1961,33
brooks,Tony Brooks,2,7,1961,2
may,Michael May,0,7,1961,0
henry_taylor,Henry Taylor,0,7,1961,0
naylor,Brian Naylor,0,7,1961,0
fairman,Jack Fairman,0,7,1961,0
natili,Massimo Natili,0,7,1961,0
pirocchi,Renato Pirocchi,0,7,1961,0
thiele,Alfonso Thiele,0,7,1961,0
boffa,Menato Boffa,0,7,1961,0
clark,Jim Clark,0,8,1961,11
ireland,Innes Ireland,9,8,1961,12
gregory,Masten Gregory,0,8,1961,0
gregory,Masten Gregory,0,8,1961,0
hansgen,Walt Hansgen,0,8,1961,0
sharp,Hap Sharp,0,8,1961,0
hall,Jim Hall,0,8,1961,0
salvadori,Roy Salvadori,0,8,1961,2
penske,Roger Penske,0,8,1961,0
moss,Stirling Moss,0,8,1961,21
brooks,Tony Brooks,4,8,1961,6
gendebien,Olivier Gendebien,0,8,1961,3
ryan,Peter Ryan,0,8,1961,0
ruby,Lloyd Ruby,0,8,1961,0
ken_miles,Ken Miles,0,8,1961,0
hill,Graham Hill,2,8,1961,3
surtees,John Surtees,0,8,1961,4
bonnier,Jo Bonnier,1,8,1961,3
jack_brabham,Jack Brabham,0,8,1961,4
mclaren,Bruce McLaren,3,8,1961,11
gurney,Dan Gurney,6,8,1961,21
hill,Graham Hill,0,1,1960,0
bonnier,Jo Bonnier,0,1,1960,0
jack_brabham,Jack Brabham,0,1,1960,0
mclaren,Bruce McLaren,8,1,1960,8
phil_hill,Phil Hill,0,1,1960,0
ireland,Innes Ireland,1,1,1960,1
gregory,Masten Gregory,0,1,1960,0
trintignant,Maurice Trintignant,0,1,1960,0
estefano,Nasif Estéfano,0,1,1960,0
moss,Stirling Moss,0,1,1960,0
moss,Stirling Moss,0,1,1960,0
trips,Wolfgang von Trips,2,1,1960,2
allison,Cliff Allison,6,1,1960,6
scarlatti,Giorgio Scarlatti,0,1,1960,0
menditeguy,Carlos Menditeguy,3,1,1960,3
larreta,Alberto Rodriguez Larreta,0,1,1960,0
gonzalez,José Froilán González,0,1,1960,0
bonomi,Roberto Bonomi,0,1,1960,0
munaron,Gino Munaron,0,1,1960,0
schell,Harry Schell,0,1,1960,0
stacey,Alan Stacey,0,1,1960,0
chimeri,Ettore Chimeri,0,1,1960,0
creus,Antonio Creus,0,1,1960,0
ginther,Richie Ginther,1,2,1960,1
phil_hill,Phil Hill,4,2,1960,4
ireland,Innes Ireland,0,2,1960,1
gregory,Masten Gregory,0,2,1960,0
trintignant,Maurice Trintignant,0,2,1960,0
burgess,Ian Burgess,0,2,1960,0
salvadori,Roy Salvadori,0,2,1960,0
moss,Stirling Moss,8,2,1960,8
trips,Wolfgang von Trips,0,2,1960,2
allison,Cliff Allison,0,2,1960,6
brooks,Tony Brooks,3,2,1960,3
scarlatti,Giorgio Scarlatti,0,2,1960,0
naylor,Brian Naylor,0,2,1960,0
stacey,Alan Stacey,0,2,1960,0
bristow,Chris Bristow,0,2,1960,0
halford,Bruce Halford,0,2,1960,0
daigh,Chuck Daigh,0,2,1960,0
reventlow,Lance Reventlow,0,2,1960,0
hill,Graham Hill,0,2,1960,0
surtees,John Surtees,0,2,1960,0
bonnier,Jo Bonnier,2,2,1960,2
jack_brabham,Jack Brabham,0,2,1960,0
mclaren,Bruce McLaren,6,2,1960,14
gurney,Dan Gurney,0,2,1960,0
ward,Rodger Ward,6,3,1960,6
ruby,Lloyd Ruby,0,3,1960,0
rathmann,Jim Rathmann,8,3,1960,8
goldsmith,Paul Goldsmith,4,3,1960,4
branson,Don Branson,3,3,1960,3
thomson,Johnny Thomson,2,3,1960,2
johnson,Eddie Johnson,1,3,1960,1
veith,Bob Veith,0,3,1960,0
tingelstad,Bud Tingelstad,0,3,1960,0
christie,Bob Christie,0,3,1960,0
amick,Red Amick,0,3,1960,0
darter,Duane Carter,0,3,1960,0
homeier,Bill Homeier,0,3,1960,0
hartley,Gene Hartley,0,3,1960,0
stevenson,Chuck Stevenson,0,3,1960,0
grim,Bobby Grim,0,3,1960,0
templeman,Shorty Templeman,0,3,1960,0
hurtubise,Jim Hurtubise,0,3,1960,0
bryan,Jimmy Bryan,0,3,1960,0
ruttman,Troy Ruttman,0,3,1960,0
sachs,Eddie Sachs,0,3,1960,0
freeland,Don Freeland,0,3,1960,0
bettenhausen,Tony Bettenhausen,0,3,1960,0
weiler,Wayne Weiler,0,3,1960,0
foyt,Anthony Foyt,0,3,1960,0
russo,Eddie Russo,0,3,1960,0
boyd,Johnny Boyd,0,3,1960,0
force,Gene Force,0,3,1960,0
mcwithey,Jim McWithey,0,3,1960,0
sutton,Len Sutton,0,3,1960,0
dick_rathmann,Dick Rathmann,0,3,1960,0
herman,Al Herman,0,3,1960,0
dempsey_wilson,Dempsey Wilson,0,3,1960,0
clark,Jim Clark,0,4,1960,0
ginther,Richie Ginther,1,4,1960,2
phil_hill,Phil Hill,0,4,1960,4
ireland,Innes Ireland,6,4,1960,7
gregory,Masten Gregory,0,4,1960,0
trintignant,Maurice Trintignant,0,4,1960,0
beaufort,Carel Godin de Beaufort,0,4,1960,0
salvadori,Roy Salvadori,0,4,1960,0
moss,Stirling Moss,3,4,1960,11
trips,Wolfgang von Trips,2,4,1960,4
brooks,Tony Brooks,0,4,1960,3
henry_taylor,Henry Taylor,0,4,1960,0
stacey,Alan Stacey,0,4,1960,0
bristow,Chris Bristow,0,4,1960,0
daigh,Chuck Daigh,0,4,1960,0
reventlow,Lance Reventlow,0,4,1960,0
hill,Graham Hill,4,4,1960,4
bonnier,Jo Bonnier,0,4,1960,2
jack_brabham,Jack Brabham,8,4,1960,8
mclaren,Bruce McLaren,0,4,1960,14
gurney,Dan Gurney,0,4,1960,0
hill,Graham Hill,0,5,1960,4
bonnier,Jo Bonnier,0,5,1960,2
jack_brabham,Jack Brabham,8,5,1960,16
mclaren,Bruce McLaren,6,5,1960,20
gurney,Dan Gurney,0,5,1960,0
clark,Jim Clark,2,5,1960,2
bianchi,Lucien Bianchi,1,5,1960,1
phil_hill,Phil Hill,3,5,1960,7
ireland,Innes Ireland,0,5,1960,7
mairesse,Willy Mairesse,0,5,1960,0
moss,Stirling Moss,0,5,1960,11
trips,Wolfgang von Trips,0,5,1960,4
brooks,Tony Brooks,0,5,1960,3
gendebien,Olivier Gendebien,4,5,1960,4
stacey,Alan Stacey,0,5,1960,0
bristow,Chris Bristow,0,5,1960,0
daigh,Chuck Daigh,0,5,1960,0
reventlow,Lance Reventlow,0,5,1960,0
mike_taylor,Mike Taylor,0,5,1960,0
clark,Jim Clark,2,6,1960,4
bianchi,Lucien Bianchi,0,6,1960,1
ginther,Richie Ginther,0,6,1960,2
phil_hill,Phil Hill,0,6,1960,7
ireland,Innes Ireland,0,6,1960,7
gregory,Masten Gregory,0,6,1960,0
trintignant,Maurice Trintignant,0,6,1960,0
mairesse,Willy Mairesse,0,6,1960,0
burgess,Ian Burgess,0,6,1960,0
trips,Wolfgang von Trips,0,6,1960,4
brooks,Tony Brooks,0,6,1960,3
henry_taylor,Henry Taylor,3,6,1960,3
gendebien,Olivier Gendebien,6,6,1960,10
munaron,Gino Munaron,0,6,1960,0
halford,Bruce Halford,0,6,1960,0
daigh,Chuck Daigh,0,6,1960,0
flockhart,Ron Flockhart,1,6,1960,1
piper,David Piper,0,6,1960,0
hill,Graham Hill,0,6,1960,4
bonnier,Jo Bonnier,0,6,1960,2
jack_brabham,Jack Brabham,8,6,1960,24
mclaren,Bruce McLaren,4,6,1960,24
gurney,Dan Gurney,0,6,1960,0
hill,Graham Hill,0,7,1960,4
surtees,John Surtees,6,7,1960,6
bonnier,Jo Bonnier,0,7,1960,2
jack_brabham,Jack Brabham,8,7,1960,32
mclaren,Bruce McLaren,3,7,1960,27
gurney,Dan Gurney,0,7,1960,0
clark,Jim Clark,0,7,1960,4
bianchi,Lucien Bianchi,0,7,1960,1
phil_hill,Phil Hill,0,7,1960,7
ireland,Innes Ireland,4,7,1960,11
gregory,Masten Gregory,0,7,1960,0
trintignant,Maurice Trintignant,0,7,1960,0
burgess,Ian Burgess,0,7,1960,0
salvadori,Roy Salvadori,0,7,1960,0
greene,Keith Greene,0,7,1960,0
trips,Wolfgang von Trips,1,7,1960,5
brooks,Tony Brooks,2,7,1960,5
henry_taylor,Henry Taylor,0,7,1960,3
gendebien,Olivier Gendebien,0,7,1960,10
naylor,Brian Naylor,0,7,1960,0
fairman,Jack Fairman,0,7,1960,0
munaron,Gino Munaron,0,7,1960,0
daigh,Chuck Daigh,0,7,1960,0
reventlow,Lance Reventlow,0,7,1960,0
piper,David Piper,0,7,1960,0
clark,Jim Clark,4,8,1960,8
phil_hill,Phil Hill,0,8,1960,7
ireland,Innes Ireland,1,8,1960,12
gregory,Masten Gregory,0,8,1960,0
cabral,Mário de Araújo Cabral,0,8,1960,0
moss,Stirling Moss,0,8,1960,11
trips,Wolfgang von Trips,3,8,1960,8
brooks,Tony Brooks,2,8,1960,7
gendebien,Olivier Gendebien,0,8,1960,10
hill,Graham Hill,0,8,1960,4
surtees,John Surtees,0,8,1960,6
bonnier,Jo Bonnier,0,8,1960,2
jack_brabham,Jack Brabham,8,8,1960,40
mclaren,Bruce McLaren,6,8,1960,33
gurney,Dan Gurney,0,8,1960,0
ginther,Richie Ginther,6,9,1960,8
vic_wilson,Vic Wilson,0,9,1960,0
phil_hill,Phil Hill,8,9,1960,15
barth,Edgar Barth,0,9,1960,0
mairesse,Willy Mairesse,4,9,1960,4
seidel,Wolfgang Seidel,0,9,1960,0
trips,Wolfgang von Trips,2,9,1960,10
herrmann,Hans Herrmann,1,9,1960,1
scarlatti,Giorgio Scarlatti,0,9,1960,0
naylor,Brian Naylor,0,9,1960,0
thiele,Alfonso Thiele,0,9,1960,0
munaron,Gino Munaron,0,9,1960,0
cabianca,Giulio Cabianca,3,9,1960,3
drogo,Piero Drogo,0,9,1960,0
gamble,Fred Gamble,0,9,1960,0
owen,Arthur Owen,0,9,1960,0
gould,Horace Gould,0,9,1960,0
clark,Jim Clark,0,10,1960,8
phil_hill,Phil Hill,1,10,1960,16
ireland,Innes Ireland,6,10,1960,18
trintignant,Maurice Trintignant,0,10,1960,0
burgess,Ian Burgess,0,10,1960,0
hall,Jim Hall,0,10,1960,0
salvadori,Roy Salvadori,0,10,1960,0
moss,Stirling Moss,8,10,1960,19
trips,Wolfgang von Trips,0,10,1960,10
brooks,Tony Brooks,0,10,1960,7
henry_taylor,Henry Taylor,0,10,1960,3
gendebien,Olivier Gendebien,0,10,1960,10
naylor,Brian Naylor,0,10,1960,0
daigh,Chuck Daigh,0,10,1960,0
flockhart,Ron Flockhart,0,10,1960,1
drake,Bob Drake,0,10,1960,0
hill,Graham Hill,0,10,1960,4
surtees,John Surtees,0,10,1960,6
bonnier,Jo Bonnier,2,10,1960,4
lovely,Pete Lovely,0,10,1960,0
jack_brabham,Jack Brabham,3,10,1960,43
mclaren,Bruce McLaren,4,10,1960,37
gurney,Dan Gurney,0,10,1960,0
hill,Graham Hill,0,1,1959,0
bonnier,Jo Bonnier,0,1,1959,0
lovely,Pete Lovely,0,1,1959,0
jack_brabham,Jack Brabham,9,1,1959,9
mclaren,Bruce McLaren,2,1,1959,2
bianchi,Lucien Bianchi,0,1,1959,0
phil_hill,Phil Hill,3,1,1959,3
gregory,Masten Gregory,0,1,1959,0
trintignant,Maurice Trintignant,4,1,1959,4
salvadori,Roy Salvadori,0,1,1959,0
moss,Stirling Moss,0,1,1959,0
trips,Wolfgang von Trips,0,1,1959,0
allison,Cliff Allison,0,1,1959,0
brooks,Tony Brooks,6,1,1959,6
scarlatti,Giorgio Scarlatti,0,1,1959,0
schell,Harry Schell,0,1,1959,0
halford,Bruce Halford,0,1,1959,0
flockhart,Ron Flockhart,0,1,1959,0
bueb,Ivor Bueb,0,1,1959,0
Changy,Alain de Changy,0,1,1959,0
filippis,Maria de Filippis,0,1,1959,0
lucienbonnet,Jean Lucienbonnet,0,1,1959,0
testut,André Testut,0,1,1959,0
behra,Jean Behra,0,1,1959,0
ward,Rodger Ward,8,2,1959,8
rathmann,Jim Rathmann,6,2,1959,6
goldsmith,Paul Goldsmith,2,2,1959,2
branson,Don Branson,0,2,1959,0
thomson,Johnny Thomson,5,2,1959,5
johnson,Eddie Johnson,0,2,1959,0
veith,Bob Veith,0,2,1959,0
christie,Bob Christie,0,2,1959,0
amick,Red Amick,0,2,1959,0
darter,Duane Carter,0,2,1959,0
hartley,Gene Hartley,0,2,1959,0
grim,Bobby Grim,0,2,1959,0
bryan,Jimmy Bryan,0,2,1959,0
sachs,Eddie Sachs,0,2,1959,0
freeland,Don Freeland,0,2,1959,0
bettenhausen,Tony Bettenhausen,3,2,1959,3
foyt,Anthony Foyt,0,2,1959,0
boyd,Johnny Boyd,0,2,1959,0
mcwithey,Jim McWithey,0,2,1959,0
sutton,Len Sutton,0,2,1959,0
dick_rathmann,Dick Rathmann,0,2,1959,0
herman,Al Herman,0,2,1959,0
paul_russo,Paul Russo,0,2,1959,0
daywalt,Jimmy Daywalt,0,2,1959,0
arnold,Chuck Arnold,0,2,1959,0
keller,Al Keller,0,2,1959,0
flaherty,Pat Flaherty,0,2,1959,0
cheesbourg,Bill Cheesbourg,0,2,1959,0
ray_crawford,Ray Crawford,0,2,1959,0
turner,Jack Turner,0,2,1959,0
weyant,Chuck Weyant,0,2,1959,0
larson,Jud Larson,0,2,1959,0
magill,Mike Magill,0,2,1959,0
phil_hill,Phil Hill,0,3,1959,3
ireland,Innes Ireland,3,3,1959,3
gregory,Masten Gregory,4,3,1959,4
trintignant,Maurice Trintignant,0,3,1959,4
beaufort,Carel Godin de Beaufort,0,3,1959,0
salvadori,Roy Salvadori,0,3,1959,0
moss,Stirling Moss,1,3,1959,1
allison,Cliff Allison,0,3,1959,0
brooks,Tony Brooks,0,3,1959,6
schell,Harry Schell,0,3,1959,0
behra,Jean Behra,2,3,1959,2
shelby,Carroll Shelby,0,3,1959,0
hill,Graham Hill,0,3,1959,0
bonnier,Jo Bonnier,8,3,1959,8
jack_brabham,Jack Brabham,6,3,1959,15
hill,Graham Hill,0,4,1959,0
bonnier,Jo Bonnier,0,4,1959,8
jack_brabham,Jack Brabham,4,4,1959,19
mclaren,Bruce McLaren,2,4,1959,4
gurney,Dan Gurney,0,4,1959,0
phil_hill,Phil Hill,6,4,1959,9
ireland,Innes Ireland,0,4,1959,3
gregory,Masten Gregory,0,4,1959,4
trintignant,Maurice Trintignant,0,4,1959,4
beaufort,Carel Godin de Beaufort,0,4,1959,0
burgess,Ian Burgess,0,4,1959,0
salvadori,Roy Salvadori,0,4,1959,0
davis,Colin Davis,0,4,1959,0
moss,Stirling Moss,1,4,1959,2
brooks,Tony Brooks,8,4,1959,14
gendebien,Olivier Gendebien,3,4,1959,3
scarlatti,Giorgio Scarlatti,0,4,1959,0
schell,Harry Schell,0,4,1959,0
flockhart,Ron Flockhart,0,4,1959,0
behra,Jean Behra,0,4,1959,2
orey,Fritz d'Orey,0,4,1959,0
fontes,Azdrubal Fontes,0,4,1959,0
parkes,Mike Parkes,0,5,1959,0
trevor_taylor,Trevor Taylor,0,5,1959,0
gregory,Masten Gregory,0,5,1959,4
trintignant,Maurice Trintignant,2,5,1959,6
burgess,Ian Burgess,0,5,1959,0
parnell,Tim Parnell,0,5,1959,0
salvadori,Roy Salvadori,0,5,1959,0
greene,Keith Greene,0,5,1959,0
moss,Stirling Moss,6,5,1959,8
herrmann,Hans Herrmann,0,5,1959,0
brooks,Tony Brooks,0,5,1959,14
henry_taylor,Henry Taylor,0,5,1959,0
naylor,Brian Naylor,0,5,1959,0
fairman,Jack Fairman,0,5,1959,0
schell,Harry Schell,3,5,1959,3
stacey,Alan Stacey,0,5,1959,0
bristow,Chris Bristow,0,5,1959,0
mike_taylor,Mike Taylor,0,5,1959,0
flockhart,Ron Flockhart,0,5,1959,0
piper,David Piper,0,5,1959,0
bueb,Ivor Bueb,0,5,1959,0
shelby,Carroll Shelby,0,5,1959,0
orey,Fritz d'Orey,0,5,1959,0
ashdown,Peter Ashdown,0,5,1959,0
bill_moss,Bill Moss,0,5,1959,0
dennis_taylor,Dennis Taylor,0,5,1959,0
hill,Graham Hill,0,5,1959,0
bonnier,Jo Bonnier,0,5,1959,8
jack_brabham,Jack Brabham,8,5,1959,27
mclaren,Bruce McLaren,4,5,1959,8
hill,Graham Hill,0,6,1959,0
bonnier,Jo Bonnier,2,6,1959,10
jack_brabham,Jack Brabham,0,6,1959,27
mclaren,Bruce McLaren,0,6,1959,8
gurney,Dan Gurney,6,6,1959,6
phil_hill,Phil Hill,4,6,1959,13
ireland,Innes Ireland,0,6,1959,3
gregory,Masten Gregory,0,6,1959,4
trintignant,Maurice Trintignant,3,6,1959,9
burgess,Ian Burgess,0,6,1959,0
moss,Stirling Moss,0,6,1959,8
allison,Cliff Allison,0,6,1959,0
herrmann,Hans Herrmann,0,6,1959,0
brooks,Tony Brooks,9,6,1959,23
schell,Harry Schell,0,6,1959,3
phil_hill,Phil Hill,0,7,1959,13
ireland,Innes Ireland,0,7,1959,3
gregory,Masten Gregory,6,7,1959,10
trintignant,Maurice Trintignant,3,7,1959,12
cabral,Mário de Araújo Cabral,0,7,1959,0
salvadori,Roy Salvadori,0,7,1959,0
moss,Stirling Moss,9,7,1959,17
brooks,Tony Brooks,0,7,1959,23
schell,Harry Schell,2,7,1959,5
flockhart,Ron Flockhart,0,7,1959,0
shelby,Carroll Shelby,0,7,1959,0
hill,Graham Hill,0,7,1959,0
bonnier,Jo Bonnier,0,7,1959,10
jack_brabham,Jack Brabham,0,7,1959,27
mclaren,Bruce McLaren,0,7,1959,8
gurney,Dan Gurney,4,7,1959,10
hill,Graham Hill,0,8,1959,0
bonnier,Jo Bonnier,0,8,1959,10
jack_brabham,Jack Brabham,4,8,1959,31
mclaren,Bruce McLaren,0,8,1959,8
gurney,Dan Gurney,3,8,1959,13
phil_hill,Phil Hill,7,8,1959,20
ireland,Innes Ireland,0,8,1959,3
trintignant,Maurice Trintignant,0,8,1959,12
burgess,Ian Burgess,0,8,1959,0
salvadori,Roy Salvadori,0,8,1959,0
davis,Colin Davis,0,8,1959,0
moss,Stirling Moss,8,8,1959,25
allison,Cliff Allison,2,8,1959,2
brooks,Tony Brooks,0,8,1959,23
gendebien,Olivier Gendebien,0,8,1959,3
scarlatti,Giorgio Scarlatti,0,8,1959,0
fairman,Jack Fairman,0,8,1959,0
schell,Harry Schell,0,8,1959,5
flockhart,Ron Flockhart,0,8,1959,0
cabianca,Giulio Cabianca,0,8,1959,0
shelby,Carroll Shelby,0,8,1959,0
phil_hill,Phil Hill,0,9,1959,20
ireland,Innes Ireland,2,9,1959,5
trintignant,Maurice Trintignant,7,9,1959,19
ward,Rodger Ward,0,9,1959,8
salvadori,Roy Salvadori,0,9,1959,0
moss,Stirling Moss,0,9,1959,25
trips,Wolfgang von Trips,0,9,1959,0
allison,Cliff Allison,0,9,1959,2
brooks,Tony Brooks,4,9,1959,27
schell,Harry Schell,0,9,1959,5
stacey,Alan Stacey,0,9,1959,0
orey,Fritz d'Orey,0,9,1959,0
blanchard,Harry Blanchard,0,9,1959,0
tomaso,Alessandro de Tomaso,0,9,1959,0
constantine,George Constantine,0,9,1959,0
said,Bob Said,0,9,1959,0
cade,Phil Cade,0,9,1959,0
jack_brabham,Jack Brabham,3,9,1959,34
mclaren,Bruce McLaren,8,9,1959,16
moss,Stirling Moss,8,1,1958,8
menditeguy,Carlos Menditeguy,0,1,1958,0
schell,Harry Schell,0,1,1958,0
gould,Horace Gould,0,1,1958,0
behra,Jean Behra,2,1,1958,2
musso,Luigi Musso,6,1,1958,6
hawthorn,Mike Hawthorn,4,1,1958,4
fangio,Juan Fangio,4,1,1958,4
godia,Paco Godia,0,1,1958,0
collins,Peter Collins,0,1,1958,0
trintignant,Maurice Trintignant,8,2,1958,8
salvadori,Roy Salvadori,0,2,1958,0
moss,Stirling Moss,0,2,1958,8
trips,Wolfgang von Trips,0,2,1958,0
allison,Cliff Allison,0,2,1958,0
brooks,Tony Brooks,0,2,1958,0
scarlatti,Giorgio Scarlatti,0,2,1958,0
schell,Harry Schell,2,2,1958,2
flockhart,Ron Flockhart,0,2,1958,0
flockhart,Ron Flockhart,0,2,1958,0
cabianca,Giulio Cabianca,0,2,1958,0
gould,Horace Gould,0,2,1958,0
filippis,Maria de Filippis,0,2,1958,0
testut,André Testut,0,2,1958,0
behra,Jean Behra,0,2,1958,2
musso,Luigi Musso,6,2,1958,12
hawthorn,Mike Hawthorn,1,2,1958,5
godia,Paco Godia,0,2,1958,0
collins,Peter Collins,4,2,1958,4
kavanagh,Ken Kavanagh,0,2,1958,0
gerini,Gerino Gerini,0,2,1958,0
kessler,Bruce Kessler,0,2,1958,0
emery,Paul Emery,0,2,1958,0
piotti,Luigi Piotti,0,2,1958,0
ecclestone,Bernie Ecclestone,0,2,1958,0
taramazzo,Luigi Taramazzo,0,2,1958,0
chiron,Louis Chiron,0,2,1958,0
lewis-evans,Stuart Lewis-Evans,0,2,1958,0
hill,Graham Hill,0,2,1958,0
bonnier,Jo Bonnier,0,2,1958,0
jack_brabham,Jack Brabham,3,2,1958,3
hill,Graham Hill,0,3,1958,0
bonnier,Jo Bonnier,0,3,1958,0
jack_brabham,Jack Brabham,0,3,1958,3
gregory,Masten Gregory,0,3,1958,0
trintignant,Maurice Trintignant,0,3,1958,8
beaufort,Carel Godin de Beaufort,0,3,1958,0
salvadori,Roy Salvadori,3,3,1958,3
moss,Stirling Moss,9,3,1958,17
allison,Cliff Allison,0,3,1958,0
brooks,Tony Brooks,0,3,1958,0
scarlatti,Giorgio Scarlatti,0,3,1958,0
schell,Harry Schell,6,3,1958,8
gould,Horace Gould,0,3,1958,0
behra,Jean Behra,4,3,1958,6
musso,Luigi Musso,0,3,1958,12
hawthorn,Mike Hawthorn,2,3,1958,7
collins,Peter Collins,0,3,1958,4
lewis-evans,Stuart Lewis-Evans,0,3,1958,0
ward,Rodger Ward,0,4,1958,0
rathmann,Jim Rathmann,2,4,1958,2
goldsmith,Paul Goldsmith,0,4,1958,0
thomson,Johnny Thomson,0,4,1958,0
johnson,Eddie Johnson,0,4,1958,0
veith,Bob Veith,0,4,1958,0
christie,Bob Christie,0,4,1958,0
templeman,Shorty Templeman,0,4,1958,0
bryan,Jimmy Bryan,8,4,1958,8
sachs,Eddie Sachs,0,4,1958,0
freeland,Don Freeland,0,4,1958,0
bettenhausen,Tony Bettenhausen,4,4,1958,4
foyt,Anthony Foyt,0,4,1958,0
boyd,Johnny Boyd,4,4,1958,4
sutton,Len Sutton,0,4,1958,0
dick_rathmann,Dick Rathmann,0,4,1958,0
dempsey_wilson,Dempsey Wilson,0,4,1958,0
paul_russo,Paul Russo,0,4,1958,0
keller,Al Keller,0,4,1958,0
cheesbourg,Bill Cheesbourg,0,4,1958,0
turner,Jack Turner,0,4,1958,0
weyant,Chuck Weyant,0,4,1958,0
larson,Jud Larson,0,4,1958,0
magill,Mike Magill,0,4,1958,0
george_amick,George Amick,6,4,1958,6
reece,Jimmy Reece,0,4,1958,0
parsons,Johnnie Parsons,0,4,1958,0
tolan,Johnnie Tolan,0,4,1958,0
garrett,Billy Garrett,0,4,1958,0
elisian,Ed Elisian,0,4,1958,0
connor,Pat O'Connor,0,4,1958,0
jerry_unser,Jerry Unser,0,4,1958,0
bisch,Art Bisch,0,4,1958,0
gregory,Masten Gregory,0,5,1958,0
trintignant,Maurice Trintignant,0,5,1958,8
seidel,Wolfgang Seidel,0,5,1958,0
salvadori,Roy Salvadori,0,5,1958,3
moss,Stirling Moss,0,5,1958,17
allison,Cliff Allison,3,5,1958,3
brooks,Tony Brooks,8,5,1958,8
gendebien,Olivier Gendebien,0,5,1958,0
schell,Harry Schell,2,5,1958,10
filippis,Maria de Filippis,0,5,1958,0
behra,Jean Behra,0,5,1958,6
musso,Luigi Musso,0,5,1958,12
hawthorn,Mike Hawthorn,7,5,1958,14
godia,Paco Godia,0,5,1958,0
collins,Peter Collins,0,5,1958,4
lewis-evans,Stuart Lewis-Evans,4,5,1958,4
hill,Graham Hill,0,5,1958,0
bonnier,Jo Bonnier,0,5,1958,0
jack_brabham,Jack Brabham,0,5,1958,3
hill,Graham Hill,0,6,1958,0
bonnier,Jo Bonnier,0,6,1958,0
jack_brabham,Jack Brabham,0,6,1958,3
phil_hill,Phil Hill,0,6,1958,0
trintignant,Maurice Trintignant,0,6,1958,8
salvadori,Roy Salvadori,0,6,1958,3
moss,Stirling Moss,6,6,1958,23
trips,Wolfgang von Trips,4,6,1958,4
allison,Cliff Allison,0,6,1958,3
brooks,Tony Brooks,0,6,1958,8
brooks,Tony Brooks,0,6,1958,8
schell,Harry Schell,0,6,1958,10
ruttman,Troy Ruttman,0,6,1958,0
behra,Jean Behra,0,6,1958,6
shelby,Carroll Shelby,0,6,1958,0
musso,Luigi Musso,0,6,1958,12
hawthorn,Mike Hawthorn,9,6,1958,23
fangio,Juan Fangio,3,6,1958,7
godia,Paco Godia,0,6,1958,0
collins,Peter Collins,2,6,1958,6
gerini,Gerino Gerini,0,6,1958,0
lewis-evans,Stuart Lewis-Evans,0,6,1958,4
trintignant,Maurice Trintignant,0,7,1958,8
burgess,Ian Burgess,0,7,1958,0
salvadori,Roy Salvadori,4,7,1958,7
moss,Stirling Moss,0,7,1958,23
trips,Wolfgang von Trips,0,7,1958,4
allison,Cliff Allison,0,7,1958,3
brooks,Tony Brooks,0,7,1958,8
fairman,Jack Fairman,0,7,1958,0
schell,Harry Schell,2,7,1958,12
stacey,Alan Stacey,0,7,1958,0
bueb,Ivor Bueb,0,7,1958,0
behra,Jean Behra,0,7,1958,6
shelby,Carroll Shelby,0,7,1958,0
hawthorn,Mike Hawthorn,7,7,1958,30
collins,Peter Collins,8,7,1958,14
gerini,Gerino Gerini,0,7,1958,0
lewis-evans,Stuart Lewis-Evans,3,7,1958,7
hill,Graham Hill,0,7,1958,0
bonnier,Jo Bonnier,0,7,1958,0
jack_brabham,Jack Brabham,0,7,1958,3
hill,Graham Hill,0,8,1958,0
bonnier,Jo Bonnier,0,8,1958,0
jack_brabham,Jack Brabham,0,8,1958,3
mclaren,Bruce McLaren,0,8,1958,0
phil_hill,Phil Hill,0,8,1958,0
trintignant,Maurice Trintignant,4,8,1958,12
beaufort,Carel Godin de Beaufort,0,8,1958,0
barth,Edgar Barth,0,8,1958,0
burgess,Ian Burgess,0,8,1958,0
seidel,Wolfgang Seidel,0,8,1958,0
salvadori,Roy Salvadori,6,8,1958,13
marsh,Tony Marsh,0,8,1958,0
moss,Stirling Moss,1,8,1958,24
trips,Wolfgang von Trips,3,8,1958,7
allison,Cliff Allison,0,8,1958,3
herrmann,Hans Herrmann,0,8,1958,0
brooks,Tony Brooks,8,8,1958,16
naylor,Brian Naylor,0,8,1958,0
schell,Harry Schell,0,8,1958,12
ruttman,Troy Ruttman,0,8,1958,0
bueb,Ivor Bueb,0,8,1958,0
behra,Jean Behra,0,8,1958,6
hawthorn,Mike Hawthorn,0,8,1958,30
collins,Peter Collins,0,8,1958,14
goethals,Christian Goethals,0,8,1958,0
gibson,Dick Gibson,0,8,1958,0
trintignant,Maurice Trintignant,0,9,1958,12
salvadori,Roy Salvadori,0,9,1958,13
moss,Stirling Moss,8,9,1958,32
trips,Wolfgang von Trips,2,9,1958,9
allison,Cliff Allison,0,9,1958,3
brooks,Tony Brooks,0,9,1958,16
schell,Harry Schell,0,9,1958,12
filippis,Maria de Filippis,0,9,1958,0
behra,Jean Behra,3,9,1958,9
shelby,Carroll Shelby,0,9,1958,0
hawthorn,Mike Hawthorn,7,9,1958,37
lewis-evans,Stuart Lewis-Evans,4,9,1958,11
hill,Graham Hill,0,9,1958,0
bonnier,Jo Bonnier,0,9,1958,0
jack_brabham,Jack Brabham,0,9,1958,3
hill,Graham Hill,0,10,1958,0
bonnier,Jo Bonnier,0,10,1958,0
jack_brabham,Jack Brabham,0,10,1958,3
phil_hill,Phil Hill,5,10,1958,5
gregory,Masten Gregory,0,10,1958,0
trintignant,Maurice Trintignant,0,10,1958,12
salvadori,Roy Salvadori,2,10,1958,15
moss,Stirling Moss,0,10,1958,32
trips,Wolfgang von Trips,0,10,1958,9
allison,Cliff Allison,0,10,1958,3
herrmann,Hans Herrmann,0,10,1958,0
brooks,Tony Brooks,8,10,1958,24
gendebien,Olivier Gendebien,0,10,1958,0
schell,Harry Schell,0,10,1958,12
cabianca,Giulio Cabianca,0,10,1958,0
filippis,Maria de Filippis,0,10,1958,0
behra,Jean Behra,0,10,1958,9
shelby,Carroll Shelby,0,10,1958,0
shelby,Carroll Shelby,0,10,1958,0
hawthorn,Mike Hawthorn,6,10,1958,43
gerini,Gerino Gerini,0,10,1958,0
lewis-evans,Stuart Lewis-Evans,0,10,1958,11
phil_hill,Phil Hill,4,11,1958,9
gregory,Masten Gregory,0,11,1958,0
trintignant,Maurice Trintignant,0,11,1958,12
seidel,Wolfgang Seidel,0,11,1958,0
salvadori,Roy Salvadori,0,11,1958,15
moss,Stirling Moss,9,11,1958,41
allison,Cliff Allison,0,11,1958,3
herrmann,Hans Herrmann,0,11,1958,0
brooks,Tony Brooks,0,11,1958,24
gendebien,Olivier Gendebien,0,11,1958,0
fairman,Jack Fairman,0,11,1958,0
schell,Harry Schell,2,11,1958,14
flockhart,Ron Flockhart,0,11,1958,0
behra,Jean Behra,0,11,1958,9
hawthorn,Mike Hawthorn,6,11,1958,49
gerini,Gerino Gerini,0,11,1958,0
lewis-evans,Stuart Lewis-Evans,0,11,1958,11
la_caze,Robert La Caze,0,11,1958,0
guelfi,André Guelfi,0,11,1958,0
picard,François Picard,0,11,1958,0
bridger,Tom Bridger,0,11,1958,0
hill,Graham Hill,0,11,1958,0
bonnier,Jo Bonnier,3,11,1958,3
jack_brabham,Jack Brabham,0,11,1958,3
mclaren,Bruce McLaren,0,11,1958,0
bonnier,Jo Bonnier,0,1,1957,0
moss,Stirling Moss,1,1,1957,1
trips,Wolfgang von Trips,0,1,1957,0
menditeguy,Carlos Menditeguy,4,1,1957,4
gonzalez,José Froilán González,1,1,1957,1
schell,Harry Schell,3,1,1957,3
behra,Jean Behra,6,1,1957,6
tomaso,Alessandro de Tomaso,0,1,1957,0
musso,Luigi Musso,0,1,1957,0
hawthorn,Mike Hawthorn,0,1,1957,0
fangio,Juan Fangio,8,1,1957,8
collins,Peter Collins,0,1,1957,0
collins,Peter Collins,0,1,1957,0
piotti,Luigi Piotti,0,1,1957,0
portago,Alfonso de Portago,1,1,1957,1
perdisa,Cesare Perdisa,0,1,1957,0
castellotti,Eugenio Castellotti,0,1,1957,0
gregory,Masten Gregory,4,2,1957,4
trintignant,Maurice Trintignant,2,2,1957,2
salvadori,Roy Salvadori,0,2,1957,0
moss,Stirling Moss,0,2,1957,1
trips,Wolfgang von Trips,0,2,1957,0
herrmann,Hans Herrmann,0,2,1957,0
brooks,Tony Brooks,6,2,1957,6
scarlatti,Giorgio Scarlatti,0,2,1957,0
menditeguy,Carlos Menditeguy,0,2,1957,4
schell,Harry Schell,0,2,1957,3
schell,Harry Schell,0,2,1957,3
flockhart,Ron Flockhart,0,2,1957,0
gould,Horace Gould,0,2,1957,0
bueb,Ivor Bueb,0,2,1957,0
hawthorn,Mike Hawthorn,0,2,1957,0
hawthorn,Mike Hawthorn,0,2,1957,0
fangio,Juan Fangio,9,2,1957,17
collins,Peter Collins,0,2,1957,0
piotti,Luigi Piotti,0,2,1957,0
lewis-evans,Stuart Lewis-Evans,3,2,1957,3
simon,André Simon,0,2,1957,0
leston,Les Leston,0,2,1957,0
jack_brabham,Jack Brabham,0,2,1957,0
ward,Rodger Ward,0,3,1957,0
rathmann,Jim Rathmann,7,3,1957,7
thomson,Johnny Thomson,0,3,1957,0
johnson,Eddie Johnson,0,3,1957,0
veith,Bob Veith,0,3,1957,0
christie,Bob Christie,0,3,1957,0
hartley,Gene Hartley,0,3,1957,0
bryan,Jimmy Bryan,4,3,1957,4
ruttman,Troy Ruttman,0,3,1957,0
sachs,Eddie Sachs,0,3,1957,0
freeland,Don Freeland,0,3,1957,0
bettenhausen,Tony Bettenhausen,0,3,1957,0
russo,Eddie Russo,0,3,1957,0
boyd,Johnny Boyd,0,3,1957,0
herman,Al Herman,0,3,1957,0
paul_russo,Paul Russo,3,3,1957,3
daywalt,Jimmy Daywalt,0,3,1957,0
keller,Al Keller,0,3,1957,0
cheesbourg,Bill Cheesbourg,0,3,1957,0
turner,Jack Turner,0,3,1957,0
weyant,Chuck Weyant,0,3,1957,0
magill,Mike Magill,0,3,1957,0
reece,Jimmy Reece,0,3,1957,0
parsons,Johnnie Parsons,0,3,1957,0
tolan,Johnnie Tolan,0,3,1957,0
elisian,Ed Elisian,0,3,1957,0
connor,Pat O'Connor,0,3,1957,0
hanks,Sam Hanks,8,3,1957,8
linden,Andy Linden,2,3,1957,2
teague,Marshall Teague,0,3,1957,0
edmunds,Don Edmunds,0,3,1957,0
agabashian,Fred Agabashian,0,3,1957,0
george,Elmer George,0,3,1957,0
trintignant,Maurice Trintignant,0,4,1957,2
salvadori,Roy Salvadori,0,4,1957,0
menditeguy,Carlos Menditeguy,0,4,1957,4
schell,Harry Schell,2,4,1957,5
flockhart,Ron Flockhart,0,4,1957,0
gould,Horace Gould,0,4,1957,0
behra,Jean Behra,0,4,1957,6
musso,Luigi Musso,7,4,1957,7
hawthorn,Mike Hawthorn,3,4,1957,3
fangio,Juan Fangio,8,4,1957,25
collins,Peter Collins,4,4,1957,4
lewis-evans,Stuart Lewis-Evans,0,4,1957,3
macdowel,Mike MacDowel,0,4,1957,0
mackay-fraser,Herbert MacKay-Fraser,0,4,1957,0
jack_brabham,Jack Brabham,0,4,1957,0
jack_brabham,Jack Brabham,0,4,1957,0
bonnier,Jo Bonnier,0,5,1957,0
jack_brabham,Jack Brabham,0,5,1957,0
trintignant,Maurice Trintignant,3,5,1957,5
salvadori,Roy Salvadori,2,5,1957,2
moss,Stirling Moss,0,5,1957,6
moss,Stirling Moss,5,5,1957,6
brooks,Tony Brooks,4,5,1957,10
brooks,Tony Brooks,0,5,1957,10
fairman,Jack Fairman,0,5,1957,0
menditeguy,Carlos Menditeguy,0,5,1957,4
schell,Harry Schell,0,5,1957,5
gould,Horace Gould,0,5,1957,0
bueb,Ivor Bueb,0,5,1957,0
behra,Jean Behra,0,5,1957,6
musso,Luigi Musso,6,5,1957,13
hawthorn,Mike Hawthorn,4,5,1957,7
fangio,Juan Fangio,0,5,1957,25
collins,Peter Collins,0,5,1957,4
collins,Peter Collins,0,5,1957,4
lewis-evans,Stuart Lewis-Evans,0,5,1957,3
leston,Les Leston,0,5,1957,0
gerard,Bob Gerard,0,5,1957,0
gregory,Masten Gregory,0,6,1957,4
beaufort,Carel Godin de Beaufort,0,6,1957,0
barth,Edgar Barth,0,6,1957,0
salvadori,Roy Salvadori,0,6,1957,2
marsh,Tony Marsh,0,6,1957,0
moss,Stirling Moss,2,6,1957,8
herrmann,Hans Herrmann,0,6,1957,0
brooks,Tony Brooks,0,6,1957,10
scarlatti,Giorgio Scarlatti,0,6,1957,0
naylor,Brian Naylor,0,6,1957,0
schell,Harry Schell,0,6,1957,5
halford,Bruce Halford,0,6,1957,0
gould,Horace Gould,0,6,1957,0
behra,Jean Behra,0,6,1957,6
musso,Luigi Musso,3,6,1957,16
hawthorn,Mike Hawthorn,6,6,1957,13
fangio,Juan Fangio,9,6,1957,34
godia,Paco Godia,0,6,1957,0
collins,Peter Collins,4,6,1957,8
lewis-evans,Stuart Lewis-Evans,0,6,1957,3
gibson,Dick Gibson,0,6,1957,0
maglioli,Umberto Maglioli,0,6,1957,0
england,Paul England,0,6,1957,0
jack_brabham,Jack Brabham,0,6,1957,0
bonnier,Jo Bonnier,0,7,1957,0
jack_brabham,Jack Brabham,0,7,1957,0
gregory,Masten Gregory,3,7,1957,7
salvadori,Roy Salvadori,0,7,1957,2
moss,Stirling Moss,9,7,1957,17
brooks,Tony Brooks,0,7,1957,10
scarlatti,Giorgio Scarlatti,0,7,1957,0
schell,Harry Schell,4,7,1957,9
halford,Bruce Halford,0,7,1957,0
gould,Horace Gould,0,7,1957,0
behra,Jean Behra,0,7,1957,6
musso,Luigi Musso,0,7,1957,16
fangio,Juan Fangio,6,7,1957,40
godia,Paco Godia,0,7,1957,0
piotti,Luigi Piotti,0,7,1957,0
lewis-evans,Stuart Lewis-Evans,2,7,1957,5
gregory,Masten Gregory,3,8,1957,10
moss,Stirling Moss,8,8,1957,25
trips,Wolfgang von Trips,4,8,1957,4
brooks,Tony Brooks,1,8,1957,11
scarlatti,Giorgio Scarlatti,1,8,1957,1
schell,Harry Schell,0,8,1957,10
schell,Harry Schell,1,8,1957,10
halford,Bruce Halford,0,8,1957,0
gould,Horace Gould,0,8,1957,0
behra,Jean Behra,0,8,1957,6
musso,Luigi Musso,0,8,1957,16
hawthorn,Mike Hawthorn,0,8,1957,13
fangio,Juan Fangio,6,8,1957,46
godia,Paco Godia,0,8,1957,0
collins,Peter Collins,0,8,1957,8
piotti,Luigi Piotti,0,8,1957,0
lewis-evans,Stuart Lewis-Evans,0,8,1957,5
simon,André Simon,0,8,1957,0
volonterio,Ottorino Volonterio,0,8,1957,0
bonnier,Jo Bonnier,0,8,1957,0
oscar_gonzalez,Óscar González,0,1,1956,0
moss,Stirling Moss,0,1,1956,0
gendebien,Olivier Gendebien,2,1,1956,2
menditeguy,Carlos Menditeguy,0,1,1956,0
gonzalez,José Froilán González,0,1,1956,0
behra,Jean Behra,6,1,1956,6
musso,Luigi Musso,4,1,1956,4
hawthorn,Mike Hawthorn,4,1,1956,4
fangio,Juan Fangio,0,1,1956,5
fangio,Juan Fangio,5,1,1956,5
collins,Peter Collins,0,1,1956,0
gerini,Gerino Gerini,1,1,1956,1
piotti,Luigi Piotti,0,1,1956,0
castellotti,Eugenio Castellotti,0,1,1956,0
landi,Chico Landi,1,1,1956,1
uria,Alberto Uria,0,1,1956,0
trintignant,Maurice Trintignant,0,2,1956,0
andre_pilette,André Pilette,0,2,1956,0
moss,Stirling Moss,8,2,1956,8
brooks,Tony Brooks,0,2,1956,0
scarlatti,Giorgio Scarlatti,0,2,1956,0
schell,Harry Schell,0,2,1956,0
gould,Horace Gould,0,2,1956,0
behra,Jean Behra,4,2,1956,10
musso,Luigi Musso,0,2,1956,4
hawthorn,Mike Hawthorn,0,2,1956,4
fangio,Juan Fangio,1,2,1956,10
fangio,Juan Fangio,4,2,1956,10
collins,Peter Collins,3,2,1956,3
chiron,Louis Chiron,0,2,1956,0
perdisa,Cesare Perdisa,0,2,1956,0
castellotti,Eugenio Castellotti,0,2,1956,1
castellotti,Eugenio Castellotti,1,2,1956,1
ramos,Hernando da Silva Ramos,2,2,1956,2
bayol,Élie Bayol,0,2,1956,0
manzon,Robert Manzon,0,2,1956,0
rosier,Louis Rosier,0,2,1956,0
ward,Rodger Ward,0,3,1956,0
rathmann,Jim Rathmann,0,3,1956,0
thomson,Johnny Thomson,0,3,1956,0
johnson,Eddie Johnson,0,3,1956,0
veith,Bob Veith,0,3,1956,0
christie,Bob Christie,0,3,1956,0
hartley,Gene Hartley,0,3,1956,0
bryan,Jimmy Bryan,0,3,1956,0
ruttman,Troy Ruttman,0,3,1956,0
freeland,Don Freeland,4,3,1956,4
bettenhausen,Tony Bettenhausen,0,3,1956,0
russo,Eddie Russo,0,3,1956,0
boyd,Johnny Boyd,0,3,1956,0
dick_rathmann,Dick Rathmann,2,3,1956,2
herman,Al Herman,0,3,1956,0
paul_russo,Paul Russo,1,3,1956,1
daywalt,Jimmy Daywalt,0,3,1956,0
keller,Al Keller,0,3,1956,0
flaherty,Pat Flaherty,8,3,1956,8
ray_crawford,Ray Crawford,0,3,1956,0
turner,Jack Turner,0,3,1956,0
reece,Jimmy Reece,0,3,1956,0
parsons,Johnnie Parsons,3,3,1956,3
tolan,Johnnie Tolan,0,3,1956,0
garrett,Billy Garrett,0,3,1956,0
elisian,Ed Elisian,0,3,1956,0
connor,Pat O'Connor,0,3,1956,0
hanks,Sam Hanks,6,3,1956,6
linden,Andy Linden,0,3,1956,0
agabashian,Fred Agabashian,0,3,1956,0
sweikert,Bob Sweikert,0,3,1956,0
griffith,Cliff Griffith,0,3,1956,0
dinsmore,Duke Dinsmore,0,3,1956,0
andrews,Keith Andrews,0,3,1956,0
trintignant,Maurice Trintignant,0,4,1956,0
andre_pilette,André Pilette,0,4,1956,0
moss,Stirling Moss,0,4,1956,11
moss,Stirling Moss,3,4,1956,11
schell,Harry Schell,3,4,1956,3
gould,Horace Gould,0,4,1956,0
behra,Jean Behra,0,4,1956,10
fangio,Juan Fangio,0,4,1956,10
godia,Paco Godia,0,4,1956,0
collins,Peter Collins,8,4,1956,11
perdisa,Cesare Perdisa,2,4,1956,2
castellotti,Eugenio Castellotti,0,4,1956,1
rosier,Louis Rosier,0,4,1956,0
frere,Paul Frère,6,4,1956,6
villoresi,Luigi Villoresi,2,4,1956,2
scotti,Piero Scotti,0,4,1956,0
trintignant,Maurice Trintignant,0,5,1956,0
andre_pilette,André Pilette,0,5,1956,0
moss,Stirling Moss,0,5,1956,12
moss,Stirling Moss,1,5,1956,12
gendebien,Olivier Gendebien,0,5,1956,2
schell,Harry Schell,0,5,1956,3
schell,Harry Schell,0,5,1956,3
behra,Jean Behra,4,5,1956,14
hawthorn,Mike Hawthorn,0,5,1956,4
fangio,Juan Fangio,4,5,1956,14
godia,Paco Godia,0,5,1956,0
collins,Peter Collins,8,5,1956,19
portago,Alfonso de Portago,0,5,1956,0
perdisa,Cesare Perdisa,1,5,1956,3
castellotti,Eugenio Castellotti,6,5,1956,7
simon,André Simon,0,5,1956,0
ramos,Hernando da Silva Ramos,0,5,1956,2
ramos,Hernando da Silva Ramos,0,5,1956,2
manzon,Robert Manzon,0,5,1956,0
rosier,Louis Rosier,0,5,1956,0
villoresi,Luigi Villoresi,0,5,1956,2
chapman,Colin Chapman,0,5,1956,0
trintignant,Maurice Trintignant,0,6,1956,0
salvadori,Roy Salvadori,0,6,1956,0
moss,Stirling Moss,1,6,1956,13
brooks,Tony Brooks,0,6,1956,0
fairman,Jack Fairman,3,6,1956,3
gonzalez,José Froilán González,0,6,1956,0
schell,Harry Schell,0,6,1956,3
halford,Bruce Halford,0,6,1956,0
flockhart,Ron Flockhart,0,6,1956,0
gould,Horace Gould,2,6,1956,2
behra,Jean Behra,4,6,1956,18
hawthorn,Mike Hawthorn,0,6,1956,4
fangio,Juan Fangio,8,6,1956,22
godia,Paco Godia,0,6,1956,0
collins,Peter Collins,0,6,1956,22
collins,Peter Collins,3,6,1956,22
emery,Paul Emery,0,6,1956,0
portago,Alfonso de Portago,3,6,1956,3
portago,Alfonso de Portago,0,6,1956,3
perdisa,Cesare Perdisa,0,6,1956,3
castellotti,Eugenio Castellotti,0,6,1956,7
gerard,Bob Gerard,0,6,1956,0
maglioli,Umberto Maglioli,0,6,1956,0
ramos,Hernando da Silva Ramos,0,6,1956,2
manzon,Robert Manzon,0,6,1956,0
rosier,Louis Rosier,0,6,1956,0
villoresi,Luigi Villoresi,0,6,1956,2
titterington,Desmond Titterington,0,6,1956,0
scott_Brown,Archie Scott Brown,0,6,1956,0
jack_brabham,Jack Brabham,0,6,1956,0
andre_pilette,André Pilette,0,7,1956,0
salvadori,Roy Salvadori,0,7,1956,0
moss,Stirling Moss,6,7,1956,19
scarlatti,Giorgio Scarlatti,0,7,1956,0
schell,Harry Schell,0,7,1956,3
halford,Bruce Halford,0,7,1956,0
gould,Horace Gould,0,7,1956,2
behra,Jean Behra,4,7,1956,22
musso,Luigi Musso,0,7,1956,4
fangio,Juan Fangio,9,7,1956,31
godia,Paco Godia,3,7,1956,3
collins,Peter Collins,0,7,1956,22
piotti,Luigi Piotti,0,7,1956,0
portago,Alfonso de Portago,0,7,1956,3
perdisa,Cesare Perdisa,0,7,1956,3
castellotti,Eugenio Castellotti,0,7,1956,7
maglioli,Umberto Maglioli,0,7,1956,0
manzon,Robert Manzon,0,7,1956,0
rosier,Louis Rosier,2,7,1956,2
villoresi,Luigi Villoresi,0,7,1956,2
volonterio,Ottorino Volonterio,0,7,1956,0
milhoux,André Milhoux,0,7,1956,0
trintignant,Maurice Trintignant,0,8,1956,0
salvadori,Roy Salvadori,0,8,1956,0
moss,Stirling Moss,9,8,1956,28
trips,Wolfgang von Trips,0,8,1956,0
fairman,Jack Fairman,2,8,1956,5
schell,Harry Schell,0,8,1956,3
halford,Bruce Halford,0,8,1956,0
flockhart,Ron Flockhart,4,8,1956,4
behra,Jean Behra,0,8,1956,22
behra,Jean Behra,0,8,1956,22
musso,Luigi Musso,0,8,1956,4
fangio,Juan Fangio,0,8,1956,34
fangio,Juan Fangio,3,8,1956,34
godia,Paco Godia,3,8,1956,6
collins,Peter Collins,3,8,1956,25
gerini,Gerino Gerini,0,8,1956,1
piotti,Luigi Piotti,0,8,1956,0
portago,Alfonso de Portago,0,8,1956,3
castellotti,Eugenio Castellotti,0,8,1956,7
castellotti,Eugenio Castellotti,0,8,1956,7
simon,André Simon,0,8,1956,0
leston,Les Leston,0,8,1956,0
maglioli,Umberto Maglioli,0,8,1956,0
ramos,Hernando da Silva Ramos,0,8,1956,2
manzon,Robert Manzon,0,8,1956,0
villoresi,Luigi Villoresi,0,8,1956,2
graffenried,Toulo de Graffenried,0,8,1956,0
taruffi,Piero Taruffi,0,8,1956,0
bonnier,Jo Bonnier,0,8,1956,0
trintignant,Maurice Trintignant,2,1,1955,3
trintignant,Maurice Trintignant,1,1,1955,3
trintignant,Maurice Trintignant,0,1,1955,3
moss,Stirling Moss,0,1,1955,1
moss,Stirling Moss,1,1,1955,1
herrmann,Hans Herrmann,1,1,1955,1
menditeguy,Carlos Menditeguy,0,1,1955,0
menditeguy,Carlos Menditeguy,0,1,1955,0
gonzalez,José Froilán González,2,1,1955,2
schell,Harry Schell,0,1,1955,0
schell,Harry Schell,0,1,1955,0
schell,Harry Schell,0,1,1955,0
behra,Jean Behra,0,1,1955,0
behra,Jean Behra,0,1,1955,0
behra,Jean Behra,0,1,1955,0
musso,Luigi Musso,0,1,1955,0
musso,Luigi Musso,0,1,1955,0
fangio,Juan Fangio,9,1,1955,9
castellotti,Eugenio Castellotti,0,1,1955,0
maglioli,Umberto Maglioli,1,1,1955,1
uria,Alberto Uria,0,1,1955,0
bayol,Élie Bayol,0,1,1955,0
villoresi,Luigi Villoresi,0,1,1955,0
villoresi,Luigi Villoresi,0,1,1955,0
farina,Nino Farina,1,1,1955,3
farina,Nino Farina,2,1,1955,3
mieres,Roberto Mieres,2,1,1955,2
mantovani,Sergio Mantovani,0,1,1955,0
mantovani,Sergio Mantovani,0,1,1955,0
bucci,Clemar Bucci,0,1,1955,0
iglesias,Jesús Iglesias,0,1,1955,0
ascari,Alberto Ascari,0,1,1955,0
kling,Karl Kling,0,1,1955,1
kling,Karl Kling,1,1,1955,1
birger,Pablo Birger,0,1,1955,0
trintignant,Maurice Trintignant,8,2,1955,11
moss,Stirling Moss,0,2,1955,1
herrmann,Hans Herrmann,0,2,1955,1
schell,Harry Schell,0,2,1955,0
behra,Jean Behra,2,2,1955,2
behra,Jean Behra,0,2,1955,2
musso,Luigi Musso,0,2,1955,0
hawthorn,Mike Hawthorn,0,2,1955,0
fangio,Juan Fangio,1,2,1955,10
chiron,Louis Chiron,0,2,1955,0
perdisa,Cesare Perdisa,0,2,1955,2
perdisa,Cesare Perdisa,2,2,1955,2
castellotti,Eugenio Castellotti,6,2,1955,6
simon,André Simon,0,2,1955,0
bayol,Élie Bayol,0,2,1955,0
manzon,Robert Manzon,0,2,1955,0
rosier,Louis Rosier,0,2,1955,0
frere,Paul Frère,0,2,1955,0
villoresi,Luigi Villoresi,2,2,1955,2
taruffi,Piero Taruffi,0,2,1955,0
farina,Nino Farina,3,2,1955,6
mieres,Roberto Mieres,0,2,1955,2
ascari,Alberto Ascari,0,2,1955,0
pollet,Jacques Pollet,0,2,1955,0
macklin,Lance Macklin,0,2,1955,0
whiteaway,Ted Whiteaway,0,2,1955,0
ward,Rodger Ward,0,3,1955,0
rathmann,Jim Rathmann,0,3,1955,0
thomson,Johnny Thomson,3,3,1955,3
johnson,Eddie Johnson,0,3,1955,0
darter,Duane Carter,0,3,1955,0
homeier,Bill Homeier,1,3,1955,1
templeman,Shorty Templeman,0,3,1955,0
bryan,Jimmy Bryan,0,3,1955,0
freeland,Don Freeland,0,3,1955,0
bettenhausen,Tony Bettenhausen,3,3,1955,3
russo,Eddie Russo,0,3,1955,0
boyd,Johnny Boyd,0,3,1955,0
herman,Al Herman,0,3,1955,0
paul_russo,Paul Russo,3,3,1955,3
daywalt,Jimmy Daywalt,0,3,1955,0
keller,Al Keller,0,3,1955,0
flaherty,Pat Flaherty,0,3,1955,0
ray_crawford,Ray Crawford,0,3,1955,0
weyant,Chuck Weyant,0,3,1955,0
reece,Jimmy Reece,0,3,1955,0
parsons,Johnnie Parsons,0,3,1955,0
elisian,Ed Elisian,0,3,1955,0
connor,Pat O'Connor,0,3,1955,0
hanks,Sam Hanks,0,3,1955,0
linden,Andy Linden,0,3,1955,0
agabashian,Fred Agabashian,0,3,1955,0
sweikert,Bob Sweikert,8,3,1955,8
andrews,Keith Andrews,0,3,1955,0
davies,Jimmy Davies,4,3,1955,4
faulkner,Walt Faulkner,1,3,1955,1
niday,Cal Niday,0,3,1955,0
cross,Art Cross,0,3,1955,0
vukovich,Bill Vukovich,1,3,1955,1
mcgrath,Jack McGrath,0,3,1955,0
hoyt,Jerry Hoyt,0,3,1955,0
trintignant,Maurice Trintignant,0,4,1955,11
moss,Stirling Moss,6,4,1955,7
schell,Harry Schell,0,4,1955,0
behra,Jean Behra,0,4,1955,3
behra,Jean Behra,1,4,1955,3
musso,Luigi Musso,0,4,1955,0
hawthorn,Mike Hawthorn,0,4,1955,0
fangio,Juan Fangio,9,4,1955,19
perdisa,Cesare Perdisa,0,4,1955,2
castellotti,Eugenio Castellotti,0,4,1955,6
rosier,Louis Rosier,0,4,1955,0
frere,Paul Frère,3,4,1955,3
taruffi,Piero Taruffi,0,4,1955,0
farina,Nino Farina,4,4,1955,10
mieres,Roberto Mieres,1,4,1955,3
kling,Karl Kling,0,4,1955,1
claes,Johnny Claes,0,4,1955,0
trintignant,Maurice Trintignant,0,5,1955,11
moss,Stirling Moss,6,5,1955,13
gould,Horace Gould,0,5,1955,0
behra,Jean Behra,0,5,1955,3
musso,Luigi Musso,4,5,1955,4
hawthorn,Mike Hawthorn,0,5,1955,0
fangio,Juan Fangio,8,5,1955,27
castellotti,Eugenio Castellotti,2,5,1955,8
ramos,Hernando da Silva Ramos,0,5,1955,0
manzon,Robert Manzon,0,5,1955,0
rosier,Louis Rosier,0,5,1955,0
mieres,Roberto Mieres,4,5,1955,7
kling,Karl Kling,0,5,1955,1
pollet,Jacques Pollet,0,5,1955,0
claes,Johnny Claes,0,5,1955,0
peter_walker,Peter Walker,0,5,1955,0
trintignant,Maurice Trintignant,0,6,1955,11
salvadori,Roy Salvadori,0,6,1955,0
moss,Stirling Moss,9,6,1955,22
fairman,Jack Fairman,0,6,1955,0
schell,Harry Schell,0,6,1955,0
schell,Harry Schell,0,6,1955,0
gould,Horace Gould,0,6,1955,0
behra,Jean Behra,0,6,1955,3
musso,Luigi Musso,2,6,1955,6
hawthorn,Mike Hawthorn,0,6,1955,0
fangio,Juan Fangio,6,6,1955,33
collins,Peter Collins,0,6,1955,0
castellotti,Eugenio Castellotti,0,6,1955,8
castellotti,Eugenio Castellotti,0,6,1955,8
simon,André Simon,0,6,1955,0
ramos,Hernando da Silva Ramos,0,6,1955,0
manzon,Robert Manzon,0,6,1955,0
taruffi,Piero Taruffi,3,6,1955,3
mieres,Roberto Mieres,0,6,1955,7
kling,Karl Kling,4,6,1955,5
macklin,Lance Macklin,0,6,1955,0
peter_walker,Peter Walker,0,6,1955,0
sparken,Mike Sparken,0,6,1955,0
wharton,Ken Wharton,0,6,1955,0
mcalpine,Kenneth McAlpine,0,6,1955,0
marr,Leslie Marr,0,6,1955,0
rolt,Tony Rolt,0,6,1955,0
jack_brabham,Jack Brabham,0,6,1955,0
trintignant,Maurice Trintignant,0,7,1955,11
moss,Stirling Moss,1,7,1955,23
menditeguy,Carlos Menditeguy,2,7,1955,2
schell,Harry Schell,0,7,1955,0
gould,Horace Gould,0,7,1955,0
behra,Jean Behra,3,7,1955,6
musso,Luigi Musso,0,7,1955,6
hawthorn,Mike Hawthorn,0,7,1955,0
fangio,Juan Fangio,8,7,1955,41
collins,Peter Collins,0,7,1955,0
piotti,Luigi Piotti,0,7,1955,0
castellotti,Eugenio Castellotti,4,7,1955,12
maglioli,Umberto Maglioli,0,7,1955,1
ramos,Hernando da Silva Ramos,0,7,1955,0
villoresi,Luigi Villoresi,0,7,1955,2
taruffi,Piero Taruffi,6,7,1955,9
farina,Nino Farina,0,7,1955,10
mieres,Roberto Mieres,0,7,1955,7
kling,Karl Kling,0,7,1955,5
pollet,Jacques Pollet,0,7,1955,0
wharton,Ken Wharton,0,7,1955,0
fitch,John Fitch,0,7,1955,0
lucas,Jean Lucas,0,7,1955,0
trintignant,Maurice Trintignant,3,1,1954,3
menditeguy,Carlos Menditeguy,0,1,1954,0
gonzalez,José Froilán González,5,1,1954,5
schell,Harry Schell,0,1,1954,0
behra,Jean Behra,0,1,1954,0
musso,Luigi Musso,0,1,1954,0
hawthorn,Mike Hawthorn,0,1,1954,0
fangio,Juan Fangio,8,1,1954,8
maglioli,Umberto Maglioli,0,1,1954,0
bayol,Élie Bayol,2,1,1954,2
rosier,Louis Rosier,0,1,1954,0
graffenried,Toulo de Graffenried,0,1,1954,0
farina,Nino Farina,6,1,1954,6
mieres,Roberto Mieres,0,1,1954,0
bira,Prince Bira,0,1,1954,0
marimon,Onofre Marimón,0,1,1954,0
loyer,Roger Loyer,0,1,1954,0
daponte,Jorge Daponte,0,1,1954,0
ward,Rodger Ward,0,2,1954,0
rathmann,Jim Rathmann,0,2,1954,0
rathmann,Jim Rathmann,0,2,1954,0
thomson,Johnny Thomson,0,2,1954,0
johnson,Eddie Johnson,0,2,1954,0
darter,Duane Carter,0,2,1954,1
darter,Duane Carter,1,2,1954,1
homeier,Bill Homeier,0,2,1954,0
hartley,Gene Hartley,0,2,1954,0
stevenson,Chuck Stevenson,0,2,1954,0
bryan,Jimmy Bryan,6,2,1954,6
ruttman,Troy Ruttman,1,2,1954,1
freeland,Don Freeland,0,2,1954,0
bettenhausen,Tony Bettenhausen,0,2,1954,0
bettenhausen,Tony Bettenhausen,0,2,1954,0
paul_russo,Paul Russo,0,2,1954,0
daywalt,Jimmy Daywalt,0,2,1954,0
daywalt,Jimmy Daywalt,0,2,1954,0
flaherty,Pat Flaherty,0,2,1954,0
reece,Jimmy Reece,0,2,1954,0
parsons,Johnnie Parsons,0,2,1954,0
parsons,Johnnie Parsons,0,2,1954,0
elisian,Ed Elisian,0,2,1954,0
connor,Pat O'Connor,0,2,1954,0
hanks,Sam Hanks,0,2,1954,0
hanks,Sam Hanks,0,2,1954,0
linden,Andy Linden,0,2,1954,0
linden,Andy Linden,0,2,1954,0
linden,Andy Linden,0,2,1954,0
teague,Marshall Teague,0,2,1954,0
teague,Marshall Teague,0,2,1954,0
agabashian,Fred Agabashian,0,2,1954,0
sweikert,Bob Sweikert,0,2,1954,0
davies,Jimmy Davies,0,2,1954,0
davies,Jimmy Davies,0,2,1954,0
faulkner,Walt Faulkner,0,2,1954,0
niday,Cal Niday,0,2,1954,0
cross,Art Cross,0,2,1954,0
vukovich,Bill Vukovich,8,2,1954,8
mcgrath,Jack McGrath,5,2,1954,5
hoyt,Jerry Hoyt,0,2,1954,0
hoyt,Jerry Hoyt,0,2,1954,0
nazaruk,Mike Nazaruk,2,2,1954,2
crockett,Larry Crockett,0,2,1954,0
ayulo,Manny Ayulo,0,2,1954,0
armi,Frank Armi,0,2,1954,0
webb,Travis Webb,0,2,1954,0
duncan,Len Duncan,0,2,1954,0
mccoy,Ernie McCoy,0,2,1954,0
bob_scott,Bob Scott,0,2,1954,0
bob_scott,Bob Scott,0,2,1954,0
fonder,George Fonder,0,2,1954,0
fonder,George Fonder,0,2,1954,0
jackson,Jimmy Jackson,0,2,1954,0
kladis,Danny Kladis,0,2,1954,0
trintignant,Maurice Trintignant,6,3,1954,9
andre_pilette,André Pilette,2,3,1954,2
moss,Stirling Moss,4,3,1954,4
gonzalez,José Froilán González,1,3,1954,6
gonzalez,José Froilán González,0,3,1954,6
behra,Jean Behra,0,3,1954,0
hawthorn,Mike Hawthorn,1,3,1954,1
fangio,Juan Fangio,9,3,1954,17
frere,Paul Frère,0,3,1954,0
farina,Nino Farina,0,3,1954,6
mieres,Roberto Mieres,0,3,1954,0
mantovani,Sergio Mantovani,0,3,1954,0
bira,Prince Bira,0,3,1954,0
marimon,Onofre Marimón,0,3,1954,0
swaters,Jacques Swaters,0,3,1954,0
trintignant,Maurice Trintignant,0,4,1954,9
salvadori,Roy Salvadori,0,4,1954,0
herrmann,Hans Herrmann,1,4,1954,1
gonzalez,José Froilán González,0,4,1954,6
schell,Harry Schell,0,4,1954,0
behra,Jean Behra,0,4,1954,0
hawthorn,Mike Hawthorn,0,4,1954,1
fangio,Juan Fangio,8,4,1954,25
manzon,Robert Manzon,4,4,1954,4
rosier,Louis Rosier,0,4,1954,0
frere,Paul Frère,0,4,1954,0
villoresi,Luigi Villoresi,2,4,1954,2
mieres,Roberto Mieres,0,4,1954,0
mantovani,Sergio Mantovani,0,4,1954,0
ascari,Alberto Ascari,0,4,1954,0
kling,Karl Kling,6,4,1954,6
pollet,Jacques Pollet,0,4,1954,0
macklin,Lance Macklin,0,4,1954,0
wharton,Ken Wharton,0,4,1954,0
bira,Prince Bira,3,4,1954,3
marimon,Onofre Marimón,0,4,1954,0
georges_berger,Georges Berger,0,4,1954,0
trintignant,Maurice Trintignant,2,5,1954,11
andre_pilette,André Pilette,0,5,1954,2
salvadori,Roy Salvadori,0,5,1954,0
moss,Stirling Moss,0,5,1954,4
gonzalez,José Froilán González,8,5,1954,14
schell,Harry Schell,0,5,1954,0
flockhart,Ron Flockhart,0,5,1954,0
gould,Horace Gould,0,5,1954,0
behra,Jean Behra,0,5,1954,0
hawthorn,Mike Hawthorn,6,5,1954,7
fangio,Juan Fangio,3,5,1954,28
collins,Peter Collins,0,5,1954,0
gerard,Bob Gerard,0,5,1954,0
manzon,Robert Manzon,0,5,1954,4
rosier,Louis Rosier,0,5,1954,0
villoresi,Luigi Villoresi,0,5,1954,2
mieres,Roberto Mieres,0,5,1954,0
bucci,Clemar Bucci,0,5,1954,0
ascari,Alberto Ascari,0,5,1954,0
ascari,Alberto Ascari,0,5,1954,0
kling,Karl Kling,0,5,1954,6
wharton,Ken Wharton,0,5,1954,0
marr,Leslie Marr,0,5,1954,0
bira,Prince Bira,0,5,1954,3
marimon,Onofre Marimón,4,5,1954,4
beauman,Don Beauman,0,5,1954,0
thorne,Leslie Thorne,0,5,1954,0
whitehouse,Bill Whitehouse,0,5,1954,0
riseley_prichard,John Riseley-Prichard,0,5,1954,0
reg_parnell,Reg Parnell,0,5,1954,0
whitehead,Peter Whitehead,0,5,1954,0
brandon,Eric Brandon,0,5,1954,0
alan_brown,Alan Brown,0,5,1954,0
nuckey,Rodney Nuckey,0,5,1954,0
trintignant,Maurice Trintignant,4,6,1954,15
andre_pilette,André Pilette,0,6,1954,2
moss,Stirling Moss,0,6,1954,4
herrmann,Hans Herrmann,0,6,1954,1
gonzalez,José Froilán González,3,6,1954,17
schell,Harry Schell,0,6,1954,0
behra,Jean Behra,0,6,1954,0
hawthorn,Mike Hawthorn,0,6,1954,10
hawthorn,Mike Hawthorn,3,6,1954,10
fangio,Juan Fangio,8,6,1954,36
manzon,Robert Manzon,0,6,1954,4
rosier,Louis Rosier,0,6,1954,0
frere,Paul Frère,0,6,1954,0
villoresi,Luigi Villoresi,0,6,1954,2
taruffi,Piero Taruffi,0,6,1954,0
mieres,Roberto Mieres,0,6,1954,0
mantovani,Sergio Mantovani,2,6,1954,2
bucci,Clemar Bucci,0,6,1954,0
kling,Karl Kling,4,6,1954,10
wharton,Ken Wharton,0,6,1954,0
bira,Prince Bira,0,6,1954,3
marimon,Onofre Marimón,0,6,1954,4
lang,Hermann Lang,0,6,1954,0
helfrich,Theo Helfrich,0,6,1954,0
trintignant,Maurice Trintignant,0,7,1954,15
moss,Stirling Moss,0,7,1954,4
herrmann,Hans Herrmann,4,7,1954,5
gonzalez,José Froilán González,6,7,1954,23
schell,Harry Schell,0,7,1954,0
behra,Jean Behra,0,7,1954,0
hawthorn,Mike Hawthorn,0,7,1954,10
fangio,Juan Fangio,9,7,1954,45
maglioli,Umberto Maglioli,0,7,1954,0
manzon,Robert Manzon,0,7,1954,4
mieres,Roberto Mieres,3,7,1954,3
mantovani,Sergio Mantovani,2,7,1954,4
bucci,Clemar Bucci,0,7,1954,0
kling,Karl Kling,0,7,1954,10
wharton,Ken Wharton,0,7,1954,0
swaters,Jacques Swaters,0,7,1954,0
wacker,Fred Wacker,0,7,1954,0
trintignant,Maurice Trintignant,2,8,1954,17
moss,Stirling Moss,0,8,1954,4
herrmann,Hans Herrmann,3,8,1954,8
gonzalez,José Froilán González,0,8,1954,26
gonzalez,José Froilán González,3,8,1954,26
behra,Jean Behra,0,8,1954,0
musso,Luigi Musso,0,8,1954,0
hawthorn,Mike Hawthorn,6,8,1954,16
fangio,Juan Fangio,8,8,1954,53
collins,Peter Collins,0,8,1954,0
maglioli,Umberto Maglioli,2,8,1954,2
manzon,Robert Manzon,0,8,1954,4
rosier,Louis Rosier,0,8,1954,0
villoresi,Luigi Villoresi,0,8,1954,2
mieres,Roberto Mieres,0,8,1954,3
mantovani,Sergio Mantovani,0,8,1954,4
bucci,Clemar Bucci,0,8,1954,0
ascari,Alberto Ascari,0,8,1954,0
kling,Karl Kling,0,8,1954,10
daponte,Jorge Daponte,0,8,1954,0
wacker,Fred Wacker,0,8,1954,0
riu,Giovanni de Riu,0,8,1954,0
trintignant,Maurice Trintignant,0,9,1954,17
moss,Stirling Moss,0,9,1954,4
herrmann,Hans Herrmann,0,9,1954,8
schell,Harry Schell,0,9,1954,0
behra,Jean Behra,0,9,1954,0
musso,Luigi Musso,6,9,1954,6
hawthorn,Mike Hawthorn,8,9,1954,24
fangio,Juan Fangio,4,9,1954,57
godia,Paco Godia,0,9,1954,0
collins,Peter Collins,0,9,1954,0
manzon,Robert Manzon,0,9,1954,4
rosier,Louis Rosier,0,9,1954,0
villoresi,Luigi Villoresi,0,9,1954,2
volonterio,Ottorino Volonterio,0,9,1954,0
graffenried,Toulo de Graffenried,0,9,1954,0
mieres,Roberto Mieres,3,9,1954,6
mantovani,Sergio Mantovani,0,9,1954,4
ascari,Alberto Ascari,1,9,1954,1
kling,Karl Kling,2,9,1954,12
pollet,Jacques Pollet,0,9,1954,0
wharton,Ken Wharton,0,9,1954,0
bira,Prince Bira,0,9,1954,3
swaters,Jacques Swaters,0,9,1954,0
trintignant,Maurice Trintignant,0,1,1953,0
menditeguy,Carlos Menditeguy,0,1,1953,0
gonzalez,José Froilán González,4,1,1953,4
schell,Harry Schell,0,1,1953,0
behra,Jean Behra,0,1,1953,0
hawthorn,Mike Hawthorn,3,1,1953,3
fangio,Juan Fangio,0,1,1953,0
manzon,Robert Manzon,0,1,1953,0
villoresi,Luigi Villoresi,6,1,1953,6
farina,Nino Farina,0,1,1953,0
ascari,Alberto Ascari,9,1,1953,9
birger,Pablo Birger,0,1,1953,0
alan_brown,Alan Brown,0,1,1953,0
galvez,Oscar Gálvez,2,1,1953,2
john_barber,John Barber,0,1,1953,0
bonetto,Felice Bonetto,0,1,1953,0
cruz,Adolfo Cruz,0,1,1953,0
ward,Rodger Ward,0,2,1953,0
rathmann,Jim Rathmann,0,2,1953,0
rathmann,Jim Rathmann,0,2,1953,0
thomson,Johnny Thomson,0,2,1953,0
thomson,Johnny Thomson,0,2,1953,0
johnson,Eddie Johnson,0,2,1953,0
darter,Duane Carter,0,2,1953,2
darter,Duane Carter,2,2,1953,2
hartley,Gene Hartley,0,2,1953,0
hartley,Gene Hartley,0,2,1953,0
stevenson,Chuck Stevenson,0,2,1953,0
stevenson,Chuck Stevenson,0,2,1953,0
stevenson,Chuck Stevenson,0,2,1953,0
bryan,Jimmy Bryan,0,2,1953,0
freeland,Don Freeland,0,2,1953,0
bettenhausen,Tony Bettenhausen,0,2,1953,0
paul_russo,Paul Russo,0,2,1953,1
paul_russo,Paul Russo,1,2,1953,1
daywalt,Jimmy Daywalt,0,2,1953,0
flaherty,Pat Flaherty,0,2,1953,0
parsons,Johnnie Parsons,0,2,1953,0
hanks,Sam Hanks,2,2,1953,2
linden,Andy Linden,0,2,1953,0
linden,Andy Linden,0,2,1953,0
linden,Andy Linden,0,2,1953,0
teague,Marshall Teague,0,2,1953,0
agabashian,Fred Agabashian,1,2,1953,1
sweikert,Bob Sweikert,0,2,1953,0
dinsmore,Duke Dinsmore,0,2,1953,0
davies,Jimmy Davies,0,2,1953,0
faulkner,Walt Faulkner,0,2,1953,0
niday,Cal Niday,0,2,1953,0
cross,Art Cross,6,2,1953,6
vukovich,Bill Vukovich,9,2,1953,9
mcgrath,Jack McGrath,2,2,1953,2
hoyt,Jerry Hoyt,0,2,1953,0
nazaruk,Mike Nazaruk,0,2,1953,0
ayulo,Manny Ayulo,0,2,1953,0
webb,Travis Webb,0,2,1953,0
mccoy,Ernie McCoy,0,2,1953,0
nalon,Duke Nalon,0,2,1953,0
scarborough,Carl Scarborough,0,2,1953,0
holland,Bill Holland,0,2,1953,0
bob_scott,Bob Scott,0,2,1953,0
bob_scott,Bob Scott,0,2,1953,0
holmes,Jackie Holmes,0,2,1953,0
mantz,Johnny Mantz,0,2,1953,0
trintignant,Maurice Trintignant,0,3,1953,0
salvadori,Roy Salvadori,0,3,1953,0
moss,Stirling Moss,0,3,1953,0
gonzalez,José Froilán González,0,3,1953,6
gonzalez,José Froilán González,2,3,1953,6
schell,Harry Schell,0,3,1953,0
hawthorn,Mike Hawthorn,3,3,1953,6
fangio,Juan Fangio,0,3,1953,0
collins,Peter Collins,0,3,1953,0
rosier,Louis Rosier,0,3,1953,0
villoresi,Luigi Villoresi,1,3,1953,7
graffenried,Toulo de Graffenried,2,3,1953,2
farina,Nino Farina,6,3,1953,6
mieres,Roberto Mieres,0,3,1953,0
ascari,Alberto Ascari,8,3,1953,17
macklin,Lance Macklin,0,3,1953,0
claes,Johnny Claes,0,3,1953,0
wharton,Ken Wharton,0,3,1953,0
mcalpine,Kenneth McAlpine,0,3,1953,0
bonetto,Felice Bonetto,2,3,1953,2
trintignant,Maurice Trintignant,2,4,1953,2
andre_pilette,André Pilette,0,4,1953,0
gonzalez,José Froilán González,1,4,1953,7
schell,Harry Schell,0,4,1953,0
behra,Jean Behra,0,4,1953,0
hawthorn,Mike Hawthorn,0,4,1953,6
fangio,Juan Fangio,0,4,1953,0
fangio,Juan Fangio,0,4,1953,0
collins,Peter Collins,0,4,1953,0
rosier,Louis Rosier,0,4,1953,0
frere,Paul Frère,0,4,1953,0
villoresi,Luigi Villoresi,6,4,1953,13
graffenried,Toulo de Graffenried,3,4,1953,5
farina,Nino Farina,0,4,1953,6
ascari,Alberto Ascari,8,4,1953,25
macklin,Lance Macklin,0,4,1953,0
claes,Johnny Claes,0,4,1953,0
marimon,Onofre Marimón,4,4,1953,4
georges_berger,Georges Berger,0,4,1953,0
wacker,Fred Wacker,0,4,1953,0
legat,Arthur Legat,0,4,1953,0
trintignant,Maurice Trintignant,0,5,1953,2
salvadori,Roy Salvadori,0,5,1953,0
moss,Stirling Moss,0,5,1953,0
gonzalez,José Froilán González,4,5,1953,11
schell,Harry Schell,0,5,1953,0
behra,Jean Behra,0,5,1953,0
hawthorn,Mike Hawthorn,8,5,1953,14
fangio,Juan Fangio,7,5,1953,7
collins,Peter Collins,0,5,1953,0
chiron,Louis Chiron,0,5,1953,0
gerard,Bob Gerard,0,5,1953,0
bayol,Élie Bayol,0,5,1953,0
rosier,Louis Rosier,0,5,1953,0
villoresi,Luigi Villoresi,0,5,1953,13
graffenried,Toulo de Graffenried,0,5,1953,5
farina,Nino Farina,2,5,1953,8
mieres,Roberto Mieres,0,5,1953,0
ascari,Alberto Ascari,3,5,1953,28
macklin,Lance Macklin,0,5,1953,0
claes,Johnny Claes,0,5,1953,0
wharton,Ken Wharton,0,5,1953,0
bira,Prince Bira,0,5,1953,0
marimon,Onofre Marimón,0,5,1953,4
bonetto,Felice Bonetto,0,5,1953,2
cabantous,Yves Cabantous,0,5,1953,0
trintignant,Maurice Trintignant,0,6,1953,2
salvadori,Roy Salvadori,0,6,1953,0
fairman,Jack Fairman,0,6,1953,0
gonzalez,José Froilán González,3,6,1953,14
schell,Harry Schell,0,6,1953,0
behra,Jean Behra,0,6,1953,0
hawthorn,Mike Hawthorn,2,6,1953,16
fangio,Juan Fangio,6,6,1953,13
collins,Peter Collins,0,6,1953,0
rosier,Louis Rosier,0,6,1953,0
villoresi,Luigi Villoresi,0,6,1953,13
graffenried,Toulo de Graffenried,0,6,1953,5
farina,Nino Farina,4,6,1953,12
ascari,Alberto Ascari,8,6,1953,36
macklin,Lance Macklin,0,6,1953,0
wharton,Ken Wharton,0,6,1953,0
mcalpine,Kenneth McAlpine,0,6,1953,0
rolt,Tony Rolt,0,6,1953,0
bira,Prince Bira,0,6,1953,0
marimon,Onofre Marimón,0,6,1953,4
whitehead,Peter Whitehead,0,6,1953,0
alan_brown,Alan Brown,0,6,1953,0
bonetto,Felice Bonetto,0,6,1953,2
crook,Tony Crook,0,6,1953,0
jimmy_stewart,Jimmy Stewart,0,6,1953,0
ian_stewart,Ian Stewart,0,6,1953,0
duncan_hamilton,Duncan Hamilton,0,6,1953,0
trintignant,Maurice Trintignant,0,7,1953,2
barth,Edgar Barth,0,7,1953,0
seidel,Wolfgang Seidel,0,7,1953,0
salvadori,Roy Salvadori,0,7,1953,0
moss,Stirling Moss,0,7,1953,0
herrmann,Hans Herrmann,0,7,1953,0
schell,Harry Schell,0,7,1953,0
behra,Jean Behra,0,7,1953,0
hawthorn,Mike Hawthorn,4,7,1953,20
fangio,Juan Fangio,6,7,1953,19
rosier,Louis Rosier,0,7,1953,0
villoresi,Luigi Villoresi,0,7,1953,13
villoresi,Luigi Villoresi,0,7,1953,13
graffenried,Toulo de Graffenried,2,7,1953,7
farina,Nino Farina,8,7,1953,20
ascari,Alberto Ascari,0,7,1953,37
ascari,Alberto Ascari,1,7,1953,37
claes,Johnny Claes,0,7,1953,0
mcalpine,Kenneth McAlpine,0,7,1953,0
bira,Prince Bira,0,7,1953,0
marimon,Onofre Marimón,0,7,1953,4
swaters,Jacques Swaters,0,7,1953,0
alan_brown,Alan Brown,0,7,1953,0
nuckey,Rodney Nuckey,0,7,1953,0
helfrich,Theo Helfrich,0,7,1953,0
bonetto,Felice Bonetto,3,7,1953,5
klodwig,Ernst Klodwig,0,7,1953,0
krause,Rudolf Krause,0,7,1953,0
karch,Oswald Karch,0,7,1953,0
heeks,Willi Heeks,0,7,1953,0
fitzau,Theo Fitzau,0,7,1953,0
adolff,Kurt Adolff,0,7,1953,0
bechem,Günther Bechem,0,7,1953,0
bauer,Erwin Bauer,0,7,1953,0
hans_stuck,Hans von Stuck,0,7,1953,0
loof,Ernst Loof,0,7,1953,0
scherrer,Albert Scherrer,0,8,1953,0
terra,Max de Terra,0,8,1953,0
hirt,Peter Hirt,0,8,1953,0
trintignant,Maurice Trintignant,0,8,1953,2
behra,Jean Behra,0,8,1953,0
hawthorn,Mike Hawthorn,4,8,1953,24
fangio,Juan Fangio,1,8,1953,20
fangio,Juan Fangio,0,8,1953,20
landi,Chico Landi,0,8,1953,0
rosier,Louis Rosier,0,8,1953,0
frere,Paul Frère,0,8,1953,0
villoresi,Luigi Villoresi,0,8,1953,13
graffenried,Toulo de Graffenried,0,8,1953,7
farina,Nino Farina,6,8,1953,26
ascari,Alberto Ascari,9,8,1953,46
macklin,Lance Macklin,0,8,1953,0
wharton,Ken Wharton,0,8,1953,0
marimon,Onofre Marimón,0,8,1953,4
swaters,Jacques Swaters,0,8,1953,0
lang,Hermann Lang,2,8,1953,2
bonetto,Felice Bonetto,0,8,1953,6
bonetto,Felice Bonetto,1,8,1953,6
trintignant,Maurice Trintignant,2,9,1953,4
salvadori,Roy Salvadori,0,9,1953,0
moss,Stirling Moss,0,9,1953,0
fairman,Jack Fairman,0,9,1953,0
schell,Harry Schell,0,9,1953,0
musso,Luigi Musso,0,9,1953,0
hawthorn,Mike Hawthorn,3,9,1953,27
fangio,Juan Fangio,9,9,1953,29
chiron,Louis Chiron,0,9,1953,0
maglioli,Umberto Maglioli,0,9,1953,0
landi,Chico Landi,0,9,1953,0
bayol,Élie Bayol,0,9,1953,0
rosier,Louis Rosier,0,9,1953,0
villoresi,Luigi Villoresi,4,9,1953,17
graffenried,Toulo de Graffenried,0,9,1953,7
farina,Nino Farina,6,9,1953,32
mieres,Roberto Mieres,0,9,1953,0
mantovani,Sergio Mantovani,0,9,1953,0
ascari,Alberto Ascari,0,9,1953,46
macklin,Lance Macklin,0,9,1953,0
claes,Johnny Claes,0,9,1953,0
wharton,Ken Wharton,0,9,1953,0
mcalpine,Kenneth McAlpine,0,9,1953,0
fitch,John Fitch,0,9,1953,0
bira,Prince Bira,0,9,1953,0
marimon,Onofre Marimón,0,9,1953,4
alan_brown,Alan Brown,0,9,1953,0
bonetto,Felice Bonetto,0,9,1953,6
cabantous,Yves Cabantous,0,9,1953,0
hans_stuck,Hans von Stuck,0,9,1953,0
carini,Piero Carini,0,9,1953,0
hans_stuck,Hans von Stuck,0,1,1952,0
terra,Max de Terra,0,1,1952,0
hirt,Peter Hirt,0,1,1952,0
fischer,Rudi Fischer,6,1,1952,6
ulmen,Toni Ulmen,0,1,1952,0
abecassis,George Abecassis,0,1,1952,0
moss,Stirling Moss,0,1,1952,0
schell,Harry Schell,0,1,1952,0
behra,Jean Behra,4,1,1952,4
collins,Peter Collins,0,1,1952,0
simon,André Simon,0,1,1952,0
manzon,Robert Manzon,0,1,1952,0
rosier,Louis Rosier,0,1,1952,0
graffenried,Toulo de Graffenried,0,1,1952,0
taruffi,Piero Taruffi,9,1,1952,9
farina,Nino Farina,0,1,1952,0
farina,Nino Farina,0,1,1952,0
macklin,Lance Macklin,0,1,1952,0
wharton,Ken Wharton,3,1,1952,3
bira,Prince Bira,0,1,1952,0
brandon,Eric Brandon,0,1,1952,0
alan_brown,Alan Brown,2,1,1952,2
ward,Rodger Ward,0,2,1952,0
rathmann,Jim Rathmann,6,2,1952,6
johnson,Eddie Johnson,0,2,1952,0
darter,Duane Carter,3,2,1952,3
hartley,Gene Hartley,0,2,1952,0
stevenson,Chuck Stevenson,0,2,1952,0
bryan,Jimmy Bryan,0,2,1952,0
ruttman,Troy Ruttman,8,2,1952,8
bettenhausen,Tony Bettenhausen,0,2,1952,0
reece,Jimmy Reece,0,2,1952,0
parsons,Johnnie Parsons,0,2,1952,0
hanks,Sam Hanks,4,2,1952,4
linden,Andy Linden,0,2,1952,0
agabashian,Fred Agabashian,0,2,1952,0
sweikert,Bob Sweikert,0,2,1952,0
griffith,Cliff Griffith,0,2,1952,0
ascari,Alberto Ascari,0,2,1952,0
cross,Art Cross,2,2,1952,2
vukovich,Bill Vukovich,1,2,1952,1
mcgrath,Jack McGrath,0,2,1952,0
ayulo,Manny Ayulo,0,2,1952,0
webb,Travis Webb,0,2,1952,0
nalon,Duke Nalon,0,2,1952,0
bob_scott,Bob Scott,0,2,1952,0
george_connor,George Connor,0,2,1952,0
rigsby,Jim Rigsby,0,2,1952,0
james,Joe James,0,2,1952,0
schindler,Bill Schindler,0,2,1952,0
fonder,George Fonder,0,2,1952,0
banks,Henry Banks,0,2,1952,0
mcdowell,Johnny McDowell,0,2,1952,0
miller,Chet Miller,0,2,1952,0
ball,Bobby Ball,0,2,1952,0
tornaco,Charles de Tornaco,0,3,1952,0
laurent,Roger Laurent,0,3,1952,0
obrien,Robert O'Brien,0,3,1952,0
gaze,Tony Gaze,0,3,1952,0
charrington,Robin Montgomerie-Charrington,0,3,1952,0
moss,Stirling Moss,0,3,1952,0
behra,Jean Behra,0,3,1952,4
hawthorn,Mike Hawthorn,3,3,1952,3
collins,Peter Collins,0,3,1952,0
manzon,Robert Manzon,4,3,1952,4
rosier,Louis Rosier,0,3,1952,0
frere,Paul Frère,2,3,1952,2
taruffi,Piero Taruffi,0,3,1952,9
farina,Nino Farina,6,3,1952,6
ascari,Alberto Ascari,9,3,1952,9
macklin,Lance Macklin,0,3,1952,0
claes,Johnny Claes,0,3,1952,0
wharton,Ken Wharton,0,3,1952,3
bira,Prince Bira,0,3,1952,0
brandon,Eric Brandon,0,3,1952,0
alan_brown,Alan Brown,0,3,1952,2
legat,Arthur Legat,0,3,1952,0
trintignant,Maurice Trintignant,2,4,1952,2
schell,Harry Schell,0,4,1952,0
schell,Harry Schell,0,4,1952,0
behra,Jean Behra,0,4,1952,4
hawthorn,Mike Hawthorn,0,4,1952,3
collins,Peter Collins,0,4,1952,0
manzon,Robert Manzon,3,4,1952,7
rosier,Louis Rosier,0,4,1952,0
graffenried,Toulo de Graffenried,0,4,1952,0
taruffi,Piero Taruffi,4,4,1952,13
farina,Nino Farina,6,4,1952,12
ascari,Alberto Ascari,9,4,1952,18
macklin,Lance Macklin,0,4,1952,0
claes,Johnny Claes,0,4,1952,0
bira,Prince Bira,0,4,1952,0
whitehead,Peter Whitehead,0,4,1952,0
cabantous,Yves Cabantous,0,4,1952,0
hirt,Peter Hirt,0,4,1952,0
carini,Piero Carini,0,4,1952,0
fischer,Rudi Fischer,0,4,1952,6
comotti,Franco Comotti,0,4,1952,0
etancelin,Philippe Étancelin,0,4,1952,0
hirt,Peter Hirt,0,5,1952,0
fischer,Rudi Fischer,0,5,1952,6
gaze,Tony Gaze,0,5,1952,0
poore,Dennis Poore,3,5,1952,3
thompson,Eric Thompson,2,5,1952,2
downing,Ken Downing,0,5,1952,0
graham_whitehead,Graham Whitehead,0,5,1952,0
bianco,Gino Bianco,0,5,1952,0
murray,David Murray,0,5,1952,0
cantoni,Eitel Cantoni,0,5,1952,0
aston,Bill Aston,0,5,1952,0
trintignant,Maurice Trintignant,0,5,1952,2
salvadori,Roy Salvadori,0,5,1952,0
moss,Stirling Moss,0,5,1952,0
schell,Harry Schell,0,5,1952,0
hawthorn,Mike Hawthorn,4,5,1952,7
collins,Peter Collins,0,5,1952,0
manzon,Robert Manzon,0,5,1952,7
graffenried,Toulo de Graffenried,0,5,1952,0
taruffi,Piero Taruffi,6,5,1952,19
farina,Nino Farina,0,5,1952,12
ascari,Alberto Ascari,9,5,1952,27
macklin,Lance Macklin,0,5,1952,0
claes,Johnny Claes,0,5,1952,0
mcalpine,Kenneth McAlpine,0,5,1952,0
bira,Prince Bira,0,5,1952,0
reg_parnell,Reg Parnell,0,5,1952,0
whitehead,Peter Whitehead,0,5,1952,0
brandon,Eric Brandon,0,5,1952,0
alan_brown,Alan Brown,0,5,1952,2
crook,Tony Crook,0,5,1952,0
duncan_hamilton,Duncan Hamilton,0,5,1952,0
trintignant,Maurice Trintignant,0,6,1952,2
behra,Jean Behra,2,6,1952,6
manzon,Robert Manzon,0,6,1952,7
frere,Paul Frère,0,6,1952,2
taruffi,Piero Taruffi,3,6,1952,22
farina,Nino Farina,6,6,1952,18
ascari,Alberto Ascari,9,6,1952,36
claes,Johnny Claes,0,6,1952,0
helfrich,Theo Helfrich,0,6,1952,0
bonetto,Felice Bonetto,0,6,1952,0
klodwig,Ernst Klodwig,0,6,1952,0
krause,Rudolf Krause,0,6,1952,0
heeks,Willi Heeks,0,6,1952,0
bechem,Günther Bechem,0,6,1952,0
carini,Piero Carini,0,6,1952,0
fischer,Rudi Fischer,4,6,1952,10
ulmen,Toni Ulmen,0,6,1952,0
laurent,Roger Laurent,0,6,1952,0
gaze,Tony Gaze,0,6,1952,0
bianco,Gino Bianco,0,6,1952,0
cantoni,Eitel Cantoni,0,6,1952,0
aston,Bill Aston,0,6,1952,0
brudes,Adolf Brudes,0,6,1952,0
riess,Fritz Riess,0,6,1952,0
niedermayr,Helmut Niedermayr,0,6,1952,0
klenk,Hans Klenk,0,6,1952,0
balsa,Marcel Balsa,0,6,1952,0
schoeller,Rudolf Schoeller,0,6,1952,0
pietsch,Paul Pietsch,0,6,1952,0
peters,Josef Peters,0,6,1952,0
tornaco,Charles de Tornaco,0,7,1952,0
downing,Ken Downing,0,7,1952,0
bianco,Gino Bianco,0,7,1952,0
lof,Dries van der Lof,0,7,1952,0
flinterman,Jan Flinterman,0,7,1952,0
flinterman,Jan Flinterman,0,7,1952,0
trintignant,Maurice Trintignant,0,7,1952,2
moss,Stirling Moss,0,7,1952,0
behra,Jean Behra,0,7,1952,6
hawthorn,Mike Hawthorn,3,7,1952,10
landi,Chico Landi,0,7,1952,0
manzon,Robert Manzon,2,7,1952,9
frere,Paul Frère,0,7,1952,2
villoresi,Luigi Villoresi,4,7,1952,4
farina,Nino Farina,6,7,1952,24
ascari,Alberto Ascari,9,7,1952,45
macklin,Lance Macklin,0,7,1952,0
wharton,Ken Wharton,0,7,1952,3
duncan_hamilton,Duncan Hamilton,0,7,1952,0
trintignant,Maurice Trintignant,0,8,1952,2
moss,Stirling Moss,0,8,1952,0
gonzalez,José Froilán González,6,8,1952,6
behra,Jean Behra,0,8,1952,6
hawthorn,Mike Hawthorn,0,8,1952,10
collins,Peter Collins,0,8,1952,0
simon,André Simon,0,8,1952,0
landi,Chico Landi,0,8,1952,0
bayol,Élie Bayol,0,8,1952,0
manzon,Robert Manzon,0,8,1952,9
rosier,Louis Rosier,0,8,1952,0
villoresi,Luigi Villoresi,4,8,1952,8
graffenried,Toulo de Graffenried,0,8,1952,0
taruffi,Piero Taruffi,0,8,1952,22
farina,Nino Farina,3,8,1952,27
ascari,Alberto Ascari,8,8,1952,53
macklin,Lance Macklin,0,8,1952,0
claes,Johnny Claes,0,8,1952,0
wharton,Ken Wharton,0,8,1952,3
mcalpine,Kenneth McAlpine,0,8,1952,0
whitehead,Peter Whitehead,0,8,1952,0
brandon,Eric Brandon,0,8,1952,0
alan_brown,Alan Brown,0,8,1952,2
bonetto,Felice Bonetto,2,8,1952,2
hans_stuck,Hans von Stuck,0,8,1952,0
fischer,Rudi Fischer,0,8,1952,10
tornaco,Charles de Tornaco,0,8,1952,0
gaze,Tony Gaze,0,8,1952,0
poore,Dennis Poore,0,8,1952,3
bianco,Gino Bianco,0,8,1952,0
cantoni,Eitel Cantoni,0,8,1952,0
aston,Bill Aston,0,8,1952,0
dusio,Piero Dusio,0,8,1952,0
crespo,Alberto Crespo,0,8,1952,0
rol,Franco Rol,0,8,1952,0
hirt,Peter Hirt,0,1,1951,0
fischer,Rudi Fischer,0,1,1951,0
abecassis,George Abecassis,0,1,1951,0
etancelin,Philippe Étancelin,0,1,1951,0
sanesi,Consalvo Sanesi,3,1,1951,3
guy_mairesse,Guy Mairesse,0,1,1951,0
louveau,Henri Louveau,0,1,1951,0
moss,Stirling Moss,0,1,1951,0
gonzalez,José Froilán González,0,1,1951,0
schell,Harry Schell,0,1,1951,0
fangio,Juan Fangio,9,1,1951,9
chiron,Louis Chiron,0,1,1951,0
rosier,Louis Rosier,0,1,1951,0
villoresi,Luigi Villoresi,0,1,1951,0
graffenried,Toulo de Graffenried,2,1,1951,2
taruffi,Piero Taruffi,6,1,1951,6
farina,Nino Farina,4,1,1951,4
ascari,Alberto Ascari,0,1,1951,0
claes,Johnny Claes,0,1,1951,0
whitehead,Peter Whitehead,0,1,1951,0
cabantous,Yves Cabantous,0,1,1951,0
ward,Rodger Ward,0,2,1951,0
darter,Duane Carter,0,2,1951,0
stevenson,Chuck Stevenson,0,2,1951,0
ruttman,Troy Ruttman,0,2,1951,0
bettenhausen,Tony Bettenhausen,0,2,1951,0
force,Gene Force,0,2,1951,0
parsons,Johnnie Parsons,0,2,1951,0
hanks,Sam Hanks,0,2,1951,0
linden,Andy Linden,3,2,1951,3
agabashian,Fred Agabashian,0,2,1951,0
griffith,Cliff Griffith,0,2,1951,0
dinsmore,Duke Dinsmore,0,2,1951,0
davies,Jimmy Davies,0,2,1951,0
faulkner,Walt Faulkner,0,2,1951,0
vukovich,Bill Vukovich,0,2,1951,0
mcgrath,Jack McGrath,2,2,1951,2
nazaruk,Mike Nazaruk,6,2,1951,6
ayulo,Manny Ayulo,2,2,1951,2
nalon,Duke Nalon,0,2,1951,0
scarborough,Carl Scarborough,0,2,1951,0
george_connor,George Connor,0,2,1951,0
james,Joe James,0,2,1951,0
schindler,Bill Schindler,0,2,1951,0
banks,Henry Banks,0,2,1951,0
mcdowell,Johnny McDowell,0,2,1951,0
miller,Chet Miller,0,2,1951,0
ball,Bobby Ball,2,2,1951,2
wallard,Lee Wallard,9,2,1951,9
forberg,Carl Forberg,0,2,1951,0
rose,Mauri Rose,0,2,1951,0
mackey,Bill Mackey,0,2,1951,0
green,Cecil Green,0,2,1951,0
walt_brown,Walt Brown,0,2,1951,0
hellings,Mack Hellings,0,2,1951,0
etancelin,Philippe Étancelin,0,3,1951,0
sanesi,Consalvo Sanesi,0,3,1951,3
levegh,Pierre Levegh,0,3,1951,0
andre_pilette,André Pilette,0,3,1951,0
fangio,Juan Fangio,1,3,1951,10
chiron,Louis Chiron,0,3,1951,0
rosier,Louis Rosier,3,3,1951,3
villoresi,Luigi Villoresi,4,3,1951,4
taruffi,Piero Taruffi,0,3,1951,6
farina,Nino Farina,8,3,1951,12
ascari,Alberto Ascari,6,3,1951,6
claes,Johnny Claes,0,3,1951,0
cabantous,Yves Cabantous,2,3,1951,2
trintignant,Maurice Trintignant,0,4,1951,0
gonzalez,José Froilán González,3,4,1951,3
schell,Harry Schell,0,4,1951,0
fangio,Juan Fangio,0,4,1951,15
fangio,Juan Fangio,5,4,1951,15
chiron,Louis Chiron,0,4,1951,0
simon,André Simon,0,4,1951,0
manzon,Robert Manzon,0,4,1951,0
rosier,Louis Rosier,0,4,1951,3
villoresi,Luigi Villoresi,4,4,1951,8
graffenried,Toulo de Graffenried,0,4,1951,2
farina,Nino Farina,2,4,1951,14
ascari,Alberto Ascari,3,4,1951,9
ascari,Alberto Ascari,0,4,1951,9
claes,Johnny Claes,0,4,1951,0
marimon,Onofre Marimón,0,4,1951,0
reg_parnell,Reg Parnell,3,4,1951,3
whitehead,Peter Whitehead,0,4,1951,0
cabantous,Yves Cabantous,0,4,1951,2
etancelin,Philippe Étancelin,0,4,1951,0
sanesi,Consalvo Sanesi,0,4,1951,3
guy_mairesse,Guy Mairesse,0,4,1951,0
chaboud,Eugène Chaboud,0,4,1951,0
gordini,Aldo Gordini,0,4,1951,0
fagioli,Luigi Fagioli,4,4,1951,4
fagioli,Luigi Fagioli,0,4,1951,4
murray,David Murray,0,5,1951,0
sanesi,Consalvo Sanesi,0,5,1951,3
kelly,Joe Kelly,0,5,1951,0
parker,Philip Fotheringham-Parker,0,5,1951,0
shawe_taylor,Brian Shawe Taylor,0,5,1951,0
john_james,John James,0,5,1951,0
gonzalez,José Froilán González,8,5,1951,11
fangio,Juan Fangio,6,5,1951,21
chiron,Louis Chiron,0,5,1951,0
gerard,Bob Gerard,0,5,1951,0
rosier,Louis Rosier,0,5,1951,3
villoresi,Luigi Villoresi,4,5,1951,12
farina,Nino Farina,1,5,1951,15
ascari,Alberto Ascari,0,5,1951,9
claes,Johnny Claes,0,5,1951,0
peter_walker,Peter Walker,0,5,1951,0
reg_parnell,Reg Parnell,2,5,1951,5
whitehead,Peter Whitehead,0,5,1951,0
bonetto,Felice Bonetto,3,5,1951,3
duncan_hamilton,Duncan Hamilton,0,5,1951,0
trintignant,Maurice Trintignant,0,6,1951,0
gonzalez,José Froilán González,4,6,1951,15
fangio,Juan Fangio,7,6,1951,28
chiron,Louis Chiron,0,6,1951,0
simon,André Simon,0,6,1951,0
manzon,Robert Manzon,0,6,1951,0
rosier,Louis Rosier,0,6,1951,3
villoresi,Luigi Villoresi,3,6,1951,15
graffenried,Toulo de Graffenried,0,6,1951,2
taruffi,Piero Taruffi,2,6,1951,8
farina,Nino Farina,0,6,1951,15
ascari,Alberto Ascari,8,6,1951,17
claes,Johnny Claes,0,6,1951,0
swaters,Jacques Swaters,0,6,1951,0
bonetto,Felice Bonetto,0,6,1951,3
cabantous,Yves Cabantous,0,6,1951,2
duncan_hamilton,Duncan Hamilton,0,6,1951,0
fischer,Rudi Fischer,0,6,1951,0
etancelin,Philippe Étancelin,0,6,1951,0
pietsch,Paul Pietsch,0,6,1951,0
levegh,Pierre Levegh,0,6,1951,0
branca,Toni Branca,0,6,1951,0
rol,Franco Rol,0,7,1951,0
levegh,Pierre Levegh,0,7,1951,0
richardson,Ken Richardson,0,7,1951,0
trintignant,Maurice Trintignant,0,7,1951,0
gonzalez,José Froilán González,6,7,1951,21
fangio,Juan Fangio,0,7,1951,28
chiron,Louis Chiron,0,7,1951,0
simon,André Simon,0,7,1951,0
landi,Chico Landi,0,7,1951,0
manzon,Robert Manzon,0,7,1951,0
rosier,Louis Rosier,0,7,1951,3
villoresi,Luigi Villoresi,3,7,1951,18
graffenried,Toulo de Graffenried,0,7,1951,2
taruffi,Piero Taruffi,2,7,1951,10
farina,Nino Farina,0,7,1951,18
farina,Nino Farina,3,7,1951,18
ascari,Alberto Ascari,8,7,1951,25
claes,Johnny Claes,0,7,1951,0
swaters,Jacques Swaters,0,7,1951,0
reg_parnell,Reg Parnell,0,7,1951,5
whitehead,Peter Whitehead,0,7,1951,0
bonetto,Felice Bonetto,2,7,1951,5
cabantous,Yves Cabantous,0,7,1951,2
trintignant,Maurice Trintignant,0,8,1951,0
gonzalez,José Froilán González,6,8,1951,27
fangio,Juan Fangio,9,8,1951,37
godia,Paco Godia,0,8,1951,0
chiron,Louis Chiron,0,8,1951,0
simon,André Simon,0,8,1951,0
manzon,Robert Manzon,0,8,1951,0
rosier,Louis Rosier,0,8,1951,3
villoresi,Luigi Villoresi,0,8,1951,18
graffenried,Toulo de Graffenried,0,8,1951,2
taruffi,Piero Taruffi,0,8,1951,10
farina,Nino Farina,4,8,1951,22
ascari,Alberto Ascari,3,8,1951,28
claes,Johnny Claes,0,8,1951,0
bira,Prince Bira,0,8,1951,0
bonetto,Felice Bonetto,2,8,1951,7
cabantous,Yves Cabantous,0,8,1951,2
etancelin,Philippe Étancelin,0,8,1951,0
jover,Juan Jover,0,8,1951,0
grignard,Georges Grignard,0,8,1951,0
etancelin,Philippe Étancelin,0,1,1950,0
murray,David Murray,0,1,1950,0
kelly,Joe Kelly,0,1,1950,0
shawe_taylor,Brian Shawe Taylor,0,1,1950,0
hampshire,David Hampshire,0,1,1950,0
crossley,Geoff Crossley,0,1,1950,0
fagioli,Luigi Fagioli,6,1,1950,6
harrison,Cuth Harrison,0,1,1950,0
fry,Joe Fry,0,1,1950,0
martin,Eugène Martin,0,1,1950,0
leslie_johnson,Leslie Johnson,0,1,1950,0
fangio,Juan Fangio,0,1,1950,0
chiron,Louis Chiron,0,1,1950,0
gerard,Bob Gerard,0,1,1950,0
rosier,Louis Rosier,2,1,1950,2
graffenried,Toulo de Graffenried,0,1,1950,0
farina,Nino Farina,9,1,1950,9
claes,Johnny Claes,0,1,1950,0
peter_walker,Peter Walker,0,1,1950,0
rolt,Tony Rolt,0,1,1950,0
bira,Prince Bira,0,1,1950,0
reg_parnell,Reg Parnell,4,1,1950,4
cabantous,Yves Cabantous,3,1,1950,3
trintignant,Maurice Trintignant,0,2,1950,0
gonzalez,José Froilán González,0,2,1950,0
schell,Harry Schell,0,2,1950,0
fangio,Juan Fangio,9,2,1950,9
chiron,Louis Chiron,4,2,1950,4
gerard,Bob Gerard,0,2,1950,0
manzon,Robert Manzon,0,2,1950,0
rosier,Louis Rosier,0,2,1950,2
villoresi,Luigi Villoresi,0,2,1950,0
graffenried,Toulo de Graffenried,0,2,1950,0
farina,Nino Farina,0,2,1950,9
ascari,Alberto Ascari,6,2,1950,6
claes,Johnny Claes,0,2,1950,0
bira,Prince Bira,2,2,1950,2
whitehead,Peter Whitehead,0,2,1950,0
etancelin,Philippe Étancelin,0,2,1950,0
rol,Franco Rol,0,2,1950,0
fagioli,Luigi Fagioli,0,2,1950,6
harrison,Cuth Harrison,0,2,1950,0
pian,Alfredo Pián,0,2,1950,0
sommer,Raymond Sommer,3,2,1950,3
george_connor,George Connor,0,3,1950,0
schindler,Bill Schindler,0,3,1950,0
banks,Henry Banks,0,3,1950,0
mcdowell,Johnny McDowell,0,3,1950,0
wallard,Lee Wallard,0,3,1950,0
rose,Mauri Rose,4,3,1950,4
green,Cecil Green,3,3,1950,3
walt_brown,Walt Brown,0,3,1950,0
hellings,Mack Hellings,0,3,1950,0
chitwood,Joie Chitwood,1,3,1950,1
fohr,Myron Fohr,0,3,1950,0
ader,Walt Ader,0,3,1950,0
holmes,Jackie Holmes,0,3,1950,0
levrett,Bayliss Levrett,0,3,1950,0
jackson,Jimmy Jackson,0,3,1950,0
cantrell,Bill Cantrell,0,3,1950,0
rathmann,Jim Rathmann,0,3,1950,0
darter,Duane Carter,0,3,1950,0
hartley,Gene Hartley,0,3,1950,0
ruttman,Troy Ruttman,0,3,1950,0
bettenhausen,Tony Bettenhausen,0,3,1950,1
bettenhausen,Tony Bettenhausen,1,3,1950,1
dick_rathmann,Dick Rathmann,0,3,1950,0
paul_russo,Paul Russo,0,3,1950,0
flaherty,Pat Flaherty,0,3,1950,0
parsons,Johnnie Parsons,9,3,1950,9
hanks,Sam Hanks,0,3,1950,0
agabashian,Fred Agabashian,0,3,1950,0
dinsmore,Duke Dinsmore,0,3,1950,0
davies,Jimmy Davies,0,3,1950,0
faulkner,Walt Faulkner,0,3,1950,0
mcgrath,Jack McGrath,0,3,1950,0
hoyt,Jerry Hoyt,0,3,1950,0
webb,Travis Webb,0,3,1950,0
holland,Bill Holland,6,3,1950,6
schell,Harry Schell,0,4,1950,0
fangio,Juan Fangio,0,4,1950,9
chiron,Louis Chiron,0,4,1950,4
rosier,Louis Rosier,4,4,1950,6
villoresi,Luigi Villoresi,0,4,1950,0
graffenried,Toulo de Graffenried,0,4,1950,0
farina,Nino Farina,9,4,1950,18
ascari,Alberto Ascari,0,4,1950,6
claes,Johnny Claes,0,4,1950,0
bira,Prince Bira,3,4,1950,5
bonetto,Felice Bonetto,2,4,1950,2
cabantous,Yves Cabantous,0,4,1950,3
etancelin,Philippe Étancelin,0,4,1950,0
branca,Toni Branca,0,4,1950,0
fagioli,Luigi Fagioli,6,4,1950,12
martin,Eugène Martin,0,4,1950,0
sommer,Raymond Sommer,0,4,1950,3
pagani,Nello Pagani,0,4,1950,0
etancelin,Philippe Étancelin,0,5,1950,0
levegh,Pierre Levegh,0,5,1950,0
chaboud,Eugène Chaboud,0,5,1950,0
branca,Toni Branca,0,5,1950,0
crossley,Geoff Crossley,0,5,1950,0
fagioli,Luigi Fagioli,6,5,1950,18
sommer,Raymond Sommer,0,5,1950,3
fangio,Juan Fangio,8,5,1950,17
rosier,Louis Rosier,4,5,1950,10
villoresi,Luigi Villoresi,0,5,1950,0
farina,Nino Farina,4,5,1950,22
ascari,Alberto Ascari,2,5,1950,8
claes,Johnny Claes,0,5,1950,0
cabantous,Yves Cabantous,0,5,1950,3
gonzalez,José Froilán González,0,6,1950,0
fangio,Juan Fangio,9,6,1950,26
chiron,Louis Chiron,0,6,1950,4
manzon,Robert Manzon,3,6,1950,3
rosier,Louis Rosier,0,6,1950,10
rosier,Louis Rosier,0,6,1950,10
farina,Nino Farina,0,6,1950,22
claes,Johnny Claes,0,6,1950,0
reg_parnell,Reg Parnell,0,6,1950,4
whitehead,Peter Whitehead,4,6,1950,4
bonetto,Felice Bonetto,0,6,1950,2
cabantous,Yves Cabantous,0,6,1950,3
etancelin,Philippe Étancelin,1,6,1950,1
rol,Franco Rol,0,6,1950,0
levegh,Pierre Levegh,0,6,1950,0
chaboud,Eugène Chaboud,1,6,1950,1
hampshire,David Hampshire,0,6,1950,0
fagioli,Luigi Fagioli,6,6,1950,24
sommer,Raymond Sommer,0,6,1950,3
pozzi,Charles Pozzi,0,6,1950,0
comotti,Franco Comotti,0,7,1950,0
etancelin,Philippe Étancelin,2,7,1950,3
murray,David Murray,0,7,1950,0
pietsch,Paul Pietsch,0,7,1950,0
rol,Franco Rol,0,7,1950,0
sanesi,Consalvo Sanesi,0,7,1950,0
guy_mairesse,Guy Mairesse,0,7,1950,0
louveau,Henri Louveau,0,7,1950,0
levegh,Pierre Levegh,0,7,1950,0
fagioli,Luigi Fagioli,4,7,1950,28
harrison,Cuth Harrison,0,7,1950,0
biondetti,Clemente Biondetti,0,7,1950,0
sommer,Raymond Sommer,0,7,1950,3
serafini,Dorino Serafini,3,7,1950,3
trintignant,Maurice Trintignant,0,7,1950,0
fangio,Juan Fangio,1,7,1950,27
fangio,Juan Fangio,0,7,1950,27
chiron,Louis Chiron,0,7,1950,4
manzon,Robert Manzon,0,7,1950,3
rosier,Louis Rosier,3,7,1950,13
graffenried,Toulo de Graffenried,0,7,1950,0
taruffi,Piero Taruffi,0,7,1950,0
farina,Nino Farina,8,7,1950,30
ascari,Alberto Ascari,0,7,1950,11
ascari,Alberto Ascari,3,7,1950,11
claes,Johnny Claes,0,7,1950,0
bira,Prince Bira,0,7,1950,5
whitehead,Peter Whitehead,0,7,1950,4
bonetto,Felice Bonetto,0,7,1950,2
